20523,20515 20436,30374 20550,20776 20676,20534 20677,20553 20778,20530 20841,20794 20518,20522 20517,20547 20440,30377 30378,20790 30323,20546|20790,20676 20546,20440 20547,20523 20794,20677 20553,30378 20522,20436 20534,20778 20515,20517 20776,20841 20530,20550 30374,30323 30377,20518|20518,20515 20440,30323 20676,30378 20677,20841 20517,20546 20523,30377 20778,20790 20550,20534 20547,20436 20522,30374 20530,20553 20794,20776|30378,20794 20550,20677 30374,20523 20534,20553 20546,20518 20841,20790 30323,20522 20515,20440 20776,20530 30377,20547 20436,20517 20676,20778|30377,20522 20553,20676 20518,30374 30378,20534 20547,20546 20776,20677 20790,20550 20436,20440 20515,30323 20523,20517 20530,20841 20778,20794|20790,20776 20522,20515 20794,20676 20553,20550 20841,20778 30323,20436 20546,20523 20440,20518 30374,20547 20534,20530 20677,30378 20517,30377|20547,30323 30377,20546 20677,20530 20517,20518 30374,20515 20778,20550 20522,20440 20794,20553 20841,30378 20436,20523 20676,20776 20534,20790|20550,20794 20523,20522 30323,20517 20515,30377 20518,20436 20530,20676 30378,20778 20440,20547 20546,30374 20790,20677 20553,20841 20776,20534
20443,30324 20534,20553 20523,20515 20677,20789 20535,20554 20446,20530 30376,20529 20550,20536 20546,30374 20543,20794 20547,20526 20545,20516|20530,20535 20515,20547 30324,30376 20789,20543 20536,20534 20553,20550 20794,20677 20554,20446 20516,20443 20529,20545 20526,20546 30374,20523|20546,30324 20534,20535 20529,20516 20446,20789 30374,20526 20547,20545 20554,20550 30376,20523 20443,20515 20530,20543 20677,20536 20794,20553|20550,20543 20789,20534 20545,20526 20535,20677 20446,20794 20516,30374 20547,20546 30376,20443 20523,20529 20515,30324 20553,20530 20536,20554|20546,30376 30374,20545 20543,20677 20515,20529 20553,20789 20535,20446 20550,20534 30324,20547 20526,20443 20523,20516 20536,20530 20794,20554|20530,20550 20545,30376 20529,20546 20554,20553 20789,20535 20543,20536 20516,20547 20677,20446 20534,20794 30324,30374 20443,20523 20526,20515|20530,20554 20545,30324 20446,20550 30376,30374 20789,20536 20515,20516 20523,20547 20553,20543 20546,20443 20529,20526 20677,20534 20794,20535|20534,20530 30374,20515 20550,20677 20554,20789 20543,20446 20516,20546 20535,20553 20443,20545 30324,20529 20536,20794 20547,30376 20526,20523
20776,20790 20523,20436 30377,20525 20545,20520 20535,20778 20443,20518 20529,20515 20867,20442 30375,20445 20841,20674 20554,20789 20548,20446|20789,20841 20515,20443 20778,20548 20436,30377 20442,20535 20446,20554 20674,20776 20520,20529 20525,20545 20518,30375 20445,20523 20790,20867|20529,20523 20841,20776 20790,20446 20442,20554 30375,20520 20535,20548 20436,20443 20525,20445 20789,20778 20545,30377 20515,20518 20674,20867|20778,20841 30377,30375 20554,20535 20548,20790 20520,20515 20545,20529 20445,20436 20518,20525 20446,20674 20776,20442 20867,20789 20443,20523|20442,20548 20525,20515 20523,30375 20443,20545 20867,20778 20436,20520 30377,20445 20529,20518 20776,20789 20446,20841 20790,20554 20674,20535|20554,20776 20535,20790 20778,20442 20523,20525 20445,20529 20520,20443 20518,20545 30375,20436 20548,20674 20841,20867 20515,30377 20789,20446|20529,20525 20443,30377 20548,20776 20518,20436 20535,20867 20841,20790 20520,20445 20674,20789 20446,20442 20778,20554 20545,20523 20515,30375|20523,20515 20442,20841 20776,20535 20445,20518 30377,20520 20436,20529 20554,20674 20789,20548 20790,20778 30375,20545 20525,20443 20867,20446
20789,20674 20547,20520 20516,20731 20548,20776 20790,20550 20534,20553 20442,20535 20523,20440 20515,20443 20529,20436 20677,20446 30324,30377|20440,20516 20535,20534 20776,20677 30377,20523 20520,20515 20553,20790 20550,20548 20731,20529 20443,20547 20436,30324 20674,20442 20446,20789|20548,20553 20731,20523 20789,20534 20535,20776 30377,20515 20547,20436 20529,20520 20442,20446 20516,20443 30324,20440 20550,20674 20790,20677|20548,20442 20534,20550 20443,30377 20523,20529 20436,20516 20776,20790 20677,20789 20520,20731 20674,20446 20553,20535 20440,20547 20515,30324|20443,20731 20440,20520 20446,20535 20516,30377 20529,30324 20534,20674 20677,20553 20790,20548 20436,20523 20789,20776 20550,20442 20547,20515|30324,20443 20731,20440 20520,20516 20523,20547 20446,20534 20535,20790 20674,20548 20776,20550 20515,20529 30377,20436 20553,20789 20442,20677|20776,20534 20677,20535 30324,20731 20436,20440 20550,20789 20553,20442 20515,20523 20790,20674 30377,20529 20547,20516 20548,20446 20443,20520|20516,30324 20529,20547 20523,20443 20446,20790 20520,20436 20442,20776 20731,30377 20535,20550 20534,20677 20674,20553 20440,20515 20789,20548
20522,20731 20790,20534 30374,20520 20446,20676 20543,30378 20445,20443 20547,30323 20529,20515 20776,20550 20545,30377 20789,20553 20841,20530|20520,20529 20515,20522 20550,20543 20534,20789 20731,30374 20443,20545 30377,20547 30323,20445 20530,20776 20676,20790 20553,20841 30378,20446|20676,20550 20445,20520 20443,20731 20789,20841 30323,20529 30374,30377 20522,20545 20515,20547 20553,20530 30378,20790 20543,20776 20446,20534|20550,20553 20776,20676 20530,20446 20841,20790 20520,20443 20545,30374 20731,30323 20789,20543 20534,30378 20547,20445 20522,20529 30377,20515|20520,20547 30378,20530 20790,20446 30377,20443 20543,20553 20515,20445 20545,30323 20776,20789 20529,20731 30374,20522 20676,20841 20534,20550|20530,20534 20841,20776 20731,20520 20445,20545 20550,30378 20547,30374 30323,20522 20443,20515 20790,20543 20529,30377 20446,20789 20553,20676|20776,20534 30323,30377 20445,20529 20789,30378 20547,20731 20550,20530 20515,30374 20543,20676 20545,20520 20841,20446 20553,20790 20522,20443|20676,20789 20443,20547 20534,20553 30377,20522 20790,20776 20446,20550 30378,20841 20520,20515 20731,20445 20530,20543 30374,30323 20529,20545
20515,20520 20442,20551 20534,20776 30377,20545 20436,30375 20789,20677 20522,20529 20517,20516 20554,30378 20841,20790 20550,20778 20525,20523|20545,20517 20523,20522 20778,20534 30375,30377 20776,20550 20790,20554 20677,20442 20551,20789 30378,20841 20529,20515 20520,20436 20516,20525|20517,20522 20776,20442 20545,20516 20790,20551 20515,20525 20550,30378 20436,20523 20789,20534 20520,30375 20554,20677 20841,20778 30377,20529|30377,20517 20529,20520 20534,20790 20789,20841 30375,20515 20677,20776 20778,20554 20522,20545 20551,20550 20436,20525 20523,20516 20442,30378|20525,20529 20534,20551 20778,20442 20841,20550 20516,30377 20515,20523 30378,20677 20554,20789 30375,20545 20522,20436 20790,20776 20520,20517|20516,30375 20551,20554 30378,20534 20442,20841 20529,20436 20550,20790 20545,20520 20525,20522 20776,20789 20677,20778 20517,20515 20523,30377|20551,20677 20790,30378 20534,20550 20789,20778 20523,20545 20529,20516 30375,20525 20515,20522 20436,20517 20776,20841 20520,30377 20442,20554|20778,20790 20522,30375 20677,20534 30377,20436 20516,20515 30378,20789 20554,20776 20525,20520 20841,20551 20545,20529 20517,20523 20550,20442
20529,20515 20712,20525 20440,20445 20536,20534 20543,20530 20551,20676 20442,30378 20518,30376 20776,20550 20527,20517 20548,20794 20436,20520|20794,20543 30378,20551 20520,20529 20550,20442 20525,20518 20534,20776 20676,20548 30376,20527 20515,20440 20445,20712 20530,20536 20517,20436|20534,20676 20543,20442 20445,20520 20536,20794 20712,20527 20548,20551 20550,20530 30378,20776 20517,20525 30376,20515 20436,20529 20440,20518|20440,30376 20676,20550 20551,20534 20529,20445 20776,20530 20525,20436 20794,30378 20442,20548 20527,20515 20520,20517 20518,20712 20536,20543|20525,20529 20530,30378 20527,20436 20442,20676 20445,30376 20543,20551 20548,20536 20794,20776 20515,20518 20550,20534 20520,20440 20517,20712|20534,20794 30376,20525 20436,20440 20529,20527 20776,20543 20676,20536 20518,20517 20712,20520 20551,20442 20515,20445 30378,20550 20530,20548|20445,20525 20776,20548 20527,20440 20550,20536 20551,20530 20517,20515 20676,20794 20712,20529 20534,20442 30378,20543 20518,20436 20520,30376|20530,20534 20794,20551 20515,20520 20543,20676 30376,20517 20525,20527 20536,30378 20442,20776 20440,20712 20548,20550 20529,20518 20436,20445
20543,20536 30378,20442 20553,20790 20776,20674 20525,20440 20546,20516 20867,20841 20443,30377 20529,20731 20712,30324 20518,20445 20789,20534|20442,20867 20731,20525 20516,20518 20534,20553 20790,20776 30324,20529 20536,20789 20440,20712 20445,20443 20841,30378 30377,20546 20674,20543|20518,20731 20525,20445 20529,20712 20553,30378 20543,20776 20841,20790 30377,20516 30324,20440 20442,20674 20789,20867 20546,20443 20534,20536|20731,20516 20536,20442 20445,30377 30378,20674 20789,20553 20790,20534 20776,20841 20525,20529 20867,20543 20443,30324 20440,20546 20712,20518|20516,20443 20534,20442 20674,20536 30378,20789 20731,30324 20546,20518 20529,30377 20553,20841 20712,20525 20776,20867 20440,20445 20790,20543|20516,20529 20536,20790 20445,20731 20518,20440 20674,20534 20442,20776 20867,30378 20443,20712 20841,20789 30377,20525 30324,20546 20543,20553|20440,20731 30324,30377 20790,20674 20525,20546 20841,20536 20553,20442 20543,30378 20867,20534 20529,20445 20776,20789 20443,20518 20712,20516|30377,20712 20731,20443 20536,20867 20518,20525 20516,20440 20789,20543 20534,20776 30378,20790 20445,30324 20442,20841 20674,20553 20546,20529
20529,20546 20535,20790 20712,20443 20548,20530 30376,20525 20674,20442 20522,20440 20527,20445 20677,20778 20550,20446 20534,20776 20515,20523|20523,30376 20525,20712 20445,20529 20790,20674 20443,20515 20778,20548 20442,20534 20776,20677 20546,20522 20446,20535 20530,20550 20440,20527|20445,20523 20535,20534 20548,20442 20527,20529 20546,20443 20515,20440 20522,20525 20712,30376 20778,20550 20790,20446 20530,20677 20776,20674|30376,20515 20446,20530 20527,20546 20548,20776 20550,20535 20677,20790 20443,20445 20529,20712 20523,20522 20440,20525 20534,20674 20442,20778|20712,20527 20440,20523 20443,30376 20446,20442 20674,20548 20776,20530 20515,20522 20778,20790 20677,20535 20546,20445 20534,20550 20525,20529|20523,20712 20535,20778 20530,20534 20525,20546 20674,20446 20522,20443 20445,20440 20442,20677 20790,20548 30376,20527 20529,20515 20550,20776|20776,20442 20523,20443 20535,20674 30376,20546 20534,20790 20550,20677 20527,20515 20446,20548 20440,20712 20522,20529 20530,20778 20445,20525|20712,20522 20790,20776 20546,20440 20525,20523 20529,30376 20443,20527 20442,20550 20548,20535 20778,20534 20515,20445 20674,20530 20677,20446
20776,20790 30377,20436 20553,20674 20550,20535 30323,20545 30374,20547 20789,20554 20518,20443 20534,20446 20530,20548 20546,20445 20523,20517|20548,20776 20443,20546 20446,20789 20790,20553 20554,20530 20545,30374 20445,30377 20535,20534 20517,20518 20674,20550 20436,20523 20547,30323|20523,20445 20535,20790 20548,20446 20547,20443 20789,20674 20518,20545 30323,20517 20530,20553 20436,30374 20554,20550 20546,30377 20534,20776|20553,20534 20530,20446 20674,20554 20550,20776 20517,20546 30374,30323 20445,20436 20789,20535 20518,20547 20545,30377 20443,20523 20790,20548|20523,20547 20443,20545 20534,20789 30374,20546 20548,20550 20446,20790 20776,20535 20445,30323 30377,20517 20674,20530 20554,20553 20436,20518|20547,20445 20545,20523 30377,30374 20546,20518 30323,20443 20517,20436 20446,20674 20553,20789 20790,20534 20550,20530 20535,20548 20776,20554|20530,20534 20550,20446 20789,20776 20443,30377 20674,20535 20554,20790 30323,20436 20517,20445 20518,30374 20553,20548 20547,20545 20523,20546|20446,20554 20436,20443 30374,20523 20546,30323 20445,20518 20776,20530 20790,20550 20548,20789 20545,20517 20534,20674 30377,20547 20535,20553
20674,20550 20543,20778 20443,20516 20534,20530 20436,20547 20553,20794 30378,20554 20731,30323 20440,20518 20789,20446 30324,20515 30374,30377|20547,20731 20530,20674 20518,20443 20554,20553 20778,20789 30323,20440 20446,20534 20515,30374 20516,30324 20794,20543 20550,30378 30377,20436|20553,20534 30378,20794 20446,20554 20789,20550 20543,20530 20547,20515 20440,20516 30374,20436 20778,20674 20443,30323 30377,20518 30324,20731|20443,30377 20530,20553 30323,30374 20550,20534 20794,20446 30378,20789 20554,20778 20518,20731 20440,20515 20436,30324 20516,20547 20674,20543|20547,30377 20778,20794 30324,20443 20515,30323 20543,20446 20789,20553 20731,20440 20554,20550 20516,30374 20534,20674 20518,20436 20530,30378|20550,20778 30374,30324 20553,20543 20446,20530 20794,20554 20731,20443 20534,30378 20436,20516 20515,20518 20674,20789 30377,20440 30323,20547|20543,20550 30378,20446 20674,20553 20794,20534 30374,20731 20554,20789 30324,20547 20778,20530 20443,20515 20436,20440 20516,20518 30377,30323|20789,20543 20553,30378 20530,20554 20446,20674 20534,20778 20550,20794 20440,30324 30323,20436 20515,30377 20518,30374 20731,20516 20547,20443
20517,20546 20554,20442 20550,30378 20551,20530 20778,20543 20516,20515 20518,30377 20446,20548 20529,20731 20520,20440 30323,20525 20674,20795|20543,20551 20440,30323 20525,20518 20530,20446 20515,20529 20442,20550 20548,20674 30377,20517 30378,20554 20546,20516 20731,20520 20795,20778|30323,20731 20442,20548 20440,20518 20529,20516 20554,20446 20520,30377 20530,20543 20525,20546 20517,20515 20778,20674 20550,20551 20795,30378|20446,20550 20515,20440 20674,20442 20543,20795 20516,20525 20778,30378 20548,20530 20546,30323 20731,30377 20551,20554 20520,20529 20518,20517|30378,20530 20551,20442 30323,20516 20440,20731 20517,20525 20446,20795 20515,20518 20543,20674 20546,20520 30377,20529 20550,20554 20548,20778|20795,20548 30378,20446 20674,20551 20530,20550 20516,20520 20442,20543 20554,20778 20529,30323 20525,20515 20518,20546 30377,20440 20731,20517|20548,30378 20515,20520 20442,20778 20525,20731 20674,20446 20795,20551 20517,30323 20543,20550 20516,30377 20518,20529 20530,20554 20546,20440|30323,20515 30378,20442 20550,20674 20554,20795 20551,20548 20731,20518 20440,20516 20446,20543 30377,20525 20520,20517 20778,20530 20529,20546
20443,20546 20547,20436 20677,20790 20545,20517 20530,20536 20548,20551 20674,30378 30377,30324 20527,20445 20442,20778 20550,20543 20522,20529|20543,20442 20546,20547 20517,20522 30378,20550 20536,20548 20529,20527 20790,20674 30324,20545 20551,20530 20436,30377 20778,20677 20445,20443|20545,20443 20522,20546 20550,20548 20536,20790 30377,20527 30378,20677 20674,20530 30324,20445 20517,20436 20547,20529 20778,20543 20551,20442|20548,20674 20530,20778 20546,30324 20443,20522 20543,20551 20529,20436 20442,20536 20445,20547 20677,20550 20790,30378 20545,30377 20527,20517|20674,20550 20546,20517 20551,20790 20442,30378 20436,20445 20527,20545 20522,30377 20530,20677 20536,20543 20547,20443 30324,20529 20778,20548|30377,20547 20443,20527 30378,20536 20436,20522 20548,20530 20550,20442 20517,30324 20790,20778 20543,20674 20445,20545 20677,20551 20529,20546|20527,20436 30378,20778 20550,20530 20674,20551 30324,20443 20677,20536 20547,20517 20543,20790 20445,20546 30377,20529 20545,20522 20548,20442|20529,20545 20442,20677 20536,20674 20517,20445 20551,30378 20436,30324 20443,30377 20530,20543 20522,20547 20546,20527 20790,20548 20778,20550
20546,30374 20778,20789 20525,20529 20446,20554 20841,20674 20550,20795 20536,20543 30378,20530 20443,20526 30376,20527 30324,20515 30323,20436|20527,20443 20515,30323 20543,20550 20674,20778 20795,20446 20554,30378 30374,30324 20526,20525 20789,20841 20530,20536 20436,30376 20529,20546|30378,20446 20527,30374 20536,20554 30324,20436 20841,20795 20546,20526 20778,20530 30323,20443 20515,20529 20674,20543 20525,30376 20789,20550|30376,20526 20543,20789 20550,30378 20443,20546 20436,20527 30323,20529 20795,20778 20525,30324 20530,20554 20446,20674 30374,20515 20841,20536|20543,20530 20529,30324 20536,30378 20778,20550 20674,20795 20443,20436 20527,20546 30374,20525 20526,20515 30376,30323 20554,20789 20446,20841|20529,20527 20795,20543 20530,20674 20789,20536 20515,30376 20546,20525 20554,20778 20436,30374 20550,20446 20526,30323 30378,20841 30324,20443|20674,30378 30374,20526 20527,20525 20795,20554 20546,30323 20841,20530 30376,30324 20443,20515 20436,20529 20550,20536 20543,20778 20789,20446|20536,20795 20529,30376 20526,20436 20525,20443 30324,20546 30323,30374 20446,20543 20778,20841 20530,20550 20554,20674 20515,20527 30378,20789
20551,20530 20436,20523 20515,30377 20536,20790 20443,20527 20776,20674 20535,20676 20543,20794 20517,20516 20440,20712 20548,20550 20445,20547|20676,20551 30377,20443 20790,20543 20674,20548 20550,20776 20547,20440 20530,20536 20527,20445 20794,20535 20516,20436 20523,20515 20712,20517|20530,20674 20436,20527 20547,30377 20536,20535 20548,20790 20517,20445 20515,20443 20776,20543 20551,20794 20523,20440 20516,20712 20550,20676|20674,20551 20440,30377 20794,20550 20548,20776 20676,20536 20515,20517 20543,20530 20712,20523 20443,20547 20790,20535 20527,20516 20445,20436|20547,20436 20676,20776 20790,20551 20535,20530 20550,20536 20794,20548 20523,20445 20440,20515 20712,20527 30377,20517 20543,20674 20443,20516|20517,20523 20674,20790 20516,20547 30377,20712 20436,20443 20445,20440 20776,20794 20527,20515 20536,20548 20535,20550 20551,20543 20530,20676|20790,20776 20516,20440 20527,30377 20436,20517 20543,20536 20523,20443 20794,20676 20674,20550 20712,20547 20445,20515 20551,20535 20530,20548|20550,20543 20547,20523 20548,20551 20535,20674 20515,20516 30377,20445 20443,20712 20536,20794 20440,20436 20776,20530 20676,20790 20517,20527
20548,20551 20522,20515 20518,20440 20527,20529 20446,20442 20525,20526 30377,20436 20550,20778 20731,20443 20535,20677 20554,20795 20543,20790|20778,20548 20440,20522 20529,20731 20551,20554 20526,20527 20677,20550 20790,20446 20515,30377 20443,20518 20442,20543 20436,20525 20795,20535|20778,20790 20442,20551 20554,20550 20518,20525 20522,20529 20677,20446 20543,20795 20443,20526 20527,20436 20535,20548 30377,20731 20515,20440|20554,20677 20525,20443 20550,20442 20551,20543 20795,20778 20529,20518 20527,30377 20446,20548 20790,20535 20526,20515 20440,20436 20731,20522|20548,20790 20522,20443 20529,30377 20795,20446 20442,20554 20731,20526 20543,20550 20551,20677 20436,20518 20535,20778 20525,20440 20515,20527|20446,20554 20443,20527 30377,20525 20518,20515 20778,20543 20526,20529 20550,20535 20436,20522 20548,20442 20790,20551 20677,20795 20440,20731|20550,20551 20543,20677 20440,20527 20522,20525 20790,20554 20535,20446 20795,20548 20778,20442 20526,30377 20443,20515 20731,20518 20529,20436|20677,20790 20527,20522 30377,20440 20551,20795 20442,20535 20525,20731 20446,20543 20554,20778 20436,20443 20518,20526 20515,20529 20548,20550
20547,30377 30323,30374 20554,20789 20520,20436 20841,20790 20530,20446 20545,20522 20550,20677 20515,20443 20778,20674 20553,30378 20523,20440|20790,20554 20677,20530 20789,20550 20446,20841 20436,20547 20522,30323 20440,20545 30374,20523 30378,20778 30377,20515 20443,20520 20674,20553|30378,20446 30323,20436 30374,20547 20523,20545 20553,20554 20520,30377 20443,20522 20440,20515 20530,20550 20674,20841 20778,20790 20789,20677|20515,20520 20446,20550 20522,20523 20436,20440 20554,20530 20553,20789 30377,20443 20545,30374 20841,30378 30323,20547 20790,20674 20677,20778|20550,20790 20778,20841 20446,20789 20523,20436 20443,30323 20530,20553 30374,20515 20674,30378 20677,20554 20547,20545 20522,20520 20440,30377|20520,20440 20547,20522 20545,20443 30378,20530 20789,20674 20841,20553 20515,30323 20790,20677 20550,20778 20436,30374 30377,20523 20554,20446|20790,20553 20674,20554 20443,20547 20778,20789 20515,20523 30378,20550 20677,20446 30374,20520 20436,30377 20440,20522 20545,30323 20841,20530|30377,30374 20553,20677 20520,20545 20554,30378 20530,20778 20446,20790 20522,20436 20547,20515 30323,20440 20523,20443 20789,20841 20550,20674
20518,20443 30376,20523 20676,20841 20517,20445 20442,20534 20712,20527 20515,20547 20436,20529 20548,20778 20553,20550 20794,20535 20536,20795|20795,20548 20534,20794 20523,20436 20841,20553 20529,20515 20550,20536 20445,30376 20443,20712 20535,20442 20547,20518 20527,20517 20778,20676|20795,20535 20445,20523 20442,20553 30376,20527 20436,20518 20550,20778 20443,20515 20841,20536 20534,20676 20529,20547 20548,20794 20712,20517|20523,20443 20547,20436 20676,20550 20794,20841 20553,20795 20778,20534 20535,20548 20442,20536 20712,20529 20515,20517 20518,30376 20527,20445|20778,20794 20550,20442 20536,20676 20535,20841 20529,20527 20553,20548 20517,20523 20795,20534 20436,20445 20515,30376 20547,20443 20518,20712|20527,20515 20445,20547 20534,20550 20841,20778 20794,20553 20536,20535 20443,20436 20517,20518 20523,20529 30376,20712 20548,20442 20676,20795|20535,20534 20548,20550 20515,20523 20794,20536 20712,20445 20529,20518 20778,20795 20436,20527 20841,20442 20443,30376 20553,20676 20547,20517|20527,20443 20518,20515 20534,20553 20445,20529 20442,20778 30376,20547 20795,20841 20676,20535 20536,20548 20550,20794 20523,20712 20517,20436
20776,20534 30324,20436 20530,20550 20674,20790 30323,20443 20527,20529 20548,20553 20446,20789 20546,30377 20516,20547 20545,20440 20677,20535|20535,20776 20534,20677 20789,20674 20436,30323 20443,20546 20529,20545 30377,30324 20440,20516 20553,20530 20790,20548 20547,20527 20550,20446|20790,20534 30324,20516 20545,20443 20530,20776 20436,30377 20677,20553 20547,20529 20550,20789 20446,20535 20548,20674 30323,20546 20440,20527|20527,20546 20516,20545 20446,20790 20443,20436 30323,20547 20789,20548 20535,20553 20529,30377 30324,20440 20674,20530 20776,20677 20534,20550|30377,20443 20529,20436 20535,20550 20440,30323 20553,20790 20677,20446 20674,20534 20546,30324 20547,20545 20548,20530 20527,20516 20789,20776|20443,20547 20776,20548 20534,20446 30377,20440 20553,20789 20546,20529 20436,20527 20550,20674 20530,20677 20516,30323 20790,20535 20545,30324|20527,30377 20789,20535 20547,20436 20790,20677 20440,20546 20674,20776 30323,20545 30324,20529 20516,20443 20534,20553 20446,20530 20550,20548|20535,20674 20436,20440 20546,20547 20548,20446 20530,20534 20545,20527 20677,20789 20553,20550 20776,20790 20443,30324 30377,20516 20529,30323
20517,20527 20520,20529 20543,20676 20535,20550 20442,20553 20548,20790 30377,20445 20776,20841 20789,20536 20731,20523 20546,30375 20547,20545|20553,20548 20536,20535 20550,20543 20523,20546 20445,20517 20841,20789 20545,30377 20529,20547 20790,20776 30375,20520 20527,20731 20676,20442|30375,30377 20776,20676 20789,20553 20535,20841 20790,20550 20543,20536 20529,20523 20520,20547 20442,20548 20527,20546 20517,20545 20731,20445|20676,20550 30377,20527 20536,20548 20731,20520 20547,20517 20523,30375 20553,20790 20841,20442 20543,20776 20546,20445 20545,20529 20789,20535|20442,20543 20547,20527 20545,20520 20445,20529 20550,20536 20546,20517 20841,20553 30375,20731 30377,20523 20676,20790 20548,20535 20776,20789|20548,20676 20550,20789 20527,20545 20517,20731 20535,20776 20529,30377 20520,20546 20445,30375 20790,20841 20536,20442 20523,20547 20553,20543|20547,20731 30377,20520 20535,20676 20527,20445 20517,20523 20789,20548 20529,20546 20790,20543 20776,20442 20545,30375 20553,20550 20841,20536|20731,20529 20548,20776 20676,20553 20442,20535 20550,20841 20546,30377 20536,20790 20445,20547 20523,20545 20520,20517 20543,20789 30375,20527
30377,20529 20445,20712 30378,20446 20534,20536 20527,20547 20526,20731 20554,20676 20518,30374 20550,20790 20440,20436 20778,20530 20789,20543|30374,20445 20446,20789 20529,20518 20547,30377 20676,30378 20536,20550 20543,20778 20436,20526 20712,20527 20731,20440 20530,20554 20790,20534|20550,20676 20778,20790 20446,20530 30374,20731 30377,20440 20526,20547 20789,20534 20536,20554 20527,20529 20518,20712 20436,20445 20543,30378|20440,20445 20554,20446 20530,20534 20789,30378 20547,30374 20790,20543 20527,20436 20550,20778 20676,20536 20712,30377 20731,20518 20529,20526|20554,20789 20534,20778 20518,20436 20445,20731 30377,20526 20543,20536 30374,20527 30378,20550 20712,20529 20547,20440 20530,20676 20790,20446|20731,30377 20778,20789 30378,20554 20436,30374 20536,20530 20534,20550 20445,20527 20446,20543 20526,20712 20676,20790 20529,20547 20440,20518|20518,20445 20676,20534 20789,20536 20530,20543 20790,20554 20440,20712 20436,20547 30377,20527 30374,20526 20778,30378 20731,20529 20446,20550|30378,20530 20547,20518 20526,20440 20529,20436 20445,30377 20550,20789 20534,20446 20527,20731 20712,30374 20536,20790 20543,20676 20554,20778
20676,20446 20443,20731 30377,20440 20535,20442 20536,20841 20550,20789 20674,20553 20523,20712 30374,20445 20530,20554 30323,20436 20525,20526|20841,20674 20731,30374 20526,20443 20554,20536 20442,20550 20553,20676 20436,20525 20445,30323 20712,30377 20440,20523 20446,20530 20789,20535|20536,20535 30374,20712 20550,20553 20443,20445 20789,20841 20446,20442 30377,20525 20523,20436 20676,20530 20440,20526 30323,20731 20674,20554|20525,30374 20442,20676 20674,20550 20530,20536 20443,30323 20712,20440 30377,20731 20445,20523 20553,20789 20526,20436 20535,20554 20841,20446|20442,20674 20436,30374 20712,20443 20554,20446 20841,20553 20535,20530 20440,30323 20445,30377 20789,20676 20523,20526 20550,20536 20731,20525|20536,20674 30323,30377 30374,20523 20553,20535 20554,20442 20526,20712 20731,20445 20525,20443 20446,20789 20436,20440 20530,20841 20676,20550|20526,20731 30323,30374 20445,20712 20442,20841 20440,20525 20550,20535 20523,20443 20789,20554 30377,20436 20676,20536 20530,20553 20446,20674|20841,20550 20536,20789 20674,20530 20535,20446 30374,20526 20525,20523 20731,20440 20712,30323 20554,20676 20443,30377 20436,20445 20553,20442
20436,20547 20712,20440 20520,20443 20550,20543 20446,20790 20527,30377 30324,30374 20442,20534 20778,30378 20515,20445 20530,20677 20536,20554|20677,20446 20440,20436 30377,30324 30374,20712 20543,20442 20445,20527 30378,20550 20790,20536 20547,20520 20534,20530 20443,20515 20554,20778|20515,20527 20550,20677 30374,20520 20436,30377 20543,20530 20440,30324 20790,20778 20446,20554 20547,20445 20534,30378 20536,20442 20443,20712|20436,30374 20527,20547 20445,20440 20778,20530 20446,20543 30324,20443 20677,30378 20712,30377 20520,20515 20554,20790 20442,20550 20536,20534|20534,20677 20440,20520 20442,20446 20527,30374 20547,20443 20445,20436 20712,30324 20543,20778 20550,20790 30377,20515 30378,20554 20530,20536|30378,20543 20677,20536 20790,20534 20443,20527 20530,20446 30324,20436 20554,20550 20520,20712 20515,20440 20778,20442 30377,20445 30374,20547|20790,20543 20536,30378 20554,20442 20520,30377 20712,20527 20440,20547 20550,20530 20677,20778 20534,20446 30324,20515 20443,20436 30374,20445|20547,20712 20515,30374 30377,20443 20527,20440 20778,20534 20530,20554 20442,20677 30378,20790 20436,20520 20445,30324 20446,20550 20543,20536
20553,20535 20789,20776 20443,20515 20442,20550 20536,20534 20520,30376 20790,20677 20440,20547 20545,20517 30323,20436 20516,20523 20548,20674|20674,20442 20776,20548 20677,20536 20517,20520 20547,20443 20436,20516 30376,20440 20534,20789 20523,20545 20550,20553 20535,20790 20515,30323|30376,20436 20789,20553 20534,20790 20547,20517 20536,20674 20515,20523 20443,20520 20516,30323 20440,20545 20550,20677 20776,20442 20548,20535|20440,20436 20553,20534 20523,20547 20535,20550 20536,20548 20520,20515 20674,20789 20516,20443 20677,20442 20790,20776 20545,30323 20517,30376|20442,20536 20534,20674 20443,20523 30323,20440 20545,20516 20547,30376 20517,20515 20535,20776 20548,20789 20790,20550 20677,20553 20436,20520|30323,20443 20515,20547 20520,20545 20789,20536 20776,20677 20436,20517 20674,20535 20442,20534 20553,20790 20550,20548 20523,20440 30376,20516|20776,20534 20677,20789 30376,20545 20547,30323 20550,20536 20553,20674 20535,20442 20515,20440 20517,20523 20790,20548 20443,20436 20520,20516|20674,20776 20523,30376 20440,20520 20548,20677 20545,20443 20534,20550 20436,20547 30323,20517 20536,20790 20516,20515 20442,20553 20789,20535
20789,20674 20518,20515 30374,30323 20440,20445 20550,20790 20543,20442 20545,30376 20677,20776 20436,20522 20553,20535 20529,20525 20554,20446|30323,20440 20535,20789 20446,20677 30376,20518 20674,20553 20442,20550 20776,20554 20790,20543 20522,30374 20445,20545 20515,20529 20525,20436|20442,20535 20529,20545 20518,20440 20674,20554 20522,20525 20445,20436 20553,20790 20776,20789 30374,30376 20515,30323 20677,20550 20543,20446|20677,20442 20446,20674 30376,20515 20525,20445 20545,20518 30323,20529 20790,20776 20436,30374 20535,20543 20789,20553 20440,20522 20554,20550|30376,30323 20518,20525 20515,20445 20776,20674 20545,30374 20553,20677 20790,20535 20440,20436 20529,20522 20442,20554 20550,20543 20789,20446|20525,20440 20674,20442 30323,20545 20550,20776 20445,20529 20543,20789 20446,20790 20535,20677 20436,30376 20554,20553 30374,20515 20522,20518|20553,20442 20790,20554 20674,20535 30374,20525 20522,20545 20789,20677 20776,20543 30376,20445 20440,20515 20518,20529 30323,20436 20446,20550|20543,20553 20550,20674 20515,20522 20535,20446 20445,30374 20554,20789 20677,20790 20529,30376 20436,20518 20545,20440 20442,20776 20525,30323
20795,20553 20545,20443 20516,30376 20548,20536 20789,20674 20440,20436 20527,20547 30378,20534 20712,20523 20778,20677 20442,20550 20517,20518|20674,20548 20518,20440 20523,20545 20553,20789 20534,20442 20436,20517 20536,30378 20547,20516 20550,20778 20443,20712 30376,20527 20677,20795|20516,20545 20547,20518 20517,20712 20443,20527 20778,20442 30376,20436 20536,20674 20440,20523 30378,20677 20548,20553 20789,20550 20795,20534|20517,30376 20516,20443 20523,20547 20534,20536 20677,20789 20436,20518 20674,20550 20795,20778 20442,20548 20545,20527 20553,30378 20712,20440|20440,20545 20534,20778 20436,20547 20677,20536 20443,20523 20527,20517 30378,20442 20712,30376 20518,20516 20674,20553 20789,20548 20550,20795|30376,20440 20547,20712 20778,30378 20527,20436 20545,20517 20518,20443 20523,20516 20550,20534 20553,20677 20536,20789 20548,20795 20442,20674|20545,20547 20712,20518 20534,20677 20436,20523 20440,20527 20789,20778 30376,20443 20674,30378 20442,20553 20536,20795 20548,20550 20517,20516|20550,20536 20516,20440 20443,20436 20553,20534 20527,20712 20778,20548 20523,20517 20518,20545 30378,20789 20795,20674 20677,20442 20547,30376
20554,20550 20525,20515 20440,20526 20545,20520 20553,20535 20674,20794 20789,20548 20442,20551 20529,20436 20536,20841 30376,20443 20445,20523|20443,20545 20436,30376 20526,20529 20535,20554 20551,20674 20520,20445 20548,20553 20523,20525 20794,20536 20550,20789 20841,20442 20515,20440|30376,20440 20674,20550 20436,20526 20553,20789 20442,20554 20515,20443 20445,20529 20536,20535 20841,20551 20794,20548 20520,20525 20545,20523|20548,20550 20529,20520 20445,20545 20526,20443 20442,20535 20536,20674 20553,20841 20523,20515 20789,20554 20525,30376 20440,20436 20551,20794|20520,20515 20674,20442 20551,20789 20529,20545 20526,20525 30376,20445 20523,20440 20535,20548 20443,20436 20550,20536 20841,20794 20554,20553|20545,20526 20548,20551 20515,30376 20550,20442 20525,20529 20440,20445 20443,20520 20535,20674 20554,20536 20789,20841 20794,20553 20436,20523|20551,20535 20548,20536 20794,20554 20523,20443 20553,20442 20515,20529 20445,20525 30376,20526 20841,20550 20789,20674 20440,20545 20436,20520|20526,20515 20443,20445 20525,20436 20536,20789 20545,30376 20550,20794 20535,20841 20554,20551 20520,20440 20529,20523 20442,20548 20674,20553
20550,20676 20536,20789 20516,20527 20553,20841 20523,20546 20547,20443 20790,20778 30377,20445 20529,20515 20535,20554 20530,20548 20517,20545|20554,20790 20548,20553 20445,20517 20778,20530 20546,30377 20676,20535 20545,20547 20841,20536 20789,20550 20515,20516 20443,20523 20527,20529|20529,20445 20536,20550 20545,30377 20547,20527 20553,20790 20516,20443 20554,20789 20676,20841 20546,20517 20530,20535 20778,20548 20515,20523|20548,20550 20536,20530 20443,20546 20445,20547 20789,20676 20516,20529 20523,20545 20535,20790 20553,20554 20527,20515 30377,20517 20841,20778|20523,20529 20789,20553 20515,30377 20517,20547 20790,20676 20550,20535 20548,20536 20445,20545 20841,20530 20443,20527 20554,20778 20546,20516|20790,20841 20529,20546 20517,20515 20545,20516 20527,20445 30377,20443 20550,20553 20778,20789 20547,20523 20535,20536 20676,20548 20530,20554|20676,20554 20547,20546 20778,20550 20548,20789 20545,20529 20515,20443 20841,20535 20527,30377 20523,20445 20530,20553 20536,20790 20516,20517|20529,20547 20546,20527 20535,20778 20789,20841 20445,20515 20554,20536 20443,20545 30377,20516 20550,20530 20517,20523 20553,20676 20790,20548
20443,20731 20436,20440 20523,20516 20553,20543 20446,20790 30374,30324 20520,20515 20677,20548 20550,20536 20534,20530 20789,30378 20525,30376|20790,20534 30324,20443 20440,20523 30378,20553 20536,20789 20543,20550 20530,20677 30376,20520 20548,20446 20515,30374 20516,20436 20731,20525|20525,20516 20520,20443 20440,20731 20446,20789 20553,20550 20548,20790 20677,20534 20436,30376 20523,30374 20543,30378 20536,20530 30324,20515|20789,20543 20530,30378 20553,20548 20515,20440 20731,30324 30374,20436 20550,20446 20516,20520 30376,20443 20534,20536 20523,20525 20790,20677|20525,30324 20536,20543 20530,20553 20520,20436 20550,20790 20789,20534 20731,30374 30378,20548 30376,20523 20443,20515 20446,20677 20440,20516|20516,20731 30324,20440 20534,20446 20790,20553 30378,20536 20543,20530 20515,30376 20443,20525 20677,20550 20548,20789 30374,20520 20436,20523|30376,30374 20525,20440 20436,30324 20516,20443 20520,20731 20523,20515 20534,20550 20446,20530 20790,20543 20789,20553 20677,30378 20548,20536|20731,20523 20530,20548 30378,20790 20440,20520 30324,30376 20536,20677 30374,20525 20543,20446 20550,20789 20443,20436 20553,20534 20515,20516
30376,20523 20518,20436 20545,20440 20530,20446 20776,20554 20517,20516 20547,20443 20677,20548 20790,20674 20550,20789 20535,20536 20515,20522|20440,30376 20446,20677 20522,20517 20554,20790 20523,20545 20548,20535 20436,20547 20536,20550 20443,20515 20674,20530 20789,20776 20516,20518|20440,20522 20548,20446 20550,20790 20530,20536 20547,20517 20545,20516 20776,20535 20515,30376 20554,20674 20518,20443 20523,20436 20677,20789|20436,20443 20515,20440 20446,20535 30376,20545 20530,20548 20677,20550 20517,20518 20674,20776 20536,20790 20789,20554 20522,20523 20516,20547|20516,30376 20545,20517 20436,20440 20550,20554 20523,20515 20536,20677 20547,20518 20548,20776 20790,20446 20789,20674 20443,20522 20535,20530|20522,20547 20517,20515 20535,20550 20446,20789 20440,20523 20776,20677 20674,20536 20443,20516 20554,20530 30376,20436 20518,20545 20790,20548|20677,20530 20436,20522 20776,20790 20550,20548 30376,20517 20674,20535 20554,20446 20516,20440 20545,20443 20547,20523 20789,20536 20518,20515|20446,20550 20548,20674 20536,20554 20523,20516 20535,20789 20517,20436 20443,30376 20515,20547 20440,20518 20522,20545 20790,20677 20530,20776
20789,20841 30324,20522 20548,20676 20440,20525 20553,20442 30376,20520 20550,20446 20517,20515 20776,20554 30378,20790 20443,20436 20545,30323|20442,20550 20554,20789 30323,20440 20790,20553 20676,20776 20515,30324 20520,20443 20525,20545 20841,30378 20436,20517 20446,20548 20522,30376|20517,30323 20525,20520 30324,20545 20446,20841 20776,20790 30376,20443 20522,20515 20548,20553 30378,20442 20676,20554 20440,20436 20550,20789|20442,20776 30378,20554 20841,20676 20520,20440 20548,20550 20517,30376 20553,20789 30323,20436 20515,20525 20790,20446 20545,20522 20443,30324|20553,20676 20776,20550 20446,30378 20515,20443 30323,20522 20554,20442 20545,20520 20789,20548 30324,20517 20790,20841 20436,20525 30376,20440|20525,30323 20442,20548 20443,20545 20841,20553 20522,20517 20520,20515 20789,20776 20440,30324 20554,20790 20676,20446 20436,30376 20550,30378|20442,20841 20446,20789 20520,20436 20545,20517 20515,20440 20443,30323 20553,20554 20525,20522 20790,20550 30324,30376 20776,20548 30378,20676|20554,20446 20522,20443 20436,30324 20440,20545 20789,30378 20548,20790 20841,20776 20550,20553 20517,20520 20676,20442 30323,20515 30376,20525
20436,20529 20527,20516 20440,20518 20674,20543 20443,30323 20550,20841 20536,20442 20551,20795 20545,30376 20530,30378 20547,20546 20446,20554|20546,20527 20529,20545 30378,20536 20516,20443 20795,20674 20554,20530 20442,20446 20841,20551 20543,20550 20518,20436 30323,20440 30376,20547|20545,20443 20554,20674 20446,20530 20551,20442 20436,20516 30376,20518 20795,20550 20440,20546 20547,20527 20529,30323 30378,20543 20841,20536|20530,20841 20674,20551 20516,20440 20443,30376 20546,30323 20536,20554 20442,30378 20518,20529 20547,20545 20527,20436 20550,20446 20543,20795|30376,20529 30323,20547 20841,20446 20550,20442 20527,20545 20674,30378 20440,20436 20518,20443 20551,20554 20546,20516 20536,20795 20543,20530|20795,20841 20554,20550 20436,20547 20529,20527 20442,20674 20516,20518 30378,20551 30323,30376 20545,20440 20443,20546 20530,20536 20446,20543|20795,20446 20546,20529 20436,30323 20674,20530 20527,20440 20516,30376 20547,20443 20442,20554 20536,20550 20551,20543 20545,20518 30378,20841|20446,30378 20841,20442 20529,20516 20554,20795 20518,20546 20543,20536 30376,20436 20443,20527 20550,20674 30323,20545 20440,20547 20530,20551
20548,20676 20543,20530 20545,20518 20515,20516 20529,20547 30377,20443 20776,20535 20550,20674 30374,20523 20778,20794 20790,20446 20520,20436|20676,20790 20535,20543 20523,20529 20518,30374 20446,20548 20516,20520 20547,20545 20794,20550 20674,20778 20443,20515 20436,30377 20530,20776|20674,20790 20530,20676 20545,20443 20529,20515 20516,20523 20446,20794 20548,20776 20520,30374 30377,20518 20535,20550 20543,20778 20547,20436|20523,30377 20543,20674 20436,20516 20518,20529 20548,20535 20790,20778 20550,20530 20794,20776 30374,20545 20443,20547 20515,20520 20676,20446|20535,20790 20520,20443 20523,20436 20550,20676 30377,20547 20518,20516 20776,20543 20778,20530 30374,20515 20545,20529 20674,20446 20794,20548|20529,30377 20443,20523 20547,20520 20515,20518 20530,20548 20676,20794 20778,20535 20436,30374 20776,20674 20516,20545 20446,20543 20790,20550|20794,20543 20550,20548 20443,20518 20520,20545 20676,20778 20523,20515 20446,20535 20436,20529 20790,20776 20674,20530 20547,20516 30377,30374|20776,20676 20516,20443 20535,20794 20778,20550 20548,20674 20530,20446 20543,20790 20529,20520 30374,20547 20515,30377 20518,20436 20545,20523
20789,20551 20517,20445 30377,20525 20550,20534 20518,20515 20446,20674 30374,20526 20790,20776 30378,20841 20440,20712 20554,20530 20436,30323|20530,20550 20445,20518 30323,30377 20776,20554 20841,20446 20712,20517 20525,20436 20526,20440 20674,20789 20551,20790 20515,30374 20534,30378|20550,20554 20674,20530 20525,20518 20776,20789 30377,20526 20551,20841 30374,20712 30323,20517 20440,20515 20534,20446 20790,30378 20436,20445|20517,20515 20526,20712 20445,30323 30378,20551 20554,20674 20789,20534 20790,20550 20518,20436 20440,20525 30374,30377 20530,20446 20841,20776|20517,20436 30323,30374 20712,20518 20515,20526 30378,20550 20841,20674 20789,20554 20551,20530 20446,20790 30377,20440 20525,20445 20534,20776|20445,30377 20436,30374 20446,20789 20550,20551 20776,30378 20674,20534 20518,20440 20515,30323 20530,20841 20712,20525 20526,20517 20554,20790|30377,20515 20534,20530 20841,20789 20445,20712 20554,20551 20674,20790 20526,30323 30378,20446 20776,20550 20518,30374 20525,20517 20440,20436|30374,20445 20712,30377 20550,20674 20436,20526 20789,30378 20530,20776 30323,20440 20517,20518 20551,20534 20515,20525 20446,20554 20790,20841
20712,30377 20776,20530 20516,30374 20534,20677 20841,20535 20527,20436 20547,30324 20545,20529 20554,20553 20790,20550 20518,20440 20536,20789|20550,20841 20677,20554 20436,20547 20789,20776 30324,20712 20530,20534 30377,20527 20535,20536 20529,20516 20553,20790 20440,20545 30374,20518|20841,20776 20545,30374 20550,20677 20712,20440 20547,30377 20516,20518 20436,30324 20554,20789 20536,20534 20527,20529 20553,20530 20790,20535|20534,20790 20518,20436 20529,20712 30374,20527 20516,20547 30377,20545 20530,20554 20535,20789 20776,20550 20677,20553 20440,30324 20536,20841|20518,20712 20553,20550 20440,20436 20789,20841 30324,20529 20545,20527 30377,20516 20534,20776 20535,20530 20677,20790 20554,20536 30374,20547|20776,20677 20789,20534 20790,20554 20712,30374 20436,30377 30324,20516 20530,20536 20550,20535 20527,20440 20841,20553 20547,20545 20529,20518|20550,20530 20535,20534 20677,20536 30377,20440 20841,20790 20516,20527 20776,20554 20545,20518 20529,20436 20712,20547 20553,20789 30374,30324|20536,20550 20436,30374 20790,20776 20440,20516 20789,20677 20527,20712 20534,20553 30324,20545 20554,20535 20530,20841 20547,20529 20518,30377
20515,20516 20446,20548 20523,20525 20530,20551 20677,20867 20794,20776 20442,20534 20674,20535 20436,20440 30323,30376 20445,20443 20529,20546|20443,20515 20546,20445 20525,20529 20535,20530 20551,20677 20440,30323 20867,20674 20776,20442 30376,20523 20534,20446 20516,20436 20548,20794|20523,20516 20530,20446 20443,20525 20535,20776 20442,20551 20674,20548 20546,20440 20436,30323 20677,20534 20529,30376 20867,20794 20515,20445|20525,30376 20551,20535 20445,20436 20516,20529 20530,20548 20442,20677 20776,20867 20440,20515 30323,20443 20794,20446 20534,20674 20523,20546|20794,20534 20674,20442 20548,20535 20525,20445 20446,20677 30323,20546 20776,20530 30376,20516 20867,20551 20443,20436 20515,20529 20440,20523|20551,20674 30376,20515 20548,20776 20446,20867 20516,20443 20546,20525 20445,20440 20534,20530 20529,30323 20535,20442 20436,20523 20677,20794|20525,30323 20515,20523 20516,20440 20674,20794 20445,20529 20677,20530 20534,20776 20443,20546 20535,20867 20442,20446 20551,20548 20436,30376|20546,20516 30376,20443 20440,20525 20523,20445 20529,20436 20548,20442 20794,20551 20867,20534 20776,20677 30323,20515 20446,20535 20530,20674
20674,20442 20547,20518 20776,20535 30374,20516 20536,20554 20440,20520 20436,20523 20546,20443 20553,20534 20515,30376 20530,20867 20794,20677|20520,20436 20534,20536 20535,20674 20867,20794 20523,20546 20554,20530 20677,20553 20518,30374 20442,20776 30376,20440 20516,20547 20443,20515|30374,20546 20554,20674 20523,20516 20535,20677 20553,20794 20520,20443 20776,20530 20536,20867 30376,20547 20436,20440 20442,20534 20515,20518|20536,20535 20443,20436 20794,20554 20867,20553 20440,20523 30374,20515 20677,20442 20516,20520 20674,20530 20534,20776 20518,30376 20547,20546|20442,20535 20553,20554 20520,30374 20518,20440 20530,20677 30376,20443 20776,20794 20515,20523 20674,20536 20867,20534 20547,20436 20546,20516|20546,20520 20677,20776 20440,20547 20436,30376 20554,20442 20534,20674 20530,20553 20443,20518 20794,20536 20516,20515 20523,30374 20535,20867|20534,20677 20518,20436 20535,20554 20520,20515 20523,20443 20516,30376 20440,20546 20442,20553 20674,20794 20776,20867 30374,20547 20536,20530|30376,20520 20794,20535 20554,20776 20553,20674 20443,20516 20677,20536 20436,30374 20546,20518 20547,20523 20515,20440 20530,20534 20867,20442
30324,20545 20443,20436 30377,20517 20676,20442 20536,20530 20677,30378 20554,20551 20547,20529 20534,20789 20867,20446 20523,20515 20516,20518|20545,20547 20518,20443 20442,20867 20446,20554 20529,20516 20530,20534 20789,20536 30378,20676 20517,20523 20515,30377 20436,30324 20551,20677|20789,20446 20554,20442 20551,20676 20523,20545 30377,20547 20534,30378 20677,20536 20517,20518 20443,20515 20867,20530 20436,20529 20516,30324|20554,20530 20515,20517 20536,20534 20442,20551 20547,20443 20518,20436 20446,20677 20545,20516 20676,20789 30378,20867 20529,30324 20523,30377|20551,20789 30377,20516 30324,20443 20515,20529 20547,20523 20517,20436 20676,20446 20530,20677 20867,20534 20518,20545 30378,20554 20442,20536|20530,20551 20443,30377 20545,20517 20534,20676 20789,20867 20446,30378 20536,20554 20677,20442 20529,20518 30324,20515 20516,20523 20436,20547|20534,20677 20789,20554 20545,20529 20676,20530 30377,20518 20516,20443 20515,20547 30378,20536 20867,20551 20446,20442 20517,30324 20523,20436|20530,20446 20551,30378 20677,20789 20443,20545 20529,20523 20547,20517 20536,20676 20442,20534 30324,30377 20436,20516 20554,20867 20518,20515
30378,20442 20446,20543 30323,20436 20529,20527 20712,30376 20534,20530 20550,20790 30374,20547 20522,20523 20776,20674 20440,20546 20554,20553|20546,30323 20553,20534 20530,20550 20674,30378 20442,20446 20543,20776 20436,20522 30376,30374 20527,20712 20523,20440 20790,20554 20547,20529|20523,20547 20543,20442 20530,20776 20527,20522 30323,20712 20440,30376 20436,20529 20554,30378 20446,20674 20553,20550 30374,20546 20790,20534|20442,20554 20776,20790 20534,30378 20550,20543 20446,20530 20712,20529 30374,20436 20522,20440 30376,20523 20674,20553 20547,30323 20546,20527|20529,20546 20530,20543 30323,20440 20436,30376 20550,20534 30378,20776 20790,20446 20522,20712 20442,20553 20523,30374 20674,20554 20527,20547|20440,20527 20546,20523 30378,20550 30376,30323 20776,20442 20547,20436 20529,20522 20534,20674 20712,30374 20553,20530 20543,20790 20554,20446|20530,20674 20527,30374 20543,30378 20547,20522 20523,20712 20790,20553 20776,20554 20440,20436 20546,30376 20442,20550 20446,20534 30323,20529|20554,20530 30376,20547 20534,20776 20553,20543 20674,20442 20529,20523 20550,20446 30378,20790 20436,20527 30374,30323 20522,20546 20712,20440
20789,20534 20442,20778 20530,20776 20548,30378 20436,20445 20443,20515 20520,30377 20547,20518 20440,20545 20529,20522 20554,20674 20550,20536|20778,20548 20518,20443 20536,20554 20522,20440 20674,20550 30377,20436 20545,20529 20534,20530 20515,20547 30378,20442 20776,20789 20445,20520|20789,20674 20778,30378 20529,20547 20515,20440 20534,20776 20536,20548 20442,20550 20443,20545 20445,30377 20554,20530 20436,20520 20518,20522|20520,20515 20529,30377 20440,20518 20530,20778 20548,20789 20442,20776 20545,20445 20674,20534 20547,20443 30378,20536 20550,20554 20522,20436|20522,20443 20789,20554 20550,20778 20674,20442 20534,20536 30377,20515 20436,20518 20520,20529 30378,20530 20776,20548 20547,20545 20445,20440|20515,20522 20545,20520 20443,20445 20530,20550 20440,20436 20554,20442 20776,30378 20536,20789 20518,20529 30377,20547 20548,20674 20778,20534|20440,20520 20442,20548 20518,30377 20529,20515 20443,20436 30378,20534 20530,20536 20674,20776 20789,20550 20445,20547 20522,20545 20554,20778|20515,20445 20776,20554 20436,20529 20550,30378 20534,20442 30377,20522 20536,20674 20778,20789 20545,20518 20548,20530 20520,20443 20547,20440
20440,20546 20443,20525 20436,20527 20515,30377 20776,20789 20445,20520 20529,20526 20446,20677 20534,20674 20778,20548 20550,20530 20442,30378|20527,20440 20526,20436 20530,20776 30378,20446 20525,20515 20677,20778 20546,20529 20789,20534 20674,20442 30377,20445 20520,20443 20548,20550|30378,20776 20789,20446 20534,20550 20443,20515 20530,20677 20445,20527 20529,20525 20440,30377 20674,20778 20526,20546 20520,20436 20548,20442|20776,20548 20550,20789 20525,20445 20436,20440 20443,20526 20446,20674 20529,20515 20527,30377 20778,20530 20546,20520 20442,20534 20677,30378|20442,20677 20525,20526 20436,20443 20440,20445 20534,20530 20548,20789 20527,20529 30377,20546 30378,20778 20550,20446 20674,20776 20515,20520|20526,20527 20677,20550 20776,20442 20778,20534 20546,20525 20530,20674 20515,20440 20789,30378 20520,20529 20445,20443 20446,20548 30377,20436|20520,20440 20550,20674 30378,20548 20436,20529 20526,20515 20534,20776 20527,20525 20445,20546 20677,20789 20778,20442 20530,20446 20443,30377|20525,20436 20548,20530 20674,30378 20440,20526 20529,20445 20546,20443 30377,20520 20789,20778 20446,20534 20442,20550 20515,20527 20776,20677
20515,30323 20520,20529 20712,20523 20534,20674 20790,20550 20554,20536 20551,20530 20535,20446 20442,20676 20516,30374 30377,20443 20547,20436|20530,20534 20436,20520 20529,20712 20536,20442 30374,20515 20676,20551 20443,20516 20523,30377 20674,20554 20550,20535 30323,20547 20446,20790|20551,20535 20515,20529 20790,20674 20446,20550 20530,20676 30374,20520 20443,20547 20516,30323 20554,20442 20534,20536 20436,20523 20712,30377|20523,30374 30377,20515 20442,20550 20547,20712 20536,20790 30323,20443 20520,20516 20674,20530 20551,20554 20535,20534 20676,20446 20529,20436|20536,20530 20674,20442 20529,20523 30374,20547 20550,20534 20516,30377 20554,20446 20676,20535 20790,20551 20436,30323 20443,20712 20520,20515|20550,20536 20534,20676 20446,20674 20442,20551 20515,20516 20547,20529 20523,20443 20712,20520 20535,20790 30323,30374 20530,20554 30377,20436|20712,30374 20529,30323 20520,30377 20530,20550 20554,20790 20676,20536 20436,20516 20674,20535 20442,20446 20547,20523 20515,20443 20551,20534|30377,20529 20790,20676 20550,20551 20534,20442 20443,20520 20516,20547 20523,20515 20446,20530 30323,20712 20535,20554 30374,20436 20536,20674
30377,20545 20550,20789 20674,20530 20443,20515 30323,20436 20841,20536 20440,20523 30374,20525 20776,20554 20516,20518 20795,20535 20778,20534|20530,20550 20534,20776 20515,20440 20518,30377 20554,20778 20525,30323 20436,20516 20789,20674 20523,30374 20536,20795 20535,20841 20545,20443|20674,20550 30374,20516 20776,20841 20523,20436 20778,20789 20443,20518 30323,20545 20536,20535 20525,20515 20440,30377 20534,20795 20554,20530|20789,20536 20535,20554 20795,20674 20518,20440 20436,30374 20443,20523 20530,20534 20776,20550 20515,20516 30377,30323 20545,20525 20841,20778|20789,20841 20440,30323 20795,20776 20516,20525 20550,20535 20534,20674 20554,20536 30377,20443 20545,30374 20515,20523 20518,20436 20778,20530|20523,20545 20536,20534 30323,20515 20530,20776 20535,20789 20525,20443 30374,20518 20674,20778 20436,30377 20841,20795 20550,20554 20516,20440|20536,20530 20776,20535 20440,20545 20841,20674 20525,20436 20554,20789 20534,20550 20518,20515 30377,20523 20443,20516 20778,20795 30374,30323|20795,20554 20550,20778 20436,20440 20523,20525 20516,30377 20789,20776 20515,30374 30323,20443 20535,20534 20545,20518 20674,20536 20530,20841
20674,20790 20443,20515 20522,20546 20778,20550 20440,20523 30377,20712 20789,20841 20554,20446 20776,20534 20547,30323 20535,20442 30374,20445|20790,20776 20515,20440 30323,20443 20546,20547 20442,20778 20712,20522 20550,20554 20534,20789 20445,30377 20841,20674 20523,30374 20446,20535|20550,20446 20515,30323 20535,20534 20523,20443 20712,20445 20778,20789 30377,20547 20442,20674 20841,20790 20546,20440 30374,20522 20776,20554|20674,20550 30323,20712 20790,20534 20445,20546 20522,20440 20446,20841 20554,20789 20547,20523 30374,20515 20443,30377 20778,20535 20776,20442|20790,20446 20674,20554 20534,20778 20445,20515 20789,20535 20550,20776 20442,20841 20440,20547 30323,30374 30377,20546 20522,20443 20712,20523|20535,20790 20789,20776 20554,20778 20515,30377 20523,20445 20446,20442 20443,20712 20546,30374 20547,20522 20440,30323 20841,20550 20534,20674|20523,20522 20515,20547 20776,20841 30323,20546 20550,20534 20443,20445 20446,20789 20712,30374 20554,20442 20674,20535 30377,20440 20778,20790|20547,20443 20440,20712 20442,20550 20789,20674 20790,20554 30374,30377 20535,20776 20445,30323 20522,20515 20841,20778 20534,20446 20546,20523
20534,20442 20551,20548 20515,20517 20526,20547 30324,30377 20550,30378 20676,20446 20529,20712 20518,20545 20789,20543 20795,20536 20443,20516|20543,20551 20536,20789 20547,20515 30377,20443 20516,20529 20446,20795 20517,20518 20545,20526 20548,20676 30378,20534 20442,20550 20712,30324|20676,20550 20517,20526 20789,30378 20443,30324 20551,20534 20712,30377 20545,20547 20515,20516 20543,20446 20518,20529 20536,20442 20548,20795|30377,20517 20534,20676 20529,20545 30324,20515 20442,20548 20526,20443 30378,20536 20795,20543 20516,20518 20547,20712 20446,20789 20550,20551|20676,30378 20516,30377 20446,20550 20712,20517 20545,20443 20548,20789 20518,20547 20442,20543 30324,20529 20515,20526 20795,20551 20536,20534|20526,20712 20789,20676 20529,20515 20534,20446 20543,20536 20547,20516 20551,20442 20550,20548 30377,20545 30378,20795 20443,20518 20517,30324|30378,20442 20551,20789 20536,20676 20547,30377 20518,20515 20534,20795 20443,20712 20517,20545 20550,20543 20526,20529 30324,20516 20446,20548|30377,20526 20442,20446 20712,20518 20795,20550 20676,20551 20789,20534 20529,20547 20543,30378 20545,30324 20548,20536 20515,20443 20516,20517
20443,30377 20518,20515 20525,20436 20527,20445 30374,20545 20543,20535 20529,20516 20776,20790 20841,20550 20534,20789 20794,20551 20446,20674|20535,20794 20516,20525 20550,20534 30377,20527 20545,20518 20790,20841 20551,20543 20515,30374 20674,20776 20436,20443 20445,20529 20789,20446|30377,20436 20518,20445 20535,20841 20794,20776 20543,20789 20516,30374 20529,20545 20446,20790 20527,20525 20550,20551 20534,20674 20515,20443|20445,20515 30374,30377 20525,20518 20443,20545 20841,20446 20543,20794 20551,20534 20527,20529 20790,20535 20674,20550 20789,20776 20436,20516|20776,20550 20529,30377 20446,20543 20551,20789 20518,20436 20545,20527 20516,20515 20535,20534 20445,20443 20525,30374 20841,20794 20674,20790|20443,20525 20545,20445 20550,20543 20789,20535 20534,20446 20776,20841 30374,20518 20794,20674 20515,20529 20790,20551 20436,20527 30377,20516|20527,20515 20436,30374 30377,20545 20446,20794 20543,20790 20516,20443 20841,20551 20525,20445 20534,20776 20674,20789 20550,20535 20518,20529|20443,20518 20776,20543 20445,30377 30374,20527 20545,20516 20794,20534 20515,20525 20551,20674 20789,20841 20529,20436 20535,20446 20790,20550
20518,20712 20547,30323 20548,20550 20529,20526 20446,20790 20841,20442 20530,20553 30378,20676 20543,20536 20515,20516 30377,30374 20517,20436|20553,20548 20536,20530 20790,20543 20526,20515 20516,20517 20436,20518 30374,20547 20442,30378 20676,20446 20712,30377 20550,20841 30323,20529|20442,20553 20712,30323 20841,20536 20530,20550 30378,20543 20526,20436 20676,20790 30377,20547 20446,20548 20516,20529 20515,30374 20518,20517|20517,20712 20518,20516 20548,20530 20446,20543 20553,20676 20547,20526 30378,20841 20436,30377 20536,20442 20529,20515 20550,20790 30323,30374|30377,20515 20712,20529 20526,20518 20536,20548 20530,20446 20790,20841 20517,20547 20543,20553 20550,30378 20436,30323 30374,20516 20676,20442|20442,20550 20516,20712 20543,20530 30374,20526 30323,30377 20529,20518 20548,20676 20515,20517 20547,20436 20790,20536 20841,20446 20553,30378|20517,30323 20676,20543 20553,20841 30377,20516 20515,20518 20547,20529 20530,30378 20446,20442 20712,20526 20548,20790 20436,30374 20550,20536|20841,20530 20516,20436 30374,20712 30378,20446 20526,20517 20536,20676 30323,20515 20518,20547 20442,20548 20543,20550 20529,30377 20790,20553
20553,20442 20778,20543 20841,20790 20525,20529 20446,20550 20535,20554 20789,20677 20712,20443 20516,30377 20527,30374 20445,20545 20436,30324|20550,20789 20545,20525 20442,20841 20790,20535 20443,20516 20554,20446 30377,20712 30374,20436 20543,20553 20529,20527 30324,20445 20677,20778|20516,20545 30374,20712 20841,20553 20442,20554 20527,20436 20529,30377 20790,20778 20535,20446 20525,20445 20443,30324 20789,20543 20550,20677|20516,30374 20445,20527 20841,20535 30324,20712 20543,20790 30377,20525 20677,20442 20446,20789 20545,20443 20553,20550 20436,20529 20554,20778|20550,20535 20445,30377 20529,20545 20712,20516 20554,20553 20789,20841 20446,20543 20778,20442 20443,20527 20677,20790 20525,20436 30374,30324|20543,20550 20535,20677 20442,20446 20436,20445 20553,20789 30324,20525 20790,20554 20527,20516 20712,20529 20545,30374 30377,20443 20778,20841|20527,30377 20529,20516 20553,20790 20446,20841 20545,30324 20442,20535 20445,20712 20525,30374 20677,20543 20550,20778 20789,20554 20436,20443|30377,20545 30324,20529 20712,20527 20790,20446 20543,20442 20535,20553 30374,20445 20516,20436 20554,20677 20443,20525 20778,20789 20841,20550
20554,20794 30378,20867 20553,20676 20515,30374 20526,30376 20548,20442 30324,20440 20520,20436 20518,20517 20543,20446 20545,20547 20536,20789|20794,20536 20547,20520 20446,30378 20517,20545 20440,20526 30376,20515 20442,20553 30374,20518 20436,30324 20676,20543 20867,20548 20789,20554|20518,20547 20442,20543 20554,20446 20545,20526 20553,20867 20794,20548 30376,20436 20520,20517 30374,30324 20515,20440 30378,20789 20536,20676|20553,20554 20436,20526 20520,20545 20548,30378 20543,20536 20517,30376 20867,20442 20676,20794 30324,20515 20446,20789 20518,20440 20547,30374|30374,20436 20440,20545 20554,20536 20547,30376 20515,20520 20789,20867 30324,20517 20548,20553 20442,20446 30378,20676 20794,20543 20526,20518|20543,30378 20436,20547 20440,20520 20676,20554 20867,20794 20526,30324 20446,20548 20789,20553 30376,20518 20517,20515 20545,30374 20536,20442|20548,20789 20794,20446 20515,20518 30376,30374 20867,20676 20436,20517 20442,20554 30378,20536 20547,20440 20520,20526 20545,30324 20543,20553|20554,30378 20676,20442 20440,20436 30324,30376 20446,20867 20553,20794 20789,20543 20526,20515 20518,20545 30374,20520 20536,20548 20517,20547
20776,20534 30375,20515 20553,20550 20547,20436 20543,20790 20523,20546 30378,20446 20789,20677 20518,30377 20442,20554 20529,20516 20527,20443|20443,20523 20516,30375 20790,20553 20550,20442 20546,20518 20436,20529 20446,20789 20677,20543 20515,20527 20534,30378 20554,20776 30377,20547|20446,20550 20776,20790 20529,20523 20534,20677 20554,20789 20442,20543 30378,20553 20518,20436 20546,20547 20516,30377 20515,20443 20527,30375|20790,20554 20789,20534 20547,20515 20543,20776 20553,20442 20677,20446 20436,20443 20523,20516 30378,20550 30375,30377 20518,20529 20527,20546|20546,30375 20677,20790 20523,20515 20516,20527 20446,20442 20547,20529 20534,20553 20554,30378 20443,20518 20550,20776 20789,20543 30377,20436|30377,20546 20553,20554 20442,20677 20790,20446 20550,20534 30375,20523 20776,20789 20443,20547 20436,20516 20529,20527 20515,20518 20543,30378|30378,20776 20546,20443 20527,30377 20789,20553 20516,20518 20442,20534 20554,20677 20523,20547 30375,20436 20543,20446 20790,20550 20515,20529|30377,20515 20550,20789 20446,20554 20547,20527 20443,20516 20553,20543 20677,30378 20436,20523 20534,20790 20776,20442 20529,20546 20518,30375
20523,20440 20527,20517 20551,20442 20553,20674 20530,20543 20520,20436 20712,30377 20445,20515 20795,20550 20525,20529 20841,20535 20548,20446|20543,20795 20535,20551 30377,20527 20515,20525 20442,20553 20550,20841 20674,20548 20517,20523 20436,20445 20529,20520 20446,20530 20440,20712|20795,20841 20553,20530 20525,20520 20535,20550 20527,20440 20442,20548 20436,30377 20517,20445 20523,20515 20551,20543 20529,20712 20446,20674|20795,20548 20530,20551 20440,20436 20674,20535 20712,20527 20841,20553 20520,20517 20525,20523 20515,20529 20550,20442 30377,20445 20543,20446|20550,20674 20440,20525 20548,20535 20543,20553 20517,20712 20436,20527 20445,20523 20530,20841 20442,20446 20520,20515 20529,30377 20551,20795|20841,20551 20674,20543 20527,20529 20553,20795 20548,20530 20712,20520 20535,20442 30377,20517 20515,20440 20446,20550 20523,20436 20445,20525|20529,20436 20530,20674 20517,20515 20446,20841 20535,20795 20442,20543 20527,20445 20551,20548 20712,20523 30377,20525 20553,20550 20440,20520|20550,20530 20841,20442 20436,20517 20523,20529 20515,20527 20543,20535 20525,20712 20520,30377 20795,20446 20674,20551 20548,20553 20445,20440
20440,30324 20794,20534 20674,20550 20525,20436 20446,20530 20776,20790 30377,20515 20712,20526 20553,20548 20527,30374 20529,30323 20535,20676|30324,30377 20534,20674 20790,20535 30374,20712 20436,20529 20526,20527 20548,20794 20550,20446 30323,20525 20676,20776 20530,20553 20515,20440|20674,20776 20529,20527 30377,20526 20525,20440 20550,20534 30323,20436 20548,20790 20535,20530 20794,20446 20553,20676 30324,20712 20515,30374|30374,30324 20534,20790 20440,20436 20446,20674 20525,20529 20527,20712 30377,30323 20553,20535 20530,20550 20776,20794 20526,20515 20676,20548|20515,20529 20526,20525 30323,30374 20550,20553 20530,20776 20790,20676 20535,20548 20436,30324 20712,20440 20674,20794 20527,30377 20446,20534|20790,20553 30324,20515 20529,30377 20548,20674 20440,20527 30374,20525 20436,20526 20776,20535 20676,20446 20534,20530 20712,30323 20794,20550|30374,20526 20529,20712 20525,30324 20440,30323 20553,20794 20676,20530 20515,20527 20776,20534 30377,20436 20550,20535 20674,20790 20446,20548|30324,20529 20535,20446 20790,20550 30323,20515 20527,20525 20526,20440 20794,20676 20712,30377 20436,30374 20534,20553 20548,20776 20530,20674
20534,20790 20550,20674 20530,20553 20789,20778 30323,20515 30377,20445 20548,30378 20676,20536 20525,20517 20527,20545 30374,20436 20529,20520|20536,20534 20545,30374 20520,20525 20778,20676 20515,20529 20790,20548 20553,20789 20517,30323 30378,20550 20674,20530 20436,30377 20445,20527|20534,20674 20676,20553 20525,20445 20517,20436 20778,20530 30378,20790 30374,20527 20529,20545 20536,20789 20520,20515 20550,20548 30377,30323|20553,20534 30374,20520 20530,20536 20545,20517 30323,20529 20445,20436 20790,20674 20548,20778 20515,30377 20676,30378 20789,20550 20527,20525|20536,20790 30377,30374 20436,30323 20520,20545 20550,20676 30378,20778 20674,20789 20445,20517 20527,20515 20525,20529 20534,20530 20548,20553|20515,30374 20529,30377 20674,20536 20778,20550 20530,20548 20517,20520 20553,30378 20436,20527 20790,20676 30323,20445 20545,20525 20789,20534|20445,20515 20553,20674 20778,20790 20517,20527 20789,20548 20525,30374 20529,20436 30378,20534 20536,20550 20530,20676 30323,20545 20520,30377|20527,20529 20790,20553 20550,20530 20436,20520 20534,20778 20676,20789 30377,20525 20515,20517 30374,30323 20545,20445 20674,30378 20548,20536
20536,30378 20550,20789 20790,20841 20523,20436 20534,20794 20551,20677 20443,20712 20676,20778 20516,20520 20529,20547 30374,20522 30377,20731|20712,20516 20794,20536 20778,20534 20436,20529 30378,20676 20731,20523 20522,20443 20520,30374 20789,20551 20677,20790 20841,20550 20547,30377|20550,20534 30374,20436 20520,20712 20676,20536 20794,30378 20443,20523 20841,20789 20790,20551 30377,20529 20522,20547 20516,20731 20677,20778|30374,30377 20778,20841 20547,20443 20731,20520 20789,30378 20536,20677 20676,20550 20712,20523 20534,20790 20551,20794 20529,20516 20436,20522|20550,20794 20529,20520 20522,20731 20523,30374 30377,20516 20534,20551 20789,20676 20841,20536 20778,20790 20443,20436 30378,20677 20547,20712|20794,20841 20712,20529 20436,20547 20790,20550 20520,30377 20536,20534 20731,30374 30378,20778 20677,20789 20523,20522 20516,20443 20551,20676|20794,20677 30377,20523 20522,20529 20520,20436 20790,20536 20534,20676 30374,20712 20550,30378 20516,20547 20789,20778 20841,20551 20731,20443|20551,20550 20547,30374 20523,20516 30378,20790 20677,20534 20676,20841 20436,30377 20536,20789 20529,20731 20712,20522 20443,20520 20778,20794
20520,20517 20550,20530 20790,20776 20534,20676 20527,20443 20547,20440 20445,20545 20548,20551 20535,20536 20789,20674 30377,20515 20523,20712|20440,20520 20443,20547 20517,20445 20515,20523 20551,20789 20545,30377 20776,20535 20674,20534 20712,20527 20676,20790 20536,20550 20530,20548|20445,20515 20443,20520 20527,20440 20676,20551 20674,20776 20550,20789 20547,20517 20712,30377 20523,20545 20534,20530 20790,20535 20548,20536|20545,20520 20440,30377 20776,20676 20445,20527 20547,20523 20790,20548 20536,20789 20535,20674 20515,20443 20517,20712 20551,20530 20534,20550|20515,20440 20674,20790 20530,20776 20520,20445 20545,20547 20548,20550 20517,20523 20536,20534 30377,20527 20535,20551 20443,20712 20789,20676|20712,20547 20551,20790 20440,20545 20520,20515 20550,20674 20789,20534 20776,20548 20527,20517 20523,20443 20676,20535 30377,20445 20530,20536|20548,20789 20527,20545 20674,20551 20443,30377 20550,20535 20547,20445 20776,20534 20790,20536 20517,20515 20712,20520 20523,20440 20676,20530|20551,20550 20545,20517 20534,20790 30377,20523 20535,20548 20789,20776 20515,20527 20536,20676 20530,20674 20520,20547 20445,20443 20440,20712
20445,20518 30377,20436 20789,20446 20530,30378 30374,20525 20674,20543 20529,20526 20440,20515 20676,20790 20546,20523 20776,20554 20553,20550|20515,30377 20518,20440 20526,20546 20554,20674 20790,20553 30378,20676 20550,20789 20543,20776 20436,20445 20525,20529 20523,30374 20446,20530|20789,20553 20446,20674 20525,20515 20530,20554 20676,20776 20523,20436 20440,20526 20543,30378 20790,20550 20445,30377 20546,30374 20518,20529|20440,20525 20436,20518 20529,20445 20553,20676 30377,20546 20554,20789 20550,20543 20674,20530 30374,20515 20776,20790 30378,20446 20526,20523|20518,30377 20525,20523 20789,20674 20790,20554 30378,20553 20515,20445 20776,20550 20526,30374 20436,20440 20676,20446 20529,20546 20530,20543|30374,20436 20446,20790 20553,20530 30377,20440 20543,20789 20550,20676 20523,20529 20554,30378 20445,20525 20546,20518 20674,20776 20515,20526|20790,30378 20445,20546 20553,20543 20676,20789 20446,20554 30377,30374 20518,20515 20674,20550 20526,20525 20440,20523 20776,20530 20529,20436|20515,20529 20530,20676 20789,20776 30374,20518 20523,20445 20525,30377 20436,20526 20546,20440 20554,20553 30378,20674 20543,20790 20550,20446
20442,20677 30377,20445 20535,20553 20789,20776 20443,20712 20547,20529 20545,20526 20436,20523 20841,20550 20674,20446 20440,20518 20530,20543|20445,20436 20776,20530 20677,20535 20550,20789 20526,20443 20518,20547 20529,20545 20543,20442 20446,20841 20712,30377 20553,20674 20523,20440|20529,30377 20523,20526 20518,20545 20547,20445 20442,20550 20677,20530 20553,20841 20535,20789 20446,20543 20440,20712 20443,20436 20776,20674|30377,20443 20789,20677 20712,20523 20526,20529 20436,20518 20841,20776 20550,20530 20535,20446 20545,20445 20543,20553 20674,20442 20440,20547|20526,20436 20529,20712 20553,20789 20443,20545 30377,20440 20530,20446 20543,20535 20674,20841 20523,20547 20677,20550 20445,20518 20442,20776|20530,20553 20776,20535 20436,20529 20445,20523 20547,30377 20446,20677 20518,20443 20550,20674 20789,20543 20545,20440 20841,20442 20712,20526|20674,20530 30377,20545 20841,20789 20523,20443 20442,20535 20446,20550 20547,20526 20712,20518 20529,20445 20543,20776 20440,20436 20677,20553|20443,20547 20789,20446 20436,30377 20535,20674 20530,20841 20526,20440 20445,20712 20518,20529 20776,20677 20553,20442 20550,20543 20545,20523
20515,20517 20530,20841 20554,20778 20676,20446 20442,20553 20445,20436 20789,20535 20518,20545 20543,20550 30376,20525 20529,20520 20443,20527|20517,20518 20525,20515 20550,20789 20778,20530 20535,20442 20436,30376 20520,20445 20553,20554 20545,20443 20527,20529 20841,20676 20446,20543|20676,20553 20442,20778 20550,20535 30376,20517 20789,20554 20436,20529 20446,20841 20527,20515 20443,20518 20445,20545 20525,20520 20543,20530|20789,20446 20518,30376 20841,20442 20778,20543 20520,20436 20530,20553 20445,20517 20554,20550 20535,20676 20545,20527 20515,20443 20529,20525|20443,20525 20446,20535 20553,20789 20517,20436 20676,20554 20527,30376 20550,20530 20442,20543 20515,20518 20529,20445 20778,20841 20545,20520|20543,20676 20520,20515 20525,20445 20517,20527 20518,20529 30376,20545 20436,20443 20553,20550 20530,20446 20535,20778 20554,20442 20841,20789|20518,20525 20778,20676 20446,20554 20515,30376 20530,20535 20442,20550 20520,20517 20841,20553 20445,20443 20527,20436 20543,20789 20545,20529|20525,20527 20553,20543 20529,20515 30376,20445 20550,20446 20535,20841 20436,20518 20517,20545 20676,20442 20789,20778 20554,20530 20443,20520
20778,20530 20867,20446 20525,20523 20442,20535 20534,20790 20436,30323 30377,30324 20545,20443 20554,20536 20676,20548 20445,20440 20546,20529|20443,20445 20446,20554 30323,20546 20523,30377 30324,20545 20536,20676 20529,20436 20548,20442 20530,20534 20790,20778 20440,20525 20535,20867|20790,20676 20548,20535 20546,20525 20442,20446 20445,30377 20545,20523 20529,30323 20443,20436 20867,20554 20440,30324 20778,20534 20530,20536|20535,20778 20445,20545 30377,20443 30323,20440 20523,20546 20554,20530 20534,20676 20867,20548 30324,20436 20446,20790 20525,20529 20536,20442|20676,20554 20546,20443 30377,20525 20442,20778 30324,20529 20790,20867 20530,20535 20545,30323 20436,20440 20536,20534 20523,20445 20446,20548|20436,20523 20676,20530 20535,20536 20534,20446 20525,20545 20529,30377 30323,20445 20548,20790 20554,20442 20443,30324 20440,20546 20778,20867|30323,30377 20445,20436 20535,20534 20525,20443 20790,20554 20867,20536 20778,20548 20529,20545 20530,20446 20546,30324 20440,20523 20442,20676|20548,20530 20536,20790 20436,20525 20554,20778 20523,20529 30377,20546 30324,20445 20446,20535 20676,20867 20443,30323 20534,20442 20545,20440
20548,20790 20546,30374 20554,20553 20789,20550 20545,20525 20523,20529 30377,20445 20518,20443 20841,20536 20436,20522 20776,20442 30378,20676|20550,20841 20529,20436 20445,20545 20553,20789 20790,30378 20536,20548 30374,20518 20525,20546 20676,20776 20443,30377 20522,20523 20442,20554|20518,20546 20525,20445 20523,20436 20536,20554 20553,20790 30374,20545 20776,20548 20676,20789 20550,30378 20529,30377 20841,20442 20443,20522|20445,20529 20546,20443 20436,20525 20790,20676 20789,20536 30377,20523 20442,20553 20548,30378 20554,20550 20545,20518 20841,20776 20522,30374|20518,20445 20546,30377 30374,20436 20676,20536 20790,20841 20548,20442 30378,20553 20522,20529 20443,20545 20523,20525 20789,20554 20550,20776|20553,20548 30378,20841 20442,20676 20529,20546 20525,20443 20776,20789 20536,20550 20545,20522 30377,30374 20554,20790 20436,20518 20445,20523|20522,20525 20790,20776 30374,20445 20443,20436 20550,20548 20529,20545 20554,30378 20523,20546 20553,20676 20789,20841 20442,20536 30377,20518|20548,20789 20545,20523 20525,30374 20676,20550 20841,20553 20436,30377 30378,20442 20776,20554 20445,20443 20518,20529 20546,20522 20536,20790
20522,20436 20523,30377 20677,20553 20543,20535 20525,20545 30374,20546 20550,20442 20445,20529 20548,20530 20789,20446 20841,20776 20440,20518|20436,20445 20546,20523 20535,20550 20776,20677 20446,20841 20545,20440 20518,30374 30377,20522 20442,20548 20530,20543 20553,20789 20529,20525|20677,20442 20522,20546 20440,20436 20518,20529 30374,20545 20841,20553 20535,20789 20445,20523 20550,20530 20446,20543 20525,30377 20776,20548|20548,20446 20436,20525 20543,20677 20529,20523 20545,20518 20522,30374 20789,20776 20546,20445 20553,20550 30377,20440 20442,20841 20530,20535|20440,20546 20529,20545 20523,20522 20525,20445 20442,20535 20543,20776 20518,30377 20530,20553 20548,20789 20841,20550 30374,20436 20677,20446|20446,20530 20445,20440 20436,20529 30377,30374 20545,20522 20789,20841 20546,20518 20776,20442 20553,20548 20523,20525 20550,20543 20535,20677|20841,20535 20550,20548 20677,20789 20545,30377 30374,20445 20436,20518 20440,20523 20543,20553 20776,20530 20525,20546 20529,20522 20442,20446|20789,20543 20535,20776 20522,20440 20446,20550 20530,20841 20553,20442 20518,20525 20445,20545 20523,30374 20548,20677 20546,20529 30377,20436
20446,20530 30324,20436 30323,20515 20546,30376 20790,20676 20554,20776 20525,20529 20867,20789 30378,20553 20674,20548 20516,20443 20445,20440|20436,20445 20789,20674 20548,30378 20530,20867 20553,20554 20515,20525 20676,20446 30376,20516 20529,30324 20443,20546 20776,20790 20440,30323|20548,20676 20867,20790 30324,20515 20789,20553 20436,20443 20530,20776 20525,30323 30376,20445 20529,20546 20516,20440 20674,20554 20446,30378|20516,20529 30323,20436 20525,30376 20790,20674 20676,20530 20443,30324 20554,20446 20440,20546 20445,20515 20553,20548 30378,20867 20776,20789|30378,20776 30324,20445 20446,20790 20676,20789 20440,20525 20548,20530 20546,20516 20554,20867 30376,20436 30323,20529 20674,20553 20515,20443|20530,30378 20443,30323 20790,20548 20867,20446 20546,30324 20553,20676 20776,20674 20789,20554 20445,20525 20515,20516 20436,20440 20529,30376|20674,20446 20553,20790 20529,20436 20867,20776 30376,30324 20445,20443 20676,30378 20554,20530 20525,20546 20440,20515 20516,30323 20789,20548|20436,20516 30324,20440 20790,20554 30378,20674 20443,20525 20515,20529 20546,20445 20446,20789 30323,30376 20776,20676 20548,20867 20530,20553
20548,20674 20546,30324 20446,20442 20551,20535 20525,20440 20530,20534 20795,20543 20778,20550 30377,20712 20527,20529 20436,20443 20445,30323|20535,20548 20443,20525 20712,20527 20440,20436 20442,20778 20529,20445 20550,20530 20534,20795 30324,30377 30323,20546 20674,20551 20543,20446|20527,20443 20543,20674 20530,20548 30377,20546 30324,20440 20445,20436 30323,20529 20550,20535 20525,20712 20778,20534 20446,20795 20551,20442|20546,20440 20534,20551 20529,30324 20795,20550 20527,20436 20442,20543 20525,20445 20712,30323 20446,20548 20443,30377 20535,20530 20674,20778|30324,20525 20440,20445 20546,20527 20778,20530 20535,20674 20550,20446 20712,20443 20436,20529 20548,20795 30323,30377 20534,20442 20551,20543|30377,20525 20548,20551 20436,30324 20530,20446 20443,30323 20445,20527 20674,20534 20440,20712 20795,20535 20543,20778 20529,20546 20442,20550|20543,20530 20551,20795 20546,20443 20527,20440 20529,20525 20534,20446 20778,20548 20674,20550 30324,20712 30323,20436 30377,20445 20442,20535|20535,20534 20712,20529 20550,20543 20525,20527 20445,20546 20795,20778 20548,20442 20530,20551 20436,30377 20443,30324 20446,20674 20440,30323
20526,20440 20543,20776 20515,20523 30323,20516 20436,30374 20677,20790 20545,20443 20547,30376 20550,30378 20534,20442 20530,20536 20554,20778|20516,20545 20443,20547 20523,20436 20442,20554 20536,20534 30378,20543 30374,20526 30376,30323 20778,20530 20790,20550 20440,20515 20776,20677|30323,20443 20545,30376 30374,20523 20790,20536 20554,30378 20530,20534 20442,20677 20778,20543 20550,20776 20440,20436 20547,20516 20515,20526|20523,20440 20677,20536 20545,30323 30376,30374 20776,20530 20543,20790 20534,20778 20516,20515 20554,20550 20436,20547 20443,20526 30378,20442|30374,20547 30378,20530 20550,20442 20440,20516 20526,20545 20523,30376 20543,20677 20536,20554 20778,20790 20443,20515 20436,30323 20534,20776|20776,20554 30376,20443 20547,20545 20442,20778 20526,20436 20530,20543 20790,20534 20516,20523 20677,20550 30323,20440 20536,30378 20515,30374|20534,20677 20543,20536 20550,20530 20778,30378 20436,20443 30376,20516 20776,20442 30323,20515 20545,30374 20523,20526 20554,20790 20547,20440|30374,30323 20443,20523 20516,20436 20515,30376 20790,20776 20442,20543 20440,20545 20526,20547 20677,20778 30378,20534 20536,20550 20530,20554
20674,20442 20550,20543 20677,20795 20520,30374 20551,20535 20776,20790 20536,20534 20436,20529 20523,20712 20516,30377 20527,20547 20443,20515|20790,20674 20529,20523 20795,20776 20442,20536 30377,20443 20515,20520 20712,20527 20534,20550 20535,20677 20547,20516 20543,20551 30374,20436|20677,20442 20516,20527 30374,20712 20795,20551 20547,30377 20536,20674 20535,20543 20529,20515 20550,20790 20534,20776 20436,20520 20443,20523|20527,30374 20520,20529 20712,20443 20674,20795 20776,20550 20543,20536 20515,20516 30377,20436 20551,20534 20790,20677 20442,20535 20523,20547|20674,20550 20776,20535 20795,20543 20515,20527 20523,20436 20442,20534 20529,20712 20520,20516 20790,20536 20443,20547 30377,30374 20677,20551|20712,30377 20536,20677 20550,20795 20436,20443 20527,20529 20516,20523 20543,20776 30374,20515 20551,20442 20535,20790 20534,20674 20547,20520|20795,20536 20515,20523 20550,20535 20529,30377 20712,20520 20674,20551 30374,20547 20436,20516 20443,20527 20442,20776 20790,20534 20677,20543|20776,20677 20536,20550 30377,20515 20516,20712 20534,20795 20535,20674 20543,20442 20551,20790 20527,20436 20520,20443 20547,20529 20523,30374
20442,20446 20789,20534 20445,20545 20530,20841 20676,20543 30378,20776 20522,20515 20550,20536 20529,30377 20443,30323 20547,20436 20440,20527|20446,20676 20536,20442 20515,20443 20545,20522 20776,20789 20543,20550 20436,20440 20527,20529 20841,30378 20534,20530 30377,20445 30323,20547|20529,20436 20442,20841 20550,20789 20443,20522 20676,20536 20543,30378 20776,20534 20527,20445 20515,30323 20440,20545 20530,20446 20547,30377|20545,30377 20789,20543 20676,20442 20445,20443 20536,20530 20522,20440 20547,20515 20841,20776 30323,20529 20534,20550 20436,20527 30378,20446|20527,20522 20440,20445 20530,20676 30323,20545 20534,30378 20789,20536 20443,20547 20446,20841 20543,20776 20529,20515 30377,20436 20442,20550|20545,20443 20550,20676 20515,20527 20445,20529 30377,20440 20446,20534 20536,20543 20522,20547 30378,20530 20776,20442 20436,30323 20841,20789|20543,20530 30378,20442 20776,20550 20529,20522 20515,20440 20527,30377 30323,20445 20547,20545 20789,20446 20436,20443 20841,20676 20534,20536|20522,20436 20443,20527 20440,30323 20530,20776 20545,20529 20536,20841 20442,20534 20446,20543 20445,20547 30377,20515 20676,20789 20550,30378
20776,20530 20677,20550 20674,20446 20554,20442 20535,20548 20515,20547 20529,20516 20789,20553 20545,30323 20436,20517 20518,30377 20440,20445|20553,20674 20550,20535 20547,20518 20530,20554 20446,20789 20517,20545 20445,20515 20442,20677 20548,20776 30377,20529 20516,20440 30323,20436|20548,20446 20442,20553 20516,20547 20550,20530 20440,20515 20674,20554 20789,20677 30323,20517 20529,20445 20518,20436 30377,20545 20535,20776|20545,20516 20446,20442 20445,30377 20554,20789 20436,20440 20677,20535 20553,20550 20530,20548 20517,20515 20529,20518 20776,20674 20547,30323|20530,20446 20776,20789 20445,30323 20516,20517 20535,20554 20677,20553 20548,20674 20545,20529 20442,20550 20518,20440 20547,20436 20515,30377|20674,20442 30377,20547 20553,20530 20789,20535 20554,20776 20517,20518 20446,20677 20436,20445 30323,20529 20440,20545 20515,20516 20550,20548|20446,20550 20530,20677 20553,20554 20516,20436 20545,20518 20529,20515 30377,20517 20776,20442 20445,20547 20789,20548 30323,20440 20535,20674|20548,20553 20436,20529 20547,20545 20674,20530 20442,20535 20677,20776 20515,30323 20518,20516 20554,20446 20517,20445 20440,30377 20550,20789
20674,20534 20546,20529 20440,20523 20547,20445 20530,20551 20790,20535 20515,30377 20545,20516 20543,20776 20554,20446 20867,20442 30375,20527|20527,20440 20776,20674 30377,20545 20534,20867 20442,20554 20523,20547 20516,30375 20446,20543 20445,20546 20551,20790 20535,20530 20529,20515|20545,20547 20516,20515 30377,20529 20867,20776 20530,20446 20442,20674 20523,30375 20440,20546 20554,20551 20527,20445 20790,20543 20534,20535|20674,20446 20776,20554 20530,20534 20790,20867 30375,20445 20515,20527 20546,20516 20529,20523 20551,20442 20547,30377 20543,20535 20440,20545|20535,20674 20776,20790 30377,20440 20546,30375 20543,20867 20545,20527 20551,20534 20554,20530 20515,20547 20516,20523 20445,20529 20446,20442|20867,20551 20535,20554 20534,20776 30375,20545 20674,20530 20445,20515 20547,20440 20523,30377 20529,20516 20446,20790 20527,20546 20442,20543|20547,30375 20523,20546 20551,20543 20527,20529 20442,20535 20515,20440 20530,20776 20534,20790 20867,20446 20545,20445 20554,20674 20516,30377|20446,20534 20546,20547 20776,20442 20674,20551 20543,20530 20535,20867 20440,20516 30377,20527 20790,20554 20445,20523 30375,20515 20529,20545
20529,20525 20440,30377 30324,30374 20445,20436 20674,20548 20446,20535 20553,20789 20527,20546 20841,20790 20442,20550 20523,20515 20536,20543|20546,20440 20790,20536 20515,20527 20789,20841 20550,20446 30374,20523 20535,20674 30377,20445 20525,30324 20436,20529 20543,20553 20548,20442|20436,30374 20546,20523 20527,20525 20446,20674 20442,20841 20536,20789 30377,20529 20445,20515 30324,20440 20548,20550 20543,20790 20553,20535|20789,20548 20535,20536 20841,20446 20442,20553 20440,20436 20550,20543 30374,30377 20674,20790 20529,20546 20515,30324 20527,20445 20525,20523|20553,20841 20436,20525 20515,30374 20543,20442 30377,20527 20523,20529 20546,30324 20790,20446 20536,20548 20445,20440 20789,20674 20550,20535|20529,20527 20535,20789 20841,20536 20790,20550 20525,30377 20523,20445 20674,20442 30324,20436 20446,20543 20440,20515 20548,20553 30374,20546|30374,20445 20515,30377 20536,20442 20548,20790 30324,20529 20446,20789 20436,20527 20543,20535 20546,20525 20841,20550 20440,20523 20553,20674|30377,30324 20789,20543 20442,20446 20525,20440 20527,30374 20529,20515 20674,20841 20790,20553 20523,20436 20535,20548 20445,20546 20550,20536
20795,20841 20776,20535 20442,20534 20436,30323 20550,20778 30374,20445 20548,20551 20440,30376 20674,20789 20515,20522 20529,20547 20546,20520|20547,20440 20789,20776 20534,20550 20522,20546 20520,20436 20535,20795 30376,20515 20841,20442 20778,20548 20551,20674 30323,30374 20445,20529|20436,30374 20674,20778 20551,20534 20442,20776 20789,20535 20515,20440 20547,20445 20520,30376 20841,20550 20546,20529 20522,30323 20795,20548|20550,20674 20440,20522 20778,20442 20515,30323 20534,20776 20445,20436 30374,20547 20795,20551 20529,20520 30376,20546 20535,20841 20548,20789|20436,20547 20445,20515 30323,20529 20548,20442 20776,20674 20535,20550 20546,20440 20551,20841 20522,30376 20778,20795 20789,20534 20520,30374|30374,20515 20529,20522 20440,20520 20547,20546 20550,20548 30376,20436 20776,20795 20442,20551 20841,20789 20534,20778 20674,20535 30323,20445|20534,20674 20522,30374 20546,20445 20520,20515 20440,30323 20550,20795 20535,20442 20529,20436 20841,20778 30376,20547 20548,20776 20789,20551|20551,20535 20445,20440 20442,20550 20778,20789 30374,20546 30323,30376 20795,20534 20515,20529 20776,20841 20547,20520 20436,20522 20674,20548
20551,20442 20676,20790 20440,30377 30323,20545 20550,20554 20674,20536 20535,20841 20526,20527 20712,20525 30374,20518 20778,20530 20515,20443|20545,20440 20443,20526 30377,20515 20530,20550 20790,20778 20525,30323 20554,20674 20841,20551 20442,20676 20536,20535 20518,20712 20527,30374|20527,20545 20551,20535 20550,20841 20442,20536 20515,20440 20712,20443 20790,20674 20525,20526 30323,30374 30377,20518 20530,20554 20778,20676|20440,20527 20676,20550 20545,30377 20515,20518 20443,30323 20536,20790 20778,20674 30374,20525 20554,20535 20841,20442 20526,20712 20551,20530|20536,20554 20550,20442 20674,20551 20518,20545 30323,20526 30374,20515 20530,20676 20535,20778 20443,20525 20440,20712 20527,30377 20790,20841|20525,20527 20535,20550 20841,20536 20674,20530 20545,30374 20442,20778 30377,20443 20712,30323 20526,20515 20554,20790 20676,20551 20518,20440|20525,20440 20443,20518 20550,20551 20526,20545 30323,20515 30374,30377 20530,20841 20790,20535 20527,20712 20778,20554 20442,20674 20676,20536|30377,20525 20712,30374 20545,20443 20440,30323 20518,20526 20536,20530 20674,20550 20841,20778 20515,20527 20554,20676 20551,20790 20535,20442
20530,20776 30324,20522 30376,20527 20674,20442 20536,20677 20550,20534 20436,20518 20794,20551 20517,20712 20547,20443 20535,20554 20515,20440|20442,20536 20443,20515 20554,20530 20712,20547 20776,20550 20534,20674 20518,30376 20440,30324 20522,20517 20527,20436 20677,20794 20551,20535|20794,20535 20527,20440 20536,20554 20442,20776 20517,20436 20677,20534 20712,20522 20518,20515 30376,20443 20547,30324 20674,20550 20530,20551|20436,20522 30324,20517 20443,20712 20550,20442 20776,20674 20551,20677 20440,20518 20794,20554 20535,20530 20547,30376 20515,20527 20536,20534|20522,20440 20674,20794 20677,20530 20436,20547 20550,20551 30324,20515 20534,20776 20518,20443 20527,20712 30376,20517 20554,20442 20535,20536|20551,20674 20776,20677 20440,30376 20442,20535 20712,30324 20530,20536 20554,20550 20515,20547 20443,20436 20522,20527 20517,20518 20534,20794|20443,20522 20677,20442 30376,20515 20530,20534 20547,20518 20517,20527 20551,20554 20436,30324 20535,20550 20536,20674 20776,20794 20712,20440|20440,20436 30324,20443 20442,20551 20522,30376 20554,20776 20527,20547 20794,20536 20674,20530 20518,20712 20550,20677 20534,20535 20515,20517
20515,20527 20712,30376 20529,20523 20443,30323 20440,20547 20446,20794 20550,20553 20546,20522 20551,20841 20442,20534 30378,20676 20548,20790|30376,20440 20523,20546 30323,20515 20553,30378 20522,20443 20676,20442 20534,20551 20790,20550 20527,20712 20794,20548 20547,20529 20841,20446|20527,30376 20522,20547 20534,20550 20529,20515 30378,20794 20442,20841 20523,20443 20440,20546 20446,20790 20676,20551 20548,20553 20712,30323|30376,20546 20443,20527 20551,20442 20515,20522 20548,20446 20841,20553 20547,20523 30323,20529 20550,30378 20440,20712 20794,20676 20790,20534|20676,20534 20446,20550 20529,30376 30323,20547 20442,20548 20522,20712 20551,20790 20523,20440 20546,20527 20443,20515 20841,30378 20553,20794|20547,20443 20712,20529 20553,20442 30376,20522 20790,20676 20546,30323 20794,20841 20515,20523 30378,20551 20527,20440 20550,20548 20534,20446|20446,20676 20515,20440 20551,20548 20790,20553 20534,20794 20529,20527 20547,30376 30378,20442 20443,20546 20523,20712 30323,20522 20550,20841|30376,20515 20676,20550 20527,20547 20522,20523 20546,20529 20440,30323 20712,20443 20794,20551 20841,20790 20553,20534 20548,30378 20442,20446
20712,20523 20546,30377 20776,20530 20442,20676 20547,20440 20536,20674 20545,20520 20446,20790 20534,20550 20543,30378 20445,20443 20529,20522|20520,20547 30378,20442 20676,20446 20522,20546 20530,20536 20440,20445 20523,20529 30377,20712 20674,20543 20790,20534 20550,20776 20443,20545|20523,20547 20712,20440 30377,20529 20543,20530 20534,20776 20550,20790 30378,20674 20445,20545 20546,20520 20443,20522 20676,20536 20446,20442|20545,20523 20530,20446 20522,30377 20776,20676 20543,20536 20547,20443 20445,20712 20674,20534 20790,30378 20546,20440 20442,20550 20520,20529|20712,20443 20536,20534 20547,20445 20530,20676 20550,20543 30377,20523 20790,20674 20529,20546 30378,20446 20522,20545 20442,20776 20440,20520|20529,20547 20443,20546 20776,30378 20545,30377 20534,20530 20446,20543 20536,20790 20523,20445 20676,20550 20674,20442 20520,20712 20440,20522|20550,30378 20445,20520 20443,30377 20523,20546 20545,20440 20530,20674 20547,20522 20676,20790 20442,20536 20776,20543 20712,20529 20446,20534|20440,20523 20790,20776 20534,20442 30377,20547 20546,20445 20536,20550 30378,20530 20529,20545 20674,20446 20520,20443 20543,20676 20522,20712
20676,20535 20518,20443 20548,20553 20530,20554 20545,20440 20547,20546 20550,20536 20523,20436 20445,30377 20442,20776 20794,20543 20526,20529|30377,20523 20543,20676 20535,20794 20536,20548 20554,20550 20440,20547 20546,20526 20553,20442 20529,20545 20436,20518 20443,20445 20776,20530|20554,20535 20545,20523 20526,30377 20543,20776 20553,20794 20518,20440 20529,20547 20548,20442 20546,20445 20443,20436 20530,20536 20676,20550|20794,20776 20676,20553 20535,20530 20550,20548 20518,20546 20547,20523 20442,20554 20440,20436 20536,20543 30377,20443 20526,20545 20445,20529|20536,20442 20548,20676 20546,20529 20530,20553 20554,20794 20547,20443 20776,20535 30377,20440 20545,20518 20550,20543 20523,20445 20436,20526|20535,20550 20553,20554 20440,20546 20543,20530 20436,30377 20776,20548 20523,20526 20529,20518 20445,20547 20794,20536 20442,20676 20443,20545|20554,20776 20547,20545 20529,20436 20526,20443 30377,20518 20546,20523 20550,20553 20548,20530 20535,20536 20445,20440 20543,20442 20676,20794|20536,20554 20436,20547 20440,20526 20518,20445 20442,20535 20523,20529 20530,20550 20776,20676 20443,20546 20553,20543 20545,30377 20794,20548
20517,20522 20534,20553 20789,20676 20547,20516 20712,20523 20550,20551 20442,20536 20530,20677 20535,20543 20440,30376 20546,30323 20436,20443|20553,20442 20543,20550 20516,20436 20677,20789 20523,20547 20536,20535 20443,20546 30376,20712 20551,20530 20676,20534 30323,20517 20522,20440|20551,20677 20530,20536 20535,20789 20553,20550 20534,20442 20517,20712 30323,20440 20547,20443 20546,20516 20522,20436 20543,20676 30376,20523|20530,20676 20523,20436 20536,20543 20712,30323 20789,20534 20440,20547 20516,30376 20550,20535 20443,20522 20677,20553 20546,20517 20442,20551|20536,20534 20436,30376 20551,20535 20440,20546 20712,20443 20543,20789 20442,20677 30323,20547 20553,20530 20676,20550 20517,20516 20523,20522|20677,20543 20547,20517 20676,20553 20516,20712 20789,20536 20522,20546 20443,20523 20436,20440 30376,30323 20534,20551 20550,20530 20535,20442|20535,20530 30376,20547 20551,20543 20712,20522 20546,20523 20534,20550 20516,20440 20517,20436 20536,20677 30323,20443 20553,20789 20442,20676|20789,20551 20522,30376 20523,20517 20550,20442 20440,20712 20676,20536 20443,20516 20530,20534 20543,20553 20436,30323 20547,20546 20677,20535
20515,20440 20547,20526 20550,20790 30324,20546 30378,20543 20674,20795 20530,20551 20529,20516 20536,20548 20446,20534 20527,20517 30376,20436|20526,20529 20551,20550 20795,30378 20548,20674 20790,20446 20436,30324 20440,20527 20543,20536 20516,20547 20534,20530 20546,30376 20517,20515|20526,20517 30376,20440 20551,20548 20536,20550 30378,20674 20436,20527 20795,20446 30324,20529 20547,20546 20530,20543 20516,20515 20790,20534|20529,20515 20440,30324 20547,20436 20534,20795 20546,20526 20446,30378 20517,20516 20674,20536 20543,20551 20550,20530 20548,20790 20527,30376|20550,20548 20790,30378 20436,20517 20795,20551 20534,20536 20515,20527 20516,30376 20543,20674 20530,20446 20529,20546 20526,20440 30324,20547|20517,20547 20551,20790 20440,20436 20546,20516 20548,20795 20515,20526 20527,20529 20446,20543 20674,20550 30376,30324 20536,20530 30378,20534|20530,20674 30324,20515 20547,20527 20446,20548 20551,20534 30376,20529 20526,20436 20795,20536 20790,20543 20550,30378 20546,20517 20516,20440|20517,30324 20515,30376 20534,20550 20536,20790 20436,20516 20527,20526 20548,20530 20529,20547 20440,20546 20543,20795 20674,20446 30378,20551
20530,30378 20527,20515 20517,20526 20529,30324 20554,20553 20794,20548 20776,20543 20546,30377 20525,20731 20677,20442 20778,20867 20440,20516|20515,20440 20516,20546 20543,20530 20553,20794 30324,20525 20526,20527 20731,20529 30378,20778 20442,20776 30377,20517 20548,20677 20867,20554|20517,20527 20548,20530 20778,20442 30377,20440 20525,20529 20526,20515 20543,20794 30378,20867 20677,20553 20554,20776 20546,30324 20731,20516|20527,20731 20778,20554 20776,30378 20794,20677 20515,20529 20525,20440 20546,20526 20530,20867 20442,20543 30324,30377 20553,20548 20516,20517|20553,30378 30324,20517 20554,20794 20526,20525 20867,20442 20543,20677 20440,20731 20776,20530 20548,20778 20515,30377 20527,20546 20529,20516|20677,20776 20867,20543 20529,20527 30377,20525 20440,30324 20731,20526 30378,20548 20517,20546 20442,20553 20530,20554 20794,20778 20516,20515|20516,20527 20731,20517 20548,20867 30377,20529 20526,20440 20778,20543 20553,20530 20515,30324 20677,20554 20442,30378 20794,20776 20546,20525|20527,30377 30324,20731 30378,20794 20867,20677 20440,20546 20554,20442 20529,20526 20776,20548 20517,20515 20543,20553 20525,20516 20530,20778
20550,20534 20553,20530 20518,20443 20535,20790 20436,20445 20515,20547 20536,20795 20546,20440 20517,30323 20551,20676 30376,20523 20674,20543|30323,20436 20790,20550 20443,20546 20795,20674 20547,20517 20445,30376 20534,20535 20530,20551 20440,20518 20676,20553 20523,20515 20543,20536|20546,20547 20674,20530 20535,20551 30323,20443 20543,20553 20436,30376 20517,20523 20676,20534 20440,20515 20518,20445 20795,20550 20536,20790|20534,20795 20790,20674 20443,20436 20551,20543 20530,20536 20547,20523 20546,30323 20550,20676 30376,20518 20445,20440 20515,20517 20535,20553|20517,30376 20550,20536 20523,20546 20674,20535 20530,20676 20553,20534 20547,30323 20790,20543 20440,20436 20515,20518 20445,20443 20795,20551|20518,20546 20553,20790 20536,20674 20534,20530 20436,20517 30323,20515 20676,20795 20551,20550 20523,20445 20443,20547 20543,20535 30376,20440|20536,20676 20795,20543 20443,20515 20674,20534 20445,30323 20530,20535 30376,20547 20517,20546 20550,20553 20790,20551 20440,20523 20436,20518|20534,20536 20543,20530 20523,20443 20547,20436 20546,30376 20551,20674 20553,20795 20676,20790 20515,20445 20518,20517 20535,20550 30323,20440
20554,20553 20548,20530 20525,20440 20436,30323 20546,20443 20526,30377 20545,20522 20550,20778 20676,20789 20518,30375 20795,20446 30378,20543|20543,20676 30377,20436 20446,20550 20443,20526 20522,20525 20530,30378 20789,20554 20440,20518 20778,20548 20553,20795 30323,20546 30375,20545|20789,20446 20545,20443 20795,20778 20553,20543 20550,20530 20522,30323 20525,30377 20518,20436 30375,20546 20526,20440 20554,30378 20676,20548|20440,20545 30378,20446 30323,30375 20778,20554 20443,20525 30377,20518 20546,20522 20543,20789 20548,20550 20530,20553 20526,20436 20676,20795|20795,20554 20530,20778 30323,20525 30377,20545 20518,20546 20548,30378 20522,20440 20436,20443 20550,20676 20446,20543 20789,20553 30375,20526|20525,20526 20553,20550 30378,20676 20545,20518 20440,30323 20554,20530 20546,30377 20778,20789 20443,20522 20436,30375 20446,20548 20543,20795|20525,20545 30377,30323 20554,20676 20443,20518 30378,20553 20530,20446 20526,20546 20550,20789 20440,20436 20778,20543 20548,20795 20522,30375|20795,20550 30323,20443 20676,20778 20789,30378 20446,20554 20545,20526 20543,20530 20546,20440 20518,20525 20553,20548 30375,30377 20436,20522
20526,20518 20436,30375 20543,20778 20525,20522 20442,20676 30374,20545 20443,20515 20530,30378 20790,20534 30376,20527 20867,20551 20553,20677|20527,20443 20676,20553 20778,20867 30375,20525 20545,20526 20677,20790 20518,20436 20551,20442 30378,20543 20534,20530 20515,30374 20522,30376|20526,20525 30378,20790 20545,30375 20530,20676 20677,20442 20543,20551 20867,20553 30376,20436 20515,20527 20534,20778 20518,20443 20522,30374|20527,20526 20436,20522 30376,20518 30374,20525 20553,20790 20442,20867 20530,20543 30375,20515 20551,20534 20778,20677 20443,20545 20676,30378|30375,20527 20551,30378 30374,20518 20442,20778 20677,20530 20534,20867 20543,20553 20526,30376 20790,20676 20525,20515 20522,20545 20436,20443|20443,20526 20676,20551 20518,30375 20525,20436 20778,20530 20545,30376 20553,20442 20515,20522 30378,20534 20790,20543 20867,20677 20527,30374|20436,20527 20515,20526 20545,20518 20551,20530 20677,30378 30375,20522 20778,20790 20867,20676 30376,30374 20442,20543 20553,20534 20443,20525|20518,20515 20527,20545 20525,30376 20530,20553 30374,20436 20534,20442 30378,20867 20790,20551 20676,20778 20522,20443 20526,30375 20543,20677
20529,20545 20551,20442 20677,20790 20867,20534 20443,20527 20530,20674 20445,20546 20536,20535 20543,20446 20525,30374 30377,20523 20436,20516|20546,20529 20674,20536 20516,20443 20446,20677 30374,30377 20545,20525 20527,20436 20790,20867 20534,20530 20535,20551 20442,20543 20523,20445|20545,20527 20790,20536 20525,20436 20529,20523 20445,30377 20546,20443 20674,20534 20530,20446 20516,30374 20677,20442 20543,20551 20867,20535|20442,20674 20527,20546 20443,20525 20535,20677 20446,20790 20530,20543 30377,20529 30374,20545 20436,20445 20551,20867 20536,20534 20523,20516|20674,20551 30374,20523 20442,20536 20443,20436 20543,20535 20534,20790 20546,30377 20529,20527 20677,20530 20446,20867 20545,20516 20445,20525|20535,20446 20867,20530 20790,20674 20534,20442 20551,20677 20527,20445 20523,20545 20536,20543 20436,30374 20516,20529 20525,20546 30377,20443|20790,20551 20443,20545 20546,20516 20535,20674 20867,20543 20677,20534 20445,20529 20525,30377 20436,20523 20527,30374 20530,20536 20446,20442|20543,20790 20536,20677 20523,20443 20516,20525 20534,20446 20442,20535 30374,20546 20545,20445 20551,20530 20674,20867 20529,20436 30377,20527
20545,20527 20516,20443 20525,20529 20440,20731 20530,20554 20436,30324 20789,20543 20790,20550 20534,20446 20551,20674 20535,20553 30323,30377|20443,30323 30377,20440 20527,20516 20731,20525 20543,20551 20446,20789 20529,20436 20674,20534 20553,20790 30324,20545 20550,20530 20554,20535|20551,20530 20553,20554 20440,20527 20516,20525 20731,20529 20446,20674 30324,30377 20534,20790 20789,20535 20436,20443 30323,20545 20550,20543|20527,20436 20554,20551 20529,30324 20530,20534 20674,20550 20790,20446 20516,20440 20535,20543 30377,20545 30323,20525 20443,20731 20789,20553|20553,20550 20543,20446 30377,20516 20535,20534 20545,20443 20530,20674 20525,30324 20529,30323 20790,20554 20527,20731 20440,20436 20551,20789|20554,20789 20446,20530 20443,30377 20534,20551 20543,20553 20550,20535 20545,20529 20436,30323 20731,20516 20525,20527 30324,20440 20674,20790|20534,20553 20516,20545 20550,20789 20436,30377 20731,30324 20530,20543 20674,20554 20790,20551 20440,30323 20443,20525 20446,20535 20527,20529|30324,20443 20545,20440 20525,20436 20554,20446 20553,20530 30323,20731 20543,20674 20551,20550 30377,20527 20529,20516 20535,20790 20789,20534
20440,20712 30378,20442 20525,20529 20674,20548 20522,20436 20518,20443 20789,20676 20543,20551 20516,20545 20553,20867 20446,20790 20523,30377|20676,20446 20867,20674 20529,20523 20442,20543 20712,20522 20551,20789 20443,20516 20548,20553 20790,30378 20545,20440 20436,20518 30377,20525|20522,20545 20674,20442 20446,20543 30378,20553 20789,20867 20529,20518 20440,20516 20551,20548 30377,20443 20712,20525 20523,20436 20676,20790|20553,20674 20516,20436 20518,30377 20867,20548 20442,20446 20443,20712 30378,20676 20545,20529 20790,20551 20522,20440 20789,20543 20525,20523|20443,20523 30377,20522 20548,20442 20446,20789 20553,20676 20518,20712 20516,20529 20545,20525 20436,20440 20543,20867 20551,30378 20790,20674|20867,30378 20548,20446 20674,20789 20543,20790 20712,20516 20436,20443 20676,20551 20523,20545 20525,20518 20442,20553 20529,20522 20440,30377|20545,20443 20522,20523 30378,20674 20789,20548 20525,20516 20551,20442 30377,20712 20529,20436 20446,20867 20676,20543 20790,20553 20440,20518|20443,20522 20867,20551 20516,30377 20523,20440 20543,30378 20518,20545 20436,20525 20442,20676 20553,20789 20674,20446 20712,20529 20548,20790
20790,20551 30377,20516 20534,20446 20527,30374 20546,20518 30378,20530 30324,20547 20677,20778 20548,20867 20443,20545 20543,20789 20529,20436|20530,20548 20545,20529 20436,20527 20547,30377 20516,20546 20446,20790 20867,20543 30374,30324 20778,30378 20789,20534 20551,20677 20518,20443|20551,20530 20547,20518 20443,20516 20527,30377 20534,30378 20789,20548 20446,20543 30324,20545 20790,20778 20677,20867 20529,20546 30374,20436|20546,30374 20436,30324 20545,20527 20867,20789 20548,20551 20518,20529 20543,30378 20778,20534 20530,20446 30377,20443 20677,20790 20516,20547|20548,20790 20443,20527 20518,30374 30378,20446 30377,20545 20551,20789 20547,20529 30324,20546 20516,20436 20530,20677 20778,20543 20867,20534|30374,30377 20789,20778 20545,20516 20527,20547 30378,20677 20436,20518 20790,20867 20529,30324 20534,20530 20446,20548 20546,20443 20543,20551|20778,20530 20677,20548 20534,20551 20789,20446 20518,20516 30377,20529 30374,20545 20443,30324 20547,20436 20527,20546 20867,30378 20543,20790|20551,20867 20530,20543 20545,20518 20446,20677 20790,20534 30324,30377 20529,20527 20546,20547 20516,30374 20548,20778 20436,20443 30378,20789
20551,20442 20677,20841 20789,20446 20554,20535 20525,20545 20790,20550 20520,20529 20776,20548 30324,20445 20440,20546 20523,20443 20436,30377|20545,20440 20529,20525 20550,20551 20841,20790 20535,20776 20548,20789 20442,20677 20443,30324 20546,20523 20445,20436 20446,20554 30377,20520|20677,20446 20440,20525 20554,20551 30324,20436 20535,20442 20548,20790 20529,30377 20545,20523 20776,20789 20841,20550 20445,20520 20546,20443|20520,20545 30324,20546 20436,20529 20446,20790 20523,20440 30377,20525 20551,20548 20677,20776 20442,20841 20550,20535 20443,20445 20554,20789|20525,20436 20841,20776 20535,20446 20545,30324 20790,20554 20546,20529 20789,20551 20443,30377 20442,20550 20548,20677 20440,20520 20523,20445|20520,20443 20550,20548 20445,20546 20551,20841 20790,20677 20776,20554 20789,20535 20436,20440 20446,20442 20525,20523 30377,30324 20529,20545|20436,20443 20545,30377 20548,20535 20523,20529 20550,20789 20445,20525 30324,20440 20546,20520 20776,20442 20841,20446 20554,20677 20551,20790|20443,20545 20789,20841 20520,20436 30377,20523 20790,20776 20446,20548 20529,30324 20440,20445 20677,20550 20535,20551 20442,20554 20525,20546
20547,20546 20527,20436 20548,20446 20442,20535 20776,20677 20536,20554 20790,20867 20440,20516 20530,20534 30374,20518 20517,20545 20523,30377|20546,20527 20534,20776 20535,20536 20518,20440 20867,20548 20545,30374 20446,20530 20436,20523 20516,20547 30377,20517 20554,20442 20677,20790|20440,20523 20527,30377 20436,20518 20790,20446 20776,20442 20534,20536 20530,20554 20677,20867 20548,20535 20517,20516 20547,20545 30374,20546|30377,20436 20536,20790 20548,20677 20446,20867 20518,20547 20442,20534 20545,20440 20523,30374 20554,20776 20516,20527 20535,20530 20546,20517|20527,20517 20530,20536 20534,20446 20518,20545 20790,20548 20535,20776 20867,20554 30377,30374 20677,20442 20547,20440 20436,20516 20546,20523|20440,20546 20536,20677 20554,20790 20545,20527 30374,20436 20442,20548 20867,20534 20776,20530 20517,20518 20523,20547 20446,20535 20516,30377|20536,20442 20776,20790 20534,20677 20535,20867 20527,30374 20547,20436 20545,20516 20446,20554 20530,20548 20518,20546 30377,20440 20517,20523|20523,20545 20790,20534 20516,20518 20677,20530 20436,20517 30374,20547 20554,20535 20867,20536 20548,20776 20546,30377 20442,20446 20440,20527
20530,20554 20442,20551 20523,30375 30377,20712 20436,20518 20534,20535 30374,20445 20553,20789 20776,20841 20440,20547 20515,30323 20550,20674|20445,20440 20518,30374 20547,30377 20674,20776 20554,20442 20712,20523 20789,20550 20841,20530 30375,20515 30323,20436 20551,20534 20535,20553|20547,20523 30323,30374 20515,20518 20534,20789 20674,20535 30375,20445 30377,20436 20440,20712 20841,20553 20554,20551 20530,20776 20442,20550|30374,20515 20534,20530 20551,20674 20550,20841 20523,20440 20445,20518 20553,20554 20789,20776 20535,20442 30377,30323 20436,20547 20712,30375|20551,20530 20841,20442 20776,20535 20523,20445 20712,30323 20554,20789 20440,20515 20674,20534 30374,20547 20553,20550 30375,20436 20518,30377|20535,20551 20436,30374 20530,20553 20776,20554 20789,20841 30323,20440 20442,20674 20550,20534 20518,20712 20445,30377 20547,30375 20515,20523|30374,20712 20789,20535 20674,20530 20550,20554 20534,20553 20841,20551 30377,20523 30375,20518 20440,20436 20442,20776 20445,20515 20547,30323|20436,20445 20712,20547 30323,30375 20530,20550 20518,20440 20551,20789 20523,30374 20554,20674 20776,20534 20553,20442 20535,20841 20515,30377
20534,30378 20776,20794 20440,20547 20677,20548 20443,30377 20520,20445 20515,20529 20546,20522 20551,20789 20436,20527 20536,20550 20790,20543|20522,20515 20529,20520 20548,20776 20789,20534 20794,20551 20547,20443 20445,20436 20527,20440 30377,20546 20550,20790 20543,20677 30378,20536|20677,20776 20443,20522 20520,20436 20440,20546 20543,20794 20529,30377 30378,20789 20550,20534 20536,20548 20527,20445 20547,20515 20790,20551|20790,20534 20794,20536 20789,20677 20445,20547 20440,20436 20551,30378 20776,20543 20522,30377 20546,20529 20515,20520 20443,20527 20548,20550|20534,20677 20445,20440 20436,20522 20776,20550 20536,20789 20529,20527 20551,20543 30377,20515 20547,20520 30378,20790 20794,20548 20546,20443|20436,20529 20515,20443 30377,20445 20522,20547 20677,30378 20527,20546 20534,20794 20520,20440 20550,20551 20543,20536 20548,20790 20789,20776|20529,20522 20536,20677 20443,20520 20776,20790 20551,20534 20546,20445 20527,30377 20440,20515 20789,20548 30378,20543 20547,20436 20550,20794|20794,30378 30377,20547 20677,20550 20520,20546 20515,20527 20790,20536 20445,20529 20436,20443 20548,20551 20534,20776 20543,20789 20522,20440
20529,20545 30376,20445 30323,20517 20841,20553 20523,20515 20550,20442 20534,20778 20789,20543 20436,20440 20674,20446 30378,20530 20525,20526|20515,30376 20543,20550 20530,20534 20545,20525 20778,20674 20517,20523 20440,30323 20445,20529 20446,20789 20442,20841 20526,20436 20553,30378|20523,20525 30378,20778 20534,20553 20674,20543 20529,30323 20436,30376 20517,20545 20442,20446 20526,20515 20550,20530 20841,20789 20440,20445|20553,20442 30376,20440 20436,20525 20530,20446 20778,20841 30323,20515 20545,20526 20445,20517 20529,20523 20674,20789 20534,20550 20543,30378|20445,20436 30378,20674 20525,20529 20545,30323 20440,20523 20446,20841 30376,20526 20442,20534 20543,20778 20553,20530 20515,20517 20789,20550|20789,20534 20525,20445 20841,20674 20446,30378 20778,20442 20526,20529 30323,30376 20530,20543 20517,20436 20523,20545 20515,20440 20550,20553|20778,20530 20445,20515 20534,20446 20517,20526 20442,20543 30323,20525 20529,30376 20550,20674 20553,20789 20523,20436 20440,20545 20841,30378|20525,20517 20789,20778 20674,20534 20446,20550 30378,20442 20543,20553 30376,20523 20545,20445 20436,30323 20530,20841 20515,20529 20526,20440
20547,20443 20794,20543 20536,20548 30374,30324 20550,20530 20436,30323 20677,20778 20523,30376 20554,20535 20445,20731 20440,20515 20442,20551|20731,20440 20548,20550 20515,20547 20443,20523 20778,20794 20530,20554 20543,20442 30323,30374 30376,20445 20551,20677 20535,20536 30324,20436|30374,20445 20547,30324 20550,20535 20677,20794 30376,20731 20523,20515 20548,20442 20536,20530 20443,30323 20543,20551 20554,20778 20440,20436|30323,20731 20436,20443 20515,30374 20551,20554 20442,20677 30324,30376 20530,20543 20778,20550 20535,20548 20440,20523 20445,20547 20794,20536|20731,20523 20445,20440 20443,30324 30376,20515 20548,20778 20551,20530 20442,20550 20535,20794 20554,20536 20436,30374 20543,20677 30323,20547|20515,30323 20794,20551 20530,20548 20731,20443 20523,20445 20550,20554 20778,20442 20547,20436 30374,30376 20677,20535 30324,20440 20536,20543|30324,20515 30374,20731 20442,20554 20436,20523 20530,20677 20543,20778 20547,20440 30323,20445 20443,30376 20794,20548 20551,20535 20550,20536|20778,20530 20677,20550 20523,30374 20731,30324 20536,20442 20445,20436 20440,30323 20515,20443 20548,20551 30376,20547 20554,20794 20535,20543
30378,20674 20676,20446 20520,20436 20550,20789 20778,20543 30323,20517 30376,20547 20534,20790 20546,20440 20529,20527 20530,20776 20545,20516|20789,20778 20674,20530 20547,20529 20776,20676 20527,30376 20516,20546 20436,30323 20543,20550 20446,20534 20440,20520 20790,30378 20517,20545|20674,20534 30378,20446 30323,20546 20527,20545 20543,20789 20529,20520 20778,20676 20516,20440 30376,20517 20530,20550 20776,20790 20547,20436|20436,30376 20546,20529 20676,20530 20789,20776 20446,20543 20440,20547 20517,20527 20520,20516 20534,20778 20545,30323 20550,30378 20790,20674|20546,20527 20440,20436 20676,20534 30378,20789 20550,20790 20530,20778 20516,20547 20776,20543 20545,30376 30323,20529 20674,20446 20517,20520|20789,20674 20543,20530 20446,20550 20529,20545 20547,30323 20790,20676 20534,20776 30376,20516 20520,20546 20527,20440 20436,20517 20778,30378|20547,20520 20789,20446 20674,20778 20527,20516 20530,20534 20546,20517 20545,20440 30323,30376 20790,20543 30378,20676 20529,20436 20550,20776|20776,30378 20534,20550 20516,20529 20520,20545 20676,20789 20543,20674 20446,20530 20440,30323 30376,20546 20517,20547 20436,20527 20778,20790
20516,20515 30374,30377 20445,20529 20554,20442 20545,20527 20789,20446 20550,20535 20534,20674 20776,20676 20546,20547 20536,20530 20440,30324|20674,20536 20547,20545 20442,20550 30324,20546 30377,20445 20535,20534 20676,20789 20529,20516 20515,30374 20527,20440 20530,20776 20446,20554|20534,20789 30324,30374 20676,20535 20547,20529 20516,20545 20546,20527 20776,20442 20536,20550 20674,20446 20440,30377 20530,20554 20445,20515|20515,20529 20554,20536 20789,20674 20516,20440 20446,20530 20534,20676 20535,20442 30377,20547 30374,20546 20527,20445 20545,30324 20550,20776|30377,30324 20440,20515 20789,20536 20527,30374 20535,20776 20547,20516 20445,20545 20529,20546 20442,20674 20554,20550 20530,20534 20676,20446|20536,20534 20515,20547 20442,20676 20776,20789 20550,20530 20674,20554 30374,20516 20546,20440 30324,20445 20545,30377 20446,20535 20529,20527|20547,20440 20789,20554 20536,20676 20550,20534 30377,20515 20530,20535 30324,20529 20545,30374 20776,20674 20516,20527 20445,20546 20446,20442|20546,20516 20440,20545 20515,30324 20535,20789 20527,20547 20674,20550 20554,20776 20442,20536 30374,20445 20676,20530 20529,30377 20534,20446
30374,20515 20529,20523 20550,20548 20436,20518 20536,20530 20547,20545 30376,20527 20674,20446 20551,20442 20554,20535 20794,20534 20516,20440|20534,20674 20545,30374 20548,20794 20440,20436 20523,30376 20446,20554 20518,20529 20527,20516 20530,20551 20515,20547 20535,20550 20442,20536|20527,20436 20550,20446 30376,20440 20554,20536 20516,20547 20545,20529 20674,20535 20548,20530 30374,20518 20794,20551 20515,20523 20534,20442|20440,20527 20436,30374 20550,20674 20446,20534 20551,20548 20794,20536 20518,20545 20535,20530 20442,20554 20547,30376 20516,20523 20529,20515|20529,20527 20530,20554 20536,20535 20545,20516 20446,20794 20442,20550 20518,30376 20515,20440 20523,20436 30374,20547 20674,20548 20534,20551|20527,20515 20547,20518 30376,20516 20530,20446 20554,20674 20436,20529 20523,30374 20548,20442 20536,20534 20551,20550 20535,20794 20440,20545|20436,20516 20545,20527 20442,20535 20534,20530 20674,20551 20548,20446 20529,20547 20554,20794 20515,20518 20550,20536 30374,30376 20440,20523|20516,20515 20536,20548 20527,30374 20551,20554 20535,20534 20518,20440 20530,20550 20547,20436 30376,20529 20446,20442 20523,20545 20794,20674
20436,20522 20536,20535 20516,20443 20790,20674 20440,20547 20515,30323 20550,20676 20778,20442 20530,20548 20546,30377 20520,30374 20534,20446|20548,20536 30323,20516 20443,20515 30377,20520 20676,20790 20535,20778 20442,20534 20674,20530 20446,20550 20522,20440 20547,20436 30374,20546|20520,20436 20674,20535 30377,20547 20536,20676 20440,20546 20446,20790 20778,20548 30323,20443 30374,20522 20442,20550 20515,20516 20534,20530|20548,20790 20443,30377 20535,20442 20546,20522 20550,20534 20436,20440 20515,30374 20520,20516 20536,20674 20676,20446 20547,30323 20530,20778|30377,20436 30323,20546 20534,20536 20548,20535 20547,20515 20550,20674 20522,20443 20516,30374 20446,20530 20676,20442 20790,20778 20440,20520|20436,30323 20442,20548 20790,20550 20530,20536 20778,20534 20535,20676 20443,20547 20516,20440 20522,20515 30374,30377 20546,20520 20674,20446|20534,20535 20548,20674 30323,30374 20446,20442 20515,20440 30377,20522 20547,20546 20530,20550 20436,20516 20536,20790 20778,20676 20443,20520|20440,30323 20442,20536 20546,20443 20674,20778 20516,30377 20522,20547 20520,20515 20535,20446 30374,20436 20550,20548 20676,20530 20790,20534
20546,20443 20442,20841 30323,20515 20534,20776 30324,30377 30378,20553 20551,20789 20547,20440 20526,20518 20529,20436 20677,20550 20543,20530|20515,20526 20518,20546 20530,20534 20789,30378 20440,30323 20436,20547 20443,30324 20550,20442 30377,20529 20553,20543 20776,20677 20841,20551|20436,20440 20553,20789 20776,20550 20529,20518 30324,20515 20534,20442 20530,20841 20546,30377 20543,20677 20551,30378 30323,20443 20547,20526|20515,20529 20443,20436 20440,20518 20841,20553 20677,20534 20551,20543 20442,30378 20789,20776 20550,20530 20547,30324 30377,20526 20546,30323|20841,20776 20443,20547 20543,20789 20553,20442 20534,20551 20518,20515 20436,30377 20526,20546 30323,20529 30378,20550 30324,20440 20677,20530|20442,20551 20440,20546 20529,30324 30377,30323 20526,20443 30378,20677 20530,20553 20518,20436 20550,20534 20789,20841 20515,20547 20776,20543|20551,20677 30377,20518 30324,20436 20443,20515 20841,30378 20534,20553 30323,20547 20543,20442 20550,20789 20440,20526 20776,20530 20529,20546|20518,20443 20547,30377 20436,30323 20526,20529 20546,30324 30378,20543 20789,20534 20553,20550 20530,20551 20515,20440 20442,20776 20677,20841
20548,20553 20554,20442 20677,20790 20527,20445 20446,20794 20547,20440 20550,20536 20517,20515 20674,20535 30377,20545 20436,20520 20523,20529|20515,20523 20440,20527 20520,20547 20790,20446 20553,20674 20536,20548 20535,20550 20442,20677 20545,20517 20529,30377 20445,20436 20794,20554|20440,20545 20529,20436 20794,20536 20446,20677 20547,20523 20548,20790 20554,20535 20527,20515 30377,20445 20442,20674 20520,20517 20550,20553|20527,30377 20445,20440 20536,20554 20535,20794 20436,20547 20517,20523 20515,20520 20446,20550 20677,20548 20790,20674 20545,20529 20553,20442|20677,20550 20442,20535 20445,20529 20794,20553 20520,20545 30377,20547 20517,20527 20523,20436 20440,20515 20674,20548 20790,20536 20554,20446|20545,20527 20436,30377 20548,20442 20523,20440 20550,20794 20553,20554 20674,20446 20529,20520 20536,20677 20515,20445 20547,20517 20535,20790|20794,20548 20515,20547 20553,20677 20554,20790 20550,20674 20442,20446 20527,20529 20520,20440 30377,20523 20535,20536 20545,20445 20436,20517|20517,30377 20529,20515 20446,20535 20445,20520 20677,20794 20440,20436 20547,20527 20523,20545 20548,20550 20536,20442 20674,20554 20790,20553
20436,20516 20543,20530 30323,20517 20778,20676 20515,20445 20547,20523 20529,30377 20677,30378 20440,20545 20534,20446 20442,20550 20790,20776|20530,20778 20445,20436 20523,20529 20776,20677 20550,20534 20446,20790 30377,20547 20676,20543 20545,30323 20517,20515 20516,20440 30378,20442|20534,30378 30323,20529 20445,20517 20516,20523 20676,20790 20442,20677 20543,20446 20778,20550 20530,20776 20515,20440 20436,20547 20545,30377|20778,20677 20790,20534 20446,20442 20440,30377 30378,20530 20529,20445 20517,20516 20776,20676 20550,20543 20436,20523 20547,20545 30323,20515|20677,20790 20530,20534 30377,20516 30378,20676 20547,30323 20529,20545 20445,20440 20543,20778 20776,20442 20517,20436 20523,20515 20446,20550|20516,20529 20534,20776 20545,20445 20440,30323 20523,20517 20677,20530 20442,20778 20550,30378 20515,20547 20790,20543 30377,20436 20676,20446|20440,20523 20545,20517 20446,20530 20778,20790 20515,20516 30323,20436 20547,20529 20445,30377 20543,20442 20550,20677 30378,20776 20676,20534|20530,20550 20517,20547 20790,30378 20776,20543 20529,20515 20516,20545 20677,20446 30377,30323 20523,20445 20436,20440 20442,20676 20534,20778
20442,20841 20526,30374 20536,20674 20546,20443 20517,30377 20550,20789 20712,20523 20445,20436 20554,20553 20525,20518 20530,20551 20535,20534|20841,20550 30374,20546 20553,20530 20523,20525 20436,20517 20674,20554 20518,20445 30377,20712 20789,20536 20443,20526 20534,20442 20551,20535|20445,20546 30374,20518 20517,20712 20841,20536 20553,20789 20550,20534 20443,20525 20526,20436 20442,20535 20551,20554 20530,20674 30377,20523|20523,20443 20534,20674 20526,20546 20536,20442 20518,20517 20554,20530 20445,30377 20550,20553 20525,20436 20712,30374 20535,20841 20789,20551|20518,20712 20536,20530 20523,20526 30377,20443 20841,20789 20554,20442 20525,20445 20436,30374 20674,20535 20551,20550 20553,20534 20546,20517|20436,30377 20546,20523 20712,20526 20535,20536 20789,20554 30374,20445 20674,20553 20517,20525 20534,20551 20442,20550 20530,20841 20443,20518|20789,20674 20553,20442 20518,20436 20517,20526 30377,20546 20525,20712 20523,30374 20554,20535 20443,20445 20550,20536 20551,20841 20530,20534|20445,20517 20712,20443 20546,20518 20536,20554 20442,20551 20534,20789 20436,20523 20841,20553 20526,20525 30374,30377 20674,20550 20535,20530
20548,20794 20547,20436 20545,30324 20523,30374 20674,20446 20554,20790 30375,20712 20536,20442 20550,20535 20676,20776 30377,20516 20440,20522|20794,20536 20776,20550 30324,30375 20436,20440 20516,20547 20442,20554 20446,20548 20712,20523 20522,30377 20535,20674 20790,20676 30374,20545|30375,20547 20545,20522 20436,20516 30377,30324 20535,20548 20776,20790 20712,30374 20676,20794 20554,20446 20440,20523 20550,20536 20674,20442|20442,20776 30374,20436 20516,30375 20536,20554 20446,20676 20790,20535 20547,20545 30324,20440 20548,20550 30377,20712 20523,20522 20674,20794|20446,20790 20442,20550 30324,20547 20712,20440 20794,20535 20554,20674 30375,20523 20545,30377 30374,20516 20776,20548 20522,20436 20536,20676|20436,30324 20523,30377 20676,20442 20547,30374 20550,20446 20516,20712 20440,20545 20794,20776 20548,20674 20535,20554 20790,20536 20522,30375|20674,20776 20440,30377 20436,30375 20554,20794 20446,20442 30374,30324 20545,20516 20547,20523 20712,20522 20535,20536 20548,20676 20550,20790|20676,20550 30377,20547 20516,20440 20790,20674 20522,30374 20794,20446 30375,20545 20776,20554 20523,20436 30324,20712 20442,20535 20536,20548
30377,20440 20790,20776 20543,30378 30375,20436 20547,20516 20789,20677 20553,20554 20529,20527 20530,20551 20546,20522 20545,20518 20676,20550|20436,20547 20518,30375 30378,20553 20677,20530 20550,20543 20776,20789 20440,20546 20551,20676 20527,30377 20554,20790 20516,20545 20522,20529|20547,30375 20527,20546 30377,20436 20790,20676 20543,20776 20545,20529 20551,30378 20522,20440 20516,20518 20554,20789 20550,20677 20553,20530|20518,20436 30375,20522 20676,20789 20529,20516 20790,20551 20677,20553 30378,20554 20776,20550 20530,20543 20440,20547 20545,20527 20546,30377|20436,20529 20789,20553 20676,20530 20527,30375 30378,20790 20554,20550 20516,30377 20546,20547 20518,20440 20522,20545 20677,20776 20543,20551|20550,20790 30375,20516 20436,20522 20547,20527 20776,30378 20440,20545 20789,20543 20529,20546 20551,20677 30377,20518 20553,20676 20530,20554|20529,20518 20527,20436 20790,20553 20516,20440 20551,20789 20776,20554 30378,20676 20545,20547 20546,30375 20543,20677 20550,20530 20522,30377|20554,20551 30375,20545 20518,20546 20677,20790 20530,20776 20547,20522 20553,20550 30377,20529 20789,30378 20440,20527 20676,20543 20436,20516
20789,20536 20517,20547 20554,20776 20867,20548 20543,20790 20443,30376 20520,20436 20442,20674 20523,20545 30375,20522 30378,20446 20516,20546|30376,20523 20776,20789 20547,20520 20545,20443 20436,20516 20674,30378 20536,20867 20790,20554 20446,20543 20546,30375 20548,20442 20522,20517|20522,20545 30375,20520 20446,20789 20546,20523 20516,20443 20776,20548 30376,20547 20436,20517 20536,20543 20867,20674 20442,20554 20790,30378|20516,30376 20554,20867 30378,20536 20442,20776 30375,20547 20443,20436 20789,20543 20517,20546 20545,20520 20523,20522 20548,20446 20674,20790|20547,20436 20867,20789 20520,20517 20545,30375 20536,20442 20523,20516 20546,30376 20522,20443 20543,20674 20554,20446 20790,20548 30378,20776|20789,30378 20443,20546 20548,20536 20520,20516 20543,20442 20446,20867 20547,20522 20517,20545 20776,20790 30376,30375 20674,20554 20436,20523|20548,20789 20436,30375 20554,20536 20776,20674 20546,20522 20516,20517 20442,30378 20523,20547 20790,20446 20443,20520 30376,20545 20867,20543|20543,20776 20547,20443 20522,20436 20789,20554 30375,20523 20517,30376 20545,20516 20520,20546 30378,20867 20446,20442 20674,20548 20536,20790
20522,20527 20674,20535 20534,20789 20790,20446 20731,30377 20553,20530 20520,20712 20550,20543 20516,20443 30374,20436 20778,20548 20525,20440|20530,20534 20712,20522 20446,20550 20543,20778 30377,20525 20443,20731 20789,20553 20548,20674 20527,30374 20440,20516 20436,20520 20535,20790|20712,30374 20534,20778 20516,20731 20525,20522 20790,20548 20527,20443 20446,20535 20520,30377 20550,20789 20543,20530 20440,20436 20674,20553|20522,20440 30377,20712 20548,20446 20553,20534 20516,20520 20530,20550 20731,30374 20789,20778 20674,20790 20436,20527 20535,20543 20443,20525|20446,20534 20731,20520 20436,20516 20440,20712 20443,30377 30374,20522 20525,20527 20790,20550 20778,20530 20548,20553 20535,20789 20543,20674|20550,20674 30374,20525 20520,20443 20553,20543 20522,20731 20778,20790 20530,20548 30377,20436 20712,20516 20534,20535 20527,20440 20789,20446|20446,20530 20520,20440 20527,20516 20443,20712 20789,20543 20790,20534 20731,20525 20436,20522 20535,20553 30377,30374 20550,20548 20674,20778|20543,20446 20440,20731 20553,20790 20525,20436 20530,20535 20548,20789 30374,20520 20522,20443 20712,20527 20516,30377 20778,20550 20534,20674
20529,20523 20436,20443 20530,20553 20554,20551 30378,20550 20789,20534 20517,20712 20515,30324 20548,20776 20445,20547 20676,20790 30323,30377|20547,20529 20790,20548 20551,30378 20443,20515 30324,20517 20550,20789 30377,20436 20712,30323 20523,20445 20553,20676 20776,20554 20534,20530|20529,30323 20534,20550 20554,20789 20436,30324 30377,20712 20517,20515 20548,20551 20676,20530 20553,20790 20547,20523 20776,30378 20443,20445|20523,30377 20445,20436 20712,20443 20551,20534 20676,20776 30324,20529 30323,20515 20517,20547 20550,20530 20789,20548 30378,20553 20790,20554|20712,30324 20445,20529 20548,20676 20790,30378 20534,20553 20436,20517 20443,20523 20789,20551 20547,30323 20530,20554 20776,20550 20515,30377|30324,20547 30377,20443 20550,20548 30378,20534 20554,20676 20529,20436 20530,20776 30323,20517 20553,20789 20551,20790 20523,20712 20515,20445|30323,20436 20776,20789 20445,20517 20551,20530 30378,20676 20554,20550 20523,20515 20548,20553 20547,30377 30324,20443 20790,20534 20529,20712|20550,20790 20443,30323 20517,20523 20436,20547 20676,20551 20530,20548 20789,30378 20712,20445 20534,20776 20553,20554 20515,20529 30377,30324
20530,20543 30378,20776 20440,20545 20841,20553 20442,20676 20554,20536 20546,20522 20526,30324 20518,20443 20529,30377 20515,20525 20790,20550|20553,30378 20545,20518 20676,20554 20525,20526 20443,20515 20522,20529 30324,20440 20536,20442 30377,20546 20550,20530 20543,20790 20776,20841|30377,20515 20536,20530 20790,20776 20522,20525 20440,20518 30378,20841 20546,20526 20529,20545 20543,20553 30324,20443 20676,20550 20554,20442|20440,20522 20529,30324 20443,20546 20550,30378 20790,20553 20515,20526 20518,20525 20442,20543 20530,20676 20545,30377 20841,20536 20776,20554|20522,20515 20443,20545 20536,20790 20442,20841 30378,20543 20526,20440 20530,20776 20553,20676 20525,20529 20550,20554 30377,20518 30324,20546|20841,20550 20526,20443 20546,20529 20518,20522 20676,30378 20776,20442 20525,30377 20543,20536 20553,20530 20515,20440 20545,30324 20554,20790|20676,20776 20443,20525 30378,20536 20543,20550 20442,20553 20515,30324 30377,20526 20545,20522 20554,20530 20841,20790 20440,20546 20518,20529|20522,20443 20790,30378 20553,20554 20546,20518 20776,20543 20526,20545 20536,20676 20529,20515 20530,20841 20550,20442 30324,30377 20525,20440
20517,20525 20518,20712 20554,20776 20443,20515 30376,20436 20534,20789 30378,20778 20676,20790 20442,20548 20440,20527 20550,20551 20523,20526|20525,20518 20789,20550 20776,20534 20790,20554 20436,20440 20551,20676 20526,20443 20515,20517 20778,20442 20548,30378 20712,20523 20527,30376|30376,20712 20551,20789 20790,20534 20526,20517 20676,30378 20527,20436 20442,20776 20550,20554 20440,20518 20523,20515 20443,20525 20778,20548|20776,20790 20548,20551 20515,20518 20789,20778 30376,20523 20517,20527 20550,20676 20712,20443 30378,20554 20525,20440 20534,20442 20436,20526|20526,30376 20534,20676 20517,20523 20518,20436 20554,20778 20789,20776 30378,20550 20548,20790 20443,20527 20440,20515 20442,20551 20712,20525|20554,20442 20790,30378 20551,20534 20527,20712 20778,20550 20776,20548 20515,30376 20436,20443 20518,20517 20525,20526 20676,20789 20523,20440|30376,20525 20676,20442 20527,20515 20789,20548 30378,20776 20443,20523 20550,20534 20436,20517 20526,20518 20778,20790 20551,20554 20712,20440|20440,30376 20776,20550 20517,20712 20523,20436 20554,20789 20442,30378 20525,20527 20515,20526 20790,20551 20548,20676 20534,20778 20518,20443
30323,20436 20443,20516 20546,20445 20677,20446 20550,20548 20776,20790 20543,20530 20442,30378 20551,20676 20440,20520 20529,20515 30377,20525|20436,20529 20525,30323 20520,20443 30378,20543 20445,30377 20516,20546 20515,20440 20548,20551 20676,20550 20790,20677 20446,20442 20530,20776|20445,20520 30377,20515 20776,20442 20525,20436 20790,20548 20543,20677 20551,30378 20440,30323 20676,20530 20516,20529 20446,20550 20443,20546|20530,20548 20776,20677 20520,20515 20546,20525 20436,20445 20551,20790 20440,20516 30378,20446 20529,30377 20550,20543 20442,20676 30323,20443|30377,30323 20446,20790 20520,20436 20550,20551 20546,20440 20443,20445 20515,20516 20677,20530 30378,20776 20543,20676 20525,20529 20548,20442|20529,20520 20677,20550 20445,20525 20442,20551 20515,20443 20516,30377 20548,30378 20676,20776 20790,20543 20436,20440 20530,20446 30323,20546|20446,20548 20436,20443 20776,20543 20790,20676 30377,20520 20551,20530 20442,20677 30323,20516 20546,20529 20550,30378 20445,20440 20525,20515|20529,20445 20676,20446 20515,30323 20530,20550 20516,20436 20548,20776 20543,20442 30378,20790 20440,20525 20520,20546 20677,20551 20443,30377
20530,20535 20676,20776 20674,20554 20446,20550 20443,20523 20526,20436 30376,20518 20525,20712 20529,30323 20517,20546 20553,20442 20534,20789|20776,20534 20436,20525 20550,20674 20523,30376 20518,20443 20789,20553 30323,20517 20535,20676 20546,20526 20712,20529 20442,20446 20554,20530|20525,20523 20443,20546 30376,20526 20676,20446 20789,20550 30323,20712 20776,20530 20553,20554 20534,20442 20529,20518 20517,20436 20674,20535|20436,20443 20712,30376 20530,20676 20526,20525 20535,20776 20546,30323 20554,20789 20446,20674 20553,20534 20529,20523 20518,20517 20442,20550|20550,20553 20676,20789 20523,20517 20443,20526 20446,20530 20674,20534 20535,20442 20712,20518 20525,30376 20776,20554 20436,30323 20546,20529|20517,20712 20534,20535 20550,20776 20442,20676 20789,20674 20518,20546 20523,20436 20530,20553 30323,20525 20526,20529 30376,20443 20554,20446|20534,20530 20529,20525 20674,20553 20517,20526 20518,20436 30323,30376 20776,20442 20676,20550 20446,20789 20554,20535 20712,20443 20546,20523|20523,20712 20535,20446 20525,20546 20526,20518 20442,20554 20530,20674 20443,30323 20436,20529 30376,20517 20789,20776 20550,20534 20553,20676
20553,20676 20674,20446 20527,20517 20530,20548 20547,30324 30377,20546 20789,20867 20778,20841 20436,20440 20516,20443 20518,20712 20442,30378|20440,20518 30378,20674 20517,20516 20443,30377 20841,20553 20546,20547 20446,20530 20712,20527 30324,20436 20867,20442 20676,20789 20548,20778|20443,20527 20547,20518 20778,30378 20867,20548 20442,20674 20440,20712 20516,30377 20553,20530 20841,20789 20436,20517 20446,20676 30324,20546|20546,20440 20676,20530 20712,30324 30378,20867 20789,20553 30377,20436 20548,20446 20442,20778 20518,20443 20527,20516 20517,20547 20674,20841|20712,30377 20527,20547 20530,30378 20518,20517 20778,20676 30324,20440 20436,20516 20446,20867 20548,20789 20546,20443 20553,20674 20841,20442|20674,20548 20443,30324 20867,20841 30377,20518 20517,20546 20440,20527 20547,20436 20516,20712 20676,20442 30378,20553 20530,20778 20789,20446|20867,20676 20789,20778 20517,30324 30377,20547 20548,30378 20443,20712 20546,20518 20442,20553 20436,20527 20674,20530 20516,20440 20841,20446|30378,20789 20527,20546 20778,20674 20676,20548 20446,20442 20440,30377 20712,20517 30324,20516 20553,20867 20518,20436 20547,20443 20530,20841
20527,30374 20515,30377 20546,20547 20536,20790 20551,20543 20530,20554 20523,20443 30324,20516 20535,20553 20529,20436 20789,20674 20677,20550|20443,20527 20674,20536 20516,20515 20790,20677 20543,20789 20554,20535 20553,20530 30374,20546 30377,20529 20547,30324 20436,20523 20550,20551|20554,20789 20516,30377 20547,20443 20546,20527 20530,20535 20677,20536 30374,20436 20674,20553 20551,20790 20550,20543 20529,20523 20515,30324|20553,20790 20543,20677 20551,20554 30377,20547 30324,30374 20443,20546 20536,20789 20535,20550 20529,20516 20530,20674 20527,20436 20523,20515|20674,20554 20789,20677 20790,20550 20515,20527 20523,30374 20536,20530 20535,20551 30324,20529 20436,20443 20516,20547 20553,20543 30377,20546|20543,20535 20790,20674 20436,30377 20547,20523 20527,20529 20443,20516 30374,20515 20550,20530 20554,20536 20546,30324 20677,20551 20789,20553|30324,20443 30377,20527 20554,20553 20546,20523 20551,20789 20516,30374 20543,20790 20677,20530 20547,20436 20550,20536 20535,20674 20515,20529|20536,20535 20530,20551 20436,30324 20789,20550 20674,20543 20790,20554 20529,20546 20527,20516 20553,20677 20443,20515 20523,30377 30374,20547
20443,20547 20535,20550 20677,20553 20674,20789 20543,20551 20517,20545 20778,20442 20520,20445 20548,20530 20526,20515 30377,20436 20440,30324|20442,20535 20789,20677 30324,20517 20530,20543 20553,20548 20550,20778 20445,30377 20551,20674 20547,20520 20436,20526 20545,20440 20515,20443|20515,20517 20547,30324 20545,20520 20443,20526 30377,20440 20778,20677 20436,20445 20535,20553 20442,20674 20530,20551 20548,20789 20550,20543|20674,20535 20548,20442 20553,20550 20440,20515 30324,20545 20443,20520 20677,20530 20445,20547 20543,20778 20551,20789 20517,20436 20526,30377|20515,20547 20789,20553 20545,20443 20674,20543 20440,20445 20778,20548 20551,20535 20520,20436 20530,20550 20517,20526 20442,20677 30324,30377|20520,20517 20677,20551 20535,20548 30377,20443 20789,20778 20550,20674 20436,20440 20553,20530 20526,30324 20543,20442 20445,20515 20547,20545|20548,20674 20550,20789 20535,20677 20515,20520 20440,20526 20445,20517 20543,20553 20547,20436 20530,20778 20442,20551 20545,30377 30324,20443|20553,20442 20778,20535 20517,20547 20674,20530 20443,20445 30377,20515 20520,20440 20789,20543 20436,30324 20677,20550 20551,20548 20526,20545
20534,20790 20553,20442 20436,20445 20546,20443 20543,20789 20867,20536 20529,20518 20548,30378 20515,20520 20547,20523 20677,20551 20440,30376|20443,20547 20536,20534 20518,20515 20442,20677 20523,20546 30378,20543 20551,20548 20445,20440 20790,20553 30376,20529 20520,20436 20789,20867|20551,20543 30376,20445 20677,20790 20534,20442 20436,20547 20546,20440 20536,20548 20518,20443 20553,20789 20515,20523 20529,20520 20867,30378|20867,20790 20547,30376 20440,20515 20543,20553 20546,20529 20442,20551 30378,20536 20548,20789 20445,20518 20523,20436 20443,20520 20534,20677|20436,20518 20523,20529 20543,20536 20553,20677 20789,20534 20442,20867 20520,20440 20515,30376 20547,20546 20551,30378 20790,20548 20445,20443|20548,20553 20443,20515 20536,20442 20440,20523 30378,20534 20520,20445 20789,20551 20529,20547 20518,20546 20677,20867 30376,20436 20790,20543|20548,20442 20529,20436 20536,20789 20553,20534 20546,20445 30378,20677 20547,20515 20440,20518 30376,20520 20523,20443 20543,20867 20551,20790|20789,30378 20520,20546 20790,20536 20677,20548 20443,30376 20867,20553 20518,20547 20445,20523 20515,20529 20436,20440 20442,20543 20534,20551
20778,20794 20545,20522 20440,20527 20529,20445 20674,30378 20550,20446 30376,20443 20546,20525 20676,20530 20776,20543 20520,20436 20554,20789|20789,20550 20530,20778 20446,20676 20543,20674 20443,20520 20436,30376 20522,20440 20525,20529 30378,20554 20445,20545 20527,20546 20794,20776|20440,20445 20550,20794 20546,20520 30376,20525 20776,30378 20545,20443 20674,20554 20789,20778 20446,20530 20527,20436 20676,20543 20522,20529|30376,20546 20778,20674 20525,20436 20529,20545 20776,20676 30378,20446 20543,20789 20443,20522 20440,20520 20445,20527 20530,20550 20554,20794|20529,20546 20436,20440 20794,30378 20443,20527 20446,20543 20674,20550 20520,20545 20522,30376 20676,20789 20530,20776 20778,20554 20445,20525|20525,20522 20546,20443 20794,20674 20789,20446 20520,20529 20554,20530 20436,20445 20543,20778 20527,30376 20550,20776 30378,20676 20545,20440|20522,20436 20676,20778 20674,20789 20776,20554 20445,20520 30378,20530 20440,20546 20446,20794 20529,20527 20550,20543 20525,20443 20545,30376|20527,20545 20520,20525 20554,20446 20443,20445 20794,20676 20778,20550 20546,20522 20436,20529 20543,30378 20789,20776 30376,20440 20530,20674
20442,20677 20547,20443 20553,20548 20546,20516 20535,20789 20550,20530 20778,20534 20776,20554 30376,20436 20529,20520 20545,20527 20440,20523|20789,20550 20436,20547 20520,20440 20677,20778 20554,20553 20516,20545 20527,20546 20548,20442 20530,20776 20443,30376 20523,20529 20534,20535|20534,20530 20520,20436 20516,20547 20545,20523 20546,20443 20776,20550 20440,30376 20554,20535 20789,20553 20677,20548 20529,20527 20442,20778|20530,20677 20548,20789 20553,20534 20529,20545 20443,20520 20523,20516 20550,20442 20547,20546 20778,20554 20440,20436 20535,20776 20527,30376|30376,20520 20548,20778 20550,20553 20789,20776 20436,20527 20516,20440 20534,20677 20547,20529 20523,20546 20545,20443 20530,20554 20535,20442|20443,20516 20546,20529 30376,20545 20677,20550 20778,20535 20527,20440 20553,20530 20554,20789 20442,20534 20776,20548 20436,20523 20520,20547|20548,20550 20443,20523 20546,20520 20677,20776 20545,20440 20442,20554 20534,20789 20778,20530 20547,20527 20535,20553 20529,30376 20516,20436|20530,20548 20527,20443 20520,20545 20436,20529 20550,20535 20554,20677 20776,20534 30376,20516 20789,20778 20440,20546 20523,20547 20553,20442
20436,20445 30374,20545 20551,20790 20440,20546 20553,20543 20526,20525 20446,20795 20529,20518 20530,20677 30377,20527 20550,20676 20535,20554|20554,20551 20445,20440 20677,20535 20543,20530 20795,20550 20527,20436 20525,30374 20518,30377 20790,20446 20676,20553 20546,20526 20545,20529|20527,20440 20550,20790 20546,20525 20545,20445 20530,20535 20436,20526 20529,30377 20554,20553 20543,20551 20676,20795 20518,30374 20446,20677|20677,20795 20446,20550 30377,20546 20551,20676 20535,20543 20553,20790 20526,20545 20445,20529 30374,20527 20525,20436 20440,20518 20530,20554|20551,20530 20545,20518 20526,20440 20550,20553 20546,30374 20436,20529 20790,20535 20795,20554 20543,20677 30377,20445 20527,20525 20676,20446|20529,20546 30374,20526 20440,30377 20795,20543 20535,20551 20525,20545 20677,20550 20790,20676 20518,20436 20553,20530 20445,20527 20554,20446|20526,20529 20525,30377 20527,20545 20553,20795 20518,20546 20554,20550 30374,20445 20530,20676 20535,20446 20440,20436 20551,20677 20543,20790|20529,20525 30377,20526 20790,20554 20436,30374 20550,20543 20546,20527 20446,20530 20795,20551 20677,20553 20676,20535 20545,20440 20445,20518
30376,20545 20535,20530 20529,20520 20712,20522 20523,20443 20446,20790 20841,20536 20551,20676 20674,20794 20515,20440 20525,20445 20534,20550|20530,20446 20536,20674 20550,20551 20520,30376 20790,20841 20676,20535 20545,20529 20443,20515 20522,20525 20445,20523 20440,20712 20794,20534|20790,20551 20525,20712 20841,20530 20676,20794 20674,20535 20545,20443 20529,30376 20520,20440 20523,20522 20446,20534 20550,20536 20515,20445|20525,20523 20551,20841 20536,20530 20712,20529 20534,20676 20440,20545 20445,30376 20522,20515 20535,20790 20443,20520 20674,20446 20794,20550|20790,20550 20712,20443 30376,20525 20445,20440 20534,20674 20515,20520 20446,20794 20529,20523 20841,20535 20676,20536 20530,20551 20545,20522|20522,20529 20523,20545 20520,20712 20536,20790 20551,20534 20440,20525 20443,20445 20550,20674 30376,20515 20794,20841 20535,20446 20530,20676|20712,20445 20525,20529 20443,30376 20534,20530 20841,20446 20551,20674 20440,20522 20536,20794 20676,20790 20520,20545 20550,20535 20515,20523|20523,20440 20446,20676 20545,20525 20530,20550 20790,20534 20674,20841 20522,20443 20529,20515 20535,20536 30376,20712 20794,20551 20445,20520
20523,20545 30378,20677 20516,20440 30377,20529 20548,20867 20547,20436 20553,20789 20526,20517 20776,20676 20551,20794 20543,20790 30323,20515|20517,30377 20436,20526 20545,20547 20440,30323 20529,20523 20867,20553 20794,20776 20790,30378 20789,20543 20676,20551 20677,20548 20515,20516|20677,20867 20517,20545 20440,20526 30323,20529 20553,20676 20547,20516 20543,20794 20551,30378 20523,20436 20790,20548 20776,20789 30377,20515|20545,20440 20676,20790 20794,20553 20548,20776 20436,20517 20515,20526 20529,20547 20516,20523 20543,20677 20867,30378 30377,30323 20789,20551|20677,20553 20526,20545 20790,20551 20548,20789 20676,20794 20440,20547 20516,20517 20523,30377 30378,20543 20867,20776 30323,20436 20529,20515|30378,20676 20553,20543 20436,20529 20547,30323 20551,20548 20794,20867 20789,20677 20776,20790 20526,30377 20545,20516 20517,20523 20515,20440|20440,20436 20794,20548 20776,30378 20676,20543 20547,20526 30323,20517 20516,30377 20553,20790 20551,20677 20515,20523 20529,20545 20867,20789|20789,20676 20517,20515 20526,20529 20436,20516 20548,20553 30378,20794 20677,20776 30377,20547 20790,20867 20545,30323 20543,20551 20523,20440
30377,20445 20518,20440 20534,20553 20525,20545 20550,20790 20436,30324 20515,20529 20530,20674 20535,20543 20789,20536 30374,20516 20841,20446|20790,20535 20446,20530 20536,20534 20529,20436 20516,20515 20553,20789 20543,20550 30324,20525 20545,30374 20674,20841 20445,20518 20440,30377|20841,20789 20436,20440 20543,20446 20535,20534 20530,20553 20674,20550 20536,20790 20515,30374 20545,20516 30377,20529 30324,20445 20525,20518|20529,20545 20440,20515 30377,20436 20518,20516 20789,20674 20550,20536 20790,20543 30374,30324 20553,20841 20445,20525 20534,20530 20446,20535|20518,20436 20535,20674 20536,20543 20445,20515 20516,30377 20530,20841 20790,20553 20525,30374 20529,30324 20550,20446 20789,20534 20545,20440|20436,20445 20553,20535 30374,30377 20440,20525 20674,20536 20534,20550 20515,20518 20543,20530 30324,20545 20516,20529 20446,20789 20841,20790|20535,20841 20440,30324 20445,30374 20436,20516 20518,20529 30377,20545 20674,20790 20515,20525 20543,20553 20536,20530 20446,20534 20550,20789|20553,20550 30374,20436 20530,20535 20529,20445 20534,20674 30324,20515 20516,20440 20790,20446 20525,30377 20841,20536 20545,20518 20789,20543
20534,20778 20529,20436 20516,30323 20554,20789 20525,30377 20790,30378 20550,20530 20677,20536 20545,20527 20440,20523 20712,20517 20676,20553|20517,20545 20778,20554 20536,20534 20436,20516 20527,20525 30377,20529 20553,20790 30323,20440 20789,20677 20523,20712 30378,20550 20530,20676|20712,20525 30323,20529 20440,30377 20534,20676 20516,20527 20778,20790 20517,20436 20536,20550 20554,20530 30378,20789 20545,20523 20677,20553|20676,20778 20550,20677 20525,20516 20545,20529 20789,20536 20436,30323 20712,20440 20553,20534 20523,20517 30377,20527 20530,30378 20790,20554|20523,20516 20676,20536 20553,20530 20440,20545 20778,20550 20534,20789 20529,20525 30323,20712 20790,20677 20527,20517 20436,30377 20554,30378|30378,20553 20536,20554 20529,20523 20527,20436 20517,30323 20530,20778 20550,20790 20516,20712 20677,20534 20525,20440 20789,20676 30377,20545|20516,20529 20440,20436 20523,20525 20778,20789 30377,20517 20550,20534 20545,30323 20530,20677 20712,20527 20790,20676 20553,20554 30378,20536|20677,20778 20789,20553 20527,20440 20676,30378 20436,20523 20525,20545 20554,20550 20517,20516 20534,20790 20536,20530 20529,20712 30323,30377
20529,30323 20525,20436 20518,30377 20795,20536 20534,20530 20789,20548 30374,20515 30378,20550 20712,20523 20543,20776 20677,20446 20443,20516|20536,20534 30323,20443 20548,20795 20436,20518 20516,20525 20523,30374 20550,20789 30377,20712 20776,30378 20515,20529 20446,20543 20530,20677|20543,20789 20776,20677 30377,20516 20525,20518 20534,20795 30374,30323 30378,20548 20529,20712 20436,20523 20536,20530 20446,20550 20443,20515|20677,30378 20795,20543 20515,20516 20534,20550 20712,30374 20548,20536 20525,20443 20789,20446 20530,20776 20518,20529 30323,20436 20523,30377|20523,20525 20516,20529 20776,20789 30323,20515 30374,20436 20712,20518 20550,20795 20446,20548 20536,30378 30377,20443 20677,20534 20543,20530|20795,20776 20518,30374 20515,20525 20530,20446 20529,20523 20436,30377 20443,20712 30378,20543 20516,30323 20548,20677 20789,20534 20550,20536|20523,20515 20518,20443 20677,20550 20436,20529 20525,30374 30378,20789 20446,20795 20712,20516 30377,30323 20536,20543 20776,20534 20530,20548|20534,20446 20529,20525 20795,30378 20548,20776 20543,20677 20789,20536 30374,30377 20516,20523 20550,20530 30323,20712 20515,20518 20443,20436
20778,30378 20731,30377 30374,20545 20440,20515 20674,20534 20518,20522 20676,20550 20551,20795 20548,20530 30324,20443 20442,20536 20526,20547|30378,20551 20530,20676 20545,20440 20522,20731 20534,20442 20795,20778 20536,20674 20443,20518 20547,30374 20550,20548 20515,30324 30377,20526|20443,20731 30324,20526 20534,20536 20676,20551 20518,30377 20440,20547 20674,30378 20795,20550 30374,20515 20522,20545 20530,20778 20442,20548|30377,20443 20548,20795 20526,30374 20545,20518 30378,20534 20536,20676 20551,20530 20674,20778 20515,20522 20731,20440 20550,20442 20547,30324|20551,20548 30324,30374 20440,20518 20795,20674 20731,20526 20530,30378 20536,20550 20522,30377 20778,20534 20515,20443 20547,20545 20442,20676|20526,20515 20778,20442 30377,20440 20518,20547 30378,20536 20550,20530 20676,20795 20534,20551 20443,20522 20548,20674 20545,30324 30374,20731|20526,20545 30378,20442 20731,30324 30377,20515 20550,20778 30374,20518 20676,20548 20547,20443 20440,20522 20795,20534 20551,20674 20530,20536|20548,30378 30324,20440 20545,30377 20442,20551 20522,30374 20674,20550 20518,20731 20778,20676 20443,20526 20515,20547 20534,20530 20536,20795
30378,20778 20548,20446 20442,20534 20530,20674 20525,20436 20518,30376 30324,20529 20522,20443 20550,20790 20841,20776 20546,20523 20440,20515|20529,20518 20523,20440 20776,20548 20436,20522 20674,20841 20443,20546 30376,30324 20446,20550 20790,30378 20778,20442 20515,20525 20534,20530|20440,30376 20442,30378 20518,20546 20522,20525 20790,20841 20443,20523 20530,20776 20515,20529 20534,20550 20436,30324 20446,20674 20548,20778|20546,20525 20778,20790 20522,20515 20674,20442 20518,20443 20550,20548 30376,20529 20776,20534 30324,20440 20523,20436 20841,20530 30378,20446|20529,20522 20530,20778 20546,30324 20674,20776 20446,20841 20443,20515 20440,20436 20790,20534 20525,20518 20548,30378 20523,30376 20550,20442|20525,20440 30378,20530 20841,20550 30376,20522 20776,20790 20442,20548 20778,20674 30324,20443 20515,20523 20534,20446 20436,20518 20529,20546|20548,20530 20546,20440 30324,20522 20534,20778 20518,20515 20436,20443 20446,20790 30378,20674 20841,20442 20523,20529 20776,20550 30376,20525|20778,20841 20529,20436 20443,30376 20550,30378 20790,20548 20525,20523 20674,20534 20530,20446 20440,20518 20522,20546 20442,20776 20515,30324
20516,30374 20517,20515 20527,20436 20440,20545 20445,20547 20776,20550 20790,20676 20535,20551 20674,20534 20442,20548 20789,20778 30324,30376|20547,20516 20515,20440 20534,20776 20545,20527 20676,20442 20550,20789 20436,20445 30376,20517 20548,20674 20778,20535 30374,30324 20551,20790|20778,20790 20515,30374 20545,20445 20516,20527 20551,20550 20547,20440 20548,20535 20436,30376 20676,20534 20789,20776 20442,20674 30324,20517|20517,20516 20776,20548 20527,20515 20550,20442 30324,20547 20789,20551 20440,20436 30376,20545 20674,20778 20535,20676 20790,20534 30374,20445|20535,20674 20442,20778 30374,20545 20676,20789 20790,20776 20534,20550 20445,20517 20515,30376 20547,20527 20516,20440 20436,30324 20548,20551|20778,20548 20776,20676 20674,20790 30376,20547 20527,30374 20550,20535 20551,20442 20545,20516 20534,20789 20517,20436 20445,20515 20440,30324|20527,20440 20442,20534 30374,20436 30376,20445 20789,20674 20516,20515 20551,20676 30324,20545 20778,20550 20790,20548 20517,20547 20776,20535|20445,20527 20545,20517 20436,20516 20547,30374 20535,20442 20548,20789 20534,20551 20674,20776 20515,30324 20676,20778 20550,20790 20440,30376
20790,20674 20789,20446 20436,30323 20546,20547 20440,30324 20529,20545 20676,20551 20516,20443 20523,30377 20778,20534 30378,20530 20543,20550|20551,30378 20550,20676 20547,20516 30323,20440 20534,20789 30377,20436 20443,20546 20674,20543 20446,20790 20545,20523 20530,20778 30324,20529|20778,20543 20440,20436 20545,20443 20789,20676 20546,30377 20523,20547 20790,20551 30323,20529 20550,30378 30324,20516 20530,20446 20674,20534|20446,20674 20551,20534 20778,20550 20676,20790 20523,20546 30377,20545 20516,20440 20547,30323 20443,30324 20436,20529 30378,20789 20543,20530|20676,20530 20546,30323 20529,20516 20550,20446 20547,30377 20443,20436 20534,30378 20543,20551 30324,20545 20790,20778 20440,20523 20789,20674|30377,30324 20674,20778 20446,20676 20516,20523 30323,20443 30378,20543 20529,20546 20530,20550 20534,20790 20551,20789 20545,20440 20436,20547|20530,20551 20436,20516 20446,20534 20546,30324 20523,20529 30377,20443 20674,30378 20547,20440 20789,20778 20545,30323 20676,20543 20790,20550|30323,30377 20534,20530 20516,20545 30378,20790 20440,20546 20778,20676 30324,20436 20550,20789 20443,20523 20543,20446 20529,20547 20551,20674
20523,20443 20548,20553 20445,30377 20530,20776 20676,20867 20790,20534 20525,20731 20515,20527 20789,20841 30324,30375 20535,20446 20712,20529|20527,20712 20553,20789 20867,20790 20443,20445 20534,20530 20776,20548 30377,20525 20529,30324 20446,20676 30375,20515 20841,20535 20731,20523|20445,20731 20548,20867 20789,20446 20776,20534 30324,20712 20530,20676 20790,20841 30377,20529 20553,20535 20525,20527 20523,30375 20515,20443|20867,20530 20712,30377 20515,30324 20790,20553 20841,20776 20527,20443 20534,20446 30375,20445 20731,20529 20525,20523 20676,20548 20535,20789|20529,20527 20535,20867 20731,30324 20553,20676 20523,20515 20712,30375 20445,20525 20446,20548 20530,20841 20776,20790 20789,20534 20443,30377|20443,20712 30377,20523 20676,20776 20534,20535 30375,20731 20527,20445 20529,20515 30324,20525 20446,20790 20867,20789 20548,20530 20841,20553|20676,20535 20525,20515 30375,20527 20731,20443 20841,20867 20534,20553 20523,20712 20530,20446 20548,20790 20776,20789 20445,20529 30324,30377|20790,20676 20535,20776 20515,20445 30377,30375 20529,20523 20712,20525 20443,30324 20553,20530 20789,20548 20527,20731 20446,20841 20867,20534
20535,20674 20442,20534 20536,20550 20436,20525 20546,20443 20530,20548 20776,20543 20778,20790 30374,30377 20518,20731 20523,20440 20527,20445|20674,20530 20445,30374 20443,20523 20731,20527 20548,20442 20525,20546 20534,20536 20543,20778 20550,20535 30377,20518 20440,20436 20790,20776|20790,20548 20543,20536 20523,20436 20546,30374 20534,20674 20442,20535 20776,20550 20518,20445 20527,20440 30377,20443 20731,20525 20778,20530|20535,20534 20530,20543 20443,20445 20548,20778 20536,20790 20436,30377 20776,20442 20440,20731 20525,20523 20674,20550 20518,20546 30374,20527|20790,20535 20550,20778 20436,30374 20442,20543 20523,30377 20534,20776 20530,20536 20440,20518 20445,20525 20548,20674 20443,20731 20527,20546|20731,20523 20525,20443 20546,20440 20550,20442 30374,20518 20445,20436 20674,20776 20778,20534 20536,20548 30377,20527 20543,20790 20535,20530|20527,20436 20790,20674 20546,20445 30377,20731 20440,20525 20543,20550 20530,20534 20548,20776 20518,20443 30374,20523 20536,20442 20778,20535|20445,20440 20525,30377 20550,20548 20443,20527 20731,30374 20776,20530 20534,20790 20535,20543 20436,20518 20442,20778 20674,20536 20523,20546
20440,20520 20778,20789 20841,20446 30376,20525 20545,20445 20776,20790 20436,20443 20546,20517 20530,20534 20516,30324 30378,20554 20674,20550|20520,20546 20445,20440 20534,20776 20789,30378 30324,20545 20446,20530 20550,20778 20517,30376 20790,20841 20554,20674 20443,20516 20525,20436|30376,20546 20545,20520 20530,20776 20517,20525 20674,30378 20789,20841 20790,20554 20778,20534 20446,20550 20440,30324 20436,20516 20443,20445|20776,20841 20674,20530 20525,20520 20440,20436 20534,20789 20550,20790 30378,20446 30376,20443 20516,20545 20445,20517 30324,20546 20554,20778|20550,20534 20443,20545 20445,30324 20446,20789 20516,20525 20436,30376 20776,20554 20546,20440 20520,20517 20530,30378 20841,20778 20790,20674|20534,20674 20841,20550 20517,20516 20520,20443 20545,30376 30378,20790 30324,20436 20554,20446 20546,20445 20789,20776 20778,20530 20525,20440|30376,20520 20789,20550 20436,20517 20446,20534 20778,20790 20530,20554 20545,20440 20443,30324 30378,20841 20516,20546 20525,20445 20776,20674|20546,20443 20674,20778 20554,20789 20534,30378 30324,20525 20517,20545 20445,30376 20841,20530 20440,20516 20550,20776 20520,20436 20790,20446
20776,20442 20534,20790 20525,20440 30377,20518 20520,20445 20543,20794 20443,20515 20551,20550 20529,20436 20548,20677 20535,20536 20712,20523|20550,20548 20442,20535 20445,20443 20523,20525 20440,30377 20536,20543 20515,20529 20790,20551 20518,20712 20794,20534 20436,20520 20677,20776|20443,20712 20436,20523 30377,20515 20440,20518 20543,20550 20535,20790 20794,20776 20529,20520 20548,20536 20534,20551 20525,20445 20442,20677|20520,20440 20445,20712 20518,20443 20535,20551 20515,20523 20548,20794 20776,20534 20677,20536 20550,20442 20529,30377 20525,20436 20790,20543|20790,20677 20551,20548 20518,20445 20536,20794 20520,20515 20443,30377 20712,20525 20440,20436 20523,20529 20543,20535 20534,20442 20550,20776|30377,20525 20515,20440 20776,20790 20794,20535 20536,20550 20712,20520 20442,20548 20523,20443 20445,20529 20436,20518 20677,20534 20551,20543|20515,20525 20442,20543 20790,20536 20776,20548 20520,20443 20794,20551 20529,20518 20440,20712 20550,20677 20534,20535 20436,30377 20445,20523|20535,20550 30377,20445 20518,20515 20536,20534 20443,20436 20712,20529 20548,20790 20525,20520 20551,20442 20543,20776 20677,20794 20523,20440
20443,20523 20841,20550 20516,20518 20525,30377 30378,20795 20536,20543 20789,20776 20546,20529 20545,30323 20436,20440 20674,20446 20530,20676|20543,30378 20676,20789 20440,20546 30377,20443 20550,20674 20795,20536 20776,20841 20518,20545 20523,20516 30323,20436 20529,20525 20446,20530|20530,20674 20440,20523 20676,30378 20536,20789 20841,20795 20529,30377 20525,20545 20546,20516 20518,20436 20446,20543 20550,20776 20443,30323|20543,20789 20776,20674 20530,20841 20523,20529 20536,20676 20546,20518 30378,20550 20516,20443 20795,20446 20436,30377 20525,30323 20545,20440|20529,20545 20674,20841 20443,20546 30377,20518 20550,20530 20543,20676 20795,20776 20516,20436 20523,20525 30378,20536 20789,20446 30323,20440|20776,20530 30377,20516 20674,20543 20789,30378 20446,20550 20518,20529 30323,20546 20676,20795 20545,20443 20440,20525 20841,20536 20436,20523|20550,20789 20676,20776 20529,30323 20543,20795 30378,20674 20536,20530 20518,20443 20546,30377 20545,20523 20516,20440 20841,20446 20525,20436|20776,20543 20530,30378 20523,20546 20674,20536 30377,20545 20795,20550 20436,20529 20443,20525 20446,20676 30323,20516 20440,20518 20789,20841
20535,20551 20548,20530 20518,20529 20526,20546 20676,20553 20547,20445 20440,20731 20527,30376 20550,20677 20776,20789 20534,20442 20443,20712|20789,20550 20677,20534 20731,20443 20445,20518 20551,20548 20553,20535 20546,20547 30376,20526 20712,20440 20530,20776 20529,20527 20442,20676|20789,20551 20526,20712 20529,20445 20547,20731 20440,30376 20550,20676 20443,20518 20677,20442 20548,20776 20527,20546 20530,20553 20535,20534|20440,20526 20712,20518 20551,20676 20731,20527 20442,20548 20776,20550 20535,20530 20443,20445 20534,20789 20553,20677 30376,20547 20546,20529|20527,20712 20547,20443 20548,20550 20676,20535 20776,20534 20789,20553 20529,20526 20530,20677 20551,20442 20518,20440 30376,20546 20445,20731|20731,20529 20677,20789 20546,20440 20526,20443 20442,20535 20445,20527 20676,20776 20534,20530 20518,20547 20712,30376 20550,20551 20553,20548|20547,20526 20548,20789 20712,20445 20534,20550 20731,20518 20530,20676 30376,20529 20442,20553 20527,20440 20535,20776 20546,20443 20677,20551|20776,20677 20443,20527 20676,20548 20526,20731 20551,20530 20440,20547 20789,20535 20518,20546 20553,20534 20529,20712 20445,30376 20550,20442
20674,20776 20529,20515 20518,30374 20525,20516 20442,20867 30378,20534 30324,20440 30377,20545 20676,20551 20527,20546 20789,20543 20795,20778|20545,20525 20867,20789 20534,20674 20515,30377 20546,20529 20551,20795 20440,20518 20778,20676 30374,30324 20516,20527 20543,20442 20776,30378|20525,20515 20529,20518 20676,20442 20527,30377 20440,20546 20789,20551 20674,20795 20516,30324 30378,20867 20543,20776 30374,20545 20534,20778|20442,20551 20546,20516 20676,20534 20518,30377 20778,20789 30324,20529 20545,20440 20525,30374 30378,20543 20867,20674 20795,20776 20515,20527|20518,20546 20529,20527 20674,20543 20515,20440 20442,20778 20776,20534 20545,20516 20551,20867 30324,20525 30377,30374 20795,20676 20789,30378|20440,20525 20778,20674 20867,20676 20534,20442 20551,30378 20546,30324 30374,20515 20516,20518 20543,20795 20776,20789 30377,20529 20527,20545|20534,20551 20676,20789 20543,20778 20867,20776 20546,30374 30324,20515 20525,30377 20527,20440 30378,20795 20518,20545 20674,20442 20516,20529|30374,20527 30377,20546 20776,20676 20442,30378 20795,20534 20515,20518 20551,20543 20529,20525 20789,20674 20440,20516 20778,20867 20545,30324
20527,20443 30375,20523 20525,20436 20543,20553 20551,20535 20515,20517 20550,20442 20520,20445 20554,20446 20790,20677 20548,20789 30377,20546|20677,20548 20446,20790 20535,20543 20789,20550 20436,30375 20443,20520 20523,20515 20517,30377 20546,20527 20445,20525 20553,20554 20442,20551|20445,20517 20535,20442 20527,20436 20790,20553 20543,20446 20523,20443 20789,20677 20551,20548 20554,20550 30377,20525 20515,20520 20546,30375|20548,20535 20525,20523 20551,20554 20520,20436 30377,30375 20527,20515 20550,20677 20553,20442 20517,20546 20443,20445 20446,20789 20790,20543|20445,20527 20535,20790 20525,20520 20543,20551 20553,20789 20442,20548 20446,20550 20677,20554 20517,20523 30375,20515 20436,30377 20443,20546|20546,20525 30375,20527 20436,20443 20550,20551 20789,20543 20515,30377 20548,20553 20554,20790 20523,20445 20442,20446 20520,20517 20677,20535|20445,20515 20443,30377 20554,20789 20517,20436 20553,20535 20548,20550 20520,30375 20446,20677 20543,20442 20551,20790 20523,20546 20525,20527|30377,20445 20535,20446 20789,20551 20790,20548 20550,20543 20442,20554 20436,20523 20527,20517 20515,20443 20546,20520 20677,20553 30375,20525
20534,20553 20516,20529 20674,20535 20776,20795 20676,20536 20520,20547 20523,20436 20550,20789 20442,20554 20522,20515 20546,30374 30377,20440|20535,20442 30374,20523 20536,20534 20440,20522 20515,20516 20547,30377 20795,20676 20529,20546 20789,20674 20554,20776 20436,20520 20553,20550|30374,20436 20546,20547 20789,20553 20522,20529 20674,20554 20676,20776 20523,20515 20535,20536 20550,20442 20440,20516 20795,20534 20520,30377|20550,20535 20515,20520 20529,20523 20553,20676 20776,20442 20547,30374 20536,20789 20436,20440 20534,20674 30377,20516 20554,20795 20546,20522|20536,20674 20520,20546 30377,20529 20440,20523 20522,20436 20789,20534 20547,20515 20776,20550 20553,20554 20442,20676 20516,30374 20535,20795|20795,20553 20534,20776 20516,20546 20554,20535 20436,30377 20676,20789 20515,20440 20442,20536 20523,20522 20529,20547 20674,20550 30374,20520|30377,20522 20795,20674 20553,20442 30374,20515 20436,20547 20529,20520 20776,20789 20440,20546 20523,20516 20554,20536 20676,20535 20534,20550|20442,20534 20516,20436 20522,30374 20515,20529 20674,20776 20536,20795 20547,20523 20520,20440 20789,20554 20550,20676 20535,20553 20546,30377
20443,20523 20546,30324 20529,20515 30377,20516 20790,20446 20867,20548 20553,30378 20442,20677 20795,20536 20545,20525 20676,20534 30375,30323|20536,20790 20548,20795 20523,20546 20516,20545 20525,20443 20446,20676 30323,20529 20515,30375 20677,20553 20534,20867 30378,20442 30324,30377|30378,20790 30375,20516 20534,20795 20446,20442 20545,30324 30377,30323 20523,20529 20546,20443 20548,20553 20676,20536 20867,20677 20515,20525|20790,20548 20867,20536 20545,30377 20795,30378 20677,20446 20442,20534 20553,20676 30323,20546 20443,20515 20516,20529 20525,20523 30324,30375|20548,20446 30375,20546 20553,20790 20676,20867 20795,20677 30324,20515 20529,20545 20523,30377 20534,30378 20536,20442 20516,20525 20443,30323|20525,30375 20515,20523 20536,20534 20442,20553 20446,20795 20790,20676 30323,20545 30377,20443 20677,20548 20529,30324 20546,20516 30378,20867|30377,20515 20676,20795 20545,30375 30324,20443 20553,20867 20446,20534 30323,20525 20790,20677 20546,20529 20548,20442 20523,20516 30378,20536|20525,20546 20442,20676 20443,20545 20516,30324 20795,20553 20534,20790 30375,20523 20867,20446 20529,30377 20536,20548 20677,30378 20515,30323
20535,20536 20790,20554 20530,20446 20867,20534 20548,20676 20545,20520 20527,30374 20440,20712 20445,20525 20789,20776 20443,20523 30376,20515|20520,20443 20534,20535 20776,20790 20536,20530 30374,20445 20676,20867 20515,20440 20554,20789 20523,30376 20446,20548 20712,20527 20525,20545|20443,20515 20536,20676 30374,20545 20548,20776 20525,20440 20445,20520 20534,20789 20790,20867 20527,30376 20554,20530 20535,20446 20523,20712|30376,30374 20440,20523 20535,20790 20676,20530 20776,20554 20867,20548 20789,20536 20515,20525 20520,20712 20443,20527 20446,20534 20545,20445|20446,20554 20790,20536 20527,20515 20530,20534 20676,20535 20440,20545 30376,20443 20523,20525 20712,20445 20548,20789 20776,20867 30374,20520|20515,20523 20789,20446 20534,20790 20545,20527 20712,30374 20525,20443 20530,20776 20520,20440 20445,30376 20554,20676 20867,20535 20536,20548|30376,20545 20440,20527 20548,20790 20523,30374 20776,20534 20535,20789 20446,20676 20515,20520 20536,20554 20867,20530 20443,20445 20525,20712|20554,20535 20790,20446 20534,20536 20712,20443 20530,20548 20545,20523 20445,20440 30374,20515 20789,20867 20520,30376 20527,20525 20676,20776
20534,20442 20790,20548 30378,20446 20443,20547 20527,30377 20674,20536 20546,30374 20436,20523 20789,20543 20553,20550 20545,20529 20445,20518|30374,20436 20518,20545 20543,30378 30377,20445 20550,20790 20442,20674 20536,20534 20548,20553 20523,20443 20547,20527 20446,20789 20529,20546|20553,20674 20518,20546 20445,20547 20548,20446 30377,30374 20534,30378 20436,20529 20523,20545 20789,20550 20443,20527 20543,20442 20790,20536|20536,30378 20790,20543 20529,20547 20674,20534 20443,20518 20553,20789 20436,30377 30374,20527 20546,20523 20442,20548 20545,20445 20550,20446|20547,20436 20529,20518 20527,20546 20536,20543 20545,30377 20445,20443 20550,20674 20446,20790 20789,20534 30378,20548 30374,20523 20442,20553|20543,20553 20527,20545 20518,20436 30377,20443 30378,20550 20674,20789 20534,20790 20546,20445 20446,20442 20547,30374 20523,20529 20548,20536|20536,20789 20529,20527 20543,20446 20546,20443 20523,30377 20518,20547 20436,20445 20442,20550 20534,20553 20545,30374 20790,30378 20548,20674|20443,20545 20550,20536 30377,20529 20445,20523 20789,20548 20674,20543 20527,20436 30374,20518 20553,20790 30378,20442 20547,20546 20446,20534
20527,20545 20446,20790 20445,20525 20440,20546 20529,30324 20530,20543 30375,20515 20442,20534 20536,20677 20550,20535 20523,30377 20776,20676|20525,20527 30377,20440 20534,20530 20535,20446 20545,20445 20676,20442 20677,20776 20790,20550 20543,20536 30324,30375 20546,20529 20515,20523|20529,20525 20545,20440 20676,20535 20523,30375 20546,30324 20442,20446 20536,20534 20527,20445 20677,20530 20550,20776 30377,20515 20790,20543|20535,20790 30324,30377 20529,20527 20442,20536 20523,20545 30375,20525 20446,20550 20543,20676 20445,20546 20515,20440 20534,20677 20776,20530|20527,30375 20525,30377 20530,20446 20550,20442 20535,20677 20543,20776 20440,20445 30324,20515 20676,20536 20546,20523 20790,20534 20545,20529|20534,20676 20776,20790 20515,20529 30377,20545 20446,20543 20530,20550 20536,20535 20677,20442 20440,20527 30375,20546 20445,20523 20525,30324|20676,20530 20677,20446 20550,20543 30375,20445 20535,20534 20523,20440 30324,20545 20546,20525 20536,20790 20515,20527 20442,20776 30377,20529|20545,30375 20529,20523 20776,20535 20525,20515 20446,20676 20527,20546 20530,20536 20790,20677 20534,20550 20445,30377 20543,20442 20440,30324
20443,20525 20530,20553 20518,20529 30323,20517 20516,20545 20436,20523 20446,20543 20674,20778 20546,30377 20790,20677 20795,20548 20550,20535|20553,20674 20529,30323 20545,20518 20548,20530 20525,20516 30377,20436 20677,20446 20543,20550 20517,20546 20535,20790 20523,20443 20778,20795|20778,20535 30377,20443 20674,20543 20790,20550 20517,20525 20516,20523 20677,20530 20548,20553 20518,20436 20546,20529 20795,20446 30323,20545|20535,20795 20674,20548 20525,30377 20443,30323 20436,20529 20523,20546 20553,20790 20446,20530 20545,20517 20518,20516 20543,20778 20550,20677|20790,20674 20529,20516 30377,20518 20523,20525 20795,20543 20530,20535 20546,30323 20436,20517 20553,20677 20548,20446 20778,20550 20545,20443|20677,20548 20443,20518 20525,20546 20535,20553 20516,30377 20543,20790 20550,20795 20530,20778 20517,20523 30323,20436 20529,20545 20446,20674|20525,30323 20778,20677 20548,20790 20436,20516 20795,20553 20517,20518 20674,20535 20546,20443 20446,20550 20543,20530 20523,20545 30377,20529|20518,20546 20530,20674 20529,20523 30323,30377 20516,20517 20553,20543 20677,20795 20443,20436 20550,20548 20790,20778 20545,20525 20535,20446
20535,20550 20676,20553 20790,20776 30374,20436 20440,20523 20530,20551 30377,20527 20534,20674 20516,20545 20515,20547 20442,20543 20518,20443|20443,20515 20553,20790 20674,20535 20547,20516 20551,20442 20523,30377 20543,20530 20527,30374 20545,20440 20550,20534 20436,20518 20776,20676|20550,20790 20776,20534 20551,20543 20676,20530 20440,20527 20436,20547 20515,30377 20535,20442 20443,20545 30374,20518 20516,20523 20553,20674|20527,20443 20516,20436 20535,20551 20442,20553 20523,20515 20674,20776 20518,20440 30374,20545 30377,20547 20534,20530 20543,20790 20676,20550|30377,20518 20547,20527 20790,20534 20553,20543 20443,20516 20530,20674 20515,30374 20776,20535 20545,20523 20436,20440 20551,20676 20442,20550|20790,20676 20545,30377 20534,20442 20518,20516 20523,30374 20674,20551 20440,20515 20530,20553 20550,20776 20527,20436 20547,20443 20543,20535|20676,20442 20518,20545 20674,20790 20436,20523 20776,20543 20527,20515 20443,30377 20551,20534 20550,20530 20440,20547 30374,20516 20553,20535|20523,20443 20543,20550 20534,20553 20790,20551 20547,30374 20516,20440 30377,20436 20442,20674 20515,20518 20535,20676 20545,20527 20530,20776
20530,20776 20515,20440 30378,20446 20677,20790 20517,20547 20442,20550 20553,20554 20520,20436 20529,20545 20522,20527 20445,30377 20674,20548|20436,20517 20776,20677 20550,20553 20790,20674 20545,20520 20527,20445 30377,20529 20440,20522 20548,30378 20554,20530 20547,20515 20446,20442|20527,20545 20445,20436 20517,20520 20442,20776 20677,20550 20553,30378 30377,20440 20522,20547 20530,20674 20790,20548 20554,20446 20529,20515|20446,20677 20550,20790 20547,30377 20545,20440 20548,20442 20520,20529 20515,20445 20776,20554 20674,30378 20530,20553 20436,20527 20517,20522|20446,20548 20776,20550 20440,20520 20790,20553 20522,20545 20436,20547 20445,20529 30378,20530 30377,20515 20527,20517 20674,20554 20677,20442|20442,20674 20547,20527 20550,20446 20515,20522 20529,20436 30378,20776 20520,30377 20548,20530 20440,20445 20553,20677 20554,20790 20545,20517|20547,20520 20776,20548 30377,20436 20677,20530 20446,20790 20554,30378 20445,20545 20522,20529 20515,20517 20553,20442 20550,20674 20527,20440|30378,20550 20529,20527 20436,20522 20545,30377 20790,20776 20517,20445 20674,20553 20548,20677 20440,20547 20520,20515 20442,20554 20530,20446
20674,20548 20547,20545 20442,20550 20553,20534 20440,30376 20676,20789 20443,20516 30378,20446 20546,20445 20529,30323 20436,20520 20530,20536|30323,20436 20789,20553 20550,20674 20536,20676 20445,20440 20446,20442 30376,20546 20516,20529 20548,20530 20520,20547 20534,30378 20545,20443|20436,20547 20548,20446 20529,30376 20520,20445 20530,20534 20789,20550 20536,20442 20676,20553 20443,30323 20440,20546 30378,20674 20545,20516|20443,20520 20674,20789 20534,20536 20440,20545 20445,30376 20553,20548 20442,30378 20516,20436 30323,20546 20547,20529 20446,20676 20550,20530|20550,20446 20546,20443 20674,20442 20534,20676 30376,20436 30323,20440 20536,20548 20529,20520 20516,20547 20445,20545 30378,20789 20553,20530|20676,30378 20442,20553 20547,20445 20446,20534 20520,20440 20789,20536 20546,20516 20548,20550 20530,20674 20436,20529 20545,30323 30376,20443|20442,20548 20530,20676 30323,30376 20674,20534 20550,20553 30378,20536 20520,20546 20529,20545 20443,20547 20516,20440 20789,20446 20436,20445|30376,20516 20546,20529 20553,30378 20676,20442 20548,20789 20445,20443 20536,20674 20440,20436 20545,20520 20446,20530 20547,30323 20534,20550
20442,20548 30377,20518 20789,20776 20778,20676 20790,20550 20515,20525 30378,20677 30374,20526 20443,20445 20440,20436 20446,20554 20545,20527|20445,20545 20525,20440 20554,20790 20436,30374 20677,20778 20550,20446 20548,20789 20527,20515 20518,20443 20676,20442 20526,30377 20776,30378|30378,20554 20518,20440 20545,20443 30374,20445 20550,20776 20526,20515 20790,20677 20442,20446 20778,20548 20789,20676 30377,20436 20525,20527|20676,20550 20548,20790 20515,30374 20443,30377 20440,20545 20776,20442 20677,20789 20527,20526 20554,20778 20446,30378 20436,20518 20445,20525|20677,20446 20445,20440 20790,20776 20515,20518 20789,20554 20550,30378 20527,20443 20526,20436 20548,20676 30374,20545 20442,20778 20525,30377|20436,20525 20554,20550 20545,20526 20443,20515 20778,20789 20776,20677 30377,30374 30378,20442 20446,20548 20518,20445 20676,20790 20440,20527|20776,20554 20442,20677 20446,20789 20515,30377 20545,20518 20548,20550 20436,20443 20445,20527 30374,20525 20526,20440 30378,20676 20778,20790|20789,30378 20525,20545 20676,20776 20440,20515 20443,20526 30377,20445 20518,30374 20550,20778 20677,20548 20554,20442 20790,20446 20527,20436
20547,20443 20535,20778 20677,20530 20515,20520 20534,20789 20536,20550 30323,20516 30375,20712 20674,20442 20440,20731 20776,20554 30324,30376|20554,20535 20443,30323 20442,20776 20516,20515 20789,20536 20731,30324 20520,30375 20550,20534 30376,20547 20778,20677 20530,20674 20712,20440|20516,30324 30375,30376 20776,20535 20712,30323 20677,20534 20554,20789 20547,20520 20674,20778 20536,20530 20515,20440 20731,20443 20442,20550|20550,20674 20440,20520 20530,20776 20535,20677 30323,20547 20534,20442 20789,20778 30376,20712 20443,20516 20536,20554 30324,20515 30375,20731|30376,20440 20547,20515 20520,20443 20712,30324 20776,20534 20530,20554 20674,20536 20442,20535 30323,30375 20778,20550 20789,20677 20516,20731|20440,30323 20520,20516 20515,30376 20554,20442 20731,20547 20677,20776 20550,20789 20443,20712 20534,20536 20535,20674 30324,30375 20778,20530|20443,30324 20536,20535 20550,20776 20554,20778 20442,20677 20440,20516 20534,20530 30376,30323 20789,20674 20712,20547 20731,20520 30375,20515|20547,30375 30323,20731 20520,20712 20535,20534 20677,20536 30324,20440 20776,20789 20530,20550 20778,20442 20515,20443 20516,30376 20674,20554
20547,20436 20674,20534 20790,20550 20518,20515 20530,20778 20543,20536 20535,20442 20545,20526 20445,20517 20520,20440 20548,20776 30377,20529|20529,20520 20515,30377 20517,20547 20536,20548 20778,20674 20776,20535 20550,20530 20436,20445 20526,20518 20440,20545 20534,20790 20442,20543|20520,20517 20529,20518 20442,20550 30377,20436 20530,20536 20547,20515 20445,20545 20534,20778 20548,20535 20790,20543 20674,20776 20440,20526|20536,20535 20517,20518 20526,20436 20515,20440 20790,20548 20545,20529 30377,20520 20445,20547 20550,20674 20776,20534 20543,20530 20778,20442|20530,20534 20436,20440 20778,20548 20529,20526 20517,20515 20536,20790 20518,20545 20543,20550 20520,20445 20442,20776 20547,30377 20535,20674|20440,20445 20535,20543 20545,30377 20534,20442 20518,20547 20526,20517 20515,20520 20548,20530 20550,20778 20776,20790 20674,20536 20436,20529|20515,20529 20530,20776 20445,20518 20548,20442 30377,20440 20520,20436 20790,20674 20536,20550 20547,20526 20517,20545 20534,20535 20543,20778|20442,20536 20674,20548 20529,20445 20518,30377 20545,20520 20550,20534 20778,20790 20535,20530 20436,20517 20776,20543 20440,20547 20526,20515
20789,20841 20517,20527 20534,20674 20536,20550 20446,20543 20442,30378 20778,20530 20440,30376 20515,20516 20443,20525 20436,20445 20545,20523|20445,20545 20530,20534 20674,20789 20525,20440 30378,20446 30376,20436 20543,20536 20523,20443 20550,20442 20841,20778 20527,20515 20516,20517|20534,20789 20446,20841 20536,20674 20525,20523 20442,20778 20445,30376 20443,20545 20527,20436 20516,20440 20543,20530 20515,20517 30378,20550|20789,20778 20536,20841 20550,20446 20545,20516 30376,20525 20440,20527 20436,20523 20530,30378 20517,20445 20515,20443 20674,20543 20534,20442|20517,20525 20445,20515 20523,20516 20443,20527 20442,20536 20550,20534 20841,20530 20674,30378 20545,30376 20440,20436 20778,20543 20789,20446|20436,20517 30378,20789 20543,20550 20530,20536 20523,20440 20841,20442 20778,20534 20525,20445 20527,20545 20446,20674 20516,20443 30376,20515|30378,20841 30376,20517 20534,20536 20515,20523 20442,20674 20530,20446 20550,20778 20516,20525 20527,20445 20789,20543 20443,20436 20545,20440|20841,20550 20446,20534 20445,20443 20517,20545 20440,20515 20674,20530 20543,20442 20525,20527 20536,20789 20436,20516 20523,30376 20778,30378
20553,20550 20443,20516 30374,20518 20530,20543 20677,20536 20520,20547 20529,20545 20789,20841 20535,20676 20523,20515 20776,20790 30376,20436|20547,20523 20676,20789 20543,20677 20515,20443 20790,20535 20841,20553 20536,20530 20516,20529 20518,30376 20436,20520 20550,20776 20545,30374|20841,20536 20553,20676 20545,20520 20535,20677 20443,30376 20776,20530 20516,20436 20529,20515 20547,20518 20523,30374 20789,20550 20790,20543|30374,20547 20553,20790 20535,20841 30376,20545 20443,20518 20515,20516 20520,20529 20436,20523 20677,20776 20676,20536 20550,20530 20543,20789|20677,20550 20543,20553 30374,20515 20520,20516 20518,20545 20790,20841 20523,30376 20436,20529 20547,20443 20530,20676 20536,20789 20776,20535|20550,20543 20518,20436 20676,20776 20545,20443 20536,20790 30376,20547 20516,30374 20529,20523 20515,20520 20530,20535 20789,20553 20841,20677|20515,20518 20535,20550 20547,20545 20543,20536 20443,20520 20790,20676 20523,20516 20529,30376 20789,20677 20553,20530 30374,20436 20841,20776|20550,20790 20545,20523 30376,20515 20436,20443 20677,20553 20520,30374 20536,20535 20530,20841 20516,20547 20776,20789 20676,20543 20518,20529
20522,20731 20515,20529 20442,20841 20535,20550 20534,20677 20790,20776 20518,30377 20712,20517 20525,20527 20446,20548 20789,20536 20440,20520|20731,20440 20548,20442 20677,20535 20550,20534 20529,20522 20520,20515 20517,20518 20527,20712 30377,20525 20776,20789 20841,20446 20536,20790|20790,20534 20536,20841 20525,20520 20550,20548 20776,20535 20518,20515 20446,20442 20527,20517 30377,20522 20789,20677 20731,20529 20712,20440|20534,20536 20446,20550 20515,20527 20535,20789 20517,30377 20522,20712 20529,20518 20841,20776 20442,20677 20520,20731 20548,20790 20440,20525|20522,20440 20712,20525 20517,20520 20550,20776 20677,20446 20515,30377 20442,20535 20790,20841 20518,20731 20548,20536 20529,20527 20534,20789|20677,20790 20776,20548 20535,20534 30377,20529 20731,20517 20520,20712 20525,20515 20789,20446 20527,20522 20536,20442 20841,20550 20440,20518|20548,20535 20520,20522 20446,20790 20536,20677 20550,20442 20841,20789 20525,20518 20712,20529 20731,20527 20515,20517 20440,30377 20776,20534|20790,20550 20677,20841 20442,20776 20529,20520 20517,20525 20518,20712 20535,20536 30377,20731 20522,20515 20789,20548 20527,20440 20534,20446
20676,20442 20677,20446 20436,20547 30375,30323 20543,20536 30376,20546 20445,20527 20443,20516 20867,20778 20515,20529 30378,20530 20548,20789|30323,20445 20536,20677 20527,20436 20529,30376 20546,30375 20530,20676 20442,20543 20547,20443 20778,30378 20516,20515 20446,20548 20789,20867|20515,30375 30323,30376 20516,20436 20548,20536 20677,20442 20789,20543 20445,20529 30378,20676 20547,20546 20778,20530 20867,20446 20443,20527|20543,20446 30375,20445 30378,20677 20676,20867 20536,20789 20442,20778 20529,20547 30376,20436 20515,20443 20546,30323 20530,20548 20527,20516|20867,20677 20446,20442 30375,20516 20789,20778 20547,20515 20543,30378 20443,30323 20527,30376 20436,20445 20530,20536 20529,20546 20548,20676|20676,20543 20436,20529 20778,20548 20446,20530 30376,30375 20546,20527 20516,20547 20536,20867 20677,20789 20445,20443 30323,20515 20442,30378|30323,20529 20516,20546 20677,20778 20536,20442 20547,20445 30375,20436 20543,20530 20515,20527 20789,20676 20443,30376 20867,20548 30378,20446|20546,20443 20527,30375 20529,20516 30376,20547 20778,20543 20442,20867 20445,20515 20676,20536 20530,20677 20548,30378 20446,20789 20436,30323
20535,20442 20551,20676 20536,20554 30377,20518 20794,20778 20515,30374 20543,20789 20841,20550 20523,20443 20529,20436 20546,20547 20445,20520|20436,20523 20554,20535 30374,30377 20520,20529 20443,20546 20676,20543 20789,20536 20550,20794 20778,20841 20442,20551 20518,20445 20547,20515|20778,20554 20676,20789 20443,30377 20841,20442 20551,20535 20794,20536 20546,20520 20518,20436 20529,20515 30374,20547 20543,20550 20445,20523|20520,20443 20546,20523 20436,30374 20554,20794 20515,20518 20547,30377 20529,20445 20550,20536 20841,20789 20543,20551 20535,20778 20442,20676|20523,30374 20536,20535 30377,20436 20520,20515 20676,20841 20778,20543 20443,20518 20442,20554 20547,20529 20789,20550 20445,20546 20551,20794|20554,20551 20536,20841 20515,20443 20794,20543 20789,20778 20436,20547 30374,20520 20535,20676 20523,20529 20518,20546 20550,20442 30377,20445|20550,20778 20520,30377 20547,20445 20546,30374 20518,20529 20551,20789 20443,20436 20543,20535 20515,20523 20554,20676 20442,20536 20794,20841|20536,20543 20529,20546 20778,20442 30374,20518 20436,20520 20523,20547 20841,20551 20789,20554 20535,20794 20676,20550 20445,20443 30377,20515
20712,20526 20442,20536 20436,20547 30376,20523 20841,20551 20790,20550 20530,20674 20443,20516 30378,20554 20534,20553 20529,20518 30374,20545|20551,20790 20523,20436 20547,20443 20518,30376 20674,20442 20545,20529 20554,20530 20550,30378 20553,20841 20536,20534 20516,20712 20526,30374|20551,20550 20841,20442 30374,20436 30376,20545 20443,20518 20547,20526 20712,20529 20536,20530 30378,20674 20553,20554 20534,20790 20516,20523|20529,20547 20526,20436 20674,20551 20712,30376 20550,20553 20545,20516 20523,20443 20518,30374 20790,30378 20530,20841 20554,20536 20442,20534|20436,20518 20529,20516 20553,20442 20536,20550 30374,20712 20547,30376 20551,20534 30378,20530 20841,20790 20554,20674 20523,20545 20443,20526|20530,20553 20526,20523 20550,20841 20545,20443 20534,30378 20442,20551 20674,20536 30376,30374 20516,20547 20518,20712 20790,20554 20436,20529|20554,20551 30376,20516 20790,20553 20841,20536 20529,20526 30374,20523 20530,20534 20545,20518 30378,20442 20547,20712 20443,20436 20550,20674|20518,20547 20553,30378 20674,20841 20551,20530 20516,30374 20436,30376 20712,20443 20526,20545 20523,20529 20442,20554 20536,20790 20534,20550
20545,30376 20547,20518 20554,30378 20443,20546 20550,20548 20445,20436 20676,20534 20527,20529 20517,20520 20789,20776 20790,20553 20795,20778|20529,20547 20520,20545 20548,20795 20518,20445 20546,20527 20778,20554 20776,20550 30378,20790 20436,20443 20534,20789 30376,20517 20553,20676|20547,20445 30378,20553 20778,20790 20518,20529 20554,20789 20527,20545 20795,20776 20550,20534 20548,20676 20517,20436 30376,20443 20520,20546|20436,20518 20789,20548 20527,30376 20443,20545 20445,20546 20547,20517 20529,20520 20554,20795 20534,20778 20676,30378 20553,20550 20790,20776|20520,20445 20545,20547 20778,20789 20553,20548 20676,20554 20529,20436 20776,20534 20517,20518 30378,20795 20790,20550 20546,30376 20443,20527|20545,20517 20546,20529 20518,20443 20548,20790 20445,20527 20550,20778 30376,20520 20436,20547 20795,20553 20534,30378 20776,20554 20789,20676|20789,20550 20676,20795 20534,20790 20554,20553 20529,20545 30378,20776 20436,20520 20547,30376 20517,20527 20443,20445 20518,20546 20548,20778|20527,20547 20776,20548 20778,30378 20790,20554 30376,20436 20545,20518 20795,20534 20553,20789 20445,20529 20550,20676 20546,20517 20520,20443
20841,20553 20436,20525 30378,20550 20515,20529 20530,20534 20794,20543 20442,20776 30377,20522 20676,20536 20516,30324 20440,20518 20545,30374|20543,20676 20518,20515 20529,20436 20522,20440 30324,20545 20553,20530 20550,20841 20534,20442 30374,20516 20536,30378 20525,30377 20776,20794|20442,30378 20515,20522 20436,30374 20676,20550 20776,20841 20530,20543 20529,30324 20534,20553 20518,20545 20536,20794 20516,20525 30377,20440|20794,20841 20676,20776 20442,20536 30378,20530 30374,30377 20515,30324 20525,20518 20522,20529 20550,20534 20440,20436 20543,20553 20545,20516|20530,20776 20436,20516 30324,20525 30378,20676 20529,30377 20553,20550 20522,20518 20543,20442 30374,20515 20534,20794 20841,20536 20440,20545|30324,20440 20518,20529 30377,20436 20776,20534 20525,30374 20794,20676 20516,20515 20550,20442 20553,30378 20536,20543 20841,20530 20545,20522|20440,20515 20534,20676 20530,20536 20436,20522 20545,20525 30374,30324 20794,20550 30378,20841 20543,20776 20516,20529 20442,20553 30377,20518|20529,20545 20776,30378 20515,30377 20553,20794 20525,20440 30324,20436 20676,20530 20518,20516 20550,20543 20522,30374 20841,20442 20536,20534
20440,20516 20446,20442 20789,20543 20712,20518 20551,20841 20436,20443 20776,20530 30376,20517 20676,20534 20547,20523 20546,20527 20535,20550|20518,30376 20530,20446 20550,20676 20517,20547 20527,20712 20442,20776 20443,20546 20516,20436 20543,20551 20534,20535 20841,20789 20523,20440|20527,20547 20789,20776 20551,20676 20517,20546 20543,20530 20518,20440 20523,20436 20712,30376 20516,20443 20535,20841 20446,20550 20442,20534|20440,20712 20550,20530 20534,20446 20551,20789 30376,20516 20443,20527 20546,20523 20776,20543 20676,20535 20547,20518 20436,20517 20841,20442|30376,20546 20534,20551 20516,20712 20517,20518 20443,20523 20446,20789 20776,20550 20527,20436 20547,20440 20530,20841 20442,20676 20543,20535|20436,20547 20440,20527 20523,30376 20550,20442 20518,20443 20546,20516 20712,20517 20535,20446 20676,20543 20530,20551 20789,20534 20841,20776|20436,20518 20535,20551 30376,20547 20712,20443 20676,20530 20516,20527 20546,20440 20517,20523 20446,20841 20442,20543 20550,20789 20534,20776|20523,20712 20841,20550 20527,20517 20551,20442 20440,20436 20776,20535 20530,20534 20518,20546 20443,30376 20543,20446 20547,20516 20789,20676
20545,20440 20527,20436 20794,20550 20442,20534 20547,20443 30377,20516 30323,20517 20553,20548 20530,20674 20535,20446 20778,20677 20515,20523|20550,20535 20677,20530 20534,20553 20440,20527 20548,20442 20523,20545 20446,20794 20443,30377 20674,20778 20436,30323 20517,20515 20516,20547|20516,20527 20523,20517 20548,20674 30377,20545 20446,20550 20794,20677 20515,20440 30323,20547 20443,20436 20442,20553 20535,20530 20778,20534|20517,20516 20794,20548 20515,20547 20534,20446 20545,30323 20530,20778 20550,20442 20527,20443 20436,30377 20674,20535 20440,20523 20677,20553|20534,20677 20523,30377 20446,20548 20527,20515 20553,20794 20545,20516 30323,20443 20547,20440 20436,20517 20550,20530 20442,20674 20778,20535|20674,20794 20547,20527 20440,20436 20443,20523 20530,20446 20548,20778 20677,20442 30377,20515 20517,20545 20535,20534 20516,30323 20553,20550|20527,20517 20446,20442 20534,20674 30323,20515 20778,20794 20535,20548 20443,20545 20530,20553 20516,20440 20550,20677 30377,20547 20523,20436|20548,20530 20517,30377 20794,20534 20545,20527 20436,20516 20440,30323 20442,20778 20553,20535 20677,20446 20674,20550 20515,20443 20547,20523
20520,20436 20789,20446 20515,20529 20518,30375 20676,20841 20523,20440 20548,20550 20547,30376 20516,20545 20790,20553 20554,20535 20442,20551|20529,20518 20446,20548 20440,20547 20551,20789 30376,20515 20550,20554 20545,20523 20553,20442 20535,20676 20841,20790 20436,20516 30375,20520|20553,20789 20535,20551 20550,20446 20548,20676 30376,20440 20554,20790 20518,20516 20520,20545 20841,20442 20515,20547 20523,30375 20529,20436|20789,20841 20790,20551 20548,20553 20545,20440 20516,30376 20515,20520 20436,20518 20523,20529 20442,20554 20676,20550 20446,20535 30375,20547|20547,20523 20841,20550 20676,20442 20551,20548 20554,20553 20520,20529 20545,20518 30376,20436 20440,20516 30375,20515 20446,20790 20535,20789|20442,20446 20553,20841 20550,20535 20440,20520 20551,20554 20547,20545 20790,20676 20529,30376 20789,20548 20516,20523 20518,20515 20436,30375|30375,30376 20841,20551 20520,20516 20550,20789 20529,20545 20518,20440 20436,20547 20515,20523 20554,20446 20676,20553 20548,20790 20535,20442|20545,30375 20789,20554 30376,20520 20440,20515 20523,20436 20442,20548 20516,20529 20446,20841 20547,20518 20551,20676 20790,20550 20553,20535
20789,20543 20550,20535 20554,20674 20445,30324 20516,20547 30323,20515 20553,20442 20536,20790 20517,20545 20436,20440 20551,20534 30376,20529|20674,20550 20515,30376 20440,20516 20442,20554 30324,20517 20534,20789 20529,30323 20547,20436 20535,20553 20545,20445 20790,20551 20543,20536|20547,20529 20545,20440 20550,20551 20554,20535 20436,20445 30323,30376 20534,20674 20515,30324 20442,20536 20553,20789 20517,20516 20543,20790|20536,20534 20529,20515 30376,20440 20516,20436 20517,30323 30324,20545 20551,20554 20445,20547 20535,20442 20790,20553 20674,20789 20550,20543|20515,20517 20440,20547 20545,20516 20554,20553 20442,20551 20534,20790 30323,20436 30376,20445 20789,20550 20529,30324 20674,20536 20535,20543|20445,30323 30324,30376 20536,20535 20436,20517 20440,20515 20547,20545 20543,20442 20553,20534 20516,20529 20551,20674 20790,20550 20789,20554|30376,20516 20529,20436 20517,20547 20790,20535 20536,20554 30323,20545 20551,20789 20442,20674 30324,20440 20534,20550 20553,20543 20515,20445|20445,20517 20543,20551 20554,20790 20440,30323 20550,20442 20535,20534 20789,20536 20516,20515 20545,20529 20547,30376 20436,30324 20674,20553
20530,20543 20789,20674 20526,20527 20523,20545 20712,20443 20534,20776 30378,20551 20536,20550 20436,20529 20794,20548 30323,30377 20547,20517|20548,20530 20674,20536 20529,20526 20527,20712 20543,20789 20443,30323 20776,20794 20517,20523 20551,20534 20545,20547 30377,20436 20550,30378|20548,20551 20530,20776 20789,30378 20443,20523 20526,30377 30323,20547 20674,20550 20536,20543 20527,20545 20794,20534 20517,20436 20712,20529|30378,20536 20712,20517 20550,20789 20534,20530 20436,30323 20776,20548 20545,20443 20547,30377 20529,20527 20543,20674 20551,20794 20523,20526|20789,20534 20526,20545 20551,20674 20536,20530 20794,30378 20548,20550 20527,20547 20529,20523 20543,20776 20443,20436 30323,20712 30377,20517|30378,20543 20545,30323 20534,20536 20776,20789 30377,20443 20547,20529 20523,20712 20530,20551 20436,20526 20550,20794 20674,20548 20517,20527|20527,20443 20674,20776 20550,20530 20551,20789 20794,20543 20517,30323 20529,20545 20523,20436 20712,30377 20547,20526 20548,20536 30378,20534|20436,20527 20776,30378 20526,20712 20545,20517 20536,20794 30323,20529 30377,20523 20534,20550 20543,20551 20530,20674 20789,20548 20443,20547
20440,20522 20547,20527 20436,20518 20674,20841 20554,20536 20530,20446 20790,20535 20550,20551 30323,20529 30377,20546 20789,20534 20515,20443|20535,20789 20443,30323 20546,20440 20527,20436 20529,30377 20522,20515 20551,20674 20536,20790 20534,20530 20841,20550 20518,20547 20446,20554|20436,30377 20674,20550 20790,20534 20841,20551 20535,20446 20443,20522 20529,20546 20536,20789 20515,20518 20554,20530 20527,20440 20547,30323|20522,20547 20518,20529 20789,20841 20550,20536 20554,20535 20446,20790 20546,30323 20515,20527 20551,20534 30377,20443 20674,20530 20440,20436|20534,20536 20522,30377 20440,20515 20841,20790 20546,20547 20446,20674 20551,20789 20529,20527 20443,20518 30323,20436 20530,20535 20550,20554|20547,20443 20518,20546 20536,20841 20530,20551 20527,20522 30377,20515 30323,20440 20436,20529 20790,20554 20534,20446 20789,20550 20535,20674|20841,20530 20440,20518 20550,20534 20551,20554 20522,20529 30377,20527 20789,20446 20674,20790 20515,30323 20546,20443 20436,20547 20536,20535|20535,20550 30323,20522 20530,20536 20790,20551 20547,20440 20443,20436 20446,20841 20527,20546 20534,20674 20529,20515 20518,30377 20554,20789
20518,30377 20841,20446 20515,30324 20867,20790 20443,20731 20445,20525 20536,20442 20440,20712 20778,20534 20674,20554 20529,30323 20794,20535|30324,20529 20790,20536 20535,20841 20534,20794 20731,20445 20554,20778 20712,20518 20446,20867 30377,20443 20525,20515 20442,20674 30323,20440|20440,20525 20867,20536 20778,20841 30377,30323 20794,20674 30324,20712 20446,20554 20529,20731 20515,20445 20518,20443 20790,20534 20535,20442|20554,20790 20534,20446 30323,20731 20442,20778 20443,20712 20536,20794 20674,20535 20529,20518 20525,30324 20445,30377 20841,20867 20440,20515|20794,20554 20712,30323 20731,30377 20515,20443 20525,20529 20867,20674 20442,20534 20778,20535 20518,20440 20790,20446 30324,20445 20536,20841|20712,20529 20731,30324 20445,20518 20554,20536 20841,20442 20535,20790 20443,20525 20534,20867 20674,20778 30377,20440 20446,20794 30323,20515|20446,20674 20445,20712 20529,20515 20440,30324 20535,20867 20554,20442 20525,30377 20790,20778 20536,20534 20443,30323 20794,20841 20518,20731|30324,20443 20731,20440 20442,20446 30377,20529 20712,20525 20778,20794 20515,20518 20867,20554 30323,20445 20841,20790 20534,20535 20674,20536
20545,20518 30378,20789 20776,20534 20546,20516 20550,20442 20517,20520 20529,30377 20778,20530 20674,20841 20553,20554 20443,20436 20522,20547|30377,20443 20520,20545 20518,20546 20841,20553 20554,20674 20547,20517 20534,20778 20442,30378 20530,20776 20516,20529 20789,20550 20436,20522|20520,20443 20530,30378 20550,20534 20517,20436 20776,20841 20545,20529 20516,30377 20547,20518 20789,20778 20442,20554 20546,20522 20674,20553|20517,20516 20522,20545 20841,20442 20529,20518 30378,20776 30377,20520 20554,20789 20778,20674 20436,20547 20443,20546 20534,20530 20553,20550|20443,20516 20547,30377 20778,20554 20545,20517 20518,20522 20436,20529 20674,20442 20776,20550 20520,20546 20530,20841 20789,20534 20553,30378|20522,20443 20841,20789 20518,20436 20529,20520 30377,20517 20534,20553 20554,20530 20550,20778 20442,20776 30378,20674 20516,20545 20546,20547|20529,20522 20789,20776 20534,20674 20530,20553 20443,20545 20516,20547 20554,30378 20550,20841 20778,20442 30377,20518 20520,20436 20517,20546|30378,20550 20546,20529 20841,20778 20553,20789 20518,20443 20776,20554 20547,20520 20522,20517 20545,30377 20674,20530 20442,20534 20436,20516
