30124,20206 20085,40057 20199,30379 20267,20113 40043,20032 20204,20252 20137,30391 20070,30257 40049,40048 20205,20201 40060,40055 30387,40047 40062,30382 40065,20185 40056,30388 30253,30393 40061,30195 40042,30285|40048,30253 30393,20085 20252,40060 20185,30387 20206,20267 30382,40042 20201,40049 30257,40065 30285,40062 40047,40056 40057,20199 20113,20137 30391,20204 40055,30124 30195,20070 20032,20205 30379,40043 30388,40061|40062,30387 20267,20252 20137,20206 30285,40056 30379,30253 40048,40065 40060,30393 30382,20204 20070,20199 30124,40043 20032,20201 30388,30195 30391,40042 20205,30257 20185,20113 40049,20085 40057,40047 40055,40061|40043,40049 30253,20070 20199,40048 40056,30391 30257,30379 30387,30124 40047,20205 20204,20185 20206,40055 20113,30382 30393,40062 20085,30285 20252,20032 20201,30388 40042,20267 40065,20137 30195,40060 40061,40057|30124,30393 20267,40055 30195,20204 40065,30253 30388,30387 20199,20206 40061,30391 20252,40057 20085,20032 40056,30382 30257,20185 40060,40042 30379,40049 20113,40062 30285,20201 40043,20205 40048,20137 40047,20070|30382,30388 20137,30379 40062,40048 20185,40047 30387,20085 30253,30285 40049,30257 20204,40060 40055,20113 20201,40043 20205,20252 20032,40056 30391,20267 40042,30195 20206,40061 30393,20199 20070,30124 40057,40065
20201,20119 40043,30258 20961,40064 20204,20208 30256,30395 20206,20212 20091,20202 30394,20606 30385,30380 20200,40060 20250,30386 40044,20265 30285,20137 30124,40057 40046,30381 40055,30392 20032,40053 20070,40048|20212,40055 30380,20250 20202,30285 40048,40046 20208,30124 40057,20091 30381,20201 20119,20961 20265,20032 20606,20204 40064,30394 30395,20200 30386,40043 40053,30385 30258,30256 40060,20206 20137,40044 30392,20070|30256,40046 20204,40048 20208,20606 40053,20250 40043,40060 20119,40064 40055,40044 20212,30381 20206,20091 30394,30395 30258,20137 20032,30385 30380,30386 20070,20200 20201,20961 20202,20265 40057,30285 30392,30124|40046,20202 30381,30392 30285,20206 20961,20204 40048,30394 40064,40043 40044,30380 20606,40055 20200,30258 30385,20208 20137,20212 30124,20119 20091,20032 20250,30256 30386,20201 30395,20070 20265,40057 40060,40053|40055,30258 20208,40048 20200,30381 20119,20606 30256,30394 40057,40046 30386,40044 30395,20212 20137,20070 20265,20206 30392,30285 20202,40043 20961,30124 20204,30385 40053,20201 20091,30380 20032,20250 40064,40060|30385,40057 20070,30256 30380,20265 40043,20032 30381,20137 20206,40064 40048,30395 20201,20208 40046,20119 30124,40053 20606,30386 30394,20202 40060,20091 40044,20961 20212,20204 30285,40055 20250,20200 30258,30392
40057,30258 20961,20206 30392,30388 20037,20606 40042,30393 20267,30380 30385,30384 40059,30257 20144,30395 30286,40055 20210,20212 40048,40044 20070,20085 30389,40053 40058,30259 20252,20113 40047,30382 30124,40061|30257,20961 40053,30124 30258,30286 20113,40047 30380,20144 30384,40057 40044,30392 20085,40048 20212,20070 30388,40042 40061,30385 30259,20210 20206,20037 30382,20252 30393,20267 40055,40059 30395,40058 20606,30389|30258,30385 30257,40057 20212,30382 30380,40055 20606,20961 20144,20210 40042,40047 20267,20113 40059,20252 40058,30392 40048,30388 40044,30395 30389,30259 20070,40061 30384,20085 30393,30286 20037,30124 40053,20206|20113,30393 20085,30257 30286,30384 40061,40053 30395,30380 30385,20606 30382,20037 30124,30389 20206,40042 40047,20267 40057,40059 20210,40048 40055,20212 30388,30258 20252,40044 30259,20070 20961,40058 30392,20144|30286,30395 40058,20606 20037,40059 30258,20070 20961,20267 40057,30124 20252,30389 30384,30388 40053,40047 30392,30257 30380,20206 20212,30259 20113,40042 40055,20144 40044,20085 30382,30393 30385,40048 40061,20210|30395,30385 20085,30286 30393,40055 20210,20252 40048,40058 20267,40044 40042,20212 30124,20961 20070,40053 30259,40061 20606,40057 20206,30392 40059,30384 20144,20113 30257,30380 30388,20037 40047,30258 30389,30382
40042,40052 40045,20057 40054,20206 20091,40048 20144,20961 40064,30390 20265,30391 40053,20250 20119,30383 30389,30387 30286,30382 30258,20202 20037,40058 20606,30380 30393,30254 30124,30259 20199,40056 40061,40060|20250,30124 30391,20037 40048,40042 30383,40054 30387,40053 20206,30389 20057,20119 20202,30393 40052,40064 40056,40045 30380,20199 20961,20265 40060,30286 30259,40061 40058,20144 30254,20606 30390,30258 30382,20091|40045,20961 20250,30383 40048,30380 30286,40052 30254,20206 40058,30382 40060,40054 40056,20265 20037,40042 30124,40053 30259,30258 20199,20606 30390,20119 30393,20144 20091,30387 40064,20202 30389,20057 40061,30391|20206,20091 40042,40061 30383,40064 40053,40058 30387,30286 30258,40048 20057,30259 20606,40060 20144,20037 30382,30389 40054,30393 30380,40045 20265,30254 30391,40056 40052,20199 20119,30124 20961,30390 20202,20250|30380,30286 30382,40045 20606,20202 30390,30124 30387,20199 20265,20037 30393,40064 40054,30389 40056,20057 30254,30391 40052,40060 20250,20206 20144,30258 20091,40061 20961,40048 40042,30383 40053,20119 30259,40058|40060,30254 30391,20250 40045,30387 20037,20091 40048,40056 40061,20144 20202,40054 30124,40042 20119,20961 30383,20265 30258,30393 40058,30390 20057,40052 30286,20606 40064,40053 20206,30259 20199,30382 30389,30380
20267,40057 40062,30380 40054,20070 20250,30258 30382,30392 20203,30383 20085,40052 30259,20606 30394,20206 30256,20210 30385,30286 20201,20144 40065,30253 20208,30395 20119,20032 40066,40045 20212,20199 30386,30120|30120,40062 20199,20119 20070,40065 20032,40066 20206,20267 40052,30385 30253,20201 30395,20203 20606,30382 30258,20208 20144,30386 40057,30394 40045,20250 30286,30256 20210,40054 30380,20212 30392,30259 30383,20085|20206,40066 30395,30394 30120,40052 20032,30258 20070,20208 30392,40045 30385,20144 20119,20212 20201,20210 30259,20199 30256,20203 40057,40065 30386,30253 30286,20250 30382,40054 20606,20085 20267,30380 30383,40062|20250,30382 30380,20119 40054,30259 40052,30383 40066,20267 40065,30385 20144,20070 30394,30256 20212,20201 20085,30395 40045,30286 20208,30120 20203,20206 30253,30392 20199,30386 30258,40057 20210,20606 40062,20032|20606,30394 20119,30120 30385,30386 20208,30286 30256,40066 30259,40065 20201,20267 20203,40057 20032,40045 20070,20206 20250,20144 20210,20199 30382,30383 40054,30380 20212,30395 40052,30253 30392,20085 30258,40062|40057,20606 30395,30258 30120,20212 20085,20203 30394,20208 30383,30259 20267,20032 30380,20250 40062,30385 40065,20210 20199,30392 30253,20070 30386,20201 30286,20119 40045,40054 20206,40052 40066,30382 20144,30256
20200,20606 40050,40065 30379,40060 40058,40042 40052,20252 30393,20137 20091,20205 20210,30195 30254,20267 20057,40066 40049,40057 20204,30257 20037,30285 20961,20212 30256,30390 20119,20208 30259,30120 30381,30383|20212,20119 40060,20200 20252,40049 30257,30381 20137,40052 30195,30256 40066,20210 30285,30379 30383,30254 40042,20961 40057,30259 20267,20037 40065,30393 30390,40058 30120,20091 20606,20057 20205,40050 20208,20204|40057,30381 20057,40058 40060,40065 30120,30254 30195,30393 20119,30383 20208,30256 40052,20200 30285,20961 20252,20205 20037,30390 20212,30379 40066,30257 40049,20204 20267,40050 30259,20091 20210,20137 20606,40042|40050,20606 30381,30285 20961,20119 30379,20057 20205,40049 30256,30120 30393,20208 30383,40052 40058,20210 20091,20037 30257,20267 20204,30195 40065,20252 40042,20212 30254,40060 20137,40057 20200,40066 30390,30259|20606,40065 30393,20205 30195,20057 20119,40049 40050,40042 20091,20204 30256,40060 30381,20137 20037,30254 20208,20252 30390,20212 20200,20267 40058,30257 40066,30383 20210,30379 30120,40052 30259,20961 30285,40057|40057,30393 20961,30390 20252,20606 40052,40058 40042,20208 30383,20210 40049,40066 20057,30256 20137,20119 20205,20200 20212,30120 40060,20091 30254,30195 30257,20037 30379,30381 20267,30259 40065,30285 20204,40050
20250,40043 30256,20091 30194,30124 40044,30381 40059,30383 30259,40062 40058,40042 30285,20208 20037,40048 20113,20137 20204,40066 20199,20267 20212,30390 40046,20070 30380,40052 30195,30387 40055,20185 20206,30394|40042,20199 30381,20204 20208,40044 40062,20113 20137,20250 20070,30194 40043,40046 40048,40058 30124,30380 30390,40055 20267,20037 20091,20206 20185,20212 40052,30259 40066,40059 30394,30285 30383,30195 30387,30256|40042,20037 40046,30380 20070,30394 30387,20137 20113,20208 40044,40055 20267,30124 20206,40043 20204,40052 20199,30194 30390,20185 40058,20091 30259,20250 20212,40066 30256,40048 40062,30285 30383,30381 30195,40059|30124,40042 30380,20199 20037,30390 20250,30256 20137,30383 40048,40062 20091,20204 40052,20212 20208,20267 30194,40044 30285,30195 40066,30387 40059,40046 30381,30259 20185,20206 40055,20113 40043,20070 30394,40058|40059,20137 30285,40048 20208,30383 30124,30195 30387,20206 30394,40042 30259,40055 20204,20199 20212,40044 20267,30390 40062,40043 20250,40046 30381,20113 30380,30194 20070,20185 40058,40052 20037,20091 40066,30256|40052,20070 30390,30380 30195,20037 30256,30394 30194,30259 40048,30387 20137,20212 20185,20250 20199,40058 40042,20208 40044,20204 30383,40062 40043,30381 20206,40059 40055,30124 20113,30285 20091,40066 40046,20267
20606,40051 40059,40046 40052,30395 30384,20200 40064,40062 30379,30286 20203,20212 20057,30120 40048,20267 30256,20119 40049,30386 40057,40058 30381,30393 20085,40042 30387,20144 30390,20202 20204,20032 20250,40054|20032,40059 20119,40057 30120,40064 30395,20606 30393,30379 40042,20203 30286,40052 40046,30390 40062,30384 40058,20057 40051,20250 20212,30256 20144,20204 20202,40048 40054,30387 30386,30381 20200,40049 20267,20085|20250,40057 40048,40052 20606,20202 30120,30386 40049,20085 20212,20057 30256,20267 20119,20032 30384,40051 30379,30395 30393,40058 30381,40054 40062,40059 40042,20200 20203,20204 30387,30390 30286,40064 20144,40046|20200,20606 20267,30120 20032,30387 30386,20144 20085,30286 40064,40048 40054,20119 40052,30256 20057,20250 40059,20203 20202,30379 40058,40049 20204,20212 40057,40062 40046,30384 30390,40042 40051,30381 30395,30393|30256,40049 20212,30390 30381,20119 30387,40057 20032,20203 30386,40051 40058,20204 40052,30393 30395,40048 20267,40064 20606,40046 20200,20250 30384,20057 40059,30379 40054,40042 20144,20202 30120,30286 20085,40062|30393,20032 40062,20144 20203,30384 40057,30395 20119,40052 40046,30120 40048,40054 30286,40059 20057,20085 20204,20267 40064,20606 20250,30381 40049,20212 40051,40058 20202,30386 40042,30256 30379,30387 30390,20200
20606,40063 30381,40061 20265,20032 40052,30253 30380,30256 40056,20137 30120,20113 40062,20057 20250,40045 30195,40044 30387,30385 30394,20205 30257,30389 30391,40042 40058,20085 20202,20961 40048,20204 30286,20208|40045,30394 20204,30195 30253,30380 20205,30257 30256,40056 20085,30391 20961,20265 40063,20250 40044,40062 20113,30286 30385,30120 20208,40048 30389,40058 20057,30381 20137,20606 40061,20202 20032,40052 40042,30387|30385,40058 30256,40062 20265,30391 30253,30389 30120,20208 40052,20250 40048,20205 30286,30381 20204,20057 20606,40045 40042,40044 30257,40063 20961,20113 40061,40056 20032,20085 30394,30387 20202,20137 30195,30380|40045,30257 30389,20265 20208,20202 30391,20961 40063,30286 20137,30385 20250,30256 40056,30120 40062,20204 20057,40048 40058,40052 40044,30253 30380,20606 20085,40061 20205,20032 20113,30394 30387,30195 30381,40042|20961,40042 40061,30385 30286,40045 20113,20057 30256,30387 20606,30195 30257,20032 30389,40052 30120,30394 20202,40056 30391,40062 40058,30380 40044,20265 40048,40063 30253,20137 30381,20204 20085,20250 20205,20208|20208,20085 30380,30391 40045,40058 40042,20113 30195,30120 20204,30286 20057,30389 30394,20961 30387,20606 40062,30253 40063,30381 40056,40048 30385,20202 20137,30256 20265,40061 20032,40044 40052,30257 20250,20205
20205,30382 40060,30286 40058,30388 30120,40066 30394,40053 20137,30254 20206,20606 40054,20200 40048,20204 20267,20057 30395,20199 20202,30258 40046,20201 20208,20119 40065,30379 30390,20250 20091,30384 30391,20037|20201,20267 30382,30395 30384,20205 30258,40054 20037,40065 40066,20206 30254,30390 30379,30394 20606,40060 20200,30120 20057,20091 20199,40058 20250,40046 20119,40048 20204,20137 30286,20208 40053,20202 30388,30391|20206,20205 20200,30258 30382,20201 20119,30120 30379,20037 20202,20208 30254,20204 30286,30388 20057,40066 30390,40046 20091,40058 40065,30394 40048,20267 20137,20606 30391,40060 20199,20250 30395,40053 40054,30384|20205,20200 30394,20057 20208,30391 30258,30382 40060,40054 20037,20199 20606,30390 30384,20202 40058,30379 20267,30254 20201,20091 40053,20137 20204,20206 40046,40065 40066,30286 30120,40048 30388,30395 20250,20119|20037,20119 20250,40065 30390,30394 30120,30391 30258,20091 30254,40054 20137,20205 20200,30379 40066,40060 20267,30384 40048,40046 40053,40058 30382,20606 20199,20201 30395,20208 20206,30286 20057,20202 30388,20204|30286,20137 20091,30395 40046,20037 20204,20267 30394,30258 20202,30120 20205,40048 20119,30388 40065,30254 40060,20206 40058,30382 20606,20200 30379,20250 30384,40066 30391,20199 40054,20057 20201,30390 20208,40053
40051,20200 40058,20144 20119,40061 20032,40062 40055,30391 40059,30124 20206,20208 40045,20204 40048,30195 30285,20085 40050,20070 30257,20201 40066,20265 40042,30381 20252,40057 30385,30380 40044,20199 20185,30389|20085,20032 40061,40045 40062,40048 20199,40051 30380,30285 30381,40058 30195,40066 30391,30257 30124,40042 20265,20252 20144,20119 40057,30385 20201,20185 20200,40059 20204,40050 20070,20206 30389,40044 20208,40055|30391,20204 40062,40051 30285,40066 20144,40057 30385,20206 20208,20032 30257,20085 30389,30380 30381,40061 40048,20185 20119,20265 40050,40058 40059,40044 20070,30195 20200,40042 40045,40055 20201,20252 30124,20199|40042,40045 30380,30124 40044,20119 20185,30381 20204,20200 40061,20208 20032,30391 40055,20201 30195,30385 20085,30389 40058,40048 40057,40062 40051,20070 40066,40050 20252,30257 20199,20144 20265,30285 20206,40059|20185,30195 40055,40057 20119,40042 20252,40045 20208,40050 40062,40061 40048,30257 30124,30389 40059,20085 30381,20070 20032,20201 20144,30380 40066,40044 20206,20204 30385,40051 20199,30285 30391,20200 40058,20265|40044,30385 40057,20206 20201,40062 40045,20032 30285,40058 20085,30124 40061,20199 20265,30381 30195,20252 40050,30391 30389,20208 30380,40059 40051,40048 20070,40055 40042,20185 20204,20119 20200,20144 30257,40066
30392,30393 30256,30389 20070,40058 40064,20202 40065,20037 30383,20113 20252,40056 30285,20204 20144,20085 20265,30390 30120,30257 30194,30387 40057,40059 40063,40049 40051,30381 20206,30379 20961,20203 20208,20606|40059,40064 40056,20206 30393,30194 30379,30383 20037,30285 20203,20208 30257,20144 20085,20265 40058,30392 30387,20252 20204,40065 30390,40051 40049,30256 20202,40063 20606,30120 30381,40057 30389,20070 20113,20961|30256,40065 20203,40058 20606,20113 40049,40056 30257,40064 30381,20144 20070,20085 30389,20206 20961,40063 30383,40059 20252,20037 30393,30387 20202,30379 30285,30390 30392,30194 40051,20204 40057,20265 20208,30120|40059,20202 20037,30256 20144,20208 30194,40049 40065,30383 40058,30257 20206,20961 40064,30285 20085,20203 40056,20606 30379,30389 30387,20070 30120,30381 20265,30392 40063,20252 30390,30393 20113,40051 20204,40057|20204,20606 20206,20202 40056,30389 40059,30120 20070,30390 20144,30194 30383,30285 30381,20252 20037,40057 40049,20113 30257,30379 40063,40065 20203,40051 30387,40058 30256,20208 30393,20085 20265,20961 30392,40064|20252,20204 20961,30256 20113,30257 30390,20203 40058,20144 30194,20070 30285,40059 30379,40049 40051,30387 30120,20206 40057,30393 20208,20265 30389,40063 40064,30383 20606,30392 20202,20037 40065,40056 20085,30381
20267,30393 20144,20204 40048,30259 30386,20202 30379,20199 20091,40056 20252,30390 20212,40064 20032,40049 20200,30120 30285,30256 40066,40047 30392,40042 30395,30383 30382,40061 40060,20119 20606,40054 20057,40052|40054,40060 30383,30392 40061,30379 40049,30285 30120,30395 40042,20267 40047,20057 30256,20212 40052,20252 30393,40048 20199,40066 30259,20606 20204,20032 40064,20091 20202,20144 30390,30386 20119,30382 40056,20200|40049,30382 30383,30259 30120,20057 20204,40048 20091,20212 30285,20199 20267,20032 20252,40047 40066,40042 30393,30390 20606,20200 40060,40052 40061,30395 40056,30392 20202,20119 20144,40054 40064,30256 30386,30379|30259,40066 30382,30120 20032,20606 20199,30393 30392,40064 20200,20267 40054,40061 20119,30383 40042,20204 40048,40049 30390,40060 30379,20091 30256,20202 30395,20144 40052,30386 20057,20252 20212,30285 40047,40056|30382,30259 40054,30386 20202,40048 20606,30392 20144,30383 40052,20200 30120,20252 20267,40056 30395,20119 30379,30256 20032,40066 40047,40064 30285,30390 20204,40061 20091,20199 30393,20057 40060,40042 20212,40049|30390,20032 20119,30285 40048,30120 30386,20212 20057,20091 20252,20267 30383,40054 40066,30393 30256,40060 40061,20202 40042,20606 40064,20144 40049,30379 30259,20204 30392,40052 20199,40047 40056,30395 20200,30382
30258,20267 20113,40046 30285,30383 30381,30387 30379,30124 20252,30388 30391,20037 30394,40058 30257,40042 20091,40050 20137,30389 20961,40057 30386,40055 40048,30393 40056,40049 20070,20185 20210,20202 20200,30259|20202,30386 30259,30379 30393,30381 40057,20137 30389,20200 30387,20113 30388,30257 20185,20961 40055,20252 40049,30285 40042,20210 20267,30394 40046,30391 20037,40056 40050,30258 30124,40048 40058,20070 30383,20091|40050,30386 30259,30389 40049,20202 30258,30285 40058,30388 30394,20113 20185,40046 30393,40057 40048,20091 40042,40056 20252,30391 20961,20037 20070,30257 40055,20137 30381,20210 30124,20200 30387,20267 30379,30383|30389,30394 30257,40058 40056,30381 40057,40049 20137,20070 20267,40050 40046,30259 20200,40048 20210,30387 20113,30124 20202,30379 30388,30393 20091,30258 30383,40055 20037,40042 30391,20961 30285,20252 30386,20185|40049,30387 20091,20037 30257,30391 20210,20200 30381,30124 20137,30285 30383,40050 40058,40055 30386,30259 20267,40056 30388,20961 40042,30389 30258,30394 20113,20202 30393,20070 40046,40048 40057,20252 30379,20185|30387,40042 20200,20113 40048,30379 20070,30388 20185,30393 40056,30258 40055,20210 30394,30386 20961,40058 20037,20267 40050,40046 20202,30381 30391,30383 30259,20137 30389,40049 30285,30257 30124,40057 20252,20091
20606,20113 20252,40051 30381,20085 20265,30383 20200,40060 30385,20210 30390,20137 30389,30393 40056,30286 40050,30392 30257,20206 20037,20204 30386,30120 30394,30384 20205,30380 20070,40054 20961,40046 30259,40049|30383,20037 20206,20070 20210,20200 20113,20252 20204,30259 40054,30386 30120,20961 20085,30394 30380,20265 40046,20606 30392,30389 40049,30257 40051,30390 40060,40056 30286,40050 30384,20205 30393,30381 20137,30385|40060,20137 20206,30392 20200,40050 30381,30383 20265,20070 30259,20113 30384,20961 20205,40054 20210,30389 30120,30385 30380,20204 20252,30393 20037,30386 30257,20606 30394,40056 40051,30286 40046,30390 20085,40049|20204,20206 40054,20265 30286,20200 20606,30384 30392,40060 40050,30394 30386,40051 40056,30381 20113,30380 30393,20037 20961,20205 30385,30259 20070,30120 20137,20210 30390,30257 40049,40046 30383,20252 30389,20085|40054,20210 30120,30383 40046,30389 20113,40056 30286,20137 20206,20265 30381,20200 40060,40050 30384,30386 30390,30259 30394,20204 20205,30385 20037,30392 40049,30380 20085,20070 20252,20961 30257,30393 20606,40051|30392,30381 20265,30257 30380,30120 40051,30394 20200,20606 40056,20206 20204,40049 20070,20205 20137,20037 30383,40060 30259,30384 20210,30390 40050,20113 30386,20252 20961,20085 30393,40054 30385,40046 30389,30286
30257,40057 20606,30124 30386,20070 30379,30258 20199,40058 40045,40059 30388,40062 20144,20200 30381,30391 30385,30387 20032,30395 30285,20113 20203,20085 20265,40061 30194,20205 20210,20250 40049,40042 20208,30393|30387,20199 20205,20208 40042,20606 30258,30386 40061,40045 30391,30379 20070,20144 30395,30257 40062,30385 20200,40049 30393,30285 20085,20032 30124,30388 20250,30381 40057,30194 20113,20265 40059,20210 40058,20203|30391,40059 20250,20032 20265,40058 20070,20210 30393,40042 20205,30124 30379,20606 30385,40057 30258,40062 20203,30386 20085,20199 30194,30395 40045,20113 40049,30387 30388,30285 20144,40061 30381,30257 20200,20208|40042,20265 30386,30385 30257,30379 40059,20144 20606,30194 20032,30381 30395,30391 20210,20203 40057,20085 30124,20250 40058,40049 20113,20205 20199,30258 30387,30388 40061,30393 40062,20070 30285,20200 20208,40045|20250,30194 30386,30387 40057,30124 20085,30391 20210,30379 20070,30258 20606,20113 20265,20208 40062,40049 40045,30395 20205,40042 30393,40059 30285,30385 40058,30381 20200,40061 20199,20203 20144,30257 30388,20032|30385,20606 40061,20205 40059,30285 40042,20250 30258,40045 20203,40062 30395,30388 30379,40057 30124,30386 20113,30393 20208,20085 30194,20265 30381,20210 40049,20070 30257,20200 20032,40058 30391,20199 30387,20144
20204,20203 30286,20185 40054,30120 40048,40044 30388,40059 20267,20032 30195,30381 40066,20208 40050,40064 20091,20137 30380,40045 20070,20200 30257,40063 30383,30395 20252,40058 20205,30389 20119,40057 40053,20961|30120,20252 40045,20119 20208,30195 20032,30257 20200,20204 40044,40066 40064,30286 40057,40050 30389,40054 40059,20091 30381,20205 40058,30388 20961,20267 20203,30380 20185,40048 30395,40053 40063,20070 20137,30383|40054,20200 20032,20203 40058,30195 30388,40063 30395,20070 40064,30120 20252,30380 40059,40066 40057,20185 20204,40045 30383,40053 20119,20961 30257,20267 20205,40048 20091,40050 30389,30286 40044,20137 30381,20208|40066,20205 20267,40057 20203,30381 40050,20252 20185,20091 30195,20119 40045,40059 40053,40058 20200,30388 20208,30383 40048,20032 20961,30257 40063,30395 30120,30389 30380,40064 20070,40054 20137,20204 30286,40044|20204,20205 30120,30195 20091,40053 30286,20032 40059,30257 40057,40048 20070,30380 20252,20961 30389,20119 40064,40054 40044,20208 40050,30383 40045,30381 20137,40066 20267,30388 40058,20203 20200,30395 20185,40063|30195,20252 40054,40045 20205,20137 30395,30120 30388,20091 30380,30389 30257,40058 40048,20267 20961,40059 40063,40044 20119,40064 20203,40057 40053,40050 20208,20204 30381,20200 40066,30286 20032,20070 30383,20185
20267,30195 40064,20204 40056,30385 30382,40053 20208,20606 30256,20113 20144,40054 20032,30379 40061,20203 40044,30391 20091,30386 40043,40065 30394,40049 20210,40052 30253,40051 30285,20250 30120,20199 20057,20205|40049,20267 40051,40064 20204,40044 20113,20032 40065,30253 30195,20210 20250,40056 40052,30256 20205,30394 30391,40061 30379,40043 20606,20144 40054,20208 40053,20057 20203,30285 30385,30382 20199,20091 30386,30120|30391,20091 40064,20606 20205,30256 30120,40054 40056,40051 40049,40053 40043,20057 30195,30394 20113,40065 30253,20267 20250,30379 30285,20144 20208,30385 30382,20032 20199,20204 20203,40044 20210,40061 40052,30386|20267,40064 40061,30382 30379,20203 40044,30253 40054,20210 40053,20199 20057,30195 30256,30285 20144,40052 20204,20208 30386,30391 30394,20113 40065,40049 20091,40056 20606,30120 20032,20250 40051,40043 30385,20205|30382,20204 30379,30391 20057,20091 20606,40044 40056,30256 30386,30285 20210,40065 20205,40053 30394,20208 20203,20113 40052,40061 40051,20144 20199,30253 20267,30120 30385,20250 30195,40043 40064,40054 20032,40049|20113,20210 30256,30382 30285,20205 40049,30195 30391,20199 30253,20057 20144,30385 40065,30394 20204,20606 40044,30386 40043,20203 20091,20267 40061,20032 40054,40056 30120,40064 40053,40052 20250,40051 20208,30379
20265,20205 30389,30254 40058,30259 30381,30124 20210,20206 20185,40057 40042,30258 20032,20202 20085,20137 30256,30391 40047,40059 30195,40044 40063,20252 30395,30285 30379,20057 40053,40062 30257,40066 40051,20119|20119,30257 20137,40053 30254,30256 20057,30195 20206,30379 30259,30389 30258,40058 20202,20265 40066,30395 40044,20085 40062,20032 20252,40051 20205,40042 40059,20185 30124,20210 30285,40047 30391,40063 40057,30381|20137,40057 40063,40047 30391,20210 40044,40051 20202,30254 20119,40066 20206,40053 30381,20205 30285,20185 30124,40058 20032,20252 40042,40059 30195,30258 30389,30256 20265,30379 30259,20085 40062,30257 30395,20057|40051,30391 40066,40044 20085,40063 30256,30285 30258,20137 40059,30389 20205,20206 40047,20202 30254,30124 20057,20119 20252,30195 40053,30395 30257,30259 40057,40042 40058,20032 30379,30381 20210,20265 20185,40062|30258,30389 30257,30195 20137,30381 40057,40058 40053,30379 20210,20085 40059,30256 30285,20032 40063,30254 20252,40062 20205,40044 40066,40051 20202,20206 40042,20265 30395,30259 20057,30124 20185,20119 40047,30391|30259,30285 40062,30395 20032,40042 20265,40047 40044,40053 30379,40057 40051,20185 30389,20137 30195,40063 30254,20210 30381,30258 30124,20252 20119,40059 30391,20057 30256,20202 40058,30257 20085,20205 20206,40066
20037,40064 20137,20606 30380,20961 30393,30389 30257,40047 20204,30386 30124,40055 30195,30286 40053,20252 40063,20085 30381,40060 40062,30384 20199,30391 40046,20119 30387,20070 40048,40057 20265,30259 30254,20206|40057,40063 20961,40046 40055,30387 30384,30254 20119,40062 20606,30393 20070,20204 20085,20265 30386,20037 30391,40053 30286,30380 20252,30124 40060,30195 30389,20137 30259,30381 20206,20199 40047,40048 40064,30257|20085,40055 40046,20265 40047,20070 20119,30286 20037,30195 40064,30124 30389,40053 30257,20606 30384,20252 20961,40063 30391,30387 30393,20199 40060,30259 20206,30381 20204,40048 40057,20137 40062,30380 30254,30386|20606,20206 30259,20204 40053,20037 30124,20119 20252,20085 30195,40057 20137,20961 40055,40064 40063,30391 30286,30389 40048,40062 30381,30393 30380,40046 20265,30257 20070,30254 20199,40047 30387,30384 30386,40060|20137,30381 30389,20206 20119,20199 30380,30386 30124,30393 20265,40063 30391,20070 30195,20252 40062,40057 30254,30257 30387,20961 40047,30384 20606,30259 20037,20085 40055,40060 30286,40048 40046,40053 20204,40064|40060,20606 30259,30124 30257,30195 40064,30389 20070,20119 20206,40055 40063,40047 20199,20265 30384,20037 30393,40046 30386,30387 20085,30380 40053,30254 20252,40062 20961,20204 40048,20137 40057,30286 30381,30391
20208,30285 40043,20250 30385,40062 40055,40045 40052,20091 30379,30394 30259,40053 20057,30386 20199,20113 40046,40060 30120,20203 30393,30383 40049,20202 30256,20185 40066,30387 20037,40058 20137,20200 30382,20265|30285,20037 40058,40043 20265,20199 20091,30379 30394,30120 40062,40055 20185,30393 20202,20208 30387,20137 20250,40046 20200,40066 40053,40049 20113,30259 40060,40052 20203,30382 30383,30256 30386,30385 40045,20057|30120,30259 40060,40066 40058,30382 30385,20208 20250,20057 20265,40055 40052,20200 20113,40046 30394,20037 20137,30383 20091,20202 20185,20199 30379,20203 40043,30256 40049,30285 40062,30387 40045,30386 30393,40053|20199,40058 20203,20113 30256,20265 20037,20137 30387,40049 40053,20185 20200,30379 40046,30385 30259,30393 20208,40060 40066,20091 40055,40052 30383,40045 20057,40062 20202,30120 30382,30394 30285,20250 30386,40043|40046,40058 20113,20057 20202,20185 20199,40062 40066,30393 20091,40053 30256,20037 30285,30385 30379,30259 30394,20250 40043,30383 40055,20203 20200,40045 30387,20208 40060,20137 40052,30382 30120,40049 20265,30386|30386,20199 40049,30394 30382,20091 30259,40052 20185,30120 20137,40055 20203,30285 20250,30387 40058,30256 30383,20200 40062,40060 20057,20265 40053,40066 20037,40043 20208,40046 30393,20113 30385,20202 40045,30379
40047,30380 20113,40061 20205,20185 40056,30390 20208,30392 30384,20144 40053,20206 40057,40059 30257,30124 20091,40048 30285,40054 20252,20037 20265,30194 40042,20057 40052,40064 30388,30381 40060,40046 20202,40043|20057,20208 20144,40060 40059,40053 30124,30384 30392,30257 40054,40047 40046,30388 30381,20252 20206,30285 40048,40056 30194,40052 40043,20205 30380,20113 20185,20202 20037,20265 40064,40042 40061,40057 30390,20091|40042,30124 30384,40056 40059,30381 20185,20252 30194,40046 40060,20265 20202,30257 20057,20206 40054,20037 40052,20113 40043,30285 30392,20144 30380,20208 40064,20205 40057,40047 40061,30390 20091,40053 30388,40048|30381,40061 40046,20202 20144,30194 30124,20185 40047,30392 40048,40052 20206,30388 30285,20091 40053,40042 30390,30384 40056,40054 20208,40043 20265,40064 30257,40059 20205,30380 20037,40057 20252,40060 20113,20057|40054,40064 20113,40056 40046,20205 40052,20208 20057,40059 40048,40043 30194,40042 30388,30257 30285,30390 20185,30380 40053,30392 20206,40057 20144,30124 20252,40047 40060,40061 30381,20202 20037,20091 20265,30384|40061,30194 30390,40048 40056,40052 20208,40053 40043,40060 20091,30388 40057,20265 40042,30381 40047,20113 20205,20037 30384,30285 30380,40054 30392,20252 30124,40046 40064,20057 20202,20144 30257,20206 40059,20185
30379,40066 20119,20144 20185,40043 20267,40047 20057,40051 30395,20250 40060,30383 40054,20212 30120,30286 40061,20204 30389,30392 20961,20085 30394,30258 20037,30391 30381,30385 20210,20201 40055,40058 40046,40048|40058,20037 30385,30395 20212,30381 20204,30120 40066,30394 40048,40061 40051,30379 30391,40046 20201,20119 30392,20185 40047,20210 30286,30389 40043,20267 20144,40060 20085,20057 30258,40054 30383,40055 20250,20961|30120,40058 30383,20037 40061,20961 30391,30394 30389,40046 30381,40054 30286,20250 30258,20267 40055,40066 20212,40051 30385,20201 20144,30379 40060,20210 20185,20204 40048,30395 20057,30392 40043,20085 20119,40047|30395,20119 30379,30385 30394,20144 40066,20057 40047,40043 20961,30120 20085,30389 20204,40055 20037,30258 20201,20212 20210,30381 20267,30383 30392,40061 20250,30391 40054,30286 40058,20185 40046,40060 40051,40048|30394,40055 20119,30286 20185,30258 20961,30379 40058,30392 30383,30381 40061,30120 30389,20201 20212,20037 30391,40051 20085,30385 40048,20057 40043,40060 40066,30395 20250,40046 20144,20210 40047,40054 20204,20267|20057,20250 30395,30389 40054,20085 20037,20204 30385,40047 30392,40043 20210,30383 30286,40061 30379,40058 30258,40066 40046,20144 30381,20119 30120,20212 40051,20185 20201,40048 40060,30391 40055,20961 20267,30394
30393,30385 20265,30285 30381,30390 40054,20037 20200,40050 30387,40053 20070,20201 40066,30256 40044,30120 30394,20113 20185,40052 20091,20210 30383,20205 40057,30254 20137,30380 20206,30386 30389,30388 30253,20250|20037,30387 30254,20265 30256,20137 30120,30394 40052,40057 20250,30383 20201,30381 30380,20206 20113,30253 30386,20200 40050,40066 40053,40044 30285,20091 30390,20185 30385,40054 30388,20070 20210,30389 20205,30393|30394,40052 20070,40057 30383,30285 30120,30389 20210,30254 30385,20037 20113,40053 20200,30381 20137,20206 20250,20201 30393,30387 20205,20265 40054,20185 30390,30253 40066,30380 30386,20091 30256,40044 40050,30388|30381,40054 40052,20113 30388,20210 20201,40050 20091,30390 30389,20070 40057,30383 40044,20137 30285,20250 40053,30393 20206,30385 30387,30256 20185,30120 30380,30386 30254,40066 20265,20200 20037,20205 30253,30394|40050,30285 20206,20210 20205,40052 30120,20070 30381,20113 30380,30387 30393,20091 30389,30253 30254,30388 30256,30383 20200,20201 20250,40044 40053,30390 40054,30386 20265,30385 20137,40066 20037,20185 30394,40057|20113,20037 20210,30393 30385,30381 40052,20265 20070,20137 40066,20250 30387,20206 40044,20205 20091,20200 30388,30380 30253,40054 30386,40050 30383,30394 20201,40053 20185,30256 40057,30389 30285,30254 30390,30120
30386,30380 20252,30286 20037,20085 20057,20606 30391,30394 40051,30389 40058,20200 30384,30388 20205,30382 30393,20208 40050,20199 30256,30383 30124,40064 20144,40045 40046,40053 40066,20267 40055,40062 20113,40048|30389,40046 40045,40050 40053,30384 30286,20205 30380,20144 20085,40066 30388,30391 20606,30124 40062,30256 20199,20037 20200,40051 20208,30386 40064,40055 40048,30393 20267,20113 30383,20252 30382,20057 30394,40058|30386,20037 20057,30389 40051,40058 20200,30382 30286,30388 30256,40055 40048,20252 40046,20205 40066,30124 20144,40050 20085,40053 30380,30383 30393,40064 40062,20113 30394,30384 20267,30391 40045,20199 20606,20208|30384,20085 40055,40048 40053,30380 40050,40062 40064,40051 30382,30386 20205,30256 20199,20267 30391,40066 30389,30393 40058,20057 30383,40045 30388,20606 30124,30286 20252,30394 20113,20144 20037,40046 20208,20200|20085,20252 40046,40066 20199,40064 40062,30394 20113,40051 30391,20606 40055,20208 20144,30256 30389,20267 30380,20205 40058,40045 30384,30386 20057,20200 30388,30382 30124,40048 20037,30383 40053,30286 40050,30393|40048,30388 20606,40055 30394,20037 30393,20113 30256,20199 30383,40050 30386,40058 20205,20085 20200,30380 20267,40046 40045,30391 40051,30124 30286,20144 20208,30384 40064,20057 30382,40053 40066,30389 20252,40062
40045,30383 30286,20202 30379,30393 40048,40063 30389,20203 30382,40042 40052,40044 20032,40065 20119,20606 20199,20144 40050,20057 20204,20201 40066,30124 20250,40056 30254,40049 20091,40058 20206,30253 20265,30387|30393,30254 20606,20199 40049,30379 30253,20032 40042,40052 40044,30389 20201,30286 20202,20250 30387,20206 30383,20119 40058,40066 30124,20091 40065,40045 20144,40050 40056,30382 20057,40048 20203,20265 40063,20204|20206,20119 30382,30389 20091,20202 20032,20204 20201,40056 20057,30254 40063,20265 40066,30383 40045,40050 40044,40049 30379,30124 40048,20144 30253,30286 20250,40052 20203,20606 40042,40065 30393,20199 30387,40058|30286,40042 40056,20203 30389,20201 20204,20206 20144,20091 40058,30393 30124,30253 20265,40048 30254,20250 40050,30387 20119,40044 40065,40063 30383,30382 40049,20032 20199,30379 40052,20057 20606,40045 20202,40066|40042,20119 30387,30254 40049,30253 30382,40052 40056,40048 40063,40050 20606,30389 40066,20204 30124,40044 30286,20144 20199,40065 30393,20202 30383,30379 20032,20057 20250,20265 20203,20206 40045,40058 20201,20091|30253,30393 40058,20199 20204,40049 40044,30286 40048,40042 40050,40066 20206,40045 20202,40056 20144,30124 30254,20203 20091,40063 40065,20201 20119,30382 40052,30383 30379,20606 30389,20250 20057,30387 20265,20032
40060,20250 40050,20210 20144,30394 30387,30380 40052,40061 30391,20113 40059,40054 20199,20057 20091,20032 40057,40053 30388,40065 30254,30383 20185,20208 20200,40043 20267,40066 30124,30285 40048,20202 40044,30382|20250,20200 30394,40050 30380,20185 40043,20091 20113,40044 20210,40059 40065,30124 20032,30254 20208,40057 20057,30387 30382,30388 40054,20267 40066,30391 40061,40060 40053,40052 20202,20144 30285,40048 30383,20199|40052,20144 40059,20032 30387,30124 30394,40048 20210,20267 20202,40066 40065,20185 30254,20250 30382,20199 40050,30383 30285,30391 40061,20091 20113,20208 30380,40057 40060,40043 40053,20200 20057,40054 40044,30388|40066,30254 20208,30387 20091,40060 40054,40050 20267,40061 20199,40044 20200,30394 30391,30380 40043,20210 40048,40065 30388,40052 40057,20113 20185,30285 20250,20202 20032,30382 20144,40053 30124,20057 30383,40059|20250,30394 30387,30285 40057,40043 40053,40060 20113,20210 30124,30382 30388,20032 20202,30380 20185,40054 40065,20144 40044,40048 20208,30391 20091,30383 20200,20267 40050,20057 40052,20199 40059,40066 40061,30254|40043,40050 30391,40059 40048,30387 20057,20113 30380,40053 30254,40044 20144,20200 20199,40057 40060,20208 20267,20202 20032,20185 30285,20091 40054,30124 30383,30388 20210,20250 30394,40065 30382,40061 40066,40052
30120,20085 40064,30380 30256,20204 30395,30286 40051,30392 20961,20057 20032,30259 40042,20210 30253,40057 20137,40060 20267,30386 40044,20200 20203,40056 20250,30393 30382,30254 20202,20205 30194,30258 20606,20119|30386,30395 20200,30120 30258,20137 20057,20203 30254,40064 30380,20032 20085,30253 30392,20961 20205,30382 20204,20250 20119,40044 30393,40051 20210,20267 30286,20606 40060,40042 40057,30194 30259,30256 40056,20202|40060,30254 30380,40056 20200,30286 30392,20267 20961,20202 20606,30194 30386,20032 40051,20057 20137,30395 20205,30253 30259,20250 20204,30382 20085,40042 30258,20203 40044,30120 30393,20119 30256,40057 20210,40064|30194,20210 40057,30393 30286,20205 20057,20137 30382,30259 20203,40051 40056,20606 20032,20085 20202,20200 30253,30386 30120,30380 30395,20961 40042,20204 20267,40060 40064,30258 20119,30392 30254,30256 20250,40044|40064,40060 30382,20606 20119,20204 20057,30254 20032,20250 20202,20085 30256,30253 30258,20267 20203,30386 40056,30395 30380,20200 20961,30286 30392,40042 40044,40057 40051,30259 30393,20210 20137,20205 30194,30120|30386,20202 20210,20057 40057,20032 20085,30256 40042,30382 20267,20119 30253,30194 30254,30258 40060,20961 20200,20137 30395,30392 30286,20203 30259,40056 30120,30393 20606,40064 20205,40044 20250,40051 20204,30380
20113,30382 40062,30385 40059,30253 30379,30395 20085,20144 40042,40049 30394,30194 40057,30387 30389,20265 40061,30393 30259,30285 20070,20210 30120,20204 40048,20606 20250,40050 40052,20037 40055,40046 40054,30257|40050,30389 30382,40054 30387,40052 20204,40062 30257,30394 30194,40055 20144,40057 40046,20250 30253,40042 30393,20113 30395,40048 20606,30379 20265,20070 20037,30259 30285,40059 40049,20085 30385,30120 20210,40061|30394,40042 30382,40061 30379,20210 20265,30120 30393,30253 20144,40059 30387,40055 30385,20250 30194,20113 40048,30389 40050,20085 20037,20606 40049,20204 40054,40052 40046,30259 30285,30395 40057,30257 40062,20070|20204,20265 40059,40062 40042,40050 20606,30385 20085,30394 30120,40046 40061,40049 20250,30285 20210,40048 40055,20037 30257,30379 30395,30393 30259,30382 40052,40057 30389,20144 30253,30194 20070,40054 20113,30387|40048,30385 30394,40055 30393,40052 30259,30253 20085,20204 40050,40059 30194,30382 40057,30395 20210,40042 20265,40049 20037,40061 40054,30379 30257,20144 20113,40046 20250,30389 30120,20070 30387,40062 20606,30285|40049,40048 40052,20210 20204,30194 40046,30393 30285,30257 30389,30394 30379,30387 20144,20250 40059,40054 20070,20113 30253,20085 30382,30120 30385,20265 40062,40050 40055,40057 30395,20037 40042,20606 40061,30259
40043,30383 20057,20202 20091,40049 20199,30391 20119,30381 30124,30389 40065,40062 30385,30387 20961,20606 20252,30195 20137,30393 40058,20267 30285,20037 30392,40063 20212,30257 30390,40066 30380,20208 20203,30386|30393,20203 30391,20212 30387,20091 40049,40058 20606,20137 20208,20252 30257,30392 20202,20961 30381,40065 20267,20199 40062,20119 30386,30380 30195,40043 40063,30124 20037,20057 40066,30385 30389,30285 30383,30390|30124,40043 40058,30392 30257,20606 30390,20057 20267,40063 30387,20203 20037,30389 20252,20091 40066,20202 40065,40049 30386,40062 20212,30285 20199,20119 30381,30391 30380,20961 30195,30383 20208,30393 30385,20137|20057,40065 20119,30124 30393,30390 40062,30195 20091,20212 30391,30380 30285,20199 40063,20252 30383,30387 20202,40058 20203,30385 20606,20208 30389,40066 20961,30386 40043,30257 30392,20037 20137,20267 40049,30381|40062,30383 30391,40043 20202,30381 40058,20037 20208,40065 40063,30385 40066,30124 20252,40049 30285,30390 20119,20091 30389,20267 30386,20057 30257,20199 20961,30393 20203,20606 30392,30387 30380,20212 20137,30195|30387,20202 20212,40058 20199,20203 30390,30386 30383,20119 40043,20137 30195,30392 20037,40066 40065,20252 30393,40062 20091,30391 20267,30257 30124,30285 20057,30380 30381,30389 40049,20208 20606,40063 30385,20961
20085,20070 20606,20267 40046,20205 20032,20204 20144,20201 40043,20252 40066,30124 40055,30395 30382,40064 20961,30390 30387,40058 40061,30386 40053,30259 20203,30195 40052,40049 30393,30286 40042,30380 20113,40062|30390,20032 40049,40046 20205,20085 30286,40043 20252,20606 40064,40042 30124,20144 30386,40053 20070,40052 20204,30382 20267,40055 30380,30387 30195,40061 30395,20961 40058,20203 20201,40066 40062,30393 30259,20113|40043,30386 40061,30390 40042,20144 30124,40062 20205,30380 20267,30286 40066,30395 30382,20203 20032,30387 40058,40053 20606,40064 20252,40046 40052,20201 30393,40055 30195,20113 20070,40049 20085,20961 30259,20204|20961,20252 40053,30382 30390,40058 40055,30195 40049,40043 20204,30124 20113,20606 20201,30393 40064,20267 30387,40066 30380,20070 30286,40052 40046,40061 20203,40042 30386,20205 30395,20085 40062,30259 20144,20032|20606,40046 30195,40064 40042,20204 30387,20201 20085,40058 40043,40062 40052,30386 30124,30286 20252,20205 30390,40066 20070,30382 30259,20203 20144,40061 30395,30393 40053,20032 20113,40055 40049,30380 20961,20267|40058,20961 20203,20113 30380,20252 30386,20606 40064,40049 40066,20070 20205,30390 30286,20085 30393,20144 30382,30387 40055,30124 40061,30259 40062,40052 20201,40053 40046,40042 20032,40043 20204,30195 20267,30395
20199,30390 20113,30393 40066,30381 20961,20267 20205,30386 30387,20144 20070,40058 40055,20250 30286,20037 20206,30194 30385,30391 20606,30379 30120,20212 40061,30195 30258,40046 40062,30256 40051,20085 40065,40042|40046,40051 40042,40061 30194,20113 20144,20199 30195,20070 30379,30387 30390,30120 20037,40065 30391,20961 30381,30258 20267,40066 30393,20206 20085,40062 20212,30385 30386,20606 20250,20205 40058,30286 30256,40055|20205,30256 30258,20070 20250,40066 20206,40051 40061,30286 30387,30120 40058,40055 20267,20113 30390,30391 20199,40062 20144,20085 30385,30195 30379,30393 40042,40046 20037,30381 30386,20961 20212,20606 40065,30194|30381,40058 40046,20037 30194,30387 40066,30386 30393,20205 20606,20206 30195,20199 20113,40042 40055,30385 30286,30258 30391,30379 30256,20267 20961,20212 40051,40061 20070,30390 20085,20250 30120,20144 40062,40065|20144,30391 30195,40046 30258,20250 30393,40066 30385,30286 40042,30194 30381,20205 40062,40058 30120,30386 20267,40051 20113,20070 40065,30387 30256,20199 30390,20212 40055,20085 20606,40061 20961,20037 20206,30379|40051,40062 30379,40042 30194,30381 40066,20144 40046,30393 20085,30256 20250,20961 40061,40065 20212,30258 30286,30195 40058,20206 30387,30390 20070,30385 20037,20606 20205,20113 20199,30120 30386,20267 30391,40055
40051,30381 20961,40056 40060,20606 20208,20091 40064,30389 40065,20070 40062,20252 40054,40042 30120,20202 30285,20206 20267,30395 20144,30394 30253,40044 20037,40057 30195,20200 40059,30379 30390,40050 20119,30384|40057,40060 40044,40051 30394,30120 30395,20961 30389,40059 40056,20037 40042,20208 20252,40054 20202,20144 20606,40062 40050,20119 30379,40065 20091,40064 20070,20267 20200,30253 30381,30195 30384,30285 20206,30390|30379,30390 20606,30195 30285,30389 20202,20037 40064,30384 20144,40044 20961,40051 40065,30395 30253,30381 40062,40057 20206,40054 40060,20200 20070,20091 40056,40050 20208,20267 20252,30394 40059,30120 40042,20119|20200,40065 30394,40042 40044,40059 30120,30285 20091,20206 40051,20606 30395,40064 20037,20252 30381,40062 30384,40060 20119,20961 30195,30379 30389,20208 40054,20202 20267,40056 40057,30253 30390,20070 40050,20144|20606,30253 40057,40051 20070,40044 40062,40042 30395,20091 20144,20208 30384,30379 20252,20200 40065,40054 40059,30195 30394,30390 30381,20119 40050,30120 40060,40056 20202,30389 20267,20206 40064,20961 30285,20037|40044,30395 40051,20252 30379,20202 20961,20144 20208,40050 30389,40065 30120,30384 20119,20606 30195,40062 30390,40060 20200,20070 40056,40064 20206,40057 20091,40059 30253,20267 20037,30394 40054,30381 40042,30285
20204,30120 20202,30253 20119,30394 40046,20252 40065,40043 20032,30256 20137,40050 30389,40054 30380,30285 40044,20208 20070,30393 20606,30383 30195,40049 40058,20265 40055,40066 20203,20091 20206,40051 30381,30258|30394,40055 20265,20204 20091,20119 40049,20203 20208,20137 20252,20206 30120,30389 30258,40058 40050,30381 30256,30380 40054,20070 40066,20202 40043,40044 30393,30195 30253,20032 30383,40065 40051,20606 30285,40046|40043,20606 20070,20252 30383,30195 40055,20202 40050,20206 30389,30285 30381,20091 30394,20204 40065,20032 40054,30120 40049,40051 40066,20208 30253,30393 20137,40058 40046,20119 20203,20265 30258,30256 40044,30380|40058,40055 40051,40066 20202,20070 20206,20137 20032,30258 30285,20203 20265,30253 20091,40044 30393,40046 30256,40050 20119,30389 20606,40049 20204,40054 30195,40065 20208,30381 20252,30383 30380,40043 30120,30394|20203,30253 20204,30285 40066,20119 40055,20032 20252,40043 40058,40065 40049,40044 30389,30394 20091,20265 30380,40051 20606,20137 20206,20202 40046,40050 30393,30383 20208,30256 30258,30195 20070,30120 30381,40054|40044,20206 20265,30389 40043,30258 20032,20070 20202,20208 40051,20252 40054,40046 30285,20606 30383,40055 30195,20091 30394,30381 30256,40049 40050,40066 20137,30380 30253,40058 40065,30393 20119,20204 30120,20203
40050,30379 40046,40047 30381,20144 30387,30124 40065,30385 30259,40061 40060,20032 40052,30394 30194,30391 20200,20113 20070,20606 20961,20250 20205,20091 40044,40062 40056,20204 30285,20206 40059,30253 40064,20267|20206,30381 30385,40060 20267,20200 20606,40050 20091,20961 20250,40065 30394,40044 30379,30194 40047,30387 20113,40046 40062,40052 30253,20070 30124,40056 20204,30259 30391,40064 20032,30285 40061,20205 20144,40059|30379,30381 20113,20250 30387,30391 30124,40050 40060,30259 20144,40052 40059,40061 20070,30385 30253,40062 20961,20267 40056,20091 40046,20206 40064,20032 40047,20205 40065,20200 30285,40044 30194,20204 20606,30394|30391,30124 20250,40059 30385,40064 40052,40046 40061,20961 20205,30285 30394,40065 20032,20144 30259,30379 20091,20113 40050,40047 40062,30194 20204,20070 30381,40056 40044,40060 20206,30387 20200,30253 20267,20606|20091,30124 40052,30387 40064,40046 20206,20144 20205,30381 20070,30259 20032,30379 20961,40047 30385,30285 40050,20204 30194,20606 40059,40056 40065,20113 30394,30253 40044,20267 30391,40060 20200,20250 40061,40062|20204,40064 30379,40059 30124,20206 20606,40044 30387,20091 20250,30394 40056,20200 20267,30385 40046,40065 40047,20070 20144,40061 40062,20032 30253,20961 30285,40052 20113,30391 40060,30194 30381,40050 30259,20205
30386,30286 30254,30387 20208,30393 40060,20200 40050,40057 20119,40059 30194,20085 30257,20037 30120,40054 20265,20206 30258,20210 20202,40048 20606,40044 40055,30379 40051,20144 40049,30381 30383,20070 30385,20250|30387,20208 40057,30194 30393,30386 40044,30254 40059,40051 20210,30383 20200,30257 30381,40050 20085,30385 30379,30258 20144,40055 20250,20202 30286,40049 40048,30120 20070,20265 20037,20119 20206,20606 40054,40060|20206,30383 20070,40060 20202,40051 40048,20210 20208,30120 40050,30379 40044,20250 30254,20200 30258,30386 30257,30286 20037,40055 20265,30381 40059,30194 20085,40049 20606,30393 30385,40057 40054,30387 20144,20119|30386,30254 30387,20144 30194,20206 30379,20085 40055,30385 40051,40048 20119,20208 40049,30258 30286,20202 20210,20606 30383,40044 30393,40054 30381,30257 30120,20070 40057,40059 20250,20265 40060,40050 20200,20037|30383,40051 30120,20144 40044,20208 30258,20070 20250,40050 40055,40048 30386,40049 20202,20085 30381,20119 30385,30393 30379,30286 20265,40059 20606,30254 20200,30194 40057,20206 20037,30387 20210,40054 40060,30257|20119,40057 40059,40044 40049,40055 20070,20606 30393,30258 40048,20265 40050,20037 20085,30386 30254,30383 30387,30385 40051,30379 20208,20210 30194,30381 20144,20250 30286,20200 40054,20202 30257,30120 20206,40060
40048,30195 30194,30286 30387,40046 20205,40057 20037,30259 30124,40065 20961,20206 40055,30391 20113,20212 20606,30385 20252,20144 20070,40058 20267,20091 30383,40060 20210,30380 30395,20208 40043,40054 30381,20200|30259,40055 30195,20113 40058,20267 20208,20252 30391,20205 20144,30124 40054,20210 20212,30387 40065,30194 30385,30395 20206,30383 40060,20037 30380,30381 20091,20961 20200,20070 40046,40048 30286,20606 40057,40043|20961,20252 30286,40054 20070,30381 30124,40058 40057,20200 30380,20113 20606,30194 20212,40046 20206,40043 20205,40048 30387,20267 30395,30195 30391,20144 30383,30385 20210,30259 20091,20037 40060,20208 40065,40055|20267,40065 40058,20961 20208,20205 40043,30380 40048,30395 30381,20212 40054,20606 30195,30387 20144,20210 20113,20070 40055,20206 30385,30286 20252,40057 40046,20091 20200,40060 30194,30391 30259,30124 20037,30383|20210,30194 20091,20205 20206,20267 30383,40065 30195,20200 40054,40058 40043,30286 40048,20252 40046,30385 20208,20070 20961,20212 40060,40057 20113,40055 30395,20037 30380,30387 20606,20144 30259,30381 30391,30124|30286,30259 20252,30383 40057,20091 20200,20208 40055,40060 30124,20210 40058,30380 20037,20206 30385,20961 20267,30391 20070,40043 20144,40048 30381,40054 40065,20606 30194,40046 30387,20113 20205,30195 20212,30395
30382,20204 20265,20208 30379,30258 20085,40065 20200,30392 20119,20252 30194,30256 30391,20070 20210,20032 20144,30389 20206,20203 40056,40060 40063,20185 40045,30394 40066,30254 20201,40059 30259,40052 30120,30285|30392,30391 20070,20144 40052,20085 20203,30120 30254,20200 20185,20210 40059,40045 30258,30194 20208,30382 40065,20206 20032,40066 20252,40056 30285,20265 30256,30259 30394,20201 30389,30379 20204,20119 40060,40063|20203,30285 20032,30379 20070,20200 40065,30389 30259,20119 20085,40056 30120,20252 20201,30256 40052,40060 20210,20206 20204,20208 30258,40066 40045,20185 30392,30254 30391,40059 20265,20144 40063,30194 30382,30394|20206,20070 30285,20204 40059,30382 30379,40063 30394,20265 20119,20032 30256,20203 40066,40052 30254,20210 30389,40045 20185,30391 40060,30259 20144,30120 20252,30258 30194,20085 20208,30392 40056,40065 20200,20201|30394,30391 40056,20204 20210,40063 30194,40045 20201,20144 20203,20070 30285,20032 20119,30254 40065,20200 20252,40052 30259,30382 20265,30379 20206,30389 40059,20208 40066,30256 30392,30120 40060,30258 20185,20085|30254,20203 30389,30285 20085,30392 20208,30194 30256,20252 30382,20119 20070,30394 30379,40056 30120,40065 40045,20265 20144,40059 20204,30259 40052,20201 30391,20210 20032,40060 30258,20185 40063,40066 20200,20206
20091,20137 40064,20252 40047,40053 30120,20265 40061,40059 20212,40042 20199,30285 20200,20032 30256,30381 30385,30194 40050,30258 20185,40046 20206,20119 20057,40045 30395,20205 30387,30379 20208,40065 20202,30384|30384,20185 30194,30387 30285,20206 20119,40061 40046,30120 30381,20091 40045,30395 20205,20057 30379,20212 20137,30256 20252,30385 40059,20199 40065,40047 20032,40064 20265,20202 40042,20208 30258,20200 40053,40050|40042,40045 20212,20199 20206,40050 30384,30387 20202,40046 40064,40053 20091,30285 30256,20208 40059,20119 20265,40061 20200,30395 30385,20137 20032,20057 30258,20252 30194,20185 40047,30381 30379,20205 40065,30120|20137,40042 20119,30258 40046,30379 30120,30256 20205,30384 20199,20202 40050,30385 30381,40065 20185,20265 20208,20091 20057,30194 40053,20206 40061,20212 40045,20200 30395,20032 20252,40059 30285,40064 30387,40047|30285,40053 30256,30258 20200,20208 40050,30384 20119,30120 30387,30395 40059,40046 20206,30381 40064,30385 20205,40042 40047,20032 20212,20202 40045,20265 20185,20137 30194,40061 20252,20057 20091,40065 30379,20199|40046,30256 30120,20185 30258,40047 20208,20252 30381,20200 40042,30194 20199,20205 40065,30285 20032,30387 30384,40045 40053,20091 30395,20212 20137,30379 40061,40064 20202,20119 20265,20206 20057,40050 30385,40059
20250,20961 30259,40043 30391,30386 20265,40051 30120,40059 40044,30382 40048,20200 30257,20032 20185,30383 40046,20137 30379,30390 20070,40047 40063,30195 20119,30286 40056,40055 40060,30395 40057,40052 20201,20085|30286,30391 30382,20070 40055,40063 20137,20250 30386,20265 40043,20201 20032,20119 30395,40057 30195,30259 40047,40048 40059,40046 30390,20185 20200,40060 20085,40044 40051,30120 40052,30379 30383,40056 20961,30257|20200,20070 30391,40063 30259,20201 30390,30120 20137,30379 40047,30382 20032,40060 20265,20961 40059,20085 40051,20250 40055,30195 30395,30383 30386,40056 40048,30257 40052,20119 40057,40043 40044,20185 40046,30286|30382,40052 30286,20200 40043,40055 30379,40057 20201,40059 20250,40046 20085,30395 30195,20137 40060,40047 30120,40044 20119,30390 20185,20032 40063,30259 20961,30386 30383,40048 30257,40051 20070,20265 40056,30391|30195,20961 40044,30286 30395,30390 40043,40063 30383,20032 20250,30120 40056,20119 40051,40060 20070,20085 20137,30391 20200,20185 40052,20201 40048,30386 20265,40055 40047,30379 30257,30382 40046,40057 30259,40059|30386,20137 30390,40046 20961,40056 30120,20070 20119,40043 40060,40044 40055,40052 30382,20265 30379,30383 20201,30395 40059,30257 40057,30195 20032,40048 30286,30259 40063,20200 30391,20250 20085,40051 20185,40047
20085,40043 30394,30380 30382,30386 20119,30395 40051,30124 20252,40064 20057,20206 20212,40055 40053,30259 20961,30194 40042,20267 40050,30286 30253,30393 40047,20037 20606,40044 30257,20202 30388,20137 30383,40046|30393,40053 30259,20961 40043,40051 40064,20212 20267,20252 30124,40047 20206,30253 30386,20606 30395,30394 20202,20085 20137,30382 40046,20119 30380,20057 40055,30257 30286,30388 30194,40042 40044,40050 20037,30383|30395,40046 20206,30124 20202,30383 40050,30382 30386,30259 30380,40043 40051,30253 40044,40042 20119,20252 20212,20037 40047,30286 40053,20961 30393,20085 30394,30194 40055,30388 40064,30257 20606,20267 20137,20057|20085,20119 30383,20212 30388,40064 40046,30394 30257,40051 20057,40053 30382,20202 30286,20137 30124,30386 40042,30395 30253,40044 20961,30393 30259,40050 20252,20206 30194,40055 20037,20606 20267,30380 40043,40047|30194,40051 30380,20206 30386,30393 30259,20267 40042,20057 20212,30286 30395,30253 40053,30382 20085,40055 20137,30124 40044,20252 40050,20606 30388,30383 20202,40046 20119,30257 40047,40064 20961,40043 30394,20037|20037,30194 40046,40053 20057,30259 40055,40044 30393,40050 40064,20137 40051,20085 20267,40047 20206,30386 40043,20212 20252,30395 30286,20202 30382,30388 30383,30394 30124,30380 20606,20961 30257,40042 30253,20119
40053,20085 30387,20199 30390,40049 20606,30394 30285,40050 20032,30194 30382,20202 20265,30379 40060,20206 30257,30124 30388,40065 20250,40066 40059,40042 20144,40044 30253,30389 20070,40055 30385,20212 20113,30384|20206,20606 40066,30390 20085,20144 20202,30387 30379,40059 30124,20070 40042,30253 30194,30388 40065,40053 30394,30382 40055,30257 40044,20113 40049,20265 30384,20250 40050,40060 20199,30385 30389,30285 20212,20032|20113,30385 20199,20202 20212,20206 30253,40044 40055,30382 30389,30387 40060,30388 20250,20070 40059,30285 20144,20265 20085,20606 40065,30124 30384,30257 30379,40050 40042,40066 30394,30194 20032,30390 40049,40053|20265,20085 30382,20212 30385,40059 40066,40049 40050,40065 40053,30394 30257,20144 40044,30384 30124,30389 30388,20032 30387,40055 20206,30253 20070,30379 30390,20250 20202,40060 30194,20199 20606,40042 30285,20113|40049,20199 20202,30253 30394,30390 40059,20032 20113,40066 20144,30285 30389,20606 20212,40044 30382,30387 40050,20070 30388,30384 20250,40053 30194,40055 40065,20085 40060,30124 30257,30385 20265,40042 30379,20206|30387,30394 40055,40059 30390,30388 30253,40050 40044,40060 20085,30257 20032,20113 30385,20265 40042,30194 30285,40065 30384,20212 40053,30389 20606,40049 20070,20202 40066,30379 20199,30382 30124,20144 20206,20250
40060,20200 20961,30387 40062,20113 40053,40056 20137,20212 40059,40047 20204,20037 40050,30379 20057,30388 30391,30253 30285,20208 30393,20091 30389,40048 30120,40044 30381,30392 30195,20606 40061,20201 20267,20252|20212,40061 20037,20137 40044,30285 30387,30120 30388,20961 20091,30391 20208,30381 40056,20204 20201,40050 40047,20267 30379,40059 20252,40062 20200,30389 40048,30195 30392,40053 20606,40060 30253,30393 20113,20057|40050,20212 20200,30285 40061,20113 30120,30391 30388,40047 20091,20606 30195,20267 20137,30392 30379,20204 30253,40060 40048,20057 30389,40056 40044,20252 30393,40062 30387,20208 20961,20201 40059,30381 40053,20037|20208,40053 40060,30387 40056,30393 20252,20137 30285,30120 30392,40050 20037,30253 20201,40059 20204,30195 30381,40048 40047,20091 20212,20200 20606,30389 30391,40044 20113,30379 40062,30388 20267,40061 20057,20961|40060,20212 20267,30393 20208,20091 40056,40061 20252,30392 30389,30379 40053,40048 30120,20037 20057,40044 20200,20113 20961,40047 30253,20204 20137,20201 30381,30195 30285,30391 40050,20606 30388,30387 40062,40059|40059,20137 30379,30253 30392,20200 30391,30389 40044,40060 20201,20252 20091,30285 30387,20057 40048,30120 40047,40050 30393,20961 40061,30388 20212,20208 20037,20267 20113,40056 30195,40053 20204,40062 20606,30381
20203,30393 30389,40056 40064,30380 40054,30387 30257,20085 30395,20212 20206,30392 20250,20606 30259,20202 40055,20210 20137,30285 40065,20119 20057,40063 30388,20267 40060,40044 40051,30120 30382,40059 40047,20037|20085,40051 20267,40047 30285,40060 20202,20203 40056,40065 40044,30388 30393,30382 20212,30257 40059,30259 40063,40055 30392,40064 30120,20137 20606,40054 20119,30389 20037,20206 30380,20057 20210,20250 30387,30395|20037,40059 40051,30393 30259,40060 40047,30120 20202,30257 30388,20606 30389,30382 30285,20206 20250,40065 20057,20212 30380,30387 40054,30395 40044,20085 20137,30392 40064,40056 40055,20203 20210,20119 40063,20267|40060,20057 20206,40051 40056,20137 30382,30285 20203,30388 20085,20202 20212,20210 30395,30380 30392,30259 40059,40044 30387,40063 30257,40054 30120,40064 30393,40047 20606,20037 40065,30389 20267,20250 20119,40055|40047,40054 40059,30120 30395,20085 20119,40064 20037,30393 20206,40044 30382,20606 30389,30285 30257,40063 40051,30259 30392,40060 20212,20267 20250,40056 20210,30388 20137,20057 30387,20202 40055,30380 20203,40065|30388,30257 40044,30382 40065,30392 40063,30395 20606,20203 30259,20037 20202,40047 20057,30387 30120,20206 40054,40051 20085,20119 30380,30389 40056,40055 30393,20210 40060,20212 30285,40059 20267,20137 40064,20250
20201,20961 20205,30389 40043,30395 20267,20185 20203,20250 30387,30194 30286,30380 30388,40056 30259,40061 40049,20210 20119,20085 20070,20137 20032,30381 30383,30120 40055,40042 30392,40053 40057,40050 30257,30390|30389,40049 30120,20203 30380,40057 20250,30259 40056,20205 30381,30388 20085,30392 30395,40055 20137,20267 20185,30286 30194,20032 20210,20119 40053,30387 40042,20201 30390,20070 20961,30383 40050,30257 40061,40043|40043,20085 40055,20250 30392,30381 30395,20070 40050,30380 40061,20137 20210,30390 30257,20201 30194,30286 20961,40056 40057,20185 30383,40042 20205,20119 20032,30259 30389,20267 30120,40049 30388,30387 20203,40053|30259,30257 40049,40057 40053,20032 20137,20961 30286,30395 20070,30389 30387,30392 40042,30194 20119,30120 20185,40050 20201,30388 20267,40055 20250,20210 30380,20205 30381,20203 30390,40061 20085,30383 40056,40043|30257,40042 30381,20961 30395,30392 30387,20203 20210,30389 20137,40056 20250,40061 20201,20085 20267,40050 40055,20070 40053,30286 40049,20119 30388,40043 30383,30390 20185,20032 30194,30380 40057,30259 30120,20205|30380,20267 40043,20210 20085,40057 20070,20250 40061,40055 30389,30395 20205,20185 20961,30120 40050,30194 20119,30388 20203,20137 40042,30381 30392,20201 40056,40053 30286,30387 30390,40049 30259,30383 20032,30257
20185,40045 20961,30392 20250,30385 40047,30386 20265,30194 20203,20144 40059,30257 30381,30390 20037,30195 30379,20113 30394,40048 40058,30285 20212,20085 20057,30388 40065,40046 20199,20204 40061,30393 20205,30124|40048,20265 30195,20961 20204,30379 20144,40047 30124,20212 30388,30394 40046,40061 30257,20037 30392,40058 30285,20250 20113,40065 20085,30381 30390,20199 30386,20203 30194,20205 30393,20185 40045,20057 30385,40059|30386,30194 30379,40047 30392,20265 20057,20113 30394,40065 20203,30385 20250,40048 20205,30195 40059,20037 30381,40058 30388,20212 30285,20085 30124,20185 20144,30393 40061,30390 40046,20961 20199,30257 40045,20204|20204,20144 30390,40059 40058,20203 40048,40045 30385,20057 20212,30392 20265,30379 20037,40061 30195,30124 40047,20205 30393,30386 20113,30394 30257,30381 30194,20199 40065,30285 20185,20250 20961,30388 20085,40046|40061,30285 20212,40045 30195,20265 20037,20144 20203,20961 20085,30194 30386,30390 30381,30385 40048,30124 40046,40059 30394,30392 20057,20250 30393,20204 20113,40058 40065,30257 20185,30388 40047,20199 20205,30379|40059,30195 20204,30386 30124,20057 20144,20185 30285,30381 30390,20037 30379,20203 40058,40047 30392,20085 20199,30394 30385,20205 30388,40046 30194,40048 30257,40061 20250,20212 20961,20113 20265,40065 40045,30393
20070,40052 20606,20265 20961,20212 30388,30383 40065,40046 20202,20210 40064,40060 30389,40043 30379,30393 30392,40051 40048,20137 20091,20203 30194,40063 30385,30285 30381,20037 20199,20113 30384,40055 20250,30120|40052,30379 20037,20202 30120,30389 40055,20961 40046,20070 20113,30384 40063,40064 30393,40065 30383,30385 30285,30392 20212,20606 20210,30388 20203,30381 40051,40048 40060,20199 20265,20250 40043,30194 20137,20091|40051,30285 40046,20265 30379,20203 40043,20113 40063,20212 20961,20137 30384,30194 30385,20037 20202,40064 40052,30389 30392,40065 20070,20606 30381,20250 20199,30388 20091,30383 40055,30120 40060,20210 30393,40048|20203,30385 30285,40046 20037,40055 40064,30379 30389,20961 20250,20091 30194,20070 30120,40051 20212,40052 30388,40043 20210,30381 40065,20202 30383,20199 20265,30384 20113,40063 20606,40060 20137,30393 40048,30392|30392,30381 20113,30379 30389,20606 30285,20961 20212,40043 20210,20091 40064,20070 30393,30384 30120,30385 40052,40055 30194,20199 40060,40063 40046,30383 40051,20137 20250,20203 30388,20037 40065,20265 40048,20202|20606,30285 30384,30389 40063,20210 20202,20250 40043,40046 20037,20113 40055,40048 30385,30388 20137,30392 30379,30194 20199,30393 20265,40051 20070,40065 30381,20212 20203,40060 20091,30120 20961,40052 30383,40064
20185,20032 40063,30388 30380,40044 20267,30381 30254,30257 30286,30385 20203,20057 40057,20119 40064,40050 20205,30194 20137,40058 40061,20204 20206,30120 30393,20252 40045,30386 30253,30392 30195,40053 40059,20091|30385,20267 20057,30195 30392,20185 40050,20205 20252,20203 20091,40063 30386,30254 30381,40057 30388,20206 30257,30286 30194,40064 20032,20137 30120,40061 40053,40045 40058,30393 20204,30253 20119,30380 40044,40059|30286,40044 40058,20267 30381,30254 20032,30386 20057,30257 30393,40061 30120,20137 40045,30388 40063,40064 20204,20252 30392,40059 40057,30194 40050,40053 30195,30385 20205,20203 20206,20185 30253,30380 20119,20091|30194,20119 30385,30392 30257,40057 30386,30253 20252,30381 20185,40063 20137,20206 20091,30286 30254,40058 40059,20204 40064,30195 40044,20057 20203,40050 40061,40045 40053,20205 20267,20032 30380,30120 30388,30393|30195,20252 20057,20204 20205,30388 30386,30393 40061,30380 30120,40044 30257,30381 40059,30385 30254,20119 40050,20091 30286,30194 40053,20206 40064,20267 40058,40057 20185,40045 20032,30392 20137,30253 40063,20203|40044,40064 30253,40059 20204,30254 30381,20057 30393,20137 30385,30120 30392,30257 30388,30195 20267,20185 20119,40061 20252,40058 20206,40050 40057,40063 30380,30286 20203,40053 20091,20205 40045,20032 30194,30386
40065,20057 40055,20205 40052,40063 40054,30380 30285,20199 40050,40046 20265,40047 20204,40059 30392,20091 20037,30386 20203,30390 20144,40058 20606,30387 30382,30120 20202,30384 20113,30253 30259,20250 40045,30195|20057,20265 30120,40052 40047,20606 20250,20202 20091,20203 40063,20144 20205,40050 40046,20037 30390,30285 20199,20113 30380,30382 30195,20204 30387,40054 30386,30259 30253,40055 40059,40045 30384,40065 40058,30392|20091,40045 30380,20037 20606,20113 30382,30195 20144,40065 20057,40055 20199,30384 30392,30387 30120,20202 40063,40047 30253,20203 40058,20265 40046,30285 40059,30390 40054,30386 20205,20204 30259,40052 20250,40050|20037,20091 30285,20606 20204,30120 30195,30380 40055,20199 30386,30392 20203,20250 20265,30253 40047,40046 30387,30382 20202,40054 30390,30259 40045,40063 40052,20144 40050,20057 20113,40058 40065,40059 30384,20205|40065,40047 30120,40058 20199,30392 30387,30384 30386,30285 40046,40052 20113,20205 40059,30259 20091,30195 40045,20203 20037,20144 20202,30390 30380,20265 40063,20606 40055,30382 30253,40050 20204,20057 20250,40054|40047,20199 30382,20113 20205,40065 40058,40055 30384,40045 20606,40059 20057,20202 30285,30253 30392,30380 30390,40063 30259,20091 40052,20037 20144,20250 40050,30120 40054,40046 30195,30387 20203,30386 20265,20204
30259,40045 20199,20267 20070,40051 40042,20185 30379,30258 40048,30253 20252,20137 20032,40056 30285,30381 30195,20091 30394,20113 40046,30385 40061,30194 20204,40064 40058,30124 30256,40066 40054,40057 20205,40050|40057,30379 40051,40042 30194,30256 40045,20070 30381,40046 40056,20204 30258,20199 30253,30394 20091,40054 40066,30195 40064,30259 30124,30285 20137,40048 40050,20252 20113,40058 20267,20032 20185,20205 30385,40061|20091,20032 40064,40042 20204,20185 20070,30194 40056,40051 40058,20205 20113,40066 30379,40054 30385,20267 30124,30259 20199,20137 40048,40050 30256,30253 30258,40061 40045,30394 30195,30285 20252,40046 30381,40057|30253,30195 40057,20204 40051,30379 30394,20199 40061,40064 20267,30256 20205,30381 20137,20113 30285,40058 40054,40056 40066,30385 40050,20091 40046,40048 30259,20252 30194,30258 20185,20070 40042,40045 20032,30124|30258,40050 40051,20185 40057,30124 40046,30194 30253,40066 30285,30259 40058,40045 40056,40064 20091,20205 40061,20252 20070,30385 30195,40048 20113,30379 40042,20137 20199,40054 30394,20267 30256,20204 30381,20032|20137,30253 40045,30258 20204,20113 20267,40058 40066,40056 20205,40051 20032,30285 40064,20070 30124,30394 40050,40042 30379,30381 20185,40046 20252,30195 30259,20091 30385,20199 40054,40061 40048,30256 30194,40057
30259,20119 30390,20208 30381,20202 40059,20037 20085,40050 40044,20057 30120,30383 20144,20212 40063,40053 40049,40054 30384,40064 30393,20199 30195,20606 40047,40060 30285,30392 20200,30379 40066,20265 30395,20252|30383,30381 40054,30390 20265,40044 30379,30393 20606,30384 20199,30195 20119,30285 40050,40059 30392,30259 20037,40063 40064,20200 20212,30395 20057,20144 40053,30120 20252,20085 40060,40066 20208,40047 20202,40049|30384,20212 20199,40066 40044,30285 20057,20202 30393,30381 40049,40064 20119,40054 20144,40059 30390,40063 30195,30120 40060,20606 30379,30383 30395,20037 20085,20208 20200,20252 40047,40053 30392,40050 20265,30259|40059,30393 20606,30390 30383,40049 20202,20265 30285,20144 40066,20057 40054,20199 40050,20200 40063,30195 20037,30379 30259,30395 20208,40060 20252,30384 40053,20085 40064,30392 30120,20119 20212,40044 30381,40047|40064,20212 40060,30285 30384,40059 20265,40063 20202,20200 20252,30381 40047,20606 20144,20208 30379,40053 30259,40054 30395,30390 20057,30393 40044,30392 20037,20199 20119,20085 30195,30383 30120,40050 40066,40049|30393,40060 30392,20119 40059,40044 30285,30259 20208,30384 20085,40064 20606,20037 30383,20057 40063,40066 20212,20202 20200,40047 40054,30395 40049,20252 30381,30120 40053,30195 30390,20144 20199,20265 40050,30379
30285,30385 30394,20206 20267,20208 40043,20037 40054,40064 20606,30380 30386,20961 30120,40058 30390,30256 30259,20210 40053,20201 40047,20085 30391,20119 30381,40049 40063,20204 40048,20144 20070,20252 40050,40061|40058,20267 40064,30285 20210,40048 30385,20606 20252,40053 20085,30386 40049,40054 20208,30391 20206,40043 30380,30120 20961,20070 30256,30259 20201,40050 20119,40063 20204,40047 20037,30381 40061,30394 20144,30390|40049,30385 40050,20070 40047,20208 20201,30390 20961,30391 30256,20206 20085,20204 20606,20119 40048,30259 40063,40064 30120,30394 30386,40043 30380,40054 20267,20144 20210,40061 40053,20037 40058,30285 30381,20252|40064,20606 30259,40050 20204,30381 30285,20210 40061,30380 40054,30386 20144,30120 20037,20085 20119,40058 30394,40047 20252,20961 30391,40053 20070,40049 20208,40063 30390,40048 30385,20267 40043,30256 20206,20201|40063,30385 40058,40048 30380,20204 30391,40064 30386,20252 30394,20267 20201,20144 40050,40053 30256,20085 20070,40061 20208,20119 30259,20037 20206,40054 30390,30381 40047,40043 20961,40049 20606,30285 20210,30120|20252,30380 20037,20206 40049,30256 20085,30394 40043,30391 30120,40050 20119,20210 40064,30259 20144,20070 20267,20201 40053,40047 40048,40063 40061,40058 30285,20208 30385,30390 30381,30386 40054,20606 20204,20961
30258,40058 20212,20113 20185,40045 30388,40051 20085,30286 30382,40061 20252,30120 40066,20037 20144,40059 40042,30390 30387,20265 20070,40043 30379,40049 30259,40050 40064,20205 30392,30257 40057,20210 20206,30389|30286,20212 20113,40064 40050,20085 20265,20144 20205,40066 40045,30392 30120,20185 40061,30258 30257,20070 30390,30388 40051,40042 20210,30379 40043,20206 30389,30387 20037,20252 40049,40057 40058,30259 40059,30382|30259,20252 30390,20144 20205,40051 40066,40057 30387,20037 20210,30258 20070,20185 20206,20113 40058,40042 30286,20265 30392,40061 20085,30382 30257,20212 30389,40043 40049,40064 40045,30388 30379,30120 40050,40059|20265,40066 30382,20206 30388,20070 40064,30389 20185,20210 40057,30387 20113,30379 40043,20205 20212,30390 20037,30392 30120,40045 40042,20085 40061,40058 40051,30286 40059,40049 20144,30259 30258,30257 20252,40050|30379,30259 40059,20265 40043,20212 40051,20185 30388,30258 30392,30387 20070,40061 30382,30120 40042,40066 20037,40058 40049,20252 30286,40045 30257,30389 40057,20144 20206,40064 20205,20210 20085,20113 40050,30390|30390,30286 20265,30392 40066,40051 40061,30379 30120,40050 20210,40042 40064,40057 30259,30382 20252,20206 20185,20205 40058,30257 20212,30388 20113,40049 20144,20037 40045,40043 30387,40059 30389,20085 30258,20070
30395,30389 20070,20265 40057,40065 20091,20032 20199,30124 20206,40055 30383,20250 40063,20137 30382,30194 40052,30391 30257,30379 20119,40064 40044,20606 30388,30385 40050,30285 20961,40042 30253,20202 40059,30259|30385,40063 20137,30383 20265,40050 20606,20961 40055,30253 20250,40059 30389,20119 30285,20199 30259,20091 20202,20070 40064,30382 30391,40044 30379,20206 30194,40057 30124,30388 20032,30257 40042,40052 40065,30395|20961,40064 40057,20265 30285,20137 30124,40063 20119,30194 40065,30388 30391,30253 30379,40044 30383,40042 40059,40050 40055,30395 20199,20091 40052,30259 30257,30382 20070,20606 20206,20202 30389,30385 20032,20250|20250,30257 30395,30391 30194,20961 30253,20032 40063,20199 30385,40057 30382,20070 20265,30389 40064,40059 20137,40052 30259,30383 20091,40065 40050,20119 40042,30124 30388,20206 20606,30379 40044,30285 20202,40055|40057,20091 30257,40044 40055,20119 30382,40042 20070,30388 20961,20265 20606,30395 40052,40065 20032,20206 40063,40050 30285,30385 20137,40059 20202,20250 20199,30259 40064,30383 30253,30379 30389,30124 30391,30194|30385,20606 40050,30253 20250,30389 40042,20032 20265,40064 40059,40057 30383,30257 30259,40063 30379,30285 20119,20137 20091,30391 30124,20070 30194,40052 30395,20202 40044,40055 30388,20199 40065,20961 20206,30382
20212,20203 30124,40064 30379,40049 20606,40053 30394,40052 40066,40058 40042,20201 40044,30382 20267,20070 40054,30257 20137,20961 30286,30391 20204,20206 20091,30384 20250,20210 20113,20037 20205,30387 20202,30390|20210,40042 20203,20202 30257,20267 30390,20113 40049,20137 30387,30286 40064,30394 20037,20212 40058,20204 20070,40044 40053,30124 30391,20606 40052,40054 30384,20205 20206,20091 20961,40066 20201,30379 30382,20250|20091,30387 20037,20205 40042,30394 30391,30390 40058,30286 30379,20606 20137,20070 20203,40049 40044,40054 20113,40066 20250,30384 20204,20212 20202,20961 40064,20201 30382,40052 20206,30257 40053,20210 20267,30124|20201,20113 40049,40058 30387,20206 20212,40064 40066,30391 30286,20137 30390,40053 40052,30379 20210,20037 20606,20250 30394,20204 40054,20202 30124,40042 20961,20267 20205,40044 30384,20203 20070,30382 30257,20091|20250,40044 30286,40066 20113,40054 30379,30390 40042,20606 20070,20202 20091,40058 20267,40064 30391,20206 20137,20203 30387,20212 40049,30394 20204,40052 40053,20201 30124,20037 20205,20961 30384,20210 30257,30382|20206,30124 40044,30387 40058,30391 30394,20070 20212,40053 30390,30257 20203,30379 20606,20091 20037,20204 40066,40042 20210,20267 20202,30286 20961,40049 40064,20137 20201,20250 40054,30384 30382,20205 40052,20113
20119,40053 20199,40060 20032,20210 40059,30124 20267,30381 20606,30388 40048,40062 30194,20204 30394,30390 40064,20091 20144,30259 20206,40046 30379,20070 40065,30392 30256,30393 30285,20250 30195,30384 30386,20203|20070,30394 20091,20199 30259,30379 40062,40065 30393,20119 30381,30256 20204,40048 40053,30285 30392,40059 40060,20144 20210,20206 30390,20606 20203,40064 20250,20032 30384,30386 30388,20267 30124,30195 40046,30194|30381,20199 30386,30259 20210,30390 40060,20267 30379,20203 30256,40053 40048,20070 30285,30394 20606,20119 30195,40065 20250,40064 30124,20032 30392,30384 20091,40046 40062,30194 20204,20144 30388,40059 20206,30393|20267,20091 30394,30379 20144,40062 30390,30285 30259,30124 40064,30388 30393,20250 40065,40060 40046,40048 40059,20606 20199,30386 20119,30392 30384,20206 20032,30381 20203,20204 40053,20210 30194,30256 20070,30195|20119,20206 20250,40059 30392,20210 20144,30256 20203,20032 30388,30285 30381,40062 30194,20606 40053,30390 30124,30386 30394,40064 30195,20199 20091,20070 40065,20267 30259,20204 30384,40060 30393,40046 30379,40048|40046,30381 30390,30393 20199,30379 20267,20250 40060,40053 20206,30195 30285,20119 40064,30124 40062,30388 20204,30392 20070,40065 30256,30259 30386,20091 40048,30394 40059,20203 20606,30384 20210,30194 20032,20144
20199,20250 30124,20203 20057,20208 20212,40064 30387,40059 20091,20032 20961,40046 30286,30257 30258,40063 30379,40055 30391,30390 20119,40049 40057,20144 20185,30256 30389,20201 20267,40045 30383,30393 30388,30382|40046,40057 30393,20961 30390,30124 30256,20199 30382,20119 40064,30383 20203,20212 20032,30388 20201,20185 40049,30389 20208,30379 40063,30387 30257,30391 20144,20267 40045,20057 40059,30286 20250,30258 40055,20091|20057,30258 40064,20201 30382,40055 40063,30388 40057,20267 20119,30389 30390,30379 40046,30383 40059,20199 30124,20250 20203,20091 30257,30387 30286,20961 20212,30256 20032,30393 20208,30391 20185,20144 40049,40045|30393,40049 20250,20208 40045,30257 30391,20057 30389,20203 20144,30124 30383,20185 30387,20032 30256,40046 20267,30286 20201,20212 30258,40057 20961,20119 20199,40064 40055,40063 30388,40059 30379,30382 20091,30390|20144,40063 40046,20032 30258,40055 40049,40064 40045,20201 20203,20185 30393,20208 30286,30390 20961,30391 40057,30257 20212,20057 20091,30379 30389,30387 30124,40059 20199,20119 30256,30388 20250,30382 30383,20267|20185,40049 30390,20203 20119,30383 40063,40057 30257,20199 30391,40045 20201,20091 40059,20212 20032,30286 30379,30258 30387,20961 20057,20144 20208,30124 40064,30389 40055,40046 20267,30256 30382,30393 30388,20250
40044,40056 30286,20606 40063,40043 40058,40051 20252,40064 30379,40053 20210,20032 30384,20113 20057,30392 40059,20205 40065,20137 40061,30258 20200,40055 20265,30120 20091,30387 30385,30389 30386,30195 30381,20201|30387,20210 20205,20200 40043,30379 40064,30384 30120,20091 30258,40065 40051,30286 30392,40044 20137,40059 30389,20265 40053,30385 20606,40063 40055,30386 20201,40058 40056,30381 20032,40061 30195,20057 20113,20252|20606,20113 30389,30258 20032,20091 30392,30195 40065,30381 30384,40058 30387,30379 20200,20201 40059,40063 20265,40056 20210,30385 40044,30286 20057,40053 40043,40061 20205,20137 40064,40055 30386,30120 20252,40051|30286,30384 40056,40043 40063,30392 30381,30389 40061,20205 20137,20057 20091,40064 20113,30386 30195,20252 30379,20200 40058,20606 30385,40065 40053,20210 40051,20032 30258,40059 40055,30387 20201,20265 30120,40044|20113,40044 30195,30286 20252,40043 20265,30392 30385,20057 30386,40051 40059,30389 20091,40055 40058,40065 20200,30120 40063,20201 30384,20210 30387,20205 30379,40064 30258,20137 40061,40053 30381,20606 20032,40056|30120,30384 40064,30385 40044,20252 40053,40059 20137,20265 20057,30379 30389,20113 40043,20032 40056,30195 30286,40063 20606,20200 20201,20091 30392,30381 40055,40058 40065,30387 40051,40061 20210,30258 20205,30386
30381,30385 30256,40045 30379,20200 40044,20119 20203,20144 30387,20057 40052,40060 30388,30393 20185,40053 20032,20250 40048,30394 40064,40061 30392,30395 20091,30285 20961,20267 30120,30253 20208,40043 40057,20204|30395,20091 20250,40048 20057,20032 20204,20203 20119,30381 30285,30388 40045,40057 30394,30120 30253,20185 20144,30392 40053,20208 40043,20961 20200,40052 40060,40044 30393,30387 20267,40064 40061,30256 30385,30379|30256,20203 40064,40057 20250,20185 40048,30395 30388,40053 20961,20204 30385,20200 30120,30393 20144,20208 20267,30285 40043,20032 20057,30394 40060,30379 40052,20119 30253,30387 40044,30392 20091,40061 30381,40045|30395,30385 40057,30253 20200,40044 20204,30256 20119,20144 40045,20961 30394,20250 30387,40052 40061,40060 20203,40043 20185,20091 20208,20267 40053,40048 30285,30120 30393,20057 30392,30388 20032,40064 30379,30381|40044,30387 40048,20032 40053,40043 30392,20961 20250,30120 30388,20185 40060,20057 20203,40064 20119,30385 30393,40057 30394,20208 20204,20144 30395,20267 40061,40052 30285,40045 20200,30381 30379,30256 20091,30253|20144,40053 20961,30285 30387,30388 40064,20204 30381,30394 20057,20200 40045,20203 30120,40060 40057,20091 30256,20119 40043,40061 30385,40044 20267,40048 30253,30392 40052,30393 20032,30379 20208,20250 20185,30395
20203,20252 20204,20144 40045,30254 30285,20202 30259,20119 40051,30393 20070,40064 20199,20206 40056,40058 20606,30380 40059,30394 20091,20267 20208,40052 40048,30382 20037,20205 30384,20201 40062,40053 30124,30258|30394,30384 20252,40056 30382,40062 20206,20037 40064,40045 20201,20606 20202,20070 30393,30124 30380,20204 40052,30285 30254,20203 20144,20208 20119,20091 20267,40059 40053,20199 20205,40048 30258,30259 40058,40051|20205,40052 20070,30393 40064,20208 20606,20203 40048,30285 20119,30382 20199,40051 20091,40045 40053,30380 20201,40056 30394,40062 40059,30258 20144,20037 30124,20202 20204,40058 30384,30254 20206,20252 30259,20267|20203,40064 40051,20091 40058,20606 20208,40048 30285,20205 40062,20206 30380,30259 30254,20201 20037,40053 40056,20119 30258,20070 40052,30124 20252,30394 40045,20144 30393,20204 20202,40059 30382,20199 20267,30384|20252,20201 30380,40051 20206,40045 20091,20204 30384,40056 30285,40062 20267,30382 30393,40058 30394,30258 40053,30259 40048,20070 30254,20037 30124,20205 20203,40059 20606,20208 40052,20202 20199,20119 40064,20144|30259,30254 20119,30384 40062,20091 20144,20203 20208,30393 20201,30285 40059,40048 20204,20267 20205,40064 40045,40053 30382,30380 40051,20206 20070,20252 20202,30394 40056,30124 20037,20606 30258,20199 40058,40052
40050,40066 20202,30124 20200,30379 20091,20113 20250,40063 20070,20606 30285,20265 20212,40048 30384,30387 40054,20137 30383,20037 30392,40059 30393,40062 40049,30382 40043,40045 40056,40065 30254,30195 20961,30391|20113,40043 30382,30285 40066,20961 40062,20202 40063,20070 40048,30384 20037,20250 30379,30254 20137,20212 30387,40050 40045,40054 30391,30383 20606,40049 40059,20200 30195,30393 20265,40056 40065,20091 30124,30392|30254,40059 20961,30392 20037,20137 40062,40054 20606,30379 30195,20070 40050,20200 30124,40065 30384,20113 20091,40048 30383,40066 40045,30391 20250,40049 30285,20212 40056,40063 30387,20202 20265,30393 30382,40043|30392,20606 20200,30195 40065,40062 20113,30285 30391,20091 20137,20265 40049,30383 30393,30254 40048,20961 40063,40050 30379,30382 40066,20037 40043,20250 40054,30124 40059,40056 20202,40045 20212,30384 20070,30387|20606,20200 20212,30254 20137,30393 20113,30382 30384,40063 20091,40062 40050,20037 40066,40043 30285,20961 40048,40049 30387,40059 40056,30195 30379,40054 20250,20202 40065,20265 30391,30124 20070,40045 30392,30383|30383,20250 30124,20070 30195,30384 40049,40066 40045,40050 30254,20606 40043,30387 20202,20091 30393,40048 40062,30391 40063,20212 20961,20137 20037,40056 20265,30379 40054,30285 40059,20113 30382,30392 20200,40065
20265,30381 20057,20206 20137,20200 30258,30383 20212,40047 30379,20032 20961,20250 30254,20185 40045,20085 30194,40050 40066,40053 20113,40042 40049,20203 30120,40063 30392,30393 40060,40064 30389,30387 30253,30285|40047,20265 20032,30258 30383,30392 30393,30253 40053,20057 20200,40049 40042,30389 20250,20113 20206,40045 30387,40060 40063,30379 30285,30194 30381,30254 20085,20961 40064,20212 20185,20137 20203,30120 40050,40066|20961,30392 30387,20185 20203,30253 40063,30258 40064,20200 30254,30379 20206,30381 40053,30383 20265,20250 20057,30120 30285,30389 20212,20085 30194,20032 40050,40045 20113,40049 20137,40047 40060,30393 40042,40066|30383,30194 20032,40063 40047,40053 30379,20961 20085,30387 30389,20203 20200,20212 30392,20113 30381,20057 20185,20206 20250,40064 30393,30254 40045,40060 30120,20265 30258,30285 40066,20137 30253,40050 40049,40042|20203,30285 20185,40050 30379,40045 20250,30120 20113,20137 20200,30253 20265,20057 20085,30389 30381,40049 40060,20032 40066,30387 30392,40053 40047,20961 20212,20206 30254,30194 40042,30383 40064,40063 30393,30258|20057,20085 20032,30393 20137,40064 30258,40060 30253,20113 30389,30392 30387,30379 30194,20203 20961,40042 40049,20250 30383,20265 20206,20200 40050,30381 40045,30254 30120,20212 40063,40047 40053,20185 30285,40066
30254,20250 20267,20037 30257,20200 40062,20206 20113,40063 20606,30259 40046,40061 20204,40052 40056,30384 30387,30392 20057,40045 30388,20144 40043,30381 30120,30379 30256,40049 40060,30195 30285,20085 40053,40059|40052,40062 40059,30257 40063,40060 30392,30120 40045,30387 20037,20204 30259,30254 20200,40053 40061,30285 20085,40043 30379,30388 20206,40056 40049,20606 20144,40046 30195,20057 30381,30256 20250,20267 30384,20113|30388,40056 30381,20085 40061,20606 40060,20144 30254,20037 20206,20250 40045,30392 30120,40049 40052,30257 40043,30384 20200,40046 20113,40053 40063,40062 30256,20057 30387,30195 30379,30259 40059,20267 30285,20204|40053,40061 40056,40060 20204,40043 20144,30387 20606,20206 30259,30256 20250,30381 20037,40059 20057,40052 20267,40063 30257,20113 40062,40045 30392,30388 30384,20200 30195,30120 40046,30254 20085,30379 40049,30285|20085,20144 40043,40056 30256,30195 20206,30392 20606,30120 40052,40060 30388,30254 40062,30257 30381,30384 40061,20267 40059,20204 30387,40046 40053,30379 40049,30259 20037,20057 30285,40063 20250,40045 20200,20113|30392,20037 30120,40043 30384,30387 30259,30285 40046,40059 20057,40062 30254,40053 20267,40052 20144,20250 40045,40049 40060,30381 40056,20085 20204,30388 30195,20200 30379,20206 40063,30256 30257,40061 20113,20606
40058,40050 40065,40054 30393,30380 20113,20137 20252,20200 20205,20032 20203,30382 40045,30257 20199,20091 20265,40049 40053,30386 20201,20206 40051,30259 30254,40056 30392,40064 40047,30124 20606,20057 30285,40061|30382,20606 40064,30254 40061,40058 20137,40047 40054,30392 30386,20203 20057,20252 30259,20199 40049,40053 20032,20265 30124,40045 20200,40065 40056,30285 30257,20113 20091,30393 20206,40051 40050,20205 30380,20201|40058,20203 40045,20057 30380,30124 40064,40053 40047,20199 20201,20113 30257,40061 30393,20200 40065,20606 20252,40049 20137,30285 20205,30386 30392,30254 40050,20265 40051,30382 20206,40054 20091,30259 20032,40056|20113,30380 20265,40065 40053,20091 20199,30257 20057,40051 30259,20205 30386,20201 20606,20206 30254,20252 30382,30392 40056,40045 20200,40064 20203,20032 40054,40058 30285,40050 40049,40047 30124,30393 40061,20137|30257,30393 30382,40056 40050,20137 30285,30124 30259,20203 40049,20113 40058,20199 20206,20205 30254,40065 40051,40047 20057,30392 20265,20252 40053,20200 40054,30380 40064,20606 20201,40045 30386,40061 20032,20091|30393,40053 40045,40051 20606,40054 20113,30254 40061,40064 20205,40049 40065,30257 20137,40058 40047,40050 40056,30259 30124,20057 20203,20206 20199,30285 30380,20265 30392,20201 20252,30382 20200,20032 20091,30386
40047,30124 20137,30381 40061,40048 40057,30253 40064,20961 20085,20070 30286,40054 30393,40052 30386,20113 20204,30395 30388,40053 20202,30258 20606,20210 40056,30390 20250,40043 40044,20199 30380,20267 40062,20037|40043,40061 20113,20606 40048,20202 30390,20204 20961,40047 30381,20250 30253,30388 30124,40064 40054,30393 40052,20085 30395,40056 20210,30286 30258,40062 20267,30386 20070,40057 20037,20137 40053,40044 20199,30380|30390,30393 40043,20137 40056,20606 40053,30386 20210,20250 40064,30381 30395,30380 30258,40044 20085,40061 40052,40054 20199,30124 40047,20267 40057,20202 20113,30286 30388,20070 20961,30253 20204,20037 40048,40062|30253,40048 30381,40057 20037,30390 20202,20199 20606,20961 30286,20204 40062,30395 30386,40052 40044,40043 20137,40047 30393,30388 30380,40053 20250,40056 30124,20085 20070,40064 40054,20113 40061,20210 20267,30258|20202,40061 20267,20199 30253,20037 20210,40043 20250,20137 30258,20085 40052,30388 30386,30390 30380,20606 40062,20961 40048,20070 30395,30286 30124,40057 30381,40047 40053,20204 40054,40056 20113,30393 40044,40064|40047,40048 30393,40062 40061,30380 40056,20210 30390,30253 20204,20250 40043,30386 20199,20113 20961,40052 20137,20267 40064,30258 20085,40044 30388,30124 20606,30395 20037,40053 40057,40054 20070,20202 30286,30381
40051,20204 40065,40052 40048,40043 40049,30384 30253,30381 20085,40066 40046,20199 20185,20144 20119,30124 40042,30388 40058,40045 20206,40060 30379,20252 20265,30390 30285,30257 20032,20208 30389,30195 20057,20205|40043,20206 30384,40042 20252,40049 40045,40065 30388,40046 20144,20057 20205,30285 40060,20119 20208,30253 30195,40058 30381,40048 20199,20085 30257,40051 20204,20032 30390,20185 40066,30389 40052,20265 30124,30379|20206,20208 20252,20085 30379,20205 20057,40043 30253,40052 20204,40045 30381,20119 20032,40048 40046,30124 40042,30195 40058,30285 30257,40060 20144,40049 40051,30384 30389,20199 40065,30390 20185,30388 20265,40066|20199,20204 30388,30389 40043,30381 20085,30253 20205,30257 40052,20057 30195,20206 40060,40051 40066,40042 20119,30379 30384,20144 40048,40046 30285,20252 40049,20185 40045,20265 20208,40058 30124,40065 30390,20032|20057,40051 30390,30384 40052,40048 20206,20185 20144,20265 30388,30195 20085,20032 20208,40065 40060,30389 30253,40045 20119,30285 20252,30381 20205,40046 40042,40049 40066,40058 30379,20199 20204,30124 30257,40043|40048,30379 30285,40052 20032,30257 20199,40066 40046,20085 30384,20206 40058,30390 40051,20208 30124,30253 30389,20205 20265,30388 40043,20252 30195,20119 40045,20057 30381,20204 20185,40042 40065,20144 40049,40060
30382,40061 30380,40066 30392,30120 20113,40048 40058,40046 40051,30390 20201,30391 40047,20199 30285,40062 20204,40056 40059,20057 20212,20032 30253,20961 20085,30195 20252,30395 30258,30259 20606,20144 20265,40052|20032,40051 40061,30392 30391,30253 40046,20606 40066,20265 20199,20201 40048,20212 30395,20085 20961,30380 20057,30382 30259,30285 30195,40058 20144,20252 30120,40047 30390,30258 40056,40059 40052,20204 40062,20113|20606,40061 20201,40066 40048,30258 30195,30395 30120,30253 20057,30390 40062,40051 40058,20144 20204,20212 30382,30259 20252,30392 20085,40047 30380,40059 40046,40052 30391,20113 20265,40056 20199,20032 30285,20961|20212,40062 40056,30382 20032,20057 40059,30285 30392,20085 40051,20265 40047,40048 30259,40058 30258,20199 20144,30120 20961,40046 20113,20201 30253,20252 30395,30391 30390,30195 40061,20204 40052,30380 40066,20606|30382,20199 30259,40061 30285,30392 40047,30391 40048,20201 40052,40062 20057,20204 40056,20032 30395,40066 20961,30120 20265,20606 30195,20252 20212,30258 40051,40058 40059,30253 20113,20085 30380,20144 40046,30390|30392,40056 20606,30285 40061,40048 30391,30380 40062,40059 20199,40051 40066,40046 40058,30395 30390,20212 30253,20057 30120,30382 20085,30259 20201,20265 20204,30195 30258,20113 20032,40052 20252,40047 20144,20961
40056,20137 40048,20212 30395,40051 30391,20205 20252,40047 30380,30394 40042,30382 30256,20119 30120,40044 30389,30387 40065,30385 30257,30393 40064,30259 20265,30286 20961,40054 20085,20606 20208,20201 20032,20057|30259,30395 20205,30120 20201,40065 30393,30256 20057,30389 30385,40056 20137,30257 30286,30380 30394,40064 20119,20265 40044,20208 20606,20961 30387,40048 20212,20252 40054,30391 30382,20085 40051,20032 40047,40042|30395,20212 20057,40048 20205,20119 40047,30256 40056,30257 30387,30391 20961,20201 20032,30385 40054,20085 20252,30259 20208,20137 30394,20606 30120,30380 40042,30286 40065,30389 40064,40051 20265,30382 40044,30393|20085,30387 30380,40054 20137,40065 20201,40044 30259,20057 30389,40056 30256,20252 40051,40042 30391,20032 40048,20265 30385,20208 30393,30395 30382,40064 30257,20961 30286,20205 20606,30120 20119,40047 20212,30394|40048,40056 20201,30394 20137,20119 30389,20961 30385,30391 40044,40054 30393,20265 40065,40047 30259,40051 20252,20032 40064,20085 30120,30286 30387,30382 40042,20205 30395,20057 20212,30256 20208,30257 30380,20606|40056,30259 30256,20208 20085,20201 30286,20137 20119,20212 20032,40042 30394,40048 20606,40044 30257,40065 40047,40064 40051,30380 40054,30395 20961,30385 20265,30387 30382,30120 20057,30393 30391,20252 20205,30389
40051,20185 30392,40065 20113,30387 20212,40043 30194,40059 40055,30393 20032,30390 20267,20091 40062,40042 20202,30120 30386,20070 30286,40060 20252,40047 30383,20199 40048,30382 40064,30391 20137,30380 20210,40052|40052,40048 20091,20202 30382,20113 30380,20210 20199,20137 30387,30392 40042,20212 20070,20252 40047,30383 40060,40064 30393,30286 40065,20032 30391,30386 40059,40055 30120,40051 30390,40062 20185,30194 40043,20267|20252,30286 40048,20032 20212,20137 30386,30387 20199,30392 40052,40064 20113,40060 20267,30382 20070,40051 20091,40042 40047,40062 20210,20202 40065,30383 40055,30120 40043,30390 30380,40059 30391,30194 30393,20185|30392,30393 20202,40043 30194,20113 40042,40047 30383,20267 40064,30380 40062,20210 20185,20091 30120,30386 30387,40055 30286,20212 30382,20199 30390,20252 20137,20070 40051,40048 20032,40052 40060,40065 40059,30391|30194,20267 20070,40059 40042,30380 20185,30120 20137,40047 40064,20113 30386,20210 30383,30391 40051,40062 20091,40055 30392,20202 40043,20199 20252,40065 30382,30393 40060,40048 30390,20212 20032,30286 30387,40052|20212,30194 40065,30382 30286,30387 40052,40042 40062,20137 40055,20185 30393,20091 40059,30386 30120,40064 20199,20252 20113,20032 20210,40060 20202,30383 30391,20070 20267,30390 40048,30392 30380,40051 40047,40043
20199,20057 20212,20267 30384,40049 30388,30394 30379,20085 30390,40066 40059,40061 30382,30387 40042,30257 20119,20204 40046,20252 20200,30194 20037,40063 30392,40050 40064,30120 20210,20137 20606,40052 30286,30259|30387,30379 20057,30392 40052,20199 30259,20210 30194,30388 20204,40064 40063,20212 20267,30384 20085,20606 30120,20119 30257,30382 40049,40046 40066,40059 30394,30286 40061,20037 20252,20200 20137,40042 40050,30390|20606,40064 20210,20204 20252,40050 20199,40046 30390,30379 40042,20267 20137,30394 40052,40049 20037,30194 40063,30384 20085,30388 30257,30259 30382,40059 20212,20119 30120,20200 40061,30387 20057,30286 40066,30392|30384,40052 30194,40066 40046,20057 40049,20212 20204,40042 30286,40063 30392,20199 30387,20606 20267,20037 20200,40061 30259,20137 20119,20252 40050,20085 40064,30257 30394,30382 30379,30120 40059,20210 30388,30390|20267,20204 30388,40042 20119,30384 20210,30394 40066,30286 30257,20137 30259,40049 40064,20252 30194,30379 40052,20212 40059,20037 20199,30387 40061,30392 40046,40050 30120,40063 20057,30390 20606,30382 20200,20085|40049,20606 30379,30388 30394,40046 30382,30194 40050,20199 20085,40066 30392,30259 30387,40059 30286,40052 20204,30257 20252,20267 20037,20057 20137,20119 30384,40064 20212,40061 40042,30120 30390,20210 40063,20200
30285,20250 20212,20210 30124,20137 20208,40061 30395,40048 30385,30381 20206,20085 20037,40045 40055,40063 30257,40056 20202,20113 30383,30256 20961,40052 30391,20606 30380,30388 30389,20199 20267,40064 20057,40054|20250,30395 40061,20037 20085,30257 30388,30285 40045,30380 20113,20212 20137,30383 20606,20267 30381,20208 40054,30124 40063,20057 40052,30385 40048,30389 20199,20202 40056,20961 30256,30391 40064,40055 20210,20206|20037,20113 30395,40061 20057,30380 40045,20212 40055,20250 20085,40056 40063,30285 20210,40052 20606,30385 30391,40054 30383,30389 20199,40048 20202,40064 30381,30124 20267,20208 30388,20137 20206,30257 20961,30256|30385,40063 40054,30383 20137,30395 30124,20206 30285,20057 40056,30388 40052,20085 40064,30391 30257,20199 40048,20606 30256,40045 20250,20267 40061,20202 30380,20210 20113,40055 30389,30381 20208,20037 20212,20961|20206,30388 20057,20210 40054,20202 20037,40064 40055,40056 20961,30381 20085,20606 20267,30385 30285,30383 30391,40052 20250,20137 30395,30389 20212,30257 20113,30256 40061,30124 20208,20199 40045,40048 40063,30380|30385,40054 40064,40061 20606,20961 40048,20208 30388,20212 30383,30395 30389,20085 40056,20267 40052,40045 20137,20057 30381,20113 30124,30285 20202,20206 20210,40055 30257,30391 20199,20037 30256,40063 30380,20250
20037,30256 40061,20606 20204,30393 30382,40052 20208,40060 20201,30390 20144,40066 30120,40051 20070,20199 30392,30395 40045,40057 30384,20205 20085,30379 20113,30387 40047,20267 20252,40064 30286,40043 30386,40042|30256,20208 30379,30120 40066,30286 20199,20201 30390,20070 30395,30384 40060,30392 40042,20252 20205,40061 40064,20144 40043,40047 40052,20037 40051,40045 40057,30382 20267,20204 30393,20085 30387,30386 20606,20113|20201,30384 40043,20037 30386,20199 40051,30286 30392,30390 40064,30387 20208,20070 20144,40057 20085,20205 30379,20252 40042,20113 20606,40045 40066,30256 20204,40052 30395,30393 40061,40047 40060,30120 30382,20267|30387,30379 20037,40051 40045,40066 30393,20208 40057,40064 20070,30386 20113,20201 20252,30395 30384,20144 40047,20204 30256,40061 30120,30382 20205,40042 20267,20606 30390,40043 30286,20085 20199,40060 40052,30392|30387,30286 20606,30382 20267,40051 40061,20204 30120,20113 30392,20208 40057,20201 30386,40066 30390,30379 20037,20085 40043,30384 40042,30256 20070,40060 20252,20144 40047,30395 20199,20205 40052,40045 40064,30393|40051,40064 30286,20252 40060,40042 30395,20037 20113,30392 20208,40052 30256,20199 30384,20267 20201,30120 40066,30390 20205,30386 20144,20070 20085,40047 30393,40043 30382,40061 20204,20606 40045,30387 30379,40057
40055,40047 40044,40053 20185,30380 40050,30257 40051,30389 40062,30254 40045,30391 40066,20070 20252,30386 20144,20206 20205,20267 30285,30195 30381,20032 20212,30258 40042,30384 20113,40061 20091,30394 20202,30124|30258,20185 30380,20144 30384,20202 20267,30285 30389,40062 30254,20113 30257,40044 30124,20205 30394,40042 30195,40051 40061,30381 20032,40055 30391,40066 20070,20091 30386,40045 40053,20252 40047,20212 20206,40050|30394,40062 20070,40051 20212,20091 30254,40053 30195,20113 20032,20185 20206,30384 20267,30386 40042,40055 40044,30258 40050,20205 30285,40047 30391,40061 30389,30124 20252,30381 20202,30257 40045,20144 40066,30380|20091,30285 20113,20202 30257,20206 40051,40045 30258,30389 30380,30394 40047,20070 20185,30391 40061,30195 20144,20032 30381,30254 40062,20252 40055,40050 30386,40042 40053,20267 20205,20212 30384,40044 30124,40066|20206,20252 30384,20267 20070,40062 30195,40066 30254,20185 20212,30257 40051,30391 20202,40050 30285,20205 30381,40055 30394,30258 40047,30380 30124,40045 20032,30386 40061,40053 20144,40042 20091,30389 20113,40044|40045,20206 30257,40051 40050,30384 20252,20202 40053,20091 30389,20212 40044,30394 30386,40061 20267,20113 40042,30285 30258,20070 20205,20144 20185,30124 40055,30195 30380,30381 40066,30254 30391,20032 40062,40047
40042,40056 40060,40045 20606,40057 30286,30258 40055,20032 20119,30392 30380,30383 20201,30389 40064,30257 20057,40048 30387,20137 20203,30256 20206,40063 30124,20961 20250,30382 40049,20265 40058,20085 30385,20210|30389,30387 20961,20606 20210,40058 20032,40042 30258,20250 40057,20206 30256,40055 40056,40049 40063,30385 40048,20201 30382,20119 30392,30380 30257,40060 20265,30124 30383,20057 20137,20203 40045,30286 20085,40064|30385,20265 40048,40042 20201,40049 40056,30392 30389,40064 20137,20119 30380,20032 30258,40055 30387,20206 20203,20210 20085,30124 30382,40058 30256,40063 40060,30383 20961,30257 20057,20606 40045,20250 30286,40057|30124,30382 20210,20201 20119,40056 30392,30387 40058,30389 30257,20137 30383,30256 20606,30385 40057,40060 40042,30258 20265,30286 40055,30380 40063,40045 40064,20203 20206,20961 20250,20057 20032,20085 40049,40048|40045,20137 30258,20119 20201,30392 30387,40056 40064,40049 30124,40055 20961,30383 30286,20032 40063,30382 20606,30389 40060,20057 40057,20203 20085,20206 40048,30380 40042,30257 40058,30385 20265,20250 20210,30256|20250,40064 30389,40042 30383,40048 40055,40058 20137,20201 30256,20085 20032,20210 40049,20606 40056,20961 30385,40057 20206,40060 20203,40045 30392,30124 30380,30258 30257,30286 30382,30387 20119,20265 20057,40063
20037,30394 40050,30392 40047,30383 30257,40053 30390,40060 30386,40054 20137,30381 40057,30194 30285,30124 40045,20961 20265,30395 20252,30391 40043,30379 30388,20070 30384,20606 20119,30387 20091,40062 40059,40063|40063,30285 30394,30388 40054,20137 40062,40057 30391,40045 30392,20119 30194,30390 40053,40059 30387,30257 20606,20091 20070,40050 30381,30384 40060,20265 30124,30386 30383,20252 20961,40043 30379,20037 30395,40047|40050,20265 40059,40062 30257,40063 20091,30383 30392,40057 20070,40045 40054,40047 30391,30390 30379,30285 20037,30386 30381,30395 20961,30388 20606,30194 20137,20252 30124,30394 40043,40060 40053,20119 30387,30384|20119,40043 40047,20037 30194,20961 40045,30381 30390,20606 20265,30392 40060,20091 30384,30124 20252,40059 40057,20070 30383,30257 40062,40050 30285,30387 30386,30391 40063,30379 30388,40053 30395,20137 30394,40054|40043,30395 20119,30257 30391,30384 30392,40060 40045,30124 40062,30388 20961,20091 40057,40053 40050,30394 30379,30383 40054,30387 30390,30381 30386,20252 20606,40059 30285,20070 30194,40047 20265,20037 20137,40063|40063,40043 20252,20265 40053,30285 30388,30392 20091,30391 30124,20606 40047,40050 30381,30194 20037,20119 30383,30386 30384,40054 30257,40057 40060,40045 30387,40062 40059,30379 30394,20961 20070,20137 30395,30390
20252,30194 30390,30388 30120,20091 20032,40043 30256,20137 20119,40055 30395,40056 20057,20961 40053,20606 30285,40046 20200,30392 30384,20202 30382,30387 40065,40061 20265,30379 20205,40052 40057,30257 30385,20208|40043,20265 40055,40057 20202,40065 30387,40053 20208,20057 40061,20205 30392,30256 40046,30385 30379,30120 40056,30390 30194,30285 20606,30395 20091,20252 40052,20032 30257,20200 20137,20119 30388,30384 20961,30382|30194,30256 30379,40061 20606,20202 40065,30395 30390,20119 30392,20265 30257,30382 20252,20208 20032,30384 40043,40053 40057,30388 30120,40055 20205,20057 20961,40056 40052,20200 40046,20091 30387,20137 30285,30385|40061,30285 30385,30120 30384,30387 20119,30379 20202,40043 20057,20606 20200,40057 30395,30194 40053,40065 30388,20961 30256,20252 40056,40046 20265,40052 20091,20032 20208,30390 20137,30257 40055,30392 30382,20205|20205,30387 40061,40043 30385,30256 30384,40065 20137,30285 30392,30395 20202,20961 30257,20265 40053,40052 30120,30390 30379,40057 20252,40046 20208,40055 30382,20032 20200,20119 20057,40056 30194,20091 20606,30388|40046,20205 40057,20137 30388,30257 20091,30392 30395,20252 20961,30379 20119,30385 20265,20606 30387,20200 40043,30382 30390,20202 40055,30194 30285,20208 30256,40053 40065,20057 40056,30384 20032,40061 40052,30120
20057,20113 40063,30391 40047,30124 40066,20091 20202,40048 30285,40060 30382,20606 20137,40052 40055,40058 30256,30384 20032,20250 20200,30383 40057,40054 30379,20961 30195,40065 20204,20267 30257,20212 30393,30385|20267,40047 40060,40066 40065,40057 30391,40055 30385,30382 40052,30393 20113,30285 20606,20200 30124,30379 40048,20137 30383,30257 20250,20204 40058,20032 20961,20202 20212,20057 20091,30256 30384,40063 40054,30195|40066,30393 30385,20267 30124,30391 30383,20204 20137,20202 20032,40057 40063,20961 20606,40054 40065,40058 40060,30257 20057,30195 20091,40055 20212,20250 30285,30256 30379,20200 40047,40048 40052,30382 30384,20113|40055,40052 40054,30379 30391,20032 30256,40060 20202,40066 20113,30124 30393,20091 30382,20212 40048,30383 40058,30384 40057,40063 20200,40065 20961,40047 30195,30285 20204,20606 20267,20057 30257,20137 20250,30385|40058,20250 40060,20113 40063,40054 20200,40048 40066,30256 30257,30379 30393,40047 30382,20204 30391,30285 20032,20091 20606,20137 20057,30385 30384,30195 40057,20267 40065,30383 40052,20202 40055,20212 20961,30124|30195,30393 20091,20961 20267,40052 20202,30257 30124,40066 30385,40058 40047,20057 30379,20032 30383,20606 20212,30384 30285,40057 20113,40063 40048,30382 40054,40060 20137,40065 30256,30391 20204,40055 20250,20200
40044,20185 20210,30194 30389,30257 30254,20267 20085,40061 30392,30259 40060,40052 40047,20070 20144,20250 30379,20206 40051,40057 40066,30386 30286,40054 20113,30393 20212,20032 20208,30382 30387,30383 30124,40065|20250,30124 20206,30392 20267,30389 20032,40051 40054,40047 20070,30286 30393,30254 40061,40066 40052,20085 30257,20208 30386,20144 40057,20210 30259,30379 40065,20113 30383,40060 20185,30387 30382,20212 30194,40044|40061,40052 30257,20212 30392,40054 30386,30379 40044,30124 30259,20032 20210,30389 20206,40065 30286,30382 20070,40066 20185,20250 20085,20208 20144,20113 20267,40047 30254,30194 40057,40060 40051,30387 30383,30393|20212,30383 40066,20185 30382,30392 40060,30257 30194,20267 20032,20070 30124,20085 40054,30254 30387,20144 20208,30286 30393,40061 30379,40044 20250,30259 30389,30386 40047,20206 20113,40057 40065,40051 40052,20210|20267,40052 40044,40066 40057,30387 20250,40051 30386,40047 30393,30286 30259,30124 20070,30389 40054,20208 20210,30383 30257,30194 20085,30382 30392,20144 20206,20032 40065,30254 40061,30379 20113,20185 40060,20212|20144,40054 20212,20210 30389,40044 20185,30257 30124,30393 30383,20113 40052,30386 30194,20085 40047,40061 30286,20206 30254,20250 30387,40065 30379,20070 20032,40060 30382,40057 20208,20267 40051,30392 40066,30259
40066,40055 30380,30285 30394,30382 20037,40054 20057,30259 20200,20137 40061,20113 40063,30256 40064,30257 20265,40043 30120,30385 30253,30391 30194,20185 20085,40050 40049,20212 20204,20206 20250,30389 40052,40046|20113,40066 20206,30120 40046,40064 40054,40049 30285,20057 30385,20265 40055,20085 20137,40063 40050,20250 20185,40061 30382,20200 20212,40052 30389,30380 30256,20204 30391,30194 30259,30253 40043,30394 30257,20037|20113,20250 30194,30253 20085,30394 30382,40043 30391,30385 20212,30257 40049,20057 20265,30285 20185,30259 40046,40063 30120,40061 20200,20206 40050,40064 40055,30256 30380,40054 40052,20037 40066,30389 20204,20137|20250,40049 30394,20265 40054,40050 30256,20113 20057,30380 20206,30391 40064,20200 40061,40066 40063,20185 30259,20212 30257,20204 30389,40046 30253,40052 30285,40055 20137,20085 20037,30382 30385,30194 40043,30120|30257,40055 20037,30389 40054,30253 40043,20204 40064,20137 40063,20212 40066,30385 20206,20085 20057,30194 30120,30259 30285,40052 20265,30256 40046,20113 20200,40049 30391,30394 20250,20185 40061,30380 40050,30382|40049,30391 30259,30257 30389,20200 20212,20057 20185,40054 30256,40061 30253,40050 40055,40046 30380,40063 40052,40064 30385,20206 20137,30120 30382,30285 30194,40043 30394,20250 20085,20265 20204,40066 20113,20037
30381,40060 30385,30386 40052,20205 30124,30195 30258,20265 30383,30286 30259,40066 40046,20085 40050,20113 40058,40054 30379,40044 20200,20037 40063,20203 20250,20185 20137,20057 40042,20206 40065,30390 40053,30394|40044,30258 20185,30385 30390,20200 30195,40053 40060,20137 30286,40042 20205,40063 30386,30124 40066,40046 40054,40065 20265,40058 20037,30381 20085,30379 20057,30259 30394,20250 20203,40052 20113,30383 20206,40050|30390,30195 20250,30124 40054,20037 20085,30258 40052,30259 30394,30286 20057,30385 20137,20205 40044,40063 40050,30383 20206,40046 40065,40042 40060,20203 20265,30381 30386,40053 30379,20185 40058,20113 40066,20200|20203,40066 20113,20250 30383,20206 30286,20137 30258,40052 40046,40060 20205,40058 30124,40050 30381,40065 40042,30394 20200,40054 20037,30386 20185,20057 40063,20085 30259,30390 30385,30379 40053,40044 30195,20265|20085,20037 40052,40058 40046,40050 20205,40066 20200,30381 40065,20057 30124,20265 40044,40042 30386,30383 40063,30258 20137,20206 30394,30390 30286,20250 30385,40054 40060,20185 20113,30195 30379,20203 40053,30259|40058,30124 30259,30379 30195,40052 20206,20200 30390,40060 30381,20205 20265,40063 20250,40053 30258,40065 40066,20085 20203,20113 20057,40044 20185,30386 20037,30394 40042,20137 40054,30286 40050,30385 30383,40046
30387,40062 30385,30258 40065,20085 40054,40045 30393,30380 30382,20057 20250,40053 20206,40063 20265,30120 30285,40052 30254,40051 30259,30390 20032,20200 20144,20606 20210,40058 30257,40048 20113,40061 30386,20203|40052,30386 30390,40054 40062,20250 20203,30385 20085,20206 40048,20113 20606,20210 30120,30257 40051,30285 40061,30254 40058,30393 40045,30387 20057,20032 20200,30259 40063,20144 30258,20265 30380,30382 40053,40065|20085,40053 30259,40054 30285,20144 40065,30258 30254,30386 20032,20265 30387,40052 20200,40048 40051,30257 30385,40061 30380,20057 40063,40045 40058,30382 30393,20606 20203,20206 20113,20250 20210,30120 40062,30390|20250,20210 40054,40062 30386,30259 20057,30385 40053,20203 40048,30380 40045,20032 20265,40051 40061,30387 40052,20085 30258,20200 20206,40065 30382,30285 20144,30254 30390,40063 20606,40058 30120,20113 30257,30393|40058,40048 30393,20250 20200,30254 20206,30387 40045,30258 20113,40051 30390,20085 30380,20210 40053,40061 30385,20265 20606,30386 30120,40062 20057,20203 20144,30259 30382,40065 40052,40063 30285,40054 20032,30257|20210,30390 30259,30380 30386,30385 40062,20032 20085,20113 40061,30285 20203,40052 30258,20057 40054,20144 30387,20606 40065,30393 20265,40058 40048,30120 30257,20200 40063,30382 20250,20206 30254,40045 40051,40053
30383,20208 20185,40042 40058,30384 20267,30124 40060,40051 20205,40047 20199,30381 40056,20200 30395,20070 40045,20203 20032,30380 20085,30391 20252,30195 30259,30286 40063,30257 20212,20144 20113,30387 30385,40050|30387,30385 20200,20212 40050,20252 20208,40045 30257,20085 40051,30259 30391,40058 20203,30395 40042,40056 30381,20205 30286,20032 20070,40060 30380,20185 30124,20113 30384,20267 40047,30383 20144,20199 30195,40063|20144,20205 30259,30257 40063,30380 30387,40060 20208,30391 40050,40042 20212,30383 20085,40056 30385,20113 20199,20185 40051,30195 20070,20032 40045,40058 20203,20267 30384,30381 40047,30395 30286,30124 20200,20252|20205,30286 30124,30385 40042,20208 30395,40051 30380,20203 20185,30384 30195,40045 20267,20199 30391,20200 20032,40047 20252,40063 40056,30259 30383,30387 40058,20144 20113,20085 40060,40050 30257,20212 30381,20070|20212,40058 30383,20205 30257,30124 40047,20199 30381,40060 20203,30387 40056,30380 30384,20070 30391,30385 20200,20208 20185,20085 20032,40042 20252,40051 40063,40045 20267,20144 30286,30395 30195,40050 30259,20113|30380,20267 20199,30257 30387,30286 40050,30384 40060,40047 20144,30195 40051,40063 20205,20212 20070,20200 30395,30381 20085,30383 30124,40056 40045,20252 20208,20032 20113,20203 40058,20185 30385,30259 40042,30391
40051,20205 30386,30120 20212,20037 30258,20961 20204,30382 40059,20201 40064,30384 20606,40053 30254,20200 40066,30383 20265,20252 30257,30390 20208,40063 20113,20057 30286,40048 40045,20137 30385,40062 20091,30380|40053,30258 40062,20265 20057,40066 20201,30286 30390,40064 40063,20113 30382,20091 30384,40051 20137,20208 20205,20204 30383,40059 20037,30386 20961,40045 30120,20606 20200,30257 30380,30254 40048,30385 20252,20212|20212,30286 20113,30385 20037,20961 30390,30383 20137,30257 40045,30254 20265,20057 40059,30386 30120,30384 30380,30258 20200,20606 20208,20204 20091,40048 40053,40066 20252,40062 20201,40064 40063,20205 40051,30382|30257,20265 30382,40063 20205,40053 20961,30390 40062,20137 30286,30380 30386,40051 30258,20091 30385,20200 40048,20212 20057,40059 30383,20113 40066,20201 40064,30120 30254,20208 20606,20037 30384,40045 20204,20252|30380,20205 30254,40063 40053,40048 20057,30390 20252,20113 20606,30286 30258,40051 30383,20265 40059,30382 20961,30384 20091,20137 40045,40062 30386,20204 20212,30120 20201,20200 20037,40064 20208,30385 40066,30257|20200,30383 30382,30380 40062,20212 30384,20091 30257,40045 40051,20037 30385,40066 30390,30386 20265,40053 20113,30254 30286,20208 20205,20606 40064,40059 20137,20201 30120,30258 40063,20961 40048,20252 20204,20057
20961,30120 20057,30256 40063,30257 30259,40047 40066,20606 40043,30387 40050,20091 40048,40055 30194,20212 40045,30394 20137,20200 30379,20205 30382,30286 30253,40057 20037,30384 40053,20250 40062,30254 20267,20119|40055,30194 20200,40062 20606,30253 20091,20037 30387,30379 20205,40050 30394,20267 30120,30259 20212,40043 30384,40045 30286,20057 40057,40063 30254,30382 30257,20961 20250,40066 30256,40048 40047,40053 20119,20137|40063,20137 40066,30379 20057,40047 40043,30384 20200,30259 30254,20037 20119,20205 30194,40050 30253,30257 20961,30387 20091,30120 40062,30394 40053,20267 30256,30286 20212,40055 20250,20606 40048,30382 40057,40045|30379,30256 40055,20119 40047,20200 30259,20091 20267,20250 30257,20212 20205,40053 40050,40066 30394,20057 30382,30253 20606,40062 30286,40063 20137,40043 20037,30194 30120,40057 30387,40048 30384,20961 40045,30254|20057,20606 30257,40047 40053,40066 30382,20119 30387,20205 30256,20212 40062,40055 20200,30254 30253,30259 30379,20137 20091,20961 40057,20037 40045,30286 20250,30194 40050,40048 20267,30384 40043,30394 30120,40063|40055,30379 30194,30253 20961,40057 20212,20057 40066,30120 30384,40050 20205,30382 30394,20250 30286,20200 20137,40045 30254,20267 40063,30256 40047,40043 20119,30387 20606,40053 20037,30257 30259,40062 40048,20091
30386,40064 30380,30286 40048,40054 30390,40050 30381,30384 40061,30257 40059,30124 30385,30391 20961,20210 30194,20085 30393,20212 40049,20037 20250,20267 20204,20070 20144,20200 40065,40051 40056,40045 20113,20606|20070,20144 30257,40065 20267,40059 20200,40056 20212,40048 20037,20961 40064,40049 30391,30194 40051,30390 40045,30393 40054,40061 20606,20250 30384,30385 20210,20113 30124,30381 20085,30380 30286,30386 40050,20204|30390,40048 30381,40064 20250,30386 20267,40061 20212,20070 20204,20200 20113,40059 30393,30384 20144,40050 40054,20085 20606,40045 20037,40051 30124,20210 20961,30385 30391,30380 40056,40065 30286,30257 40049,30194|40064,30390 40050,40049 40051,20267 40061,30124 40045,20250 30194,20212 40059,30391 30380,20961 40065,20113 20085,20037 30386,40054 30257,40056 40048,20144 30384,20204 30385,20606 20210,30393 20200,30381 20070,30286|40050,40065 20250,30390 20200,40064 20037,30393 40049,40059 20204,30257 30391,20085 20113,20267 30386,30124 40054,20210 40051,40048 20606,30381 20961,40061 20070,40056 30286,30194 20144,30384 30380,20212 30385,40045|20085,30386 30124,20037 30384,40054 40045,30286 40048,20204 40059,20961 30381,40049 40064,20144 30194,20250 40065,20200 30257,20070 40056,30380 30393,30391 20210,40051 20267,40050 40061,20606 30390,20113 20212,30385
20032,20144 20208,40057 20250,20205 30286,20057 30394,30386 40042,30124 40044,30392 30382,20119 40066,40056 20199,30391 30258,20206 20606,20085 30380,30387 40045,40054 20201,40052 20267,30383 30389,40051 40059,40055|30124,30258 30392,40066 30383,20201 40054,30380 40052,40045 30386,20267 20206,40059 20119,30394 40051,30286 20205,20606 20144,40042 40056,20250 20085,40044 30391,20032 40055,20199 30387,20208 20057,30389 40057,30382|30391,40056 20144,30383 40054,20201 20205,40045 20250,20119 40051,40042 30389,40052 40066,30386 20057,30258 30286,30124 20085,20199 20208,30394 20206,30392 30382,30387 20032,40059 40044,20267 20606,40055 30380,40057|40056,20057 40052,20606 40059,30286 40045,40051 20201,20144 30124,20205 30387,20085 40057,20206 20199,20208 20119,40054 30392,30389 30258,40044 40055,30382 20267,20250 40042,30391 30383,40066 30394,30380 30386,20032|40044,40056 40052,40042 30392,20144 40054,30383 30389,30382 30124,40059 20119,20057 20267,20205 40045,40057 20085,30380 20201,30394 20199,30386 20206,20032 30391,30286 30258,40051 40055,30387 40066,20250 20208,20606|40042,40044 30387,20206 20606,30124 30286,40052 40059,30389 20205,30391 20057,40066 30386,40054 20032,20267 30383,30392 40057,20085 20250,20199 40051,20119 20144,40045 40056,20208 30394,40055 30382,20201 30380,30258
30254,20144 20085,20208 20204,20185 20252,30257 40045,40052 20057,20032 40054,40066 40043,30393 20113,20199 40059,30256 40050,20267 30395,30382 20202,30380 20212,40047 30389,20210 30120,40048 30285,20201 40053,20203|20032,20252 40052,20085 20208,40053 30257,40045 30393,20057 20210,30395 30382,40059 40048,40050 40066,30389 20201,20212 20199,30254 20185,30120 30256,20113 20144,40054 30380,30285 40047,40043 20203,20204 20267,20202|20201,30395 40059,40054 30389,30393 20252,20199 20085,40053 40043,30120 20032,40066 20208,30382 40047,20057 20113,20144 30256,30380 40050,30254 20203,20267 20212,20185 20210,20202 20204,30257 30285,40052 40045,40048|20144,20201 20185,30256 40052,40043 30382,20113 30380,40050 30257,20032 40053,40047 40054,30389 30120,20208 30395,40059 30393,20212 40048,30285 40066,20203 20199,20210 20267,40045 20202,20085 30254,20252 20057,20204|40059,20210 20057,30395 20202,20203 30120,30257 40066,20212 20085,40043 30254,40045 30393,40054 30380,40053 40048,20113 20201,20252 30382,40052 20199,40050 20267,20208 30256,30389 20185,20032 20204,40047 20144,30285|40043,30256 40054,20185 20032,40059 20208,20204 30257,30382 20203,30380 30395,30254 40053,20199 30389,20057 40047,20201 40052,20267 30285,40066 40045,20202 20252,40048 20212,20144 20210,30393 40050,20085 20113,30120
40057,30257 30382,40051 30285,40046 30258,20250 30389,30388 40060,20032 40054,40052 20085,40047 20057,40053 30392,20206 30393,30120 20203,20200 30385,20265 20202,20606 20201,40043 20208,40064 20205,20144 20113,30380|30257,20203 40052,20202 20250,40060 40047,20201 40046,30385 30120,40054 40053,30258 30380,30393 30388,30285 40043,30382 20200,20085 20606,30392 20144,20113 20265,20057 40064,20205 20206,40057 40051,30389 20032,20208|20057,30120 40051,30385 40043,40047 30257,20113 40057,20606 30389,20144 30393,40053 30380,20250 40054,20265 40052,20208 30285,20032 30382,40060 20085,20206 20203,40046 20200,30392 20202,30388 40064,20201 30258,20205|20206,20203 40047,40054 30385,20085 20201,30285 20265,30258 20144,30257 20113,30389 30120,40052 30388,40057 20606,40043 40060,40051 20208,20200 40046,20202 20250,30393 30392,30380 20205,20057 40053,40064 20032,30382|30393,20085 40060,30389 20201,20265 20203,20202 30120,20208 20200,20206 40064,30257 40047,30392 20144,40053 30388,30380 20205,40043 30382,30285 30258,20606 20113,40054 40057,40046 40051,20032 20057,20250 40052,30385|30380,40057 40043,30388 30385,20203 20250,20144 20206,40052 30389,30393 20202,40064 30285,40051 20606,20201 40054,20205 20032,20113 20208,40047 40046,20200 30392,30120 40053,40060 20265,30382 30257,30258 20085,20057
20252,40047 30394,20185 20085,40054 30195,20200 30382,40059 20265,30286 40051,30124 40061,30395 30380,20119 40045,20070 20037,20206 20137,40050 40066,30259 20208,30384 40042,40053 40064,20201 30386,20205 40056,30390|20200,30380 20205,30195 40059,40061 20119,30394 30124,40045 20206,30386 30390,20085 40050,40042 20070,20208 40054,40064 40047,20137 40053,20037 30286,30382 30259,20252 30384,40056 20201,40051 30395,40066 20185,20265|20137,30382 40042,20037 20200,20201 40059,40056 30386,20119 30395,20070 40054,40047 40064,30380 20205,20208 30195,30124 20185,30384 30259,40045 20085,20252 30390,40066 40061,40051 40053,20265 40050,20206 30286,30394|40051,30259 20037,40061 20070,20185 40047,30286 40066,20085 40056,30195 30394,40053 30382,40042 20208,30386 30380,30395 40045,20200 20252,20205 20201,20137 30124,40064 20265,30390 20119,40059 30384,40050 20206,40054|20070,40064 20206,20208 40059,20201 40053,30380 20265,20119 40047,20205 30394,30382 40050,40045 30395,20252 40061,30390 30124,30386 40042,20200 30286,20085 20137,30384 20185,40056 40054,40066 30195,40051 30259,20037|20037,20070 20085,30195 30382,20265 30384,40042 30380,30286 40066,20185 40064,40050 40056,30395 30390,30259 40051,40059 20200,40061 30386,40047 20205,30394 40045,40053 20119,20137 20208,40054 20201,30124 20252,20206
20250,30256 30380,20070 20200,40049 30394,20606 40045,40055 20091,40057 30253,40065 30286,30382 20144,40053 40048,20113 40050,40043 20265,20032 20210,30386 30195,30388 20208,30391 20206,40058 20204,40056 30120,30383|40058,20265 30383,20200 30382,40048 40057,40045 30386,30286 20606,20210 40049,20091 40043,20206 40056,30120 30388,30380 20113,20250 40065,20204 40055,30195 30391,40050 30256,30253 40053,30394 20070,20208 20032,20144|30382,30394 30388,30286 20032,40055 40043,40048 40050,20144 20206,20204 30253,20113 40045,20250 20200,20070 30383,20265 30391,40058 20208,20210 40056,40053 30386,40057 30195,20091 40049,30380 40065,30120 20606,30256|40058,40049 30286,20206 30380,30386 20070,40056 20250,40050 40048,30195 20091,20606 20204,20032 30120,30388 30394,30253 40053,20208 40057,30391 20144,40065 30256,40045 40055,30383 20210,20200 20265,40043 20113,30382|20250,30195 30391,20204 40048,30256 30394,40065 30253,40055 30386,20032 40058,20113 20206,30380 30388,40049 40053,20210 20606,40043 40057,20208 30382,40056 20070,30120 30383,20091 20265,20200 40050,40045 30286,20144|40056,30286 20210,30382 40055,40048 30380,30383 20204,30253 20208,20265 40049,30386 20091,30388 40065,40053 40043,40058 20200,40057 20113,20070 30120,20250 30256,40050 20032,30391 20144,20206 30195,30394 40045,20606
20200,40043 20208,30120 40058,20119 40055,20250 30194,20210 40061,20032 30253,30381 40056,30259 30390,20206 40051,40057 20070,30379 40050,30385 30285,40064 20265,40060 20204,20185 20091,40048 40044,20137 30389,20203|30259,40051 20137,20265 20210,30390 20250,40050 20032,20200 40043,30194 30381,40058 30385,20091 30120,20204 20206,20208 20185,30253 30379,30389 20203,40044 40057,20070 40060,40055 40048,40056 20119,30285 40064,40061|20210,20250 30379,30381 20208,40058 40056,40050 40055,20032 30285,30389 40061,40048 40057,20203 40044,30253 20265,20185 30385,40064 20137,40051 20119,30259 30194,30390 20206,20200 40060,20070 40043,30120 20091,20204|20250,30379 30389,40044 30390,40055 30120,40061 40048,20206 20185,40057 20032,30194 40064,40056 20200,30285 30253,20091 30381,20119 20204,20208 20070,20137 20203,20210 40051,40060 30259,30385 40058,40043 40050,20265|40055,30385 20091,20119 20185,20137 40061,20208 30389,20032 20204,30381 30120,40060 20210,30259 20265,40064 20203,30390 40043,30379 20070,20250 40050,30253 30194,40056 40051,20200 40044,40058 30285,40048 40057,20206|30381,40043 40064,20070 40056,20210 30253,30389 40060,20185 30379,40055 20137,20203 20206,30194 40048,40057 30390,40051 20032,30120 20200,40044 20119,40050 20208,20091 30259,20265 30385,30285 40058,20204 20250,40061
30390,20032 30384,40066 40057,20085 30383,30379 30195,20200 20119,40064 30387,30386 40056,30285 20202,30393 20137,40058 20265,40059 40062,30381 20070,20199 40048,40054 20606,40046 40047,30258 20250,30391 30257,30124|30386,20250 30393,30390 30391,20070 20199,20202 30124,30383 30285,20119 20085,40056 40064,40047 30379,40048 40054,30257 20032,20606 40066,20137 40059,40062 40058,40057 40046,30384 30381,30195 20200,30387 30258,20265|30393,40057 20250,40054 40059,40064 30391,30384 30257,20137 40058,40046 30390,40048 20032,20265 20119,30387 40062,30195 40066,20199 30379,20202 20070,30386 30258,30285 30381,30383 30124,40056 40047,20606 20200,20085|40054,40066 20137,30379 30195,40058 30387,30390 30386,40047 30383,20070 30384,20250 20265,40062 20606,30393 40057,20200 40048,20032 20199,40059 40064,30258 20202,30124 30285,30257 40056,30381 20085,20119 40046,30391|20265,30393 20119,40054 40066,30391 30390,30386 40064,20199 20085,30381 40058,30258 40059,20070 30383,40056 20606,20250 40057,30124 30387,30384 30285,40047 30257,30379 40048,20200 40046,20202 20032,40062 20137,30195|30124,20119 30381,40064 20199,30383 30391,30257 20200,30390 40062,40066 30384,20085 40056,40059 20070,20137 30258,20606 20202,20032 30195,20265 20250,30285 40054,30387 30393,40058 30386,40048 30379,40057 40047,40046
20144,20208 30259,30389 30379,20091 30382,40056 30392,40064 30124,40057 20032,30394 30384,30390 40062,40050 40060,20267 20057,20961 20119,30254 30258,40044 40063,20606 30386,20252 40046,20204 30285,30194 30257,40052|30394,30257 40050,30259 30254,30384 30194,40063 20208,30124 40057,30285 40044,30386 20091,40062 20267,20057 20961,40060 20606,30392 40056,40046 40064,20144 30389,20119 30390,30382 20252,20032 20204,30379 40052,30258|40062,30389 40044,30394 30390,40046 20252,40057 20119,20606 30379,30382 30124,30257 30285,20208 40063,30392 40056,30194 20057,20091 40064,30386 30254,40060 20144,20032 20961,40050 30384,20204 20267,40052 30259,30258|40046,40063 20208,30390 30382,30254 30386,40062 40050,20119 40052,30124 20204,20961 20032,30285 40057,30384 20606,30259 30394,20267 30392,30379 30194,20252 40060,40064 30258,20144 30389,40056 30257,20057 20091,40044|30124,20119 40046,20057 20961,30389 20032,30386 30390,30285 20267,20208 20252,30379 40044,40060 20606,40057 30194,30394 20144,30382 40050,40056 40062,20204 30254,30259 30258,30392 20091,30384 30257,40063 40064,40052|20119,30194 40052,20606 20057,30390 20204,20091 30392,30124 30285,30254 30386,30258 30379,40046 40063,20267 30382,20961 30259,40044 30384,20252 30394,40050 40060,20032 30389,40064 40057,40062 40056,20144 20208,30257
30394,20085 30385,30258 20070,20113 30124,30381 20606,30286 40042,30387 30389,30256 20252,30395 20267,30257 20032,20137 40045,30259 40059,40057 40066,20205 40065,30390 30194,30391 30380,40048 40044,40050 20212,40055|30381,20032 40050,40042 40055,40045 30391,20070 20113,30380 20085,20267 30395,20212 30259,40066 30256,40059 40057,30385 30286,20252 30257,30124 20205,30389 40048,30394 30258,40065 20137,40044 30387,30194 30390,20606|30385,30381 40066,40042 30380,20267 30391,40045 40044,30389 20606,20085 40055,30390 30286,40057 30124,40059 30387,20070 30257,20113 30194,40050 20205,20252 20032,20212 40048,30395 30258,30259 20137,40065 30256,30394|20267,30258 40057,20606 40059,20032 40045,20205 40065,40044 30381,30391 30390,30286 20113,40066 30395,30380 30389,20137 40042,30124 20212,30194 40050,30385 20252,30256 30394,30387 30259,30257 20070,40048 20085,40055|20113,30124 20205,30390 40050,30391 20267,40055 30380,30286 40048,40044 20070,30385 30258,20137 30387,30389 30194,20085 30259,20032 40045,40066 40065,40057 20212,30394 30256,20606 30257,30395 40042,30381 40059,20252|20606,40045 40057,30256 30394,30257 30286,40048 20252,20113 30391,20212 40055,30194 30124,30387 20085,40042 20032,40050 30389,40065 40044,30258 20137,20205 30385,40059 30395,20070 30390,30380 30381,30259 40066,20267
20113,30386 40064,40050 20199,40045 20201,20032 20252,20085 30387,20267 40048,30120 40062,30380 40051,20206 40063,40059 40047,20202 30382,30385 20070,20137 30383,40055 20606,40046 30395,30257 40066,30394 20200,30285|40059,20070 30385,20606 40045,30382 40050,20199 20032,40051 20202,20252 30386,40063 20206,20201 30394,30387 30120,40066 30285,30383 40046,30395 20085,20113 20137,40062 40055,40064 20267,20200 30257,40047 30380,40048|40059,40050 20032,30394 30387,20201 30380,20199 20137,30395 30120,20206 40048,20085 20252,40046 20200,20606 40066,20267 40063,20113 30382,30285 40045,40047 40051,30385 20070,40064 30257,30383 40055,30386 20202,40062|40046,40059 30285,20070 20113,30387 30385,40048 20206,30257 40050,20032 40062,30120 20085,30382 20201,40055 30386,20252 30394,40045 40064,40063 20606,40066 20267,20137 30395,20200 40047,40051 20199,20202 30383,30380|20206,40048 30285,30385 30383,30120 20032,20606 20252,40051 20199,40064 30382,30386 30257,20085 20267,40045 30395,40050 40055,20137 20070,30380 20202,20113 30387,40059 40062,40046 40047,40066 20200,40063 20201,30394|40059,30285 30394,30257 40064,20267 40048,40055 30386,20201 20137,20199 40045,20032 20113,40047 30120,20070 30380,30395 20085,20206 40063,20252 40051,30382 40066,20202 40050,30387 20606,30383 30385,40062 40046,20200
20210,40050 30382,40055 40057,30390 20070,40054 20119,40065 20203,40059 20267,30380 20199,40048 40047,20201 40043,30259 20961,20606 30257,40049 30254,20250 30124,30195 30285,20144 30388,40045 30392,30386 20091,20037|40050,30382 40045,40057 30386,20119 20606,30388 20037,40047 20201,20961 20250,20199 30259,20091 30195,30257 40049,20210 30380,30285 40054,30124 40065,40043 30390,20070 20144,20203 40059,30254 40055,20267 40048,30392|20203,30380 30285,40045 30386,20267 30124,20037 30254,40065 30382,20091 40057,40050 20961,40054 40049,20119 30195,40055 40047,20250 20070,20210 30392,20606 40048,40043 20144,30257 30259,20199 40059,20201 30388,30390|30380,30392 30257,30124 20267,30382 40043,20961 20091,40059 20119,30195 40065,30259 20199,30386 20606,40057 40050,20070 20037,30254 40055,20203 20210,30285 30390,40048 20250,30388 40045,40047 20201,20144 40054,40049|40049,30259 30195,30390 20037,20267 20203,20250 30386,30124 20210,40059 40054,30380 20119,20070 30388,30254 20201,30257 40050,40047 40065,20961 40048,20606 20144,40055 30285,30382 30392,20199 40043,40057 20091,40045|20961,30195 20199,20037 40055,40048 20267,20210 20070,40043 20250,20091 30380,20119 40045,40065 20606,20144 40047,30386 30390,40050 40059,40049 30124,30388 30259,20201 30257,30392 40057,30285 30382,20203 30254,40054
30285,20202 20208,30395 40052,20085 20037,30381 30389,30256 40056,30194 40063,40059 30379,30392 20250,30124 30387,20212 40065,20210 20144,40043 40047,20204 30257,20113 40044,40060 40051,20185 20057,20203 20961,20265|20085,20057 30256,30387 30381,40051 30194,40052 20185,40044 20212,40063 30124,20208 40043,40047 20203,40065 40060,20961 20204,30379 30392,30257 20113,20250 40059,30285 20202,20144 30395,40056 20210,20037 20265,30389|20208,30381 40059,30124 30392,20961 30194,20085 40063,20265 30285,20185 20212,30256 20250,20204 40051,20210 40065,30389 20037,40044 40060,20144 30387,20113 20057,40056 40047,30379 40052,20203 20202,30395 40043,30257|40056,40052 20265,20057 30257,40047 20204,40043 20961,20037 30395,20250 20144,20208 20210,30285 30389,30194 20113,20212 30379,20202 20185,30387 40044,30392 30124,40065 20203,40060 30381,40063 30256,40059 20085,40051|30379,40043 30257,40052 20203,30392 20208,20250 30256,20202 30194,20961 40065,20085 30395,40051 20144,30389 40060,20210 30387,40044 40047,40056 40059,20265 30381,20204 20037,40063 20212,30285 30124,20113 20057,20185|20204,20144 30392,20057 40056,30381 20250,30257 20113,20037 30285,30256 40051,30124 40043,30395 30389,40060 40044,20212 40063,30194 20210,30387 40052,30379 20185,40065 20961,20203 20202,40047 20085,40059 20265,20208
20119,20606 20203,20085 30395,30383 20267,30381 30391,40058 40056,30286 20202,40057 20210,30393 30124,20070 40065,20250 40055,20961 30259,20037 40054,40059 30388,30380 30384,20205 20201,40052 30394,40044 40049,20144|20085,20267 20250,30391 20961,20119 30383,30394 20070,30384 20144,20203 40058,40049 30393,40065 40044,40056 20205,40054 40057,30259 20606,30388 30381,30124 30286,20202 20037,20201 30380,40055 40059,20210 40052,30395|20203,30380 30124,30388 30383,20250 40056,30393 20961,20144 20205,20201 20210,40057 20070,40059 20037,40065 30286,40044 40055,20119 20606,30381 30259,40049 40058,30395 20202,20085 40052,40054 30391,30394 20267,30384|20250,40056 20144,30286 40054,20606 20085,40058 30380,20070 30393,20205 40065,20267 20201,30259 30388,20210 30384,20961 40044,20203 30381,40052 40059,30124 40049,20037 30394,20202 30395,30391 40057,40055 20119,30383|20250,20210 30393,30259 20144,20085 40056,20202 40052,20267 30380,20961 30391,30286 40059,30381 30124,40065 20205,40057 40049,30394 40044,20119 20070,20037 20203,30384 30388,40054 30395,20606 30383,40055 40058,20201|20085,20205 30259,30383 40054,20203 30394,20144 40055,40056 20201,40044 20210,20070 30286,30388 20202,40052 40065,40049 20119,30391 30384,40058 40057,30395 20961,30124 20267,40059 20037,30393 30381,30380 20606,20250
20032,20210 20113,30389 40056,30380 20204,40049 30120,20144 20208,30384 40043,30286 30382,30388 30394,20057 20606,40055 20267,20212 30254,30386 30395,20203 40052,40044 30391,40065 30258,30383 40062,30195 20085,20250|20212,30382 40065,20085 20057,30258 30286,20267 30383,20606 30380,30120 20144,20204 40055,20208 40049,30254 20203,40062 30389,30391 30388,40052 40044,40043 30384,20032 20250,40056 30386,20113 30195,30395 20210,30394|30258,30195 20210,20250 20208,30380 20032,20212 30395,30394 20204,30254 30391,20113 20203,40055 20606,40052 40043,40065 30389,30388 30386,40062 20085,40049 40044,30383 20267,20057 30382,20144 30384,40056 30286,30120|30380,20204 20057,20203 30394,20267 40062,30384 20144,20606 30254,20208 30120,30395 30383,30382 40056,20032 40049,30391 30195,30286 20250,30389 20212,40044 40052,30386 30388,20085 40065,20210 40055,30258 20113,40043|20212,40065 40055,30386 20032,40062 40044,20144 30388,40049 30389,20203 20210,40043 30395,30384 20606,30254 20250,30382 40056,30120 20204,20267 30391,40052 30394,30380 30383,30286 20085,20057 20208,30258 30195,20113|20057,30395 40049,40056 30386,30389 40043,30394 30380,20085 30254,30383 30120,20250 40062,30391 30382,40055 40065,30388 20144,20208 30384,20210 40052,20204 20113,20032 20267,40044 30258,20212 20203,30195 30286,20606
30285,20265 40065,30390 30256,40048 30194,30380 40054,20119 20212,30395 30257,40058 20606,40045 30388,30124 30383,30259 20199,20085 20200,20037 40057,30254 30394,20250 30387,20206 40055,20210 20144,30381 20057,30393|30393,30388 40045,40065 20085,30257 30381,40057 20206,40054 20119,20606 30259,20200 20210,20144 30124,30285 20037,30256 20250,30383 30380,30387 30254,30194 40058,40055 40048,20212 30390,20057 20265,30394 30395,20199|40057,20144 30254,30256 30395,40054 30194,40045 20037,40058 30257,30394 20606,30383 20212,30380 30381,30388 20199,30285 30393,20210 20250,20206 20085,40065 40055,20200 30124,40048 30390,30259 20119,20265 30387,20057|40065,30387 40045,30390 20206,30257 30388,20037 30383,30395 30380,20606 30285,20119 20210,30194 40048,20250 20265,20212 20144,30124 30256,20199 20057,40055 40058,40057 20200,30393 30259,20085 40054,30381 30394,30254|20085,40048 30393,40065 20265,30124 30257,30395 40054,40045 30390,20199 20250,20144 30388,20210 40055,30380 30256,30387 20206,20057 20037,30254 20200,30381 40058,30383 30259,40057 20606,30194 20212,30285 30394,20119|40048,30394 30380,30390 30387,40054 30194,20200 20210,20265 40065,20206 30381,30256 30124,30393 20057,20037 30395,20606 20199,40058 20119,20212 30254,40055 30383,30257 40045,30259 20144,20085 30285,30388 40057,20250
30256,40058 20202,20961 20252,20113 20091,30383 40042,20203 30394,20185 40056,20267 40059,40047 30379,30392 40048,30386 30285,30254 30390,30381 30393,40062 20204,20137 30258,20212 20037,30195 40052,30120 20070,40046|40062,30258 30381,20252 20113,30285 30392,30394 20185,40059 30386,30379 40046,40048 20137,30256 20212,30390 30195,30393 30383,40052 30254,20091 40047,20037 20267,20202 40058,40042 20961,20204 20203,40056 30120,20070|20961,30256 40056,40058 40062,40046 20204,30383 30390,30285 20113,20202 20252,20212 20267,20185 40047,30381 30254,30392 40048,20137 30195,30386 30393,40042 30258,20091 20070,40052 20037,20203 30120,30394 40059,30379|20203,40062 40042,20267 30256,30390 20137,20037 30386,30120 30394,20113 40052,30195 30379,20252 40046,30258 40058,30393 30285,40047 20091,40056 30381,20204 20212,30254 20202,40059 20185,20070 30392,20961 30383,40048|20185,30258 20137,40042 30386,30381 20212,20202 30120,20961 40059,30394 20204,40056 30256,20203 40062,20267 30383,30254 20252,40047 20070,30393 30392,20091 30195,40048 30379,30285 30390,20037 40058,20113 40052,40046|20202,40062 40048,30392 30393,30383 30254,40059 40046,20212 40042,20204 20203,20185 30394,40052 20267,30256 30285,30195 20037,30379 20091,20070 40047,30120 30258,20252 20113,30386 30381,20137 20961,40058 40056,30390
30380,20085 30286,40060 30388,40065 40043,40051 40053,20057 30254,30253 20113,40064 40048,30390 30381,20137 20204,20185 20267,30259 20032,20250 40046,40056 30386,30392 40049,20205 40044,30383 20202,20206 30124,30194|30253,40049 30194,40046 40051,40053 40060,40044 40064,30254 20205,20267 30383,20204 20185,40048 30259,30381 40065,20032 20137,30124 20057,20113 20206,40043 30390,30380 40056,30388 20085,20202 20250,30386 30392,30286|30390,20206 20185,30380 20204,20205 30392,30253 40043,40049 30254,20113 20032,20267 30381,40053 30194,20085 40044,20137 30386,20057 40056,30124 40051,20202 20250,40064 40046,30259 30286,40065 30383,30388 40048,40060|40049,20204 20057,20185 40060,30392 40064,40051 20137,20032 30380,40046 20205,30381 30124,40043 20267,30386 30388,30286 20206,30194 30253,20250 40053,30254 40065,40044 30259,40048 20113,30383 20085,40056 20202,30390|40053,20206 40064,40056 20250,30286 30390,40044 20113,40046 20032,30392 40043,30380 20267,40060 30381,40065 30254,20204 30124,30383 20185,30259 30388,20085 30386,40048 20137,30253 20202,40049 20057,20205 40051,30194|30383,30390 20205,30124 40056,20250 40060,20032 20206,20267 20204,20113 40048,20202 30286,20137 30194,30381 40044,20185 40065,30254 30380,30388 30253,40051 40049,40053 20085,40043 30259,20057 40046,30386 30392,40064
20206,20202 30382,30120 20252,30286 30254,40050 30392,20185 40045,20201 40064,20144 30380,20267 20085,40060 20205,40066 20119,40056 20037,30388 30256,30385 40053,40057 40054,30257 40047,20070 20199,40059 40052,20210|20070,20037 20202,40054 40057,30254 40056,30382 40050,40047 20210,40053 30257,30380 30286,20205 20144,20085 20267,20199 30120,30392 30388,40045 20201,20119 30385,40064 20185,20206 40059,20252 40066,30256 40060,40052|40060,40066 40057,40064 30382,30385 20252,20144 20070,20185 30256,30388 20206,30380 40053,30286 40056,20205 40050,20199 40059,40047 40045,30392 20119,20202 30120,20201 20210,20085 20267,40054 40052,30257 30254,20037|40047,30120 20037,40053 30380,40056 20144,40059 30392,20070 20199,30254 20202,30382 30257,20119 40066,40045 20205,40050 30388,40057 30385,20206 20085,20267 40064,20210 30286,40060 20185,20252 20201,30256 40054,40052|40060,30257 30388,40052 20210,40057 20119,30286 20267,40050 20202,30256 40053,40064 30392,20252 40059,30385 20199,20037 40047,20206 30382,20185 30380,30254 20144,30120 40066,20070 40056,40054 20085,40045 20205,20201|20185,40056 30286,20210 30256,40047 40057,20119 40064,30388 20070,30380 20037,20205 30257,30392 30120,20267 20252,30382 40050,20202 40054,40060 30385,20085 30254,40059 40045,40053 40052,20144 20206,40066 20201,20199
30384,20961 40046,30394 30286,40060 40066,20206 30381,20250 30259,20265 20037,30120 30195,20185 40047,40044 30395,20113 20204,30390 40042,40057 40063,30253 40052,20070 20091,40065 30194,30386 20137,30254 40048,30380|20185,20037 40044,30381 30394,20137 30386,40047 40057,30259 20070,30194 30254,40046 20250,30286 20961,20091 20265,20204 20113,40063 40065,30195 40060,30395 30253,40048 20206,40052 30120,30384 30380,40042 30390,40066|30394,30380 40052,40065 40048,30120 30381,40063 30195,30259 40060,20070 30194,40044 20185,30253 30386,20204 20113,40046 40042,30395 30384,30286 20961,20250 20091,20137 30390,20265 20206,40047 30254,40066 20037,40057|30395,30381 20250,40042 40065,30390 40063,20961 20204,20113 20137,20206 30259,30254 40046,40060 30253,30386 20070,30195 40044,40052 30286,30194 40066,20037 40047,30384 30120,30394 30380,20185 40057,40048 20265,20091|40047,40063 30386,30120 30384,20037 20265,40046 20206,20204 30259,20137 30194,20250 40044,20185 30286,40042 40060,40066 20091,40048 20113,30253 30254,40065 20961,30395 40052,30380 20070,30381 30195,30394 40057,30390|40046,20961 30380,20091 40042,20070 30390,30194 30394,30259 20250,40060 40063,30386 20137,40047 20037,20113 30381,30286 30253,40052 40048,30195 40065,40044 20185,30254 40066,30384 20204,40057 30120,20206 30395,20265
40056,30388 30381,40066 40057,20085 30379,30286 30259,30256 30386,30389 40055,30195 40043,20037 30385,30120 30384,30194 20144,40046 20961,20185 30392,20199 30390,30393 20265,40052 30394,20057 20205,30391 20113,20252|40066,30379 30256,30394 30286,30390 20057,20961 20185,30381 20037,20113 30194,40056 30195,20265 30389,30385 30120,30384 20085,20144 30388,20205 40052,40043 40046,30392 20199,30259 20252,30386 30393,40055 30391,40057|40056,30386 20205,20037 30381,40057 30388,30394 30392,20144 20961,40066 40055,30256 30194,20199 30393,20265 20185,30120 30384,30389 20085,30390 40046,30385 20057,30379 40043,30259 20113,30286 20252,40052 30391,30195|30256,20252 40066,40056 30259,30391 20144,30194 30386,30384 30385,20113 20199,30393 30120,20057 30195,20185 30379,40046 30394,40043 30286,20205 20037,30381 40052,20085 20265,30388 40057,40055 30390,30392 30389,20961|40052,30388 40066,20144 30384,30195 20057,30386 30392,30385 20085,30393 30120,30256 20265,30389 40046,40043 30394,30391 20037,20199 40057,20961 30259,30381 30194,30379 20113,40056 20185,30286 20205,20252 30390,40055|30195,20057 30256,20037 20199,40046 30393,40066 20144,30259 40043,20205 30391,40052 20252,30390 30381,30384 20961,30394 30286,40057 30389,20085 30385,30194 40056,20265 30379,30392 40055,20185 30386,30120 30388,20113
20091,20185 40057,20037 30194,40059 20265,20057 20137,30256 30285,30386 30381,40052 40061,40055 20252,40064 40053,20203 40047,20200 30388,30391 30379,20119 40051,40066 30385,30124 20212,30395 40042,20199 30384,20208|20199,40051 20037,20091 30386,30388 30395,30379 30391,40057 20208,40047 30124,20252 40052,40053 40055,20137 20203,20265 40059,30285 40064,20212 20119,40042 40066,30194 20185,30384 30256,30381 20057,30385 20200,40061|40057,40066 20265,30256 20252,20057 30124,40059 20137,20212 20037,30384 30386,40047 40053,40042 30381,30391 30388,30194 30385,40064 40055,30379 20203,20119 20199,30285 20200,30395 40052,20185 20091,40061 40051,20208|20185,20203 30194,30381 40061,30386 40064,20037 40066,30124 30285,30385 30395,20091 40042,20265 20057,20137 30379,20252 40059,30388 30384,40057 20119,20199 30391,40053 30256,40052 20208,20200 20212,40055 40047,40051|20265,40064 40057,20199 40052,20137 40051,40061 20200,30194 40066,20252 40047,20057 20119,30391 40042,30395 30385,30384 20208,20212 30285,20037 30381,40059 30379,30388 30124,20091 40053,30256 30386,20203 20185,40055|30391,20185 40055,40047 40061,30379 20057,30386 40059,40057 20252,20200 30395,30385 20212,40052 20091,20208 20037,40053 30388,30285 20199,20265 30384,30124 30194,20119 40064,40042 30256,40066 20137,40051 20203,30381
30383,30286 40047,30380 30390,40066 30120,40056 30384,30387 20201,20137 40054,30254 40049,40045 30393,40062 30382,20265 20210,20085 20199,20252 20119,20070 40060,30257 40057,20205 40064,30394 20037,30194 20606,20203|40062,40049 30387,30393 30254,30382 30380,20199 20203,40060 40056,20201 20252,30390 20137,30384 30194,40054 40066,40047 30286,20119 30257,30120 40045,40064 20205,20210 20085,20606 20070,40057 20265,30383 30394,20037|30257,20119 20070,20265 30380,30394 40047,40054 20085,30390 40056,30393 30194,40062 20210,40049 20137,20037 30382,40064 20606,40045 40057,30384 20205,30383 20252,30254 30387,20203 30286,20201 40066,30120 40060,20199|30254,30286 20201,40066 30384,40056 30394,30194 20119,20252 30393,20606 30383,40060 20203,40057 30120,20210 40049,30382 40045,30387 40062,20137 30390,30380 20037,20205 40054,20085 20265,40047 40064,20070 20199,30257|30383,30120 30286,30257 30380,40066 20199,20606 20203,40062 20201,30393 20265,30194 40060,20070 40045,40057 30390,40054 20205,40064 30384,20210 30394,30382 20137,40056 20119,40049 30254,20085 20037,40047 30387,20252|40057,20199 20606,30380 40062,30384 20252,40045 30120,20037 30382,20137 30393,30254 40066,20119 40054,30394 40049,30286 20085,30383 40047,20205 30257,30390 20210,20201 40056,40060 20070,30387 30194,20203 40064,20265
40064,20137 40045,20265 20606,20057 40065,40050 30256,30391 40060,30395 30392,20201 30253,30393 40047,20199 30195,20250 40053,20119 30254,30390 40042,30124 20085,30286 30388,20032 40061,30381 20961,40046 30380,20204|30381,30195 20199,40042 20119,40065 30124,40061 20201,40053 20057,30380 40046,30388 30286,20961 40050,40045 20265,30253 30395,30392 20032,40047 20250,40064 20137,30256 30391,20606 30393,20085 20204,30254 30390,40060|30195,30124 20032,30392 40050,30388 40064,30391 30390,20204 30380,40042 20961,20201 40045,20606 20057,40061 40060,40047 30253,20199 40046,40053 20137,20119 20265,40065 30393,20250 30256,30254 30395,30286 20085,30381|30254,30395 20201,20057 20119,20265 20606,30195 30388,30380 40065,40046 20250,20085 40061,40050 30391,20961 20199,20032 30124,20137 40053,30253 30381,40045 20204,40060 30392,30390 40042,30393 40047,30256 30286,40064|30381,30253 40047,30393 40046,40064 40065,30391 40050,20201 40042,20057 20199,40061 20961,20119 30388,30195 20265,30392 30286,40060 30124,40045 30390,30380 40053,30254 20606,30395 20250,30256 20137,20204 20085,20032|30380,30124 30195,40065 30254,20137 30253,20606 30256,30286 30393,30381 40045,20250 20204,20199 40064,40042 30391,40047 40060,20085 20057,40046 20032,40050 20119,30390 30392,40053 20201,20265 30395,20961 40061,30388
30258,40064 30395,30391 30382,20212 30385,30253 30194,20113 30257,30285 30394,20250 20201,30384 20037,30124 40052,40066 30379,20057 20203,40059 30254,20606 40049,40057 30388,20204 20085,20265 30390,40063 20144,40058|40059,30254 20212,20201 20250,30258 20606,30385 20265,30395 30391,20037 30253,30194 30384,30390 20113,30257 20057,30394 40064,20144 30285,20203 40057,30382 20204,20085 40058,40052 30124,30388 40066,40049 40063,30379|30124,30391 20057,40057 40059,30253 20212,20113 20265,30285 30254,40064 40066,20085 30385,20201 40052,20144 20037,30258 30379,20250 30394,30390 20203,30257 30382,30388 40063,30395 20204,40058 20606,30384 30194,40049|20144,20037 40057,30385 30388,30394 20250,40066 30285,40063 20113,20057 40064,40052 30395,20204 30390,40059 30391,30194 30253,30254 30257,30379 20085,20606 40049,20265 20201,30124 40058,20212 30384,20203 30258,30382|20212,30385 20250,40057 40059,20113 40052,30258 40066,30254 30379,20265 20606,30285 30390,20085 20203,30395 40064,40049 20201,20057 30382,20144 40058,30394 30391,30257 30194,20204 40063,30124 20037,30253 30388,30384|30395,20037 30394,40066 20085,20203 30384,20212 30257,30382 20204,30390 20265,30391 20113,30388 40057,30379 20144,20250 40049,20606 30254,30194 30285,20201 30258,40059 30124,40058 20057,40063 30253,40052 30385,40064
40046,20070 40061,20208 20032,20267 40058,20202 20200,40056 20606,30120 20201,20252 40047,30393 20119,20212 20199,20210 40054,40059 30386,30286 30387,40063 30380,40052 30381,40050 20085,20204 30257,30384 30254,20144|40052,40047 20210,30257 20267,20199 30393,20085 40050,30387 20212,20200 20202,30380 30120,30381 30384,40058 20144,40046 40059,20606 40056,20032 20252,30254 40063,40061 20070,30386 30286,20119 20208,40054 20204,20201|20212,40050 40056,30386 30384,20119 20200,30387 20606,40061 20202,20070 30393,30254 30286,30381 20204,40059 20085,40047 20210,20208 20252,40052 30257,40046 30120,20199 30380,20144 40054,40063 20032,20201 40058,20267|40052,30257 20070,20210 40061,40056 20208,30286 20267,30393 20119,20200 20144,20606 20199,20202 30254,30120 40059,20252 40047,20212 40050,40054 30387,20085 40063,20204 30381,20032 20201,30384 40046,40058 30386,30380|20606,40052 20204,30393 40054,20119 20210,40058 20200,20144 40047,20199 30387,40056 40063,30257 30120,20267 20032,20085 30384,20252 30380,40061 30381,40059 30286,40046 30254,20202 20208,20212 20070,40050 30386,20201|20212,30386 20201,40054 40056,40047 20252,20070 40050,20210 40059,30254 20119,20606 30257,20032 40061,20200 40058,30120 20199,30381 40046,30380 20267,30387 30393,30384 20085,40063 20202,20208 40052,20204 20144,30286
30381,40066 20252,30379 40046,30393 30391,40060 30385,40063 20204,40056 20070,20206 40044,20267 30285,30258 30120,20037 20091,40052 20185,40065 30256,30254 30389,20144 20203,20113 20202,30390 30392,40049 40055,40050|20037,40055 40066,20070 30258,30385 40063,20091 40052,40044 30254,40046 20206,20203 40065,20252 30393,30392 40056,30389 40050,20204 40049,30285 30379,30120 20144,20202 20113,30391 30390,30381 40060,20185 20267,30256|40060,20252 30391,30120 30393,20037 20202,30254 40050,20267 30256,20185 40056,20144 30258,40055 40066,30390 40049,30381 40065,40063 30379,20091 20070,20113 20206,40046 30389,20203 40052,20204 40044,30385 30392,30285|40063,40044 30120,40052 20091,40060 30254,40066 20267,30258 40055,40065 20185,30391 30285,30389 30385,30379 20204,20202 30381,20206 20037,30256 30390,40056 20252,30393 20144,30392 20203,40050 40046,20070 20113,40049|30392,30256 20144,40065 20185,20113 20037,20091 30389,30381 40066,30285 30254,30258 40055,40044 40052,30393 20202,20252 20070,40050 20267,40063 40046,40049 30385,30391 20204,30379 30390,20206 40056,30120 20203,40060|30379,40055 30381,20070 40050,30390 30285,20144 20113,20267 30120,20203 40044,20202 30256,40046 20091,30385 40060,40056 40049,40066 20206,20185 20252,40052 40063,20204 30393,30254 40065,30392 30391,30389 30258,20037
20252,20137 20119,20201 40047,40050 20203,20032 20606,20212 40043,30392 40064,30391 30379,30395 30124,30393 30194,40061 30394,20200 30254,30253 30285,20085 20206,20265 40052,30386 40060,30382 30258,40045 40055,20070|20032,30379 30392,40052 20212,30254 20085,40064 30386,20203 30391,30194 20265,40060 20200,40047 40045,30124 30395,30258 30382,20119 20070,20606 30393,30285 20201,40043 40050,20206 20137,30394 30253,20252 40061,40055|40047,30395 20201,20252 30391,40060 30254,40064 30386,20085 40050,30393 30124,30285 30394,40055 20206,20200 30392,20212 20137,20032 30258,20606 40045,30253 20265,30382 40052,20070 40043,20119 40061,30379 20203,30194|30382,30394 20252,20203 20200,20201 40064,40045 30393,30386 20032,40047 20085,30124 30395,30391 20212,20206 20119,40050 20070,30392 20606,40061 40060,40052 30253,30258 30194,20137 40055,30254 30379,40043 30285,20265|20201,30254 40047,40060 20606,30391 20032,20200 30253,20085 40045,20137 20203,40050 40052,30258 30395,30382 40061,30386 40064,30379 20070,20265 20252,30393 30285,30194 20212,30124 40055,40043 20119,20206 30392,30394|30386,40045 30382,30285 30379,40052 20200,20212 40050,20201 20137,30395 30258,40064 30124,20252 30194,40055 40060,20606 20085,20119 30393,20032 20265,30392 40043,20203 30254,20070 20206,40047 30391,40061 30394,30253
20212,40059 30384,40065 20203,20210 40057,20137 20085,20032 30385,40060 20205,20252 20206,20201 30257,40055 40043,30124 20265,40054 20199,40066 30383,30392 40049,40045 20606,30382 30194,30379 20113,30388 20070,30286|30388,20205 30392,20070 30124,20085 30379,40057 20252,20606 20032,30194 40055,20199 30382,30384 40059,20206 40054,20203 20201,30385 40045,40043 30286,20212 40065,30257 40060,30383 20137,20113 40066,20265 20210,40049|40066,20113 20199,30384 40045,20252 20205,20085 20265,30257 20137,30385 40054,20201 20212,40043 30286,20210 40065,40059 20070,40049 30388,20206 30379,20032 40055,20606 40060,30124 30382,30392 30383,20203 40057,30194|40059,40055 20252,30383 20201,20265 40043,30388 30392,40045 30194,20199 40049,40066 30257,20205 30385,40057 20085,40060 30384,30379 30124,30286 20606,20070 20206,40065 20032,20212 20113,40054 20210,20137 20203,30382|30382,40054 40065,20032 40060,30194 40059,30286 30392,20206 20606,40043 40066,20205 20252,20210 40055,40057 30388,40045 20201,30124 30257,20113 20265,30383 20137,30384 20199,20085 20070,20203 40049,30379 30385,20212|30383,20606 30379,30385 20032,40059 40043,20252 40045,20137 30124,30392 20205,40049 30194,30257 30384,40055 20203,40066 20085,20265 20210,30382 40054,40060 30286,30388 20206,20070 20212,20199 20113,20201 40057,40065
30285,40058 20144,40066 40054,20212 40059,40042 20057,20208 30385,20119 20206,20204 30390,30379 20252,40056 30258,40045 30259,20606 30393,20091 30382,40050 30124,20205 20210,20032 20203,20265 20199,40051 40055,30253|20208,30285 40045,20057 20119,20199 40056,30382 20032,40054 40058,20144 20212,20203 20606,40055 30379,20210 40066,20206 40051,30390 40050,30258 30253,30393 20265,30385 20091,40059 20205,20252 20204,30259 40042,30124|20212,20119 30382,40066 40042,20199 30258,20252 30379,40059 20091,20265 20606,20203 40054,20208 40055,30124 40051,20032 30385,30393 30253,20144 20210,30285 20204,30390 20206,20057 30259,40050 40056,40058 20205,40045|20057,20091 20032,40042 30124,30253 30393,40054 20208,20212 20203,20210 40059,40055 40066,30385 30285,20205 20265,20206 40045,30259 20199,30258 20252,30382 30390,40056 40058,40051 40050,20606 20119,30379 20144,20204|30393,40042 20199,40055 20091,30258 30382,20057 20032,20606 20144,20119 30285,30124 20205,40050 20208,30253 30379,20252 20203,30390 40059,20206 20212,40051 40066,40058 20265,30259 40056,20204 40054,40045 30385,20210|40042,30379 20606,30285 30258,30382 40055,30385 20204,20212 20119,40056 40058,20265 30124,20091 20057,20205 40050,40059 40051,20208 30259,40066 30253,20199 20252,20032 20210,40054 20206,30393 30390,20144 40045,20203
30384,40051 20202,30256 40066,40054 20091,30390 20137,40062 30387,40058 40045,30120 40053,30194 20212,30388 30285,30382 20199,30257 40059,30395 40048,40065 30391,20185 40049,20070 20265,20032 30380,20208 20113,20252|20032,20113 30395,30285 30120,40053 30194,20091 30257,20202 40065,20212 30256,20265 20208,40049 40062,40059 20070,30387 20252,40066 30382,30380 30390,30391 40051,40045 20185,20199 40054,30384 30388,20137 40058,40048|30257,30388 40065,20265 40049,20252 30384,30391 30387,30120 40048,30390 30194,20208 20202,20185 40054,30380 40066,20091 20137,30395 40053,40059 20070,30285 40058,20199 40051,20113 20212,20032 30382,30256 40062,40045|30388,40053 30256,40066 20199,20137 30391,20212 30395,30384 40045,40049 20265,40048 30390,40065 20091,20070 30120,30257 40059,20202 20208,30387 20113,40058 20252,40062 20032,30382 30285,40051 30380,30194 20185,40054|20137,20202 20208,40065 20265,30390 20070,30380 30194,20212 40066,30395 30382,40053 40059,30285 40054,20032 40058,30257 40048,20091 40045,20185 30384,20199 30120,20113 40062,40051 30387,20252 30388,30256 30391,40049|40053,20137 30285,20265 20113,30391 30380,40066 40049,40054 20032,20208 20185,30388 20212,40058 30256,40059 30390,30387 30395,30382 20202,40045 30257,40062 20252,30194 20091,30384 40065,20070 20199,30120 40051,40048
40062,40056 40066,20208 20032,40059 30383,20961 40053,40063 40050,20265 20185,20202 30285,40057 20137,20199 20252,20057 20085,30258 30385,20119 30257,30124 20203,30256 30381,30384 30389,40051 30390,30380 30259,30392|40057,40050 30392,30389 30380,40066 40056,20185 20208,30390 20265,20032 40051,20085 30384,30259 30256,30383 20202,30381 40059,20252 20961,30285 30258,30385 20057,20203 20199,40062 40063,30257 30124,20137 20119,40053|30124,30384 40056,40051 20185,40063 20961,30381 30259,40057 30258,40053 30392,20199 40066,20057 20203,30385 40062,40050 30383,20265 30389,40059 20202,20208 20252,30380 20137,20032 30256,20119 30285,30257 30390,20085|40057,20203 20265,20185 20057,30392 40051,20252 40050,20961 30257,20202 30381,30256 20032,30389 20208,30258 30385,40066 40063,30390 40053,40056 20119,30383 30380,20137 30384,30285 40059,30124 20085,40062 20199,30259|40053,20208 20265,30380 40063,20137 30389,30285 40057,20202 20032,40050 40066,40059 20085,40056 30258,30390 30256,20185 30259,40062 30392,30124 40051,30385 20199,20252 30381,30257 30383,20203 20961,20119 20057,30384|40050,30392 20203,20961 20202,20085 20185,30258 40056,30381 30380,40053 20208,40051 30257,30383 30390,40057 40059,20265 30384,40063 30285,20032 30124,20199 20252,40066 20137,30259 40062,30256 20119,20057 30385,30389
20606,20032 20137,40043 30285,30380 20210,40061 20201,20199 30388,30124 40053,20205 30394,40045 40060,40051 30194,20252 20961,30385 40058,30389 40063,40056 30381,30258 20265,20204 20208,20119 30253,20070 20085,30257|40045,40060 30380,20606 40061,30381 30258,30285 40056,20085 20070,20961 20204,30388 40043,20201 30124,40053 20252,20210 20199,40063 30385,30394 20032,20265 20119,40058 40051,20208 20205,20137 30389,30253 30257,30194|20032,30124 20205,40063 20606,40045 20199,20210 30194,20204 30285,40061 20070,20137 20252,30385 40053,30253 20085,40051 40060,30257 40043,30389 20119,30388 40056,20201 20265,40058 20208,20961 30381,30380 30258,30394|30388,20252 20210,20205 30385,20606 30257,20265 40061,20119 20201,20085 20204,40053 40051,20199 30253,30258 40063,20208 30394,20032 30124,30194 40058,40043 30389,20070 40045,30381 30380,40056 20137,40060 20961,30285|30257,30380 20032,30381 40061,40063 20119,20085 40060,20199 30394,20204 20205,20201 20210,30124 20265,20208 40058,20961 30285,20606 20070,40053 30253,40043 30258,40045 20252,40056 30194,20137 30385,40051 30389,30388|40045,30285 20199,20032 30380,20265 40051,20205 30124,40061 40056,40058 40063,20070 40043,30257 30381,30194 40053,30385 30388,30394 20137,30258 20606,20210 20201,30253 20961,30389 20085,20252 20204,20119 20208,40060
30285,20210 30390,20252 30256,40054 40044,40062 40052,20037 30388,20057 30120,20137 20606,30393 20201,30379 40051,20091 30195,20208 40063,20212 40060,40057 30381,20113 30254,30258 20961,40053 30391,20267 30385,30384|30384,40060 20212,30254 20267,30285 20208,30385 40062,40052 20210,30120 20037,40063 20091,20961 20137,20606 30393,30388 30379,40051 20113,20201 30258,30195 40053,30390 20057,30256 40054,30381 40057,30391 20252,40044|30120,40054 30391,30195 30256,40063 40062,30390 30384,40051 30254,30388 30393,30258 20201,20961 40060,30385 20212,30379 20208,30381 20091,20113 30285,20037 20252,20267 40057,40052 20210,20137 40044,20057 20606,40053|40054,20091 30381,30120 30195,40062 30390,20210 40053,40044 20037,30254 40051,20201 30385,30393 20267,20606 40052,20208 30388,30391 30258,30384 20113,40060 20961,20252 20057,20212 40063,30285 20137,40057 30379,30256|20267,40060 40052,30384 20091,20252 40054,30254 20606,30258 30379,20137 30390,30381 20208,20113 40063,30391 30393,40053 30285,30388 40051,40044 20961,30385 20201,20212 40062,30120 20037,20057 30256,20210 30195,40057|20210,40054 20057,30195 30391,20606 20137,30390 40060,20201 40044,30285 30388,30256 30384,20037 30258,40052 30381,20961 20113,40062 40057,40063 30120,20267 30254,20208 20252,30393 30385,20091 20212,40051 40053,30379
40056,40053 30383,30395 30386,30120 20206,20057 20205,30257 20252,30258 20119,30380 30382,40055 40044,40057 30254,30387 20961,20201 40045,30195 20137,30384 20037,20265 20085,20185 40062,20199 30388,30394 30286,40060|20185,30382 20199,30386 40055,40044 40057,30286 30395,20037 30258,40056 30384,20206 30195,20119 30387,20961 40060,40045 40053,30254 20265,30388 30257,30383 30380,40062 30394,20252 20201,20137 20057,20205 30120,20085|30195,20961 30386,40056 40055,30387 20057,20252 20201,30254 20265,40045 30394,20085 30286,20199 20037,30388 40062,20137 40053,20205 20119,40044 20185,30383 30257,40060 30384,30380 30395,30382 30258,30120 40057,20206|20137,30386 20205,20185 20199,20037 40045,20201 30254,40057 20961,30257 20085,20057 30388,40055 30120,30384 40060,30395 40056,40062 30380,30258 20252,20265 20206,40053 30387,30195 40044,30394 30382,20119 30383,30286|30394,20206 40057,30380 20199,40060 40053,20252 40045,30120 20265,20201 30387,30384 40044,20961 30195,30254 40056,20057 30382,30257 20085,30383 40062,30286 30395,20205 20137,20037 20185,40055 30388,30386 20119,30258|30380,40045 30120,30394 20205,30387 40060,20085 40055,20137 20037,40053 30254,40062 20201,30388 30286,20119 30386,20265 30384,40056 30258,20199 20057,40057 20252,30382 30383,40044 20206,20185 20961,30395 30257,30195
30382,30285 20212,20037 30390,20606 20119,30395 20265,40049 40048,40053 20091,20208 30394,20202 30256,40050 30258,40052 30387,30389 30388,40063 30257,20144 40044,40056 20057,20252 30120,40045 40062,40055 30380,30195|30395,30387 40052,30390 40063,20057 40056,30382 20208,30256 30195,20212 40053,30380 20144,20265 40045,30394 20252,30120 40049,20119 20202,20091 40050,30257 20037,30258 40055,30388 30389,40062 30285,40048 20606,40044|20265,30394 40056,20208 30390,40044 20037,30380 20057,40053 30285,20252 40045,20091 30256,20606 40052,20202 40063,40048 30387,20119 30395,30258 40062,20144 40055,30195 30388,30120 40050,40049 30382,20212 30257,30389|40044,30256 30389,20037 40049,40055 20252,30388 30195,30387 20606,30382 40053,40052 20202,20265 20212,40062 20144,40056 30258,40063 30120,20057 30380,30395 30394,30390 20119,40050 40048,30257 20208,40045 20091,30285|30387,40048 30382,30390 40050,30285 30388,20265 30389,40053 30257,20202 20606,20144 30380,20208 30195,20119 30394,40056 40052,40045 20037,20057 40055,20212 40044,30395 30120,40063 30256,30258 40049,20252 20091,40062|40045,40049 40062,40050 20212,30256 20208,40052 40063,30380 40053,30120 30258,40044 20252,30394 20057,30388 30395,30257 30285,30389 20144,30195 20265,30382 40048,20091 20202,40055 30390,30387 40056,20037 20119,20606
30124,30254 20199,20144 20208,30387 20032,20205 20057,20085 30258,20267 20119,20200 30285,20606 30395,40055 30383,20210 30385,30394 30392,30388 30393,20250 40058,30256 30379,30389 30382,40064 20212,30257 20203,30253|20085,30379 30389,30285 20210,20057 30388,20032 30387,30385 20144,20203 30394,30383 20606,30382 40064,20199 40055,30393 20205,20212 30254,20119 20250,30395 30256,30258 20267,40058 30257,30124 20200,20208 30253,30392|30379,20267 30385,30285 20208,30253 30392,40055 40058,30258 20085,30393 30387,20119 20144,30256 20199,20205 20212,30254 30389,30257 20200,30124 20032,40064 20203,30388 20210,20250 30394,20057 30395,30382 30383,20606|20267,20144 30254,20199 30256,30389 20606,30392 30393,30385 30124,30387 40055,20210 20119,20212 30257,20200 30285,20203 30382,30379 20250,30394 30253,20085 40064,40058 30388,30383 20205,30395 20057,20208 30258,20032|30254,30394 30258,20200 20205,30387 40058,20203 20267,20212 40055,20057 20208,30393 20199,30379 30124,20032 30392,20210 20606,30395 30382,30256 30257,30383 20250,20085 30385,20144 30388,30285 20119,30389 30253,40064|30387,20250 20210,30382 30389,30124 20200,30253 30256,20267 30393,30392 30383,30254 30395,20208 20032,20606 30394,20205 30285,20199 20144,20119 20057,30257 20203,30385 20085,40058 30379,40055 40064,30388 20212,30258
30383,30124 30194,30258 20032,20119 40047,20252 20203,30286 30381,20137 30393,30388 20057,20206 20265,20202 30394,30385 40059,40051 40054,20208 40055,20210 30253,40052 20085,20606 30387,30380 40043,40065 30257,20212|20210,20032 30124,20057 20119,30257 20137,40055 20606,20265 40065,20203 30258,30394 30385,30393 40052,40047 30286,40059 30388,30383 20206,40043 20212,30194 40051,30253 20252,30387 30380,40054 20208,20085 20202,30381|30388,30394 20085,30258 20252,20032 40052,20208 30383,30393 20119,30194 30385,20137 40054,20202 40043,30387 20210,20203 30257,40051 40055,40059 20606,20212 30380,30381 30286,20057 30253,20265 20206,40065 30124,40047|20057,30253 30394,20252 40047,30388 20212,40054 20203,30380 30387,20119 20202,20210 30381,40055 20032,40043 30393,40052 40065,20085 30258,30257 40051,20206 20265,30385 20137,30383 40059,20606 30194,30124 20208,30286|30286,40051 30394,30124 40043,30253 40055,20203 30383,20265 30388,30194 40065,30387 20119,40054 20057,20137 30381,20212 30257,20208 20202,30385 30393,20032 40059,30258 40052,20606 20085,40047 20252,20206 20210,30380|30194,30286 20606,30394 30253,40065 30385,40059 20208,30381 40047,30393 20032,30388 40051,20119 40054,40043 20212,20252 30258,30383 20265,40055 30380,20085 30124,30257 30387,20210 20203,20057 20137,20202 20206,40052
20119,30257 20085,20137 20199,40066 30385,40054 40050,30387 30124,30381 40052,40045 40042,20057 30256,20961 30394,20201 30380,40060 40062,20267 30392,20252 30253,20204 20606,20032 40059,30259 40056,40061 30285,30391|40066,30256 40061,20085 40045,40062 30387,40056 20252,30385 30257,30253 30259,40042 20057,40059 30381,20119 20032,30124 20961,40052 20267,30285 30391,20606 40054,30394 20201,40050 20204,30380 20137,30392 40060,20199|40060,40050 30257,40052 20199,20137 20057,30259 20961,20032 30381,40061 30391,40045 20204,40062 30392,30380 20119,40054 40059,40066 30385,30285 30387,20252 30394,30256 30124,20267 20085,30253 20201,20606 40042,40056|40061,20961 30285,30124 40066,30257 40050,40042 40054,20204 30253,30381 40062,20085 20252,20199 30256,40060 40056,20201 20606,30387 30259,30391 40052,30392 20267,20119 20137,30385 40045,40059 30380,20057 20032,30394|30391,30394 30257,30124 20201,30259 20267,30380 40060,40056 40050,20606 40052,20057 20199,30381 40059,30392 40054,20252 20137,30256 30253,40045 20032,40066 40042,20961 20119,30285 20085,20204 40061,30387 30385,40062|30392,30257 20252,20032 30381,30385 30387,40052 20057,20119 40045,20085 40062,40061 20961,40059 40056,20137 30259,20267 30256,30253 20204,20201 20606,40060 30124,40054 30285,20199 30380,40042 30394,40050 40066,30391
40052,40065 40063,40062 20119,20606 40046,40051 30381,20265 30379,30285 40066,30386 20961,30258 20091,20144 40053,20199 20204,20212 30391,30257 30253,20252 20037,20057 30259,30124 30383,20201 40047,30195 40059,40056|30386,30379 30195,40066 20212,30259 20265,20119 30285,40046 40051,30253 30257,40063 40065,40053 20201,20204 20057,30391 40056,20091 40062,30383 30258,40052 30124,40047 20144,30381 20606,20961 20252,40059 20199,20037|40046,40053 30285,20199 20119,40059 30381,30386 40065,30383 20091,40051 30124,30258 40066,20201 30195,20265 20057,20212 30253,20037 20252,30257 20606,40062 30379,30391 20144,20204 20961,30259 40047,40063 40056,40052|20212,40065 30259,30379 30391,30124 30258,20057 40052,20606 30386,20961 20204,30195 30257,20119 40062,40056 40063,20091 20037,40047 40059,30253 40051,40066 20201,40046 30383,30285 20199,30381 20265,20252 40053,20144|20057,20201 30379,40047 40059,20212 30381,30391 30383,40053 20961,40056 40066,20144 30386,40046 20265,40063 30259,40051 30253,20204 20199,30257 40052,40062 30285,20091 30124,20606 30195,20119 30258,40065 20037,20252|40053,20265 20212,30253 40047,30381 40051,30195 20119,30383 40062,30258 40056,40066 20091,30379 20606,30386 30257,30124 20252,20199 20204,40059 40063,30285 40046,20057 40065,20037 20144,30259 20201,40052 30391,20961
30194,30381 40045,30392 20267,40063 40062,20203 40066,30390 40047,40061 20204,40053 30393,30257 30195,30286 20032,30253 20199,30258 40055,20137 30379,30385 20070,40044 30254,30124 20113,30386 20185,20085 20250,30395|40063,20250 30258,30195 30381,20113 30386,20204 30257,40047 20203,30393 30286,20199 30385,30194 30390,40055 30395,20267 30253,30254 40061,20070 20137,20032 30392,20185 40044,40066 20085,40062 40053,40045 30124,30379|20032,30194 30390,30392 20137,30257 30386,40063 40055,30393 30286,30379 20203,40047 30385,30395 30124,30258 20267,40061 40045,20085 20250,20070 30254,20185 40066,20199 30381,40053 20204,30253 30195,20113 40062,40044|40044,20250 20070,30390 40053,30195 30257,40062 40063,30385 40061,30386 20113,30124 30253,30381 30395,20137 30194,40055 20199,40045 30258,20203 40047,20032 30379,40066 20185,20204 20085,20267 30393,30286 30392,30254|30195,40063 20070,30393 30390,20204 20137,30379 40061,40062 40047,40055 30258,30257 20267,20185 40045,30386 40053,30395 40066,20085 30385,30124 30381,20203 30392,30286 20199,20113 30194,20250 30254,20032 40044,30253|20250,40061 20185,40047 30393,30194 30386,30254 40063,40053 20032,30392 40055,20267 40062,20199 30124,40044 20113,30385 30286,40045 20203,30195 30395,40066 30253,30390 20204,20137 30257,30381 30379,30258 20085,20070
30389,40064 20113,20265 40063,20203 20185,30194 40061,40066 20201,40059 30120,20210 40043,40056 20199,20250 30258,30253 40046,20961 30382,20205 40060,30391 40051,30387 30286,20037 20091,40062 20144,30379 20070,40042|40064,30120 30387,40043 20265,20185 20250,20070 40042,30382 40056,20199 30391,20201 40059,30258 40066,20113 30379,30389 30253,40046 20205,40061 20037,20144 20210,30286 40062,40063 30194,20091 20203,40060 20961,40051|40060,40062 20250,20203 30379,20961 20265,40042 20201,30387 20091,30389 30120,40056 40051,30391 20199,20205 30286,40046 20070,30258 40064,30253 30382,20037 40059,20144 20210,20113 30194,40063 40066,40043 40061,20185|40056,30379 30253,20070 30391,20265 30258,30286 40063,20201 20144,30120 40043,20210 20113,40051 40062,20199 40042,40059 30389,20250 20185,40060 20961,40066 40046,30382 20203,40061 20205,20091 20037,40064 30387,30194|40061,20144 20070,40056 30382,30389 30286,40062 30253,40042 20037,40046 40051,40063 40060,20265 20250,40064 30258,20199 20201,20210 20203,20113 20961,20185 40059,20205 40043,20091 40066,30379 30391,30194 30387,30120|20091,20961 20185,30382 40042,20250 40056,40051 30389,20203 20205,30286 40046,40059 20144,20201 40062,30391 20265,30387 30379,40061 30120,40066 40064,40043 40063,30258 20199,20037 20210,30253 30194,40060 20113,20070
40058,40045 40051,40060 30380,30120 40066,40042 20204,20085 30257,40044 40047,20250 30194,40055 20265,40052 40053,20185 40043,20032 20113,40048 30258,30285 20203,30381 20137,20202 40057,40064 20070,20206 30389,20205|20202,40058 40042,20265 40055,40066 20206,30257 40044,20204 40052,30194 40060,40043 20085,40053 40045,40051 20250,40057 20032,30389 40048,30380 20185,20203 30120,40047 30285,20070 20205,20113 30381,30258 40064,20137|40053,40064 40045,30120 20085,40066 30258,20113 20202,30381 40060,20204 40052,40042 40058,40047 40043,20205 20206,40055 20250,30389 30257,20070 40048,30285 20032,30194 40051,20185 20265,20137 30380,40044 40057,20203|40047,30258 20070,40060 40044,40048 40055,40057 20185,20202 30120,20032 40066,20265 20203,40053 30389,30380 20113,20085 20205,20250 30194,40043 30381,40058 30285,30257 20137,40052 40064,40051 20204,20206 40042,40045|40045,30285 20085,40051 40043,30389 40064,30381 20202,40042 40047,20032 20250,20113 30257,40060 30194,30380 40055,20137 20206,20203 20204,20185 40057,30258 20070,40044 40048,20205 40058,40052 20265,40053 30120,40066|40053,40048 30381,20204 40060,40055 20032,20070 20203,20085 20185,30120 30389,40058 40042,40047 40066,30194 30285,20250 30258,20206 40044,40043 40052,40064 30380,20202 20137,40045 20113,40057 20205,30257 40051,20265
20144,30256 40042,20205 40056,20206 30380,40065 30392,20203 30124,20606 40050,20961 40055,30386 20267,40053 20057,20250 30285,20201 30258,30195 30254,30387 20113,30253 30391,20032 40061,30381 40066,40045 40051,20091|20205,30254 30195,30124 40065,40056 20091,20144 40045,30258 30386,40051 20606,40061 30381,30285 20206,30392 20032,20113 30253,30391 20201,20057 40053,40050 20250,40055 30387,20267 30256,40066 20961,30380 20203,40042|30285,40065 20267,20203 20201,40042 20032,40053 30256,30380 20205,40051 30258,30253 40066,30386 20113,30195 20144,40055 30381,30124 40045,30387 20091,30392 30391,20250 30254,20206 20606,20961 40056,40061 40050,20057|20203,30258 40051,40056 30392,40045 30253,20201 40061,40050 40055,30256 30380,20205 30195,20267 30387,20032 20961,30285 20206,20144 30386,30381 40053,30391 40065,20091 20057,20606 40042,20113 20250,40066 30124,30254|40053,30285 20032,30254 20250,30256 30391,40066 20057,40056 40061,30387 40051,20206 30386,30195 40045,20091 20606,20267 30124,40055 40050,30253 30380,20144 30381,20113 20201,30392 30258,20205 20203,40065 20961,40042|20206,20250 40055,30380 20267,30381 20113,20203 40065,20201 30195,40061 30387,20961 20091,30258 20144,30386 40056,40053 30254,40050 40042,40045 30285,20032 30392,30391 40066,20606 20205,20057 30253,30124 30256,40051
20057,20208 30393,20137 40062,30395 30387,40056 20201,20252 30381,40048 20606,30195 20212,20267 20206,30391 30256,30120 20113,40051 40054,30390 30380,40047 40052,30286 30392,30253 40060,20032 40045,40061 20091,30257|30395,20201 30195,20206 40056,20606 20252,20091 20137,30392 20032,20057 20208,40060 30253,30387 30257,20212 40048,40062 40051,40054 30390,40052 20267,40045 40047,30393 30286,20113 40061,30256 30120,30380 30391,30381|30380,30195 20032,20206 40051,30390 30120,30286 20208,30393 20267,30381 40062,30253 40052,30387 20606,30395 30392,40061 20201,30256 40045,40056 40047,20113 20137,40054 30257,20252 40048,20091 20212,20057 30391,40060|30390,20032 30387,30380 20091,20137 30381,40062 30253,40048 30195,20208 30393,30120 30286,20267 20252,40051 20206,40045 30395,30391 20057,20201 30256,40047 40061,30257 40054,20212 40060,40052 20113,20606 40056,30392|40056,30120 40060,40054 30395,40051 20267,20091 20057,40045 30195,40047 30381,30286 40061,20606 20137,30256 20113,30380 20208,30391 20212,40052 30387,30257 20252,30392 30253,20032 40062,20206 30390,30393 40048,20201|30257,40060 20091,30381 40047,40048 30380,30390 40052,20137 20206,30253 30392,20212 20606,30387 40054,20252 30391,20057 40045,30395 20201,40061 30120,20113 30256,20267 40051,20208 30393,30195 20032,40062 30286,40056
20119,20210 20252,30384 20057,20091 40049,30120 30382,40059 40052,20212 40060,30195 30385,30286 30388,30256 20203,20200 30391,20185 30380,40045 20204,40056 20037,30394 40043,20201 20208,20265 20144,30393 30395,30383|30383,30388 30393,20208 30394,40043 20201,20204 30384,20203 20212,30382 30120,20252 20091,30391 20185,20144 40056,40060 30286,40049 20210,30385 20200,40052 40059,20037 20265,20119 30256,20057 40045,30395 30195,30380|30393,30385 40045,20203 40043,30195 30286,20252 30395,30380 20037,20204 20185,40060 30394,20201 40059,20210 20144,20208 20265,40056 30384,20119 30388,20091 30120,30256 30383,40052 20200,30382 20212,20057 40049,30391|20201,40045 20119,30120 20204,30286 40052,40049 20057,30383 30195,20037 30391,30393 20210,30384 30385,20144 40056,30394 30382,30388 40060,40043 20091,30395 20252,40059 20203,20212 20208,20185 30256,20200 30380,20265|20208,40043 30383,30394 20144,40049 30393,40060 30195,40052 20037,30382 30380,20204 20057,40045 30388,20201 30395,30385 20265,20200 30384,20212 30120,20185 40059,30256 30391,30286 20091,20203 20210,20252 40056,20119|40049,40059 30385,40056 40060,20208 30382,30391 20203,30383 20252,30195 20200,20057 40052,30393 20204,30395 20201,20091 30286,20037 30256,30384 20212,20265 30394,30380 40043,30120 40045,30388 20119,20144 20185,20210
30124,30388 30393,30389 40050,30257 20203,40066 20212,30254 20252,40051 20091,20032 20606,20070 40061,30194 20200,40058 20113,30390 30385,20204 40059,40057 40044,20206 30285,20201 30394,30382 20265,30384 20144,30379|30379,30385 20032,20265 20201,30393 30257,40059 30388,20091 20070,30285 30384,20113 30382,30124 30254,40061 40058,30394 40051,40044 20204,20606 30194,20203 30389,20144 30390,20200 20206,20212 40057,40050 40066,20252|30394,20206 20070,40061 40050,20200 20091,30393 30124,30390 40051,20606 20265,40058 30389,40057 40044,30254 20113,30257 20204,40059 20212,20032 30384,30285 30379,30388 30194,20252 30385,40066 30382,20201 20203,20144|20200,40051 40059,20091 40058,20212 30393,40044 20606,30394 40066,30382 30388,20204 40057,30384 20032,30385 20144,40050 20206,30379 30254,30194 40061,20203 30390,20265 20252,20070 30285,30124 30257,30389 20201,20113|20606,40057 40059,30379 30384,30254 30382,30388 40050,30390 20212,30393 20032,40058 20206,30194 20113,20144 40044,20070 30394,40051 20200,20091 20201,20265 40061,30385 30389,20252 20203,30124 30257,30285 40066,20204|30390,30394 20204,20200 30285,30389 30385,40059 30254,20606 20144,20206 30393,30384 40058,40044 30194,20032 20252,20203 30379,30257 20265,40050 30388,40061 40057,20201 20070,40066 30124,20113 40051,20212 20091,30382
40059,30194 40043,30386 20119,20267 30120,40057 20252,20205 40064,30285 30388,40042 20057,20137 40062,30395 20201,20212 40047,40053 40066,20085 20185,30258 20037,30389 20204,20961 40044,40048 20206,30257 30379,30382|30258,40062 30285,40044 20137,20252 40057,20185 30257,40047 40053,20037 30194,30388 40048,20057 20212,40059 20205,40064 40042,20204 30386,20206 30389,40066 30382,40043 20085,20201 20961,30120 20267,30379 30395,20119|20205,20961 20201,40059 30382,20204 30379,20212 40044,30389 40064,20119 20252,30388 40066,20185 30257,20057 30194,40062 40047,30395 20037,20206 40048,40057 30285,20137 40043,20085 20267,30120 40053,40042 30258,30386|20204,40053 30120,40044 20212,40064 30395,30285 30389,20201 40059,30379 20057,30258 20961,20267 40042,40066 40057,20252 20206,40047 30388,40048 20085,30194 40062,30257 20119,20037 30386,30382 20185,40043 20137,20205|20252,20206 30257,30120 40057,20205 40053,30258 20085,30379 30194,20212 40042,20057 30389,30395 20201,40062 30382,40066 40059,40043 30285,20185 20961,40048 40064,20267 20204,30388 40047,20137 30386,20037 40044,20119|40066,40053 40062,40044 20206,20201 20057,20961 30258,30389 20119,20204 20137,40057 40043,20252 40048,40064 20267,40047 30395,30386 20037,30382 20185,30194 20205,40059 30379,30285 30120,20085 30388,30257 20212,40042
20032,20085 40065,20205 40050,30285 20606,30257 20113,40055 30389,30379 40061,40052 30254,40056 30120,20057 40062,40064 20265,20208 30395,30259 30385,20212 30394,20252 40047,20203 20137,30195 30386,30393 20961,30381|40055,30395 40056,30120 30381,40062 20205,30394 40064,20032 30195,30389 20057,20961 20203,20265 40052,20113 20085,40065 20252,20606 30259,40047 30393,40050 30285,30385 30257,30254 20208,40061 20212,30386 30379,20137|30259,30381 40055,20208 20113,20606 20265,30393 20212,20961 30195,40065 30254,20252 40061,30395 30257,40052 30385,20203 40062,20085 30394,30120 40064,30379 30285,20032 40050,40056 20057,20137 30389,30386 40047,20205|20203,40061 20961,20265 30395,20113 20208,30394 30381,20057 40052,40047 20032,30259 20137,20212 40056,30285 30393,30385 30120,40062 20606,40050 30379,30257 30386,40055 20252,40064 20085,30254 20205,30195 40065,30389|30395,30257 40061,20057 20113,20205 40062,20961 40047,40065 30195,30386 40052,30285 30385,30381 30393,30389 30379,30254 20203,20137 20606,30394 40050,30259 20212,20208 30120,20252 40055,40064 20085,20265 40056,20032|30394,20203 30386,20606 30389,20113 30254,40062 30381,40056 20208,20085 20252,30195 40064,20212 20032,30385 30285,30379 20137,30393 20961,40055 20057,40047 30257,40050 40065,30120 30259,40052 20265,30395 20205,40061
30286,20210 20032,40054 20267,30393 40047,20185 40058,40046 20250,20070 30124,20137 40052,40056 30391,40062 30395,30388 20091,30389 20119,40055 40049,40048 40061,30392 40064,30259 30381,30383 40059,30385 40051,30379|20185,20119 30385,30286 30379,20267 30388,40052 40046,20250 40048,40061 20070,30381 30259,20091 30383,40064 40062,40049 40054,30395 20137,30391 40055,40047 30389,30124 20210,40051 40056,40058 30393,40059 30392,20032|20137,20091 30388,20250 20119,20032 40052,40046 30389,40056 30385,30393 20070,40048 40064,30395 40059,40055 40047,40062 30392,30381 30124,20267 30383,40054 30391,30379 40051,40058 40049,20210 40061,30286 30259,20185|40062,30389 20267,40052 20210,20070 40054,30391 40058,40061 40055,30388 40056,30124 30395,20119 30381,40049 30286,30383 20032,40047 30379,20137 20250,40059 20091,30385 40046,40051 30393,40064 40048,30259 20185,30392|40054,30286 20032,30383 20119,40051 40056,30392 20250,40061 40047,30395 30393,20091 20210,40062 40059,30379 30385,30124 30388,30389 30259,40058 20137,20267 40055,40064 30391,40052 20070,40049 30381,20185 40046,40048|40052,20032 40064,20070 40058,20137 30392,40046 40049,40054 30124,30391 40061,30388 30395,20210 20091,40056 30389,30259 30286,20250 20185,40055 40048,30381 30379,40047 40051,30393 40062,20119 30383,30385 20267,40059
20206,40065 40059,20205 20113,40064 30390,30124 30259,20606 20210,30286 20137,20037 30387,40043 40058,20267 20091,20200 30383,20202 40049,30195 40050,20250 40053,30386 20070,40047 30394,40062 30254,30380 30258,30381|30386,20210 40062,40058 20037,40053 20202,20113 20250,30258 30381,40050 30286,30383 30380,30387 20205,20137 30124,20091 20267,30390 40043,20070 40064,30259 30195,20206 40065,40059 40047,30394 20606,40049 20200,30254|30259,30258 40064,40058 20037,30286 40065,30390 20137,40059 40062,40050 30394,20210 20206,20267 20091,30380 40047,40049 30381,20070 30386,30254 30195,40043 20205,30383 40053,20202 20200,30387 20250,30124 20113,20606|30124,30259 20606,30394 40049,30381 40058,20206 40059,20200 20070,20250 20267,30386 20210,40047 30286,40053 30380,40064 30258,40062 20202,20205 30390,30195 40043,40065 30254,20137 40050,20037 30383,20091 30387,20113|20070,30258 40059,40053 20206,20137 40047,40043 40062,20202 30286,30254 30386,20091 30195,20037 40050,30259 30380,20250 30124,40058 20205,30381 30383,40049 20200,40064 30390,30394 20267,30387 20210,20606 20113,40065|40049,40050 20037,30390 20091,20070 40043,20205 40064,30386 20606,40062 30254,30124 20202,20200 40053,30380 30381,20206 40058,20113 30259,30195 30394,30286 20137,20267 30258,40047 40065,30383 20250,20210 30387,40059
20137,40053 40066,40057 40059,40064 20212,20185 40060,30120 30286,20265 20113,40050 30379,40061 40063,20032 30392,40046 30194,40055 20252,30386 20085,40049 30253,30256 40043,30381 30259,20201 40042,20070 20206,40051|20201,20252 40055,40063 30120,30392 40053,40043 20070,20206 40049,30286 20265,40059 40061,30194 30381,20085 20185,40066 40046,40060 30256,40042 20032,30379 30386,20113 40064,20212 40051,20137 40057,30259 40050,30253|40053,40050 20212,40051 20252,40064 30286,30381 30386,40046 40043,40063 20201,20085 30379,30120 40057,40055 30392,20137 40066,40060 40042,40049 20113,30253 40061,20265 20185,20206 30256,20070 20032,40059 30259,30194|40060,20113 40059,40053 20070,40066 40055,20201 40064,30256 20265,40042 20085,40057 40051,30379 30120,20032 20137,20212 40049,40061 40046,20252 30253,20185 30194,40043 40063,30286 40050,30386 20206,30392 30381,30259|30120,20201 40066,30381 40063,40051 20085,40064 20113,20137 20252,30194 20185,40060 40042,30386 30259,30392 40055,40049 40053,30256 40050,40061 30253,40046 30286,40043 40057,20206 30379,20265 20070,20032 40059,20212|20137,30286 20206,40053 30392,40066 30256,20252 40051,40055 20032,20185 40064,40063 30386,30253 40046,20070 40060,30379 30194,20085 30381,40059 20201,40050 20265,20113 40049,30259 40043,40057 40061,40042 20212,30120
40060,30393 20032,20208 30382,40054 40043,20057 30386,30388 40058,30285 30258,40049 30391,40057 30387,20250 20205,30254 20203,20606 20137,20201 20091,40050 20265,20210 30120,30390 40044,40051 40055,40056 30379,20119|40054,30386 20057,20091 20606,30258 30390,30379 40050,40043 40049,40044 20208,30120 40056,20137 30393,20205 30388,30387 20201,20203 20210,30391 20119,20265 40051,30382 30254,40060 20250,40055 40057,40058 30285,20032|30258,40044 40054,20201 20606,30390 40050,30387 30379,40043 40049,20119 30285,30386 40056,30391 30254,20265 30393,40057 20203,20208 40060,20057 20250,20091 20137,30382 20210,20205 40051,40058 30388,40055 20032,30120|40055,20203 20091,30254 20265,30388 20208,40049 30386,20032 30120,30285 30391,40051 40057,20210 30390,30258 20205,40056 30382,40050 20057,30393 20201,30379 30387,40060 40058,40054 20119,20606 40044,20137 40043,20250|40054,30379 20057,30391 30388,20205 20137,20032 40049,40060 20250,40050 30393,20201 20203,40043 40056,20210 20119,40057 40058,20606 30387,30254 20208,30258 20265,30382 40044,30120 30285,40051 30386,30390 40055,20091|20091,30388 20210,20057 30390,40055 30120,40049 30379,20208 40057,40044 20032,40054 20606,30387 20201,20250 30391,30393 20205,20119 40043,40056 30258,30285 40051,20137 30382,20203 40050,40058 30254,30386 40060,20265
30286,40058 30256,40064 40055,40045 40049,40059 30124,40056 30380,20252 20606,30389 20119,20201 30384,20199 20144,30257 30383,40048 20032,20085 20265,40043 40044,30388 20203,40065 20208,30395 30194,30393 30381,20057|40056,20119 40065,20606 30257,30286 20085,30256 20252,40055 30388,20144 20201,40049 30395,40044 40064,30380 30393,20032 20057,30383 40043,30384 40059,20265 20199,30194 40045,20203 40048,30124 40058,30381 30389,20208|30395,30380 30286,40045 30393,30389 20265,20252 40059,40043 30381,30384 30124,30257 20208,40056 40044,20144 40064,20201 20203,20199 30388,40065 20606,20119 40055,20085 20032,40049 40048,40058 30383,30256 20057,30194|30257,30381 30380,20208 40049,20203 30384,30388 30194,30124 20252,40048 30389,40059 20199,20606 40043,30395 40045,20032 40065,30393 30256,30286 40058,40044 20085,20265 20144,20057 20201,30383 20119,40064 40056,40055|20057,30395 30380,40059 20203,20085 20208,20032 30257,40056 30388,30194 40064,40045 20201,30286 40049,30383 20199,40065 40043,20119 30381,20265 30384,40055 40044,30393 30256,40058 20606,40048 20144,30124 20252,30389|20119,30384 30194,40044 30383,30257 40059,20057 30124,30256 20085,30380 40065,40049 30395,20201 30286,20144 20032,20252 20265,20208 40055,40064 40048,30381 40058,20606 40056,20199 30393,40043 30389,20203 40045,30388
30383,20961 30194,20267 30124,30391 30386,20202 40054,30385 20119,30259 40050,20199 20204,30379 40063,30257 20057,20085 40045,30395 20208,30390 30286,40055 20032,20252 20205,20137 40062,40064 40049,30382 20185,30254|30254,40050 20085,20204 30385,20205 30379,40063 30395,40062 20252,30386 20137,20208 30390,20032 40055,20057 30391,30383 30382,30194 30257,30124 20199,40045 20267,40049 40064,20185 20202,20119 30259,30286 20961,40054|30286,20199 30194,40049 20085,30379 30382,30395 20202,30383 40063,20961 20032,20137 40055,20204 40062,40045 30257,20252 20205,30386 30385,20119 40054,30259 20185,30124 20208,40050 20057,20267 30391,30390 30254,40064|30124,20085 40045,20032 30390,30194 20252,40062 20137,30254 20267,30382 30386,40063 30395,30286 40050,40055 20119,20185 20199,20202 40049,40054 40064,20057 20961,30391 30383,20208 30379,30385 20204,20205 30259,30257|20185,30194 20205,30259 40045,30383 20137,20961 20085,30391 20057,40063 40062,20267 20204,30395 20119,40049 20032,30382 40064,30286 30254,40054 30390,40055 30379,30124 30386,20208 20252,20199 30385,40050 30257,20202|40055,30386 30391,30257 20199,30385 40049,40064 20202,40062 30259,20185 20208,20252 30382,30390 30395,20085 40063,20205 30124,40045 20961,20204 30194,20057 40050,20119 30286,20032 20267,30379 40054,20137 30383,30254
20037,20144 30393,20265 40042,40061 30254,20202 20203,20961 30391,30256 30124,30387 30286,20199 40060,40057 40050,40044 30258,30384 30379,40055 30390,20070 20208,20113 20606,20250 30195,30395 30381,40059 20085,40049|20199,20085 20961,30258 40049,30195 20144,30124 40059,20606 20113,20203 40055,30393 20250,40060 20070,30286 40061,30381 30256,30254 20265,40050 40057,30379 30384,30391 20202,20037 30395,30390 40044,20208 30387,40042|20113,20085 40055,40061 30391,40049 30387,20144 30124,30254 20199,20250 30390,40060 20070,40057 30384,20202 30258,30256 20606,40042 30395,20037 40044,20961 30195,20208 30393,40050 20265,40059 30379,30381 30286,20203|20144,30195 20037,30379 20250,30390 20202,30258 40042,30395 40061,30387 30256,20606 30381,20199 20085,20265 40050,20113 40060,40055 40049,40044 20203,30393 40059,30124 20961,20070 40057,30384 20208,30286 30254,30391|20202,40060 30393,20250 40057,30258 30124,20037 30256,20265 20606,30381 30395,40059 30390,20208 30379,30387 20113,30195 40042,40044 40061,20085 30391,20144 30286,30384 20203,40049 20199,30254 40055,20070 20961,40050|30195,40061 20250,30379 40050,30390 30387,20202 20265,20961 30258,40055 40044,20113 20144,40042 30254,40057 40059,20199 20208,30395 40060,30286 40049,30256 30384,30124 20037,30391 20085,30393 20070,20606 30381,20203
30285,40062 40050,20057 30259,30253 40052,30120 20961,20252 30388,30379 30384,30391 30382,20032 40057,30392 40045,40056 40060,30387 40047,30257 40064,30394 20201,20606 20119,30258 20091,20137 20200,20265 20203,40053|20606,30259 40062,40045 30391,20119 20137,30285 30257,20201 30392,20203 40056,40064 20032,20200 20265,40050 20252,40057 20057,30388 30387,40052 30258,30382 30120,40060 30379,30384 40053,20961 30253,20091 30394,40047|20137,40064 30259,20201 30253,30120 30285,40060 20203,20200 30258,30391 20091,20265 30382,40062 40050,30257 40052,40057 20032,30379 40056,30384 20252,20119 40047,20606 40053,30388 40045,20057 30394,30387 30392,20961|40062,30259 20200,40052 30391,30392 20606,20203 30387,20252 40064,30382 30384,30285 20057,20032 30379,30258 30257,30394 20265,40045 20119,40056 20201,40047 40057,40053 30388,30253 40060,20137 30120,20091 20961,40050|40047,30379 30253,40060 30120,20203 30392,20265 40062,20137 30384,20057 40045,30391 20119,20606 30382,40056 40064,20252 20091,40052 30387,30257 30388,20200 20961,20201 40057,40050 30258,30285 30394,20032 30259,40053|20057,20961 20265,30259 30379,30120 40056,30258 40053,20091 20032,40057 30257,20119 20201,40064 20203,30384 40052,30253 30285,30394 30391,40062 40060,40047 40050,30388 20606,30392 20252,30382 20200,40045 20137,30387
30256,40047 30124,40044 20119,20252 40048,40042 40050,20265 40052,30195 40049,20202 20091,40058 20205,30257 30380,30388 30285,30383 20606,30391 20144,20057 40060,30390 20032,40043 30253,20212 40046,40055 40053,30381|40042,40052 40058,40048 20265,20032 20057,30124 40043,30253 30388,20205 40044,20606 30257,40053 40055,40050 30195,20091 20212,30285 20202,30380 30381,20144 30383,30256 30391,40046 40047,40060 30390,20119 20252,40049|20265,20144 20205,40049 30380,40044 30285,40046 30253,20032 20212,30391 30388,20252 40053,20057 30390,40052 30256,40058 20202,40050 30257,40043 20091,20606 40047,20119 30195,40060 30124,30381 40055,40042 40048,30383|40058,20265 40043,30124 40060,30380 40046,40047 40052,30256 40042,20091 20057,20202 30381,30253 20119,40055 20144,40053 20252,30285 20606,40048 30383,30257 30391,30195 20032,20205 40044,20212 40049,30388 40050,30390|30253,40046 40055,30195 40049,40060 40058,30390 30256,30391 30380,20265 30381,20606 20057,30383 40047,40050 40042,20212 20202,30285 40052,40044 20205,40048 20091,30388 40043,40053 20032,20119 20144,30257 30124,20252|40044,40058 40053,40049 30285,40043 40060,20202 30195,30253 20265,40047 30383,40055 40050,30381 40048,20144 40046,20032 30390,30380 30388,40042 30391,30124 30257,20091 20252,20205 20119,30256 20606,40052 20212,20057
40061,20265 20202,30124 40059,40055 20250,30382 40047,40054 30395,30383 40043,40066 20206,20091 20113,30391 30380,40045 40046,40042 20203,30285 20212,30258 20032,20070 30195,30392 20144,20606 40058,40065 20208,30386|30392,20113 20265,40058 20606,40043 40066,20202 30258,40046 40045,20203 40054,20208 30383,40047 30391,40059 40042,20144 20091,20212 20070,30395 40055,20206 30124,20250 30285,30380 30382,20032 30386,30195 40065,40061|30395,30386 30380,30392 20250,30195 40065,30124 40054,20606 40047,20070 20212,30382 30383,20144 20206,40066 40045,20032 20202,30285 40061,40059 40042,30391 40043,20265 40046,40058 30258,20208 40055,20091 20113,20203|20032,40061 20091,40042 30382,40046 40058,20250 20265,20206 30195,40054 30392,40055 40059,20113 20203,20212 40066,30395 20606,30383 20208,20202 30124,30380 30285,40045 30391,40065 20144,40047 20070,30258 30386,40043|30258,20144 40043,20206 20606,20113 40045,20212 40055,30382 40046,20032 40042,30392 40066,40054 30285,40065 30195,30391 30380,20070 20202,40058 20250,40061 30395,40047 20208,30383 30386,40059 20203,30124 20265,20091|20144,30395 20206,30285 20212,30380 20091,20202 20032,20250 30391,20208 40061,20203 30382,20265 40047,40042 40065,20606 30383,40046 20113,30195 40054,40043 30392,40066 30124,40055 20070,30386 40058,40045 40059,30258
40049,20203 30384,40066 20252,30286 30258,20200 30120,30385 20091,40060 40054,20210 20265,40059 30390,30381 20606,20057 20208,40057 30380,20037 20961,30194 40061,30391 40050,20113 20202,30256 30393,40045 30387,20137|40066,20202 30194,20208 30391,20606 20210,20265 30286,30258 40057,40050 30381,20091 30256,30393 20203,20252 40059,40049 20037,40054 20113,40061 20200,30387 20057,30384 20137,30390 40060,30120 30385,20961 40045,30380|20252,40054 20265,20606 40049,20202 20137,20113 40057,30391 40050,20200 30384,30387 30286,40045 30390,40059 30381,30393 40066,20057 20961,20037 20091,30385 20208,30256 30194,40060 30258,30380 40061,20203 20210,30120|20057,20210 30387,20265 30120,30390 40054,40057 30391,20252 40045,20961 30256,40061 40059,30258 30393,40066 20200,30381 30385,30286 30380,20208 20037,20091 20203,40050 20606,30194 40060,30384 20202,20137 20113,40049|20037,30393 40061,20202 30256,40060 30390,30286 30384,30380 30385,40054 20210,30391 40045,20137 30381,40049 40057,20057 20252,20961 20091,20200 30258,20113 40059,20606 30120,20208 20203,30194 30387,40066 40050,20265|30194,30384 20113,20252 20200,40057 30286,20091 30393,30258 20606,20203 20137,30120 30380,40050 20057,30256 20961,30390 20265,30381 40049,30387 20208,20037 40054,40061 40066,40059 30391,30385 20202,20210 40060,40045
30259,30258 20085,40057 20267,20037 30253,20961 40042,20200 20252,30386 30120,30391 40059,20144 30382,30286 30195,20113 20212,20208 20201,40058 20606,40047 30390,30383 40050,20070 20210,30379 30387,40062 30392,40045|40058,20252 30286,30259 20070,40042 40045,30382 40062,20210 30383,40050 20208,20085 30391,20201 20144,30120 30258,40059 20113,20606 40057,30390 20037,20212 20200,30195 30379,30253 30386,30392 20961,20267 40047,30387|20210,20961 30386,30120 20606,30259 40059,30383 30391,30392 20267,20208 30258,20144 40050,40057 30253,40042 40062,20085 30195,20212 40045,20113 30382,30390 40047,30379 20252,20070 20200,30387 20037,40058 30286,20201|20113,30286 20144,30391 30392,20200 20212,40062 20961,40045 20085,20037 40057,20210 30379,20267 20201,30382 20070,30253 40042,40047 30383,20606 30259,40050 30387,20252 20208,30195 40058,30386 30390,30258 30120,40059|40057,40059 30392,20252 20144,30387 30383,20208 20606,20961 20267,30120 40042,30286 20210,20070 20201,30258 20200,20085 30379,20212 30253,40062 40047,30195 40050,30382 30259,40045 30390,20037 30386,20113 40058,30391|40045,40058 30258,30386 20037,20201 30382,20606 30387,30390 20085,30392 20208,40057 40062,40047 40059,20267 20212,40042 20961,40050 30286,30253 30391,30259 30120,20200 20252,20210 30195,30383 20070,20144 20113,30379
30385,40053 30387,20037 20070,20201 20205,30388 30384,20119 30256,30390 20137,40043 30120,30382 30194,40063 40056,20091 20265,20212 20200,30286 30393,40064 40050,20250 30386,20204 20606,30395 30380,40052 30383,20199|30390,30194 20091,40050 20204,30256 40043,30380 40063,20606 20037,20070 20119,20205 40053,30387 20199,20265 40052,20200 40064,20137 20201,30384 30395,30386 20250,30120 30388,40056 30382,30393 20212,30385 30286,30383|40043,40052 30120,40064 40056,30383 30387,30256 30382,30388 20199,20070 30194,20204 30385,20200 30395,30393 40063,40050 20205,20212 20119,20606 20201,30390 20137,20250 30384,30386 30286,20091 30380,20265 40053,20037|20606,30380 30383,40063 30393,20119 40052,30387 30386,20205 20265,40043 20250,20199 30256,30382 20037,30385 20091,30194 20200,40053 20070,30120 30388,30286 40050,40056 20212,20137 30390,30395 20204,20201 40064,30384|20137,20265 40052,30393 20204,20212 20606,30388 30390,20091 30380,40050 30387,40063 30386,20119 20070,30383 20250,40064 40043,40053 30256,20037 30384,30385 30286,30120 20205,20200 40056,30194 20201,30395 20199,30382|20265,30387 40050,20201 20212,40043 40063,30386 30194,30384 30383,20205 20037,40052 30395,20199 30393,30286 20091,20137 20200,20606 30120,40056 40053,30256 40064,30380 30388,20250 30382,20070 30385,30390 20119,20204
30258,40055 20119,30384 40056,40063 30390,20032 20265,20250 40062,40066 30124,20208 20200,40058 20201,40064 40052,30259 30286,20606 20205,40044 40051,20070 30391,20085 30253,40060 30386,30382 20144,30195 40053,30379|40064,20144 20032,20200 40044,40062 40063,30124 40055,40051 40058,20265 20250,30391 30195,40053 30382,40052 40060,40056 20070,20201 30384,30258 40066,30253 20085,30386 20208,30390 30259,30286 30379,20119 20606,20205|20119,40052 20205,30390 20201,40056 30386,40058 20200,30124 40064,20265 20070,40060 20032,30382 40053,30384 40055,30259 30195,30379 20144,40066 30286,40044 20085,20250 40062,20606 40063,40051 30391,30253 20208,30258|40044,40055 40058,20032 40066,40053 30124,20119 40052,20205 30379,40063 30258,20201 20606,20070 30390,30195 30384,30386 30259,40062 20265,20208 20250,20200 30382,30391 30253,20144 40056,20085 40060,40064 40051,30286|30391,40056 30259,30384 40062,40064 40053,40058 30382,30286 20265,20032 30390,30124 40063,30195 40060,20250 20208,20070 20119,20085 20205,40066 40052,40044 30258,20606 20144,40055 20201,30386 40051,20200 30253,30379|40058,30390 20250,40062 20606,40053 40066,30258 20200,30253 20085,30259 30286,20201 40064,40051 20070,40063 30124,40060 40044,20119 30384,30391 20032,20144 30195,40052 40055,30382 30386,20265 30379,20205 40056,20208
40044,40058 20201,30391 30394,30254 20113,20606 40062,30195 30253,20037 30286,20250 30388,30381 40048,30383 20091,40066 30258,20267 30386,30385 20144,40055 20070,20200 20205,40063 30120,40046 30379,30259 40050,20961|30381,40050 40066,30253 20200,20201 20606,30386 20267,40062 30383,30394 30385,20144 40058,20070 40063,30286 30391,20091 20961,30258 20037,30120 40055,30388 20250,40044 30259,20205 30254,30379 40046,40048 30195,20113|20606,30259 20201,40066 20267,30383 40046,30391 30253,30379 30394,20250 30386,30254 40055,20200 20070,20091 30195,40063 20144,30258 40048,40062 30385,40044 20205,20961 30120,30388 40050,20113 40058,30381 20037,30286|30258,30386 30381,30394 30388,20201 30379,40050 30259,30385 20113,40048 40044,20205 20200,30253 20091,20267 40063,20070 20250,30195 30383,20144 30391,30120 20961,20037 30254,40055 40062,20606 40066,40058 30286,40046|40048,30195 30383,40066 30386,20267 30385,20200 40063,40050 20113,20205 30391,40062 40046,30258 20201,20606 30253,40055 20144,30394 30120,20250 30381,20070 20961,30379 30388,30286 40044,20037 30259,40058 20091,30254|40066,30120 40055,40063 40050,40048 20606,40046 20037,20144 20070,30388 20205,30253 30286,30391 20250,20091 30195,30383 30379,20113 40058,20201 40062,30386 20267,40044 30258,30381 30394,30385 20200,30259 30254,20961
40053,40056 20203,30389 40043,40066 20057,20212 30195,40064 40049,40060 20032,20210 20137,30286 20606,30381 30393,20204 30120,40054 30385,40062 20200,20113 40052,30258 30257,20201 20250,20267 20199,40059 30379,20091|30389,30385 40059,30393 40066,40049 40054,30257 20204,20203 40064,30120 20267,20057 20212,30195 30381,30379 40060,20250 20091,40043 20210,20200 20113,40052 20201,20137 30286,20199 40056,20032 30258,20606 40062,40053|30258,40060 20057,30195 40059,40043 20204,20201 30381,40049 30393,20113 20203,20212 30120,20200 40062,30286 40066,30257 30385,20250 40054,40052 20199,20032 20210,40056 20091,30389 30379,20267 40064,40053 20606,20137|20250,40066 30389,30258 40053,20204 20137,40064 20032,20057 30286,30385 40056,20203 20267,40054 30195,20210 20200,40059 20201,30120 20212,30381 30257,30393 20113,20091 40060,20606 40043,20199 40049,30379 40052,40062|20032,40066 40060,30389 30393,40043 40064,20210 40062,30120 40049,20137 40053,20091 20199,30195 20267,30257 40056,20201 20204,20200 30258,30286 20606,20250 20057,30385 30379,20212 40052,30381 40054,40059 20203,20113|30385,40056 20200,30393 30120,20606 20201,30379 20091,20204 20212,40060 30389,20199 40066,30258 20210,20203 30195,40049 20113,40054 30286,40053 20137,40062 20250,40052 40043,20267 30381,40064 40059,20057 30257,20032
40052,20205 40044,40060 30384,30124 30257,20265 40055,40049 30380,20250 40056,30385 40042,40062 20091,30381 40058,20144 20070,20032 20210,40061 30387,30195 20200,20119 20202,30386 20606,20204 30259,30393 20203,30286|30195,40056 20144,20202 40062,20200 30286,20606 40049,20210 20265,40042 30386,30387 30124,30380 20204,30259 30381,20203 30393,40058 40061,20070 30385,30384 20032,40052 40060,20091 20205,30257 20119,40055 20250,40044|20032,30259 30380,30385 20265,20091 20606,20205 30393,20144 30286,40049 40056,30386 40044,20070 40060,30387 30381,40061 30384,20202 20119,40062 40055,40042 20200,40058 20210,40052 30195,30257 20204,30124 20203,20250|30124,40060 20144,30384 20205,20200 30257,40044 20202,30380 40052,20265 40049,20606 20250,20204 40062,30195 30387,30286 40042,20210 40061,40055 20091,20119 40058,40056 30259,30381 30386,30393 30385,20032 20070,20203|40052,40055 30385,20144 30195,20070 20119,20250 40061,30386 40056,20032 30259,20265 20200,30384 40044,40062 30387,30380 30124,20203 40042,30257 20202,20606 40060,20204 20210,30286 30381,40058 40049,20205 30393,20091|30286,40061 40055,30259 30384,40056 20606,40042 20205,30393 20032,30124 20203,40049 20250,20200 30386,40052 20204,30381 40058,20202 30380,40060 30257,20119 20091,20210 20070,30387 20144,30195 40062,30385 20265,40044
40057,30379 40044,40055 30285,30394 20113,40050 30388,30383 40063,20206 30257,30381 20201,40066 30259,20267 30385,30120 20144,20032 20085,40064 20199,40053 20205,30395 20252,30194 20070,40059 40056,20185 40048,20961|40053,20113 20032,20201 20267,30257 40055,30385 40050,30285 40066,40048 30383,40044 20961,20205 20206,30388 30395,30259 30194,20070 20185,20085 40059,40063 30381,20144 30120,20199 30379,20252 30394,40056 40064,40057|30381,40063 30194,30394 40044,20201 30379,20199 20185,30257 40059,30285 20032,30383 20085,40048 30120,40057 20206,40055 20205,20267 30259,20113 20070,20961 40056,40053 20252,40050 40064,30385 40066,30388 30395,20144|40055,30395 30257,40066 20267,20185 20199,30194 40048,30379 40057,40059 20113,20085 40053,30259 40063,20070 20144,40056 30394,20205 30383,30120 40050,40044 30385,20032 30388,40064 30285,20206 20201,30381 20961,20252|40063,40050 20205,20113 20199,30385 20070,30257 20201,30383 40059,40048 40064,20185 30285,30259 30379,20085 30394,40066 20206,40057 30120,40053 30194,40044 40056,20267 30388,20144 30381,20252 20032,40055 30395,20961|40055,30388 20113,30285 20144,20206 20085,30120 40048,30381 30259,30394 20185,20199 20267,20070 20961,20201 40044,40064 30385,30379 40057,30194 20252,40059 40053,20205 40066,20032 30383,40063 30257,40056 40050,30395
30286,20201 40060,20137 20091,30381 20119,40048 30195,20203 20252,40052 30386,20265 20199,30380 40042,30394 20208,40058 40047,20606 40049,20070 40050,40064 20032,40044 30258,20210 40061,30254 30124,30384 30259,20206|20606,20208 40044,40050 30384,40047 20210,30124 20265,30195 20206,30386 30254,30286 20201,20032 40048,40049 40064,20119 40058,20091 30381,40061 20070,30259 30394,30258 20137,20252 30380,40060 20203,40042 40052,20199|20119,30286 30394,40064 20206,40061 20091,30258 30254,40048 30386,30381 20208,20203 30380,20032 20252,30259 40060,20201 40047,40052 30124,40050 20210,20070 40049,30195 30384,20137 40044,20265 40042,40058 20606,20199|20137,30254 40064,20208 40058,20210 40052,20091 20032,30386 30195,30384 20199,40044 20070,30124 40061,20606 30259,40047 20203,20119 40048,20206 30258,40042 20201,30394 40050,20252 30381,40049 20265,30380 30286,40060|40048,40061 40047,30386 20208,20265 40052,40042 30384,30380 30394,40058 20210,30381 30286,30258 20252,40049 20203,40060 20206,30195 20137,20070 40044,40064 30254,20199 30124,30259 20091,20119 20032,20606 40050,20201|40064,40052 20201,20210 30259,30384 30195,20137 30381,30286 20070,30394 40042,20091 30386,30254 40060,40047 30258,40048 40058,40044 20199,20208 40061,20252 40049,30124 20606,40050 20265,20032 30380,20203 20119,20206
20070,40046 40048,40060 20200,30389 30383,40058 20185,20144 40043,20265 30382,20091 30257,40065 20119,20252 40056,30388 30124,30385 30387,40050 30380,30286 40066,40061 40051,20208 30393,20203 30394,40045 30258,20037|40046,30380 20091,30394 30389,30387 40061,20200 20144,30383 30385,40056 40065,30124 20265,30257 20252,40048 40045,20119 40058,40043 30388,40051 20203,40066 30286,20070 40060,20185 40050,30258 20037,30393 20208,30382|20119,40066 40051,40048 30380,20203 20185,30387 20070,40043 20265,20208 40065,40045 30394,30383 20144,30257 40058,20091 30124,30389 30286,30385 30393,40050 40056,20037 30388,30382 20252,30258 40061,40060 40046,20200|30257,40061 40060,30286 20037,40065 40050,40058 40043,40051 20200,20144 20203,40046 30387,20265 20208,20185 30383,30380 40066,20252 40045,40056 30389,30393 30258,30388 30385,20070 30382,30394 20091,20119 40048,30124|20144,20203 20091,40051 20200,30286 30393,40046 30380,40061 40058,20265 30257,40048 30382,40043 30258,40045 40060,40066 20208,40056 40065,30387 20037,30388 30383,20252 30385,30394 40050,20119 20185,30124 30389,20070|40043,40050 40048,20144 30286,40065 30387,40060 40061,20185 30124,30258 20070,20037 40056,30382 40066,30383 30394,20208 40046,40058 20265,20091 20203,20200 30388,30385 20252,30393 20119,30380 40045,30389 40051,30257
20144,20119 20037,20085 20205,30379 20206,40062 30383,20070 20210,20212 20204,30385 20208,30256 30391,30381 40064,40042 30384,20185 30259,30390 40055,20961 40060,30120 30285,40065 40058,20201 20202,20267 20250,30389|30256,40064 20201,30259 30381,20037 30389,40058 20085,30391 20070,40060 20267,20210 20212,20250 20961,30285 30390,30384 20185,20205 20119,20206 30120,20144 40042,20202 40065,40055 40062,30383 30379,20204 30385,20208|30389,20201 20212,40062 20085,30384 40064,20210 20070,20202 30385,40058 30379,20208 20961,30390 30381,30383 40042,20250 20206,20267 20204,30120 20119,40055 30391,20205 40065,20037 30259,30285 30256,20144 20185,40060|20205,40042 20201,20961 20144,20185 20210,20119 20250,20204 40058,20206 40055,30381 30383,40065 30390,30385 20208,20085 40060,20212 20202,30389 40062,20070 30120,30256 20037,30379 30384,30259 20267,30391 30285,40064|20070,20204 30389,20205 40060,30384 30379,40065 20202,30385 20210,20185 30390,40055 30383,20267 20037,20250 20206,30381 30259,20144 40062,20201 20208,30120 20961,20085 20212,30256 40064,20119 30391,30285 40058,40042|30120,40062 30256,20961 20267,40060 30381,30379 20119,30390 40055,20210 20204,30383 40042,30259 40065,30391 30285,20202 20085,40058 20201,20070 30385,40064 20185,20206 20144,20212 20205,20037 30384,30389 20250,20208
40053,40044 20204,20206 30391,30382 40055,30384 30258,20202 30380,20037 30194,20144 30386,30254 40063,30388 20252,20267 30285,30124 20185,30390 20057,30389 30259,20961 20205,20113 20091,40056 40050,30383 20199,40046|40044,30194 20113,30259 30388,20199 40056,20204 30383,20091 20961,40063 30124,20205 30389,30380 20037,30386 40046,20252 30254,30285 20144,20057 30384,30258 30390,40053 20267,20185 30382,40055 20202,30391 20206,40050|40044,20206 40063,20057 40053,30391 30380,40046 20252,30285 30384,20144 40055,40056 30254,20267 20961,30389 30388,30383 20205,30386 30194,20185 20113,20037 30124,30258 20091,20202 20199,40050 30259,30390 30382,20204|20267,20091 30389,40063 20057,40053 30390,30384 40046,20113 30391,20199 20037,40044 30383,30194 30386,20252 20206,30259 30285,20961 20204,30380 30258,30388 20185,20205 40056,30254 40050,30382 20202,40055 20144,30124|30383,20205 40055,20961 20057,20206 20037,30285 40050,40044 20144,30388 30386,30194 30380,30254 30259,40053 30258,30382 30389,20252 20113,20204 30384,30391 40046,30124 30390,40063 20199,20091 20185,20202 20267,40056|40063,40046 30382,20113 20206,30380 40044,30383 30391,20267 20204,20199 40056,30389 20961,20057 30388,40055 20205,30259 30194,30258 40053,20185 30254,20144 30285,30384 30124,30386 20091,30390 20252,20037 20202,40050
30386,20961 30258,20203 30257,30393 30388,40042 20204,40051 40063,20252 20267,30384 20037,20057 40046,30194 40065,40045 30389,20144 30381,20085 20208,30379 20119,40060 20606,30385 40061,30120 40056,30285 40053,30390|30285,30389 30194,40061 20057,30257 20203,20267 20961,40053 30390,20037 30393,20208 40051,40065 30384,40046 40060,30258 20144,20606 30379,30386 20085,30388 30385,30381 40045,40056 20252,20119 40042,20204 30120,40063|30120,40053 30389,40060 30285,30385 40056,30393 20085,30258 40046,20203 30388,30390 30257,40061 40042,40051 20252,20208 40063,20037 20119,40065 20057,30194 20144,30386 20267,20606 40045,30381 20961,30384 30379,20204|20204,30285 40053,20267 30381,20252 20606,40045 40061,20144 30386,40042 30258,20961 20208,40056 30390,40063 30194,30120 40065,30388 30384,20119 20037,30379 30393,20085 40060,30257 40051,30389 20203,20057 30385,40046|20961,30257 20267,30194 40051,20119 30258,30390 20252,40045 20204,40065 30386,20203 20606,30120 30389,30388 40063,40060 40061,20208 20057,40046 30385,30384 20085,40056 40042,20037 30393,30285 30379,30381 40053,20144|40045,30379 30390,40051 20208,20057 30285,20606 30388,30258 20119,20085 30257,20267 40060,40042 30120,30389 40046,40053 30384,40063 30381,30386 20037,20204 20144,20961 40056,40061 40065,30393 30194,20252 20203,30385
20204,20210 20606,20265 40066,30395 30393,40042 30120,30379 40065,40050 40063,20144 30258,20208 30388,20119 20057,30385 40059,20091 40048,40062 30392,20206 30286,20252 20037,40061 30384,30381 30390,30195 30256,30194|30381,40048 40042,30286 40062,30388 20119,30393 20210,30384 20144,30120 20208,40066 40050,20037 20206,20057 30385,40063 20091,30256 40061,30258 20252,40065 30194,40059 20265,30390 30195,20606 30379,30392 30395,20204|30258,30385 30381,20204 40050,30379 20208,30393 40062,40061 30392,20144 30256,30388 30286,40063 20265,30194 20210,20091 40048,40066 30120,40042 20252,30395 20119,30390 40065,40059 20037,20606 30195,20206 30384,20057|30194,40050 30388,20210 30385,30384 20206,30286 40042,30195 20144,20208 20204,40048 40066,30258 20606,40062 40061,30120 40059,20265 30393,30256 20091,20252 30379,20037 30395,30381 30390,40065 20057,20119 40063,30392|40062,30393 20119,20204 30258,20144 20606,40065 30392,40066 30256,40061 20252,30381 20206,40063 30286,20057 30385,40059 20091,30395 40042,30384 20037,30194 30195,30379 30120,20210 20208,20265 40050,30390 30388,40048|30395,40050 20265,30385 30393,30195 20210,40062 30379,30388 40048,20119 30390,30392 40063,30120 40065,20206 40061,20208 40059,30256 40066,20037 30384,30286 30194,30258 20144,20091 20057,40042 30381,20606 20204,20252
30253,20037 30286,30388 30387,20250 30258,20606 20210,20265 20200,20208 40057,30391 20070,30256 30394,20113 40062,40049 30124,40066 20137,40044 40054,30390 40053,30195 30392,30382 30384,40047 20091,30380 20212,40058|20265,30253 20208,30387 30391,20200 40044,40057 30390,30394 20037,30124 40058,30286 30256,40053 30388,20137 20250,40054 30195,40062 20606,30384 20113,20212 40049,30258 40047,20070 30380,30392 30382,20210 40066,20091|20250,30195 20137,30390 20037,20113 20606,40049 30124,40054 20210,30286 30387,40066 20070,40062 40057,30382 30391,30384 20212,30394 40053,40058 20200,30258 20208,20091 30388,30253 30380,40047 30256,30392 40044,20265|40047,20210 30286,30380 30258,30124 40058,20200 40066,40053 30394,20208 40062,20212 30382,20137 30253,30391 30392,20070 20091,20606 30384,30256 40049,30388 30390,20250 20265,40057 20113,30387 40054,40044 30195,20037|20070,20137 30253,40044 20091,40058 30256,30258 30394,20210 20250,20113 30286,30124 30195,30392 20200,20212 40057,30384 30391,20606 20208,30382 40047,40049 30390,40066 30388,20265 40053,20037 30380,40062 40054,30387|40066,20250 30384,30195 20606,40057 20265,20091 40058,30394 40044,20208 30258,30380 30392,40053 20037,30286 40062,30388 40049,30391 20210,20070 20212,30256 30124,30253 30387,30390 20137,20200 30382,40047 20113,40054
30391,40060 40053,40048 20606,40059 30258,30393 40055,40064 30386,30383 30381,20085 30388,20199 30385,30285 20265,30392 30394,30380 20252,40045 30390,20037 20113,20137 30384,30256 30124,20961 40050,30254 40049,20070|20961,40055 40045,30385 30393,30386 30392,40049 20137,30388 30380,20113 30256,40050 40048,30394 40060,20606 40064,30258 30254,40053 20037,30124 40059,20252 20085,30391 20070,30384 20199,30390 30285,20265 30383,30381|40048,30381 40060,30386 20265,40049 20606,20085 20961,20113 30384,30285 30390,40064 40059,30392 30254,20199 20037,30383 20137,40045 40055,30393 40053,30258 30380,30388 40050,20070 30391,30385 20252,30256 30394,30124|20070,20037 20113,40053 30258,30380 20085,30254 30383,20961 20199,20252 30256,40055 30385,30384 40049,40050 30124,40048 30393,30391 30388,40060 30285,20137 30386,30390 30392,30394 40064,20606 30381,20265 40045,40059|30393,30388 20606,30256 20037,40055 30258,20085 40045,30384 30394,20961 30381,30390 30392,20070 40064,30254 40048,30285 30380,40049 30124,40059 30391,20252 30385,20113 40060,20199 30386,20137 40053,30383 20265,40050|20137,30394 30384,30124 30383,30392 30254,30381 40050,30385 40049,40060 20252,20037 20199,20606 30285,30386 40059,30380 30256,40064 20070,20265 20961,30258 30390,40053 20085,40048 40055,40045 20113,30393 30388,30391
30388,30386 20202,40056 30254,20203 40066,20267 40046,20252 30259,20113 30391,40050 40060,20199 40047,20091 20057,20185 30124,40055 40061,20212 20032,20137 30286,40044 40065,30379 30257,40052 30395,20205 30381,30392|20113,30381 20267,30388 20137,40066 20212,20202 40052,20032 40050,30259 20203,20057 40055,30391 30392,30257 20199,30124 30386,40060 20252,30254 20091,30395 20205,40061 20185,40065 30379,30286 40056,40046 40044,40047|30379,40056 20032,30392 30254,20212 40065,20057 20137,20267 40060,40061 20205,20252 40046,30395 40047,30257 20199,30391 40066,30124 30381,40055 30386,20185 40052,30388 20203,40050 30286,30259 40044,20113 20091,20202|30392,30286 20252,20199 30388,40046 30259,30381 20057,30379 40061,20203 20202,20205 20113,30254 20212,40065 40050,40060 20267,40044 40055,40052 20185,40047 30395,30386 40056,40066 30124,20032 30257,20137 30391,20091|20202,20252 20113,20057 30395,30391 30286,40066 30259,40056 40060,40055 20212,40046 40047,20203 30392,30386 30388,20091 20137,20199 30124,40065 30381,30379 40044,30254 20032,40061 30257,20205 20267,40050 20185,40052|30391,30388 40061,20185 20252,20212 40066,30257 40065,40044 20205,40047 30254,30381 40050,20113 40046,20137 40056,30392 20091,30286 40055,20032 30386,20202 30379,30124 20057,40060 20199,20267 20203,30259 40052,30395
