20203,20371 30195,30258 20185,20028 30257,30381 20144,20085 30118,20267 20179,30254 20060,20249 20057,30249 30380,20206 20032,30383 20263,20250 20119,30390 30251,20199 20131,20210 30119,30393 20079,30286 20182,20606|20371,20263 20250,20185 30390,20203 20606,20057 20199,30195 20206,20079 30286,20182 30381,20179 20028,20144 20085,20119 30393,20060 20210,20032 30383,30380 20267,30257 30254,30119 30258,20131 30249,30118 20249,30251|30118,20057 20203,30383 30390,20606 20119,20032 30249,20210 30380,30257 20199,20079 20371,20131 20060,20267 20206,20185 20182,30254 30195,20263 20249,20144 30286,20250 20179,30251 30381,20085 30119,20028 30393,30258|30195,30390 20131,30393 20085,20179 20079,20249 20028,30381 20203,20199 20267,20119 20057,30257 30258,20263 30119,20144 30251,30380 20606,30254 20060,20371 30383,30286 20185,30118 20210,20206 20032,20182 20250,30249|20144,30286 30258,30383 20371,30251 30257,20079 30390,20131 30118,20203 30254,20057 20267,20179 20085,30195 20119,20060 20206,30249 20249,30119 20250,30381 20182,20028 30393,20032 20185,30380 20263,20606 20210,20199|30249,30119 20057,20185 20144,20210 30257,30195 20028,30118 30381,20249 30383,20182 20179,20371 20131,20250 20032,20206 20079,20203 30251,20085 30286,30390 20606,20060 30380,20119 30254,20267 20199,30258 20263,30393|30393,30390 20185,30195 30119,30251 30381,30254 20057,20371 30118,20606 30249,20028 20131,20079 20203,20263 20249,20182 20250,20032 30258,30286 20119,20199 20210,30257 20206,30383 20267,20144 20085,30380 20179,20060|30383,20185 20028,20085 30251,20206 20032,20267 30254,20210 20079,20057 30390,20250 20199,30393 30286,20249 20606,20179 30195,20131 30380,30118 30257,30249 20182,30258 20144,30381 20371,30119 20060,20203 20263,20119
30249,20079 30117,20249 30383,20189 20199,20131 30389,20083 30255,30118 20184,30284 20037,20070 20205,30380 30259,30256 20179,30258 20371,20133 30382,20263 20029,20182 20201,30393 30254,20057 20140,20606 30252,20119|30256,20184 20263,20037 20057,20199 30393,20179 20119,30117 30284,20029 20133,30252 20070,30255 20249,30259 20182,30383 30118,20140 30258,30249 20189,30389 20083,20205 30380,20371 20131,20201 20079,30254 20606,30382|30389,20133 20057,20263 20199,30383 20371,20083 30259,20140 30382,20119 20249,20179 30255,20184 30252,20205 20201,30118 30249,30284 30117,20606 30258,30254 20029,30256 20037,30380 20182,20189 20079,20131 30393,20070|20029,20057 20184,30254 20201,30117 30383,30393 20119,20249 30118,30252 20140,20037 20606,20083 20131,30259 20205,20199 20133,20079 20263,30258 30389,30255 20189,20371 30382,30249 20179,20182 20070,30380 30256,30284|20606,30249 20371,30118 20140,30382 20189,20179 30254,20029 20133,30383 20057,30256 30393,20131 20205,30117 20083,30258 20070,20182 30259,30252 20037,30255 30284,20201 20119,30389 30380,20249 20263,20184 20079,20199|30117,30259 30252,20189 30249,30389 30383,20037 20249,20070 30258,20057 30255,30393 20199,20606 20131,20371 20182,20140 30284,30382 20083,20029 20184,20119 30254,20205 20179,20133 30256,20079 30118,20263 30380,20201|20201,20029 30255,20083 20079,20184 20133,20057 30383,30258 20371,30393 30256,30254 20182,30284 30259,20606 30389,30382 30118,30380 20189,20070 20131,20179 20199,20249 20263,20205 20140,30252 20037,20119 30249,30117|20249,20037 20119,20079 20083,20263 30380,30259 30252,20199 30284,30255 30117,20140 20179,30256 20029,30249 20205,20182 30258,20371 20070,20201 30254,30118 20057,20131 20184,20133 30393,30389 20606,20189 30382,30383
20199,20188 20265,30250 20182,20032 20070,20131 30119,30257 20108,30383 20250,30258 20606,20249 20607,30390 30284,30380 20201,20371 30286,20267 30259,30381 30120,30255 30395,30393 20057,20079 20081,30252 20129,20037|20131,30259 20079,20070 30250,20606 30393,30120 20188,30395 20032,20250 20037,20081 30390,20201 30258,20265 20371,30119 20267,20057 30252,30284 20249,20199 30380,30286 30257,20182 30383,20607 30255,20129 30381,20108|20081,20371 30383,30390 20129,30259 20188,20057 20250,30393 30381,30380 20079,20108 20131,20607 30252,30255 20199,30120 30284,20070 30258,20037 20182,30250 30119,20267 20606,20032 30286,20201 20265,30395 20249,30257|30259,20249 30393,20371 30120,30252 30395,20081 30390,30381 20108,30284 20070,20182 20199,20265 20037,20267 20057,30258 30257,20131 20250,30286 20201,20606 30380,20129 30119,20032 20607,20079 30250,30383 30255,20188|30383,20250 20267,20108 20032,20131 30255,30119 30258,30380 20129,20606 30395,20070 30381,20265 30286,30257 30120,20079 30393,20249 30259,30252 30250,20199 20037,20057 20371,20182 20188,20081 30390,30284 20607,20201|30284,20250 20079,30395 20131,30390 20201,30383 20606,30393 20249,30255 20081,30258 20070,30286 30252,30119 20267,30259 20371,20199 20057,30120 20032,20129 20182,30381 30380,20188 20108,20607 30257,30250 20265,20037|20057,30252 20249,20108 20182,20188 30381,20606 30257,30383 30250,20371 30390,20037 20607,30286 20250,20129 30395,30259 20131,20201 30255,20267 30258,20070 20081,30120 20079,20265 30380,30119 30393,20199 30284,20032|20188,30250 30383,30258 30286,20081 20267,30390 20129,30257 20070,30381 30120,30395 20371,20249 20606,30284 30119,20057 20201,20250 20265,20131 20199,20079 30252,20607 20032,30393 20037,30380 20108,30255 30259,20182
30195,20205 20137,30286 20079,20203 30119,20196 30393,30382 20267,30254 30379,20179 20119,20091 20052,20204 20607,20250 20265,30118 20113,30380 30257,20185 20060,20252 30252,30395 20037,30250 20144,20032 30389,30255|20250,30389 30118,20079 30250,20267 20205,20119 20203,20137 20185,20113 20196,30393 20032,30195 30255,20265 30254,20060 30286,20607 20252,30379 20091,20144 20179,30119 30382,20037 30395,20052 30380,30257 20204,30252|20196,20607 20144,30286 20060,30195 20205,20252 20250,20204 20265,30380 20119,30252 20052,30382 20091,30254 20113,20032 30395,30379 20079,20185 30257,20203 20037,30255 20267,30118 20179,30250 30393,20137 30389,30119|30118,20144 20079,20052 20032,20267 20607,20037 30380,20250 30195,20185 20252,30250 30286,30252 30257,20113 30379,20205 20137,20060 20119,20196 30255,30395 20204,30382 30119,30254 20203,20179 30393,20265 30389,20091|30382,30118 20203,30119 30250,30257 20185,30389 20267,20060 20250,20037 30254,30380 20032,30393 20113,20205 20091,20252 20265,20196 30252,20052 20144,30379 30255,20079 30286,30195 20607,20179 30395,20204 20137,20119|20060,30257 20037,20079 20196,20203 30250,30255 30254,20607 20185,20267 20252,20265 30252,20250 30380,20144 20205,30393 30379,30389 30382,30395 30195,20119 30119,20032 30118,30286 20204,20137 20052,20113 20179,20091|20250,20203 30393,30250 20265,20052 20607,30379 30119,30252 20119,30395 20037,30257 20091,20137 20196,20204 20144,20060 20267,20113 30286,30382 20179,30255 30118,30380 20079,30389 30195,30254 20205,20185 20252,20032|30395,20267 20052,30118 30380,20079 30252,20196 20060,20037 30389,20252 20113,20265 20137,30119 30254,30286 20185,20179 30379,20119 20203,20205 30257,30393 30255,20250 30382,30195 20204,20144 30250,20091 20032,20607
20091,30259 30258,30249 30381,20199 30119,20371 20265,20607 20250,30252 30194,30257 20179,20185 20263,30380 20119,20070 30254,20203 20249,20206 20060,20209 20085,20606 30118,30392 20140,20032 30394,20180 20129,20031|20607,20091 20180,20249 20209,20263 30392,20129 20203,20179 30249,20250 20206,30381 30252,30194 20031,30254 20606,20060 20032,20265 20185,30118 20070,30119 20199,20119 30257,30258 20371,20085 30380,20140 30259,30394|30118,20606 20607,20206 20085,30392 30381,20265 20185,20263 20031,20119 30252,20032 20199,30119 30249,20060 30194,20070 30258,20249 20203,30259 20129,20209 20140,20179 30257,30380 30394,20091 20250,30254 20180,20371|20249,20203 20263,30194 20032,20371 30259,20185 20060,20607 20250,20180 30392,30252 20209,30394 20070,20031 30381,20085 20119,20129 30254,30257 30118,20265 30119,30249 30258,20199 20091,20140 20206,20606 20179,30380|30119,20249 20085,20607 30394,20179 30252,20203 20180,20199 30249,30381 30380,20209 20371,30194 20265,30258 20119,20185 30257,20060 20070,30118 20206,20140 20031,20263 30254,20032 20129,20250 30392,30259 20606,20091|20265,30119 20140,30394 20371,30252 20179,20206 20199,30118 20606,30258 20607,30381 30194,20085 20209,20119 20091,30249 20060,30392 30380,20250 30259,20031 20032,20180 20203,20070 20263,20129 20249,30254 20185,30257|30257,20607 30254,20206 20199,20070 20250,20091 30119,30381 30252,30394 20263,20179 30249,20085 20031,30118 20249,20032 30259,30194 20140,20060 20119,30380 30258,20129 20203,20371 20180,20265 20209,20185 30392,20606|20060,30252 30380,30254 20070,20180 20085,30258 20371,20199 20091,20249 20206,20250 20606,30259 30118,20140 20032,30119 30194,30249 20179,20119 20265,20209 30381,20263 20185,20031 20129,30257 20607,20203 30394,30392
20249,20057 20079,20189 30383,20267 20203,30250 20180,30395 30389,30119 20201,20039 20032,20265 20606,20131 20198,20140 20210,30256 20184,30117 30394,20091 20144,30254 20070,30252 20371,20179 20113,30380 30381,30259|20265,20144 30380,20198 20140,30394 20131,20371 30250,20032 30117,20249 30254,20203 20267,20079 30252,20201 30259,30389 20039,30381 20179,20184 30119,20180 30256,20070 30395,30383 20057,20210 20091,20606 20189,20113|20371,20039 20267,30250 20198,30252 20057,20079 20249,20144 20032,30254 20131,30389 30117,20265 20189,30394 30383,20113 20179,20091 20606,30256 30119,30381 30380,20070 20201,20180 20184,20203 30395,20210 20140,30259|30250,20210 30256,20198 20203,30117 20144,20184 20079,20131 20032,20057 30394,30395 30252,30380 20039,20267 20113,20091 30254,20140 20070,20189 30381,20606 20265,30259 20249,30119 30383,20201 20180,20371 30389,20179|30250,30381 20144,20179 30380,30394 20070,20079 30389,20249 20189,20201 20057,20203 20210,20113 20180,20606 20265,30383 30259,20131 30252,20039 20091,20140 20371,30395 30119,30256 20184,20032 20198,30254 20267,30117|30259,20189 20131,20198 20091,30250 20079,30252 20179,20267 20113,20249 30256,20057 30117,30383 30394,20184 30395,20144 20203,20032 20140,20070 30381,20371 30254,20265 20210,30119 20039,20180 20606,30389 20201,30380|30256,20203 20201,20267 20249,20210 30395,20057 20371,30117 30254,20189 20070,30381 30383,30389 30119,20079 20180,30250 20140,20032 30252,20265 20198,20606 20184,30259 20144,20091 20179,30394 20039,20113 30380,20131|20113,30256 30381,30254 30259,20179 20267,30395 20203,30380 20131,20201 20265,20371 20091,30119 20210,20180 20079,30383 20189,20198 20606,20070 30394,30252 30117,20140 20032,20144 30389,20039 30250,20249 20057,20184
20057,30394 20039,20119 30256,20140 30390,20606 20091,20028 20249,30120 20205,30380 30252,30284 30382,20263 30286,30194 20198,20189 20267,20185 30118,30385 20070,20252 20210,30258 30391,30250 20371,20206 20079,20137|20028,30390 20206,30252 20263,30391 30258,30118 20185,20057 20252,20039 20140,20249 30380,20079 30194,20267 20189,30256 30250,20371 30394,20198 20137,20091 30120,20205 20119,30382 30284,20210 20606,20070 30385,30286|20091,20185 30194,30258 20210,20039 30391,20189 30256,20606 30286,30382 30284,20119 20249,20263 20079,20070 30252,20057 30380,30118 30385,20137 20028,20371 30250,20206 20198,30120 20252,30394 30390,20140 20267,20205|20057,30250 20185,30382 20039,30118 20210,30380 20137,30284 20070,30194 30394,30385 20189,20606 30258,20249 30391,30120 20140,20267 20263,20206 30390,20252 20091,30256 20371,30286 20119,20198 20205,20028 20079,30252|30252,30391 20189,20140 20206,20039 30394,20091 20249,30284 30118,20137 30286,20028 30382,20267 30120,20371 20198,20079 20205,20210 20057,20263 20606,30250 30256,20252 30194,30390 30258,20119 30385,20070 30380,20185|20371,30391 20263,20198 30284,30394 20606,20205 20137,30194 30120,30256 30250,30390 30382,20057 20028,30258 30118,20249 20039,20189 20140,30380 20206,30385 20185,20210 20252,30252 20267,20091 20070,30286 20119,20079|20263,20137 20249,20371 20185,20189 20070,20028 30286,30252 30390,30284 20091,30120 20252,30258 30380,30382 20039,20205 20267,30256 30194,20079 30250,20198 20210,30118 30385,30391 20057,20140 20119,20606 30394,20206|20606,20091 20028,20210 30252,20070 30258,30394 20205,20249 30120,30194 20198,20267 20137,20252 20079,30385 30284,20263 20206,20185 30118,30250 20371,20057 30382,30390 20189,30380 30391,20119 20140,20039 30256,30286
20091,20606 30395,20249 20263,30382 30387,20179 30393,20037 20209,20198 30117,30385 20371,30259 30381,30286 20060,30386 20032,20070 20607,30379 30253,30119 20185,20140 20201,30389 30250,20265 20252,20137 20081,20119|20119,20607 20249,30250 20179,20209 20140,30387 20037,20371 30286,20081 30386,30393 20265,30395 30119,30381 30379,20091 20137,30117 30382,20060 20198,20032 30389,30253 20606,20201 30259,20185 30385,20252 20070,20263|20252,30379 30253,20081 20032,20091 20185,20263 30119,20137 30117,20607 30395,30259 20037,30286 20209,20070 20140,30386 30389,30250 20179,30381 30393,20198 20249,20060 30387,20371 20265,20606 30385,20201 30382,20119|20091,20037 30386,20179 20371,20140 20032,30389 20060,20081 20263,30387 20607,30382 20606,20119 30250,30253 20198,30259 30117,20265 30379,30393 20070,20185 20201,20249 30381,30395 20209,30119 30286,20252 20137,30385|30395,30382 30379,30117 20249,20037 30387,20201 30386,20091 30385,20032 20607,20060 30253,20263 30250,20198 20606,20179 20265,30286 20081,30393 20119,20252 30381,20371 30389,20209 20137,20185 20070,20140 30259,30119|20060,30379 20091,30381 30119,20070 30393,30385 20263,30117 20037,30253 20119,20265 30259,20607 20179,30250 20140,20032 20201,20137 20371,20249 20198,30395 30286,30389 20185,30386 20081,20209 30382,30387 20252,20606|20606,30381 30382,30386 30387,30385 30119,30379 20209,20091 30250,20037 20263,20032 20201,20252 30395,20140 30117,30259 20179,20119 30389,20607 20249,30253 20137,20081 20070,30393 20265,20371 20198,20060 20185,30286|20252,30382 30286,20249 30385,30389 20371,30119 30259,20070 20607,20137 20060,20209 30253,20185 20119,30395 30381,20265 20091,20179 20032,30250 30379,30387 20140,20201 20081,20198 20037,20263 30386,30117 30393,20606
30119,20263 30252,20057 20052,20039 30284,20201 20188,20144 30390,20085 20607,20131 20265,30393 20133,20119 30257,20083 20203,20371 20252,20205 30249,30255 20189,20606 30381,20037 30387,30380 20196,30117 30383,30286|30380,20052 30393,20252 20119,30387 20039,20607 20606,30252 20057,30119 20085,30284 20037,20203 20144,30257 20131,30249 20371,20196 20083,30383 30286,20265 20201,20189 20263,20133 30255,30390 20205,30381 30117,20188|20189,30387 20263,30383 20201,30393 30249,30119 30255,20057 20052,20606 20607,20252 20265,20037 30286,20133 20205,20119 20131,30390 20085,20371 20144,20203 20039,30257 30284,30380 20188,20083 30381,30117 30252,20196|30393,20607 30387,20057 30380,30381 20037,20085 30383,20039 20119,20201 20133,30117 30119,20131 20203,30284 20188,30286 20252,30255 20265,20205 20371,20263 30390,20189 30257,30249 20083,30252 20196,20052 20606,20144|20189,30286 30252,20607 30257,30390 20263,20196 20371,20083 20119,20188 20133,30380 20052,30119 20057,20131 20252,30387 20203,30383 30284,30249 20606,30381 20039,20205 30117,30255 20085,20144 20201,20265 20037,30393|30381,30284 20144,20263 30249,20085 20196,20188 30255,20037 30117,20252 20205,20606 20607,20189 20131,20052 30387,20371 30390,30252 30380,20265 30119,30257 30383,20133 30286,20039 30393,20203 20057,20201 20083,20119|30393,20144 20252,20119 20037,20057 20607,20265 30257,20201 20039,20133 20085,30381 30390,30383 30387,20196 30119,20188 20083,30117 30284,20131 20189,20371 30380,20606 30249,30252 20203,20263 20052,30286 30255,20205|20131,30255 20606,20083 30383,30393 20057,30284 20188,30387 20196,20252 30117,20039 20263,20085 20265,20189 30286,30390 20201,20607 30381,30119 20119,20037 20205,20203 20144,20052 20371,30380 20133,30249 30252,30257
20371,30392 20179,20185 20203,20085 20188,30259 20109,20209 30381,30390 30119,30380 30384,30382 20057,30258 20083,20606 30286,20607 30394,20070 20265,20031 30250,30118 20206,20252 20263,20189 20032,20131 20137,20201|20201,20206 30392,30381 20070,30384 20607,20371 20209,20083 30259,20179 30118,20188 30390,20263 20606,30119 20085,30250 20131,20109 20189,20057 30258,30286 30382,20032 20185,20137 20252,20203 20031,30394 30380,20265|20188,20070 30390,30384 20057,20607 20263,20185 30394,20179 30382,30259 20606,20085 20109,30380 20032,30286 20371,20137 20252,20209 30118,20131 30392,20201 30258,20189 20203,30119 30381,30250 20206,20265 20031,20083|30380,20206 20185,30258 20265,30392 30119,20371 20189,30382 20083,20252 30384,30118 30250,20032 20057,30394 20179,20209 20188,30390 20137,20031 30286,20606 20131,30259 20607,30381 20070,20263 20109,20085 20201,20203|30259,30394 20185,20070 20137,30258 20179,20371 20263,30392 30382,20188 20201,30380 30381,20031 20252,20131 30250,20206 20189,30118 30384,20109 20085,20032 30390,30286 30119,20057 20203,20265 20209,20606 20083,20607|30118,20203 30392,20185 30258,20109 20032,30384 30259,20083 20606,20201 20371,20263 20085,30382 20131,30390 20607,20189 20031,20179 30286,30250 20265,20057 20206,20188 20209,30381 20070,20137 30394,30119 30380,20252|20201,20031 20188,20131 30118,20252 20189,20371 20137,30119 20057,20209 30286,30384 20607,20203 30394,20085 20263,20032 20265,30259 20185,30382 30250,30390 30381,20606 20206,20109 30392,20083 20070,20179 30258,30380|30119,30258 30384,20189 20209,30286 20131,20206 20371,30118 30382,30394 30380,20137 30259,20201 20179,30381 20032,20057 20109,20185 20203,20263 20252,30392 20606,30250 20031,20188 30390,20607 20083,20265 20085,20070
20198,20607 20606,30380 20106,20188 20039,20179 20032,30119 20091,20252 20267,30286 30118,20140 20133,30256 20249,30253 20205,30394 30252,20113 20060,20079 30379,20263 20189,30382 20201,20057 20203,20208 30395,20204|20140,20606 30256,20189 30119,30252 20208,20106 30286,20039 20179,20032 20188,20205 20607,20060 20113,20267 20079,30118 30253,20198 20252,20203 20204,30379 20263,20091 20057,20133 30394,20201 30380,30395 30382,20249|30252,20203 30395,20106 20079,20039 20113,30379 30256,20208 20204,20179 20263,20252 20188,20189 20057,30119 20133,30253 30394,20032 20140,30286 30380,20060 20249,30118 20198,20267 30382,20205 20091,20607 20606,20201|20252,20057 20060,20249 20106,20140 20198,30380 20203,20039 20189,30252 20607,20133 30286,20263 20201,30395 20606,20113 30379,30256 20091,20204 20267,20079 30119,30382 30253,30394 20032,20208 20179,20188 20205,30118|30382,20113 20188,20032 20079,30380 20060,20198 20039,20091 30252,20606 20267,30119 30394,20179 20208,20249 20057,30286 30379,30253 20189,20263 20133,20106 20201,30256 20140,20203 30395,20252 20607,20205 30118,20204|20032,20057 30118,30252 20249,20140 20039,30395 20208,30382 30256,20091 20179,30379 20113,20079 20205,20201 20204,20060 20263,20606 20203,20188 30119,20133 20252,20267 30253,20189 20106,30394 30380,20607 30286,20198|20263,20208 20607,30382 30252,30256 30119,20606 20133,20189 20203,30379 20201,20106 20204,20039 20179,20205 20252,20140 30395,30286 30380,30118 20267,20060 20198,20057 20188,30394 20032,20113 20079,20249 30253,20091|20140,20032 20208,20179 30394,30119 20189,20607 20057,20188 20113,20201 20249,20204 30286,20252 30256,30253 20106,30252 20205,20133 30118,30395 20091,20198 20606,20267 30379,20079 30382,30380 20060,20203 20039,20263
20607,20199 30382,20206 20252,20140 20091,20204 30391,20179 30257,30255 20119,30380 30250,20070 30120,30251 30286,30385 20205,20057 20083,30259 20133,30117 20263,20249 30384,20037 20265,20079 20109,30393 20032,20606|20037,20205 20206,30120 20179,20091 20079,20133 20204,20109 20070,20252 30117,30382 20140,30384 30380,20265 30255,30391 30251,30286 30393,20607 30385,20032 20249,20083 20057,30257 20606,20263 30259,20119 20199,30250|20079,30385 30255,30259 20206,20032 20263,20179 20249,30393 20070,20140 30384,30250 30117,20199 20265,20204 20083,20109 20133,20119 30120,30380 20091,20037 30251,20607 20205,30382 20057,30286 30391,30257 20252,20606|30257,20252 30393,20205 20037,30382 30385,20133 20204,20179 20083,20206 30259,30251 20109,20057 20119,30255 20199,30384 20265,20606 20032,20091 30250,30391 30380,20079 30120,20070 20140,30117 20607,20263 30286,20249|30380,20057 30259,30117 20204,30393 20249,30255 20119,20265 30250,20140 20606,20109 20091,30257 30251,20252 30382,30384 20607,20083 20263,20079 20032,30120 20070,20206 20179,20199 20133,20205 30286,20037 30385,30391|30382,20119 20057,20607 30257,20204 30384,30120 30393,20263 30255,20133 20606,30385 20206,20265 30391,20249 20140,30251 20037,20070 20205,30259 20179,30380 20252,30286 20199,20083 20079,30250 20109,20032 30117,20091|20607,30391 30251,20263 20057,20606 20133,30384 20037,20140 30393,30385 20204,20206 30259,30257 30380,30382 20083,20252 20199,30255 20109,20179 20091,20249 20265,30120 30250,20205 30117,20070 20079,20119 20032,30286|20252,30393 20140,20079 20119,20607 20263,30380 30382,20199 30255,20037 30385,30259 20249,30250 20606,30251 30120,20109 20179,20133 30384,30117 20206,20057 30391,20091 20070,20204 20205,20032 30286,20265 30257,20083
30385,30393 30381,20083 20137,30284 20263,20206 30253,20031 30258,30194 20606,30390 20085,20113 20250,20210 30382,20265 30256,30259 30119,20131 20119,20052 20203,20039 30250,20060 30118,20185 20179,20252 30249,20081|20052,20137 20031,20203 20113,30253 20185,20263 20265,30249 20060,30258 30259,20179 20210,30381 20083,30256 30284,20085 20131,20606 20252,30385 30393,30382 20039,30119 20081,20119 30194,30250 20206,30118 30390,20250|30118,30259 20081,20263 30284,30250 30119,30249 30382,20113 30381,30256 20119,20265 20210,20606 20131,20252 20060,20083 20185,20179 20039,20206 20250,20203 30258,30393 30390,30194 20085,30385 20137,30253 20052,20031|20031,30390 20206,30194 20203,20263 30119,20137 30250,20052 30256,20039 30253,20179 30393,20081 30382,30118 20250,30381 20113,20060 30259,20606 20083,20131 20085,20210 20265,30385 20119,30249 30258,30284 20252,20185|30385,30284 20606,20203 20179,30258 20031,20085 20137,20265 20052,30381 20131,20039 30390,20119 20263,20250 30194,30393 20113,20081 20210,30259 30249,30382 30250,30253 20206,20252 20185,30256 20083,30118 20060,30119|20203,30390 30385,20052 30194,20137 20606,20085 30249,20250 30118,20031 20039,20083 20252,30250 20081,30382 30256,30119 20263,20113 20265,20185 20179,20131 30253,20060 30259,20119 30381,30258 30284,20206 30393,20210|30382,30390 30259,30385 30253,20252 20052,20250 20119,30393 20185,20039 20060,20210 20206,20031 20265,20131 30256,20606 20113,20179 30284,30119 20203,30249 30381,20263 30250,30118 20137,20081 20085,30258 20083,30194|20179,20265 30385,20206 20031,20185 30194,20052 30119,30253 20081,30250 20039,30284 20263,30382 30118,30256 30390,30381 20606,20060 20210,20119 20131,30259 30258,20113 20252,20085 30393,20203 20250,20083 30249,20137
20037,30384 20205,20263 30255,20206 20029,20606 20131,30117 20079,20039 20203,20081 20180,20204 20252,30194 20188,20060 20184,30382 30389,20265 30388,20199 20249,20371 20119,30380 30381,30284 30250,20137 20052,30118|30382,20029 30284,20203 20039,20184 30118,30388 20371,20037 20199,20119 20204,30255 20137,20205 20263,30381 30380,20188 20060,20249 20081,30250 20606,20252 30194,20131 20265,20052 20206,20079 30117,30389 30384,20180|20039,20119 30117,20081 20137,20180 20205,30384 20199,30381 20037,20060 20606,30255 20204,30118 20203,30389 20131,30388 20052,20029 20206,20265 30194,20263 30250,20249 20184,20371 20188,30284 20079,20252 30382,30380|20203,20205 20081,20137 20052,30194 20119,20206 30381,20606 20184,30117 30255,20060 30388,20249 20371,20199 30380,20037 20265,20188 30284,30250 20263,20079 20180,20039 30118,20131 20029,20204 30384,30382 30389,20252|30381,20203 20131,30284 20606,20265 20180,20184 20252,30250 30388,20371 20081,20052 30382,30117 30194,30118 20205,20206 20188,20039 20249,20204 20137,20037 20060,20029 30255,20119 30380,30384 20199,20263 30389,20079|20060,30388 30117,20606 20029,20203 20263,20137 20037,20081 30384,20131 20119,20180 20252,20052 30284,30194 30250,30381 20249,30389 20206,20184 20371,20188 30118,20205 20079,30255 20039,30382 20265,20199 20204,30380|20205,20029 30194,30380 20119,20131 20265,30117 30389,20060 20180,20203 20184,30250 20371,20263 20204,20037 20199,30118 20188,30382 30255,30384 30381,20039 20079,20249 20606,20052 30388,20137 30284,20081 20206,20252|20203,20184 30118,20180 20252,30388 20039,20265 30117,20188 30250,20119 20037,20205 20131,20079 20060,30194 20137,20199 20052,30389 20081,30381 20263,30284 30382,20204 20029,20371 30380,30255 20249,20606 30384,20206
20265,20131 30250,20106 30120,20206 20263,20140 30286,20210 20607,30259 20179,30381 30254,20052 30119,20057 30393,30387 20037,20184 20079,20113 30252,30249 20201,30257 20083,20039 30389,20249 20205,30383 20081,20250|20057,30393 30259,20205 30257,30250 30387,30120 20131,30252 20039,20079 20250,30254 20052,30286 20113,20179 20206,20265 20184,30389 20249,20607 20210,20083 20140,20037 30383,20081 20106,20201 30249,30119 30381,20263|30254,30257 20039,20206 30393,20201 20263,20179 20052,20113 20249,30381 20079,30286 20037,20210 30387,30249 20205,20140 20083,30389 20607,20057 30119,20106 20081,20131 20250,30259 20265,30383 30250,30120 30252,20184|30120,20205 20140,30383 30393,20083 30259,20265 30381,20037 30249,20607 20201,20263 30389,30119 20079,20052 20210,30250 20206,20106 20179,20250 20184,20249 30257,20039 20131,20057 30254,20113 30252,30387 30286,20081|20113,20081 20106,20083 30383,30254 20210,20131 30120,20140 20265,20037 20250,20201 30249,20179 30259,20079 20039,30119 30250,30252 20205,20249 30257,30393 30286,20263 30387,20607 20057,20206 30381,30389 20052,20184|30389,20250 30119,30252 20057,20079 20106,30381 20201,20205 20184,20210 20131,30254 20179,20039 30383,30286 20037,30257 20249,30250 20081,30120 20140,20265 20206,30259 20607,30393 20263,20052 20083,30249 20113,30387|30119,30383 30252,20113 30249,20052 30250,20206 20249,20201 30387,20131 20081,20106 20083,20263 20184,20039 20079,30254 30257,20265 30120,30381 20205,30286 20250,20037 30259,30389 20179,20057 20607,20140 20210,30393|20131,20083 20052,30120 20106,20205 20265,20250 30383,20184 20206,30387 20140,30250 20039,30252 30381,20210 20263,30119 30286,30257 20037,20607 30254,30259 30389,20079 30393,20179 20057,30249 20113,20249 20201,20081
20085,30393 30250,20204 30251,20079 30118,20070 20060,20208 20131,20109 30385,20252 20205,20250 20137,30253 30381,20265 20031,30284 20032,20196 30389,30120 20182,30386 20607,20263 20180,30380 20185,20203 30194,20371|20079,30381 20371,30250 20203,30118 20109,30194 30380,20205 20250,20137 20196,20031 20263,20085 20252,20607 30120,20180 20070,20131 20265,20060 30284,30385 30253,30389 20208,20032 20204,20182 30386,30251 30393,20185|20185,20265 30385,30194 20205,30253 20085,20031 20109,30118 20371,20252 30381,20250 30250,20131 30120,30380 30393,30386 20079,20137 20263,30284 20032,20182 20203,30389 20208,20180 20060,20607 20204,20070 30251,20196|20196,20263 20265,30118 20070,20137 20031,30385 30194,30386 20185,20109 20250,30120 30251,20252 30284,20371 20182,20085 30381,30393 20205,20060 20180,20032 30389,30250 20131,20204 20607,20208 30253,20203 30380,20079|20203,30194 20250,30250 30393,20031 20263,30381 30386,20060 30389,20182 20208,20205 30118,30284 20607,20131 20265,20079 30120,20109 20204,20196 30380,30253 20252,20070 20371,20032 20180,20185 30385,20085 20137,30251|20031,20607 20109,30380 30194,20204 20070,30120 30253,20371 20131,20250 20196,30381 20182,20180 20032,20265 30386,30385 30250,20203 20137,20263 20085,20185 20060,30389 20252,20208 30118,30393 30284,30251 20079,20205|30250,30386 20182,20203 20263,30194 20196,20208 20265,30393 30120,30284 20180,20205 20085,30251 30380,20137 30385,30118 20371,20060 20250,20607 20185,20252 30389,20204 20031,20070 20109,20079 20032,30253 30381,20131|30194,30250 20252,30381 20060,20180 20079,20371 30118,20085 30284,20185 30253,20263 20137,20031 20070,20250 30393,20196 20607,30389 20203,20109 20131,30120 20204,30385 30251,20265 20208,30380 30386,20032 20205,20182
30391,30119 30379,20140 20091,30258 30286,30253 20606,30395 30250,30388 20060,20199 30254,30257 20250,30380 30118,30284 20057,30392 20032,20113 20109,20265 20083,20182 20129,30251 20185,20252 20201,30390 30381,20039|30395,30286 30258,30391 30388,20185 30392,20083 30380,30254 20199,30381 30119,20060 30257,20129 30253,20250 20140,20606 30390,20032 20182,20109 20252,20057 20265,20091 20113,30118 20039,20201 30251,30250 30284,30379|20606,20265 20039,20140 20252,30251 30284,30381 20113,20091 30388,30254 30395,30118 30253,30257 20032,30380 20185,30119 30391,20057 30250,30390 20182,30392 20250,20109 20083,20199 20060,30258 30379,20201 30286,20129|20199,20129 30250,20039 30390,30253 20185,30284 20265,20060 30254,30379 20083,30286 30380,20113 30118,20032 20057,30388 20091,30391 20201,20182 30258,20250 30257,30392 20606,30251 30381,20252 20109,30395 30119,20140|30254,20091 20265,30118 30381,20185 20140,20083 30257,30258 30251,30395 20039,20250 30380,20606 30379,30119 20129,20060 20109,20032 20057,20201 30392,30250 30390,30284 20199,30286 20252,30391 20182,30388 30253,20113|30284,20057 20113,30381 30388,20199 30251,20083 20140,30253 30286,30257 30258,20606 20060,30254 20129,20039 20201,30250 20250,20265 30395,20182 20032,20185 30118,20252 30119,30380 30392,30390 20091,30379 30391,20109|20201,30286 20185,20140 20060,20083 30380,30251 30119,20250 30379,30253 30257,30388 30395,30381 30250,20606 20091,20129 30254,20265 20182,20057 20113,30284 30391,20199 30118,30392 30258,20109 20039,30390 20032,20252|20140,30257 20129,30119 30388,20091 30381,30391 20083,30254 20109,30250 20265,30380 30253,20060 30284,20032 20250,30118 20606,20113 30392,20201 20199,30379 30390,30395 30286,20185 20252,20182 20057,20039 30251,30258
30256,20079 20108,20070 20606,20205 30390,30393 20032,20371 20131,20210 30250,30388 20252,30252 20091,20184 30118,30379 30120,30383 30385,30284 20250,20028 20198,30382 20204,30194 20037,20263 20182,20137 20060,20179|30252,20606 20179,20182 30383,20091 20070,20131 20263,20198 20210,30250 20028,30256 30379,20250 30393,20032 20205,30385 30284,30390 30194,20060 20137,20252 20184,30120 30382,20108 30388,20037 20079,30118 20371,20204|30118,20037 20060,20204 20032,30379 20070,20184 30284,30256 20137,20091 30393,20210 20198,20250 30385,30388 20182,20205 30120,20079 20131,30250 30194,30383 30382,20179 20263,20371 20108,30252 20252,30390 20606,20028|20037,20198 20091,20108 30390,20028 20182,30382 20371,20179 30252,30383 20606,30393 20205,20263 30379,20137 30120,20070 20210,30388 30250,30194 20184,30118 20079,20032 20252,20060 30385,20131 20250,30284 20204,30256|30390,30250 20184,20137 30383,20204 30252,20205 30256,20252 20108,20182 20070,30284 20131,20037 30393,30379 20210,20263 30382,30194 20079,30385 30388,20198 20091,20250 20371,30120 20179,30118 20032,20606 20028,20060|30118,20070 30383,30385 30388,20606 20028,20252 20137,20210 30256,30252 30379,20371 20204,20182 30284,20091 20205,20131 20198,20184 20250,30120 20037,20079 30250,20108 30194,20032 20179,30393 20263,30390 20060,30382|30379,30382 20371,20028 20252,20182 30385,20263 30390,20184 20250,20060 20606,20070 30120,30256 30118,30250 20205,20179 20198,20032 30284,20204 20210,20037 20137,30252 20079,30194 20091,30388 20131,30393 20108,30383|30194,20250 30256,20210 20179,20137 20032,30284 20204,30385 30252,20371 20182,20131 20070,30379 20263,20606 20184,20108 30388,30120 30250,20198 30393,20205 30383,30118 20060,20079 20028,20091 20037,30390 30382,20252
30257,30381 20060,20028 30118,20032 20081,20210 20113,20252 30380,30388 20070,30391 20607,20265 30250,20119 20263,20198 20184,30253 20137,20189 30120,20206 30390,20201 20079,20204 30286,20144 20179,20039 30385,30252|20119,20179 30381,20184 20039,30118 20252,20079 20210,30257 20265,20081 20206,30385 20189,20263 30388,20070 20198,30250 20032,20113 20204,30390 20144,20607 20201,30286 30253,20137 30252,30380 20028,30120 30391,20060|20028,20206 30252,20210 20060,20265 30257,30250 30380,20079 30385,20119 20081,30388 20144,20184 30253,30286 20070,20204 20113,20607 20252,30381 20263,20039 30120,30390 30391,20032 20137,20198 20179,30118 20201,20189|30380,20252 30388,30253 30118,30391 20265,30252 20039,30385 30286,20081 20206,20179 30390,30257 20189,20079 20184,20137 20210,20028 20607,30381 20070,20144 20198,20113 20032,30250 20263,30120 20204,20060 20119,20201|20265,20206 20039,20119 30391,30380 30120,20081 30257,20607 20144,20210 20060,30388 30252,20201 20079,20263 20028,20137 30381,20179 20113,20184 20198,30253 20032,20070 30286,20204 30250,20252 30390,30118 30385,20189|20201,30257 20252,20265 20210,20198 30388,20039 30250,30120 20079,20028 20607,20032 20119,30380 20204,30252 30253,20144 30118,30286 20179,20263 30381,30385 20137,30391 20184,20070 20081,20060 20206,20113 20189,30390|20060,30118 20263,20201 20081,20039 20204,20607 30253,30120 20189,30250 30391,20210 20028,30252 20179,30385 20198,20206 20184,20252 20032,30257 20144,30381 20137,20079 30390,20113 20265,30380 20070,20119 30286,30388|30257,20265 30252,20137 20210,20070 20039,20144 20201,20032 30388,20204 30380,20263 20607,30286 20206,20060 30118,20189 30381,20028 30385,30391 30250,20184 20119,20081 20252,20179 20079,30390 20113,30253 30120,20198
30380,20039 20185,30120 30118,30286 20057,20083 30258,20188 20208,20203 20198,20249 30379,30284 30389,20113 20184,20265 30256,30393 20140,20032 30381,20079 30255,20106 20060,20250 30195,30383 30382,30119 20131,20263|20263,30389 20250,20184 20083,20198 20039,20060 30284,30380 30120,20208 20106,30381 20032,30258 20188,30255 20203,30118 30119,30379 30383,20185 30393,30382 20113,20131 20079,20140 20265,30195 30286,30256 20249,20057|30382,20263 20083,30379 20039,30284 20185,20131 30195,20208 30286,20032 20079,20250 30120,20060 20106,30256 30381,30118 20140,30119 20184,30393 30380,20265 20113,30383 20057,20188 30389,20198 30255,30258 20249,20203|20265,30381 30383,30380 20250,30120 30119,30255 30379,30195 20032,30389 30393,20203 30284,20113 20263,20079 30256,20185 20198,30382 30118,20039 20060,20188 20184,20083 20208,20106 20131,30286 30258,20057 20140,20249|20249,30382 20060,20032 20250,20140 20265,30284 30380,30381 20113,20184 30118,20263 30195,20185 20198,20208 30256,20079 20203,20083 30393,20106 30383,20057 20188,30119 30258,30389 30286,30255 30379,20131 20039,30120|20083,20113 30381,20184 30389,30383 30284,20198 30255,20249 20203,20060 30119,30258 20106,30195 20079,30380 30120,20140 30382,20250 20185,30286 20208,30379 20057,30393 20032,20265 20131,20039 20188,30118 20263,30256|30389,20249 20250,30284 30382,20083 20185,20060 30118,30383 20263,20184 30256,30258 20198,20131 20039,20079 20106,20057 20208,20265 30119,20032 30393,20188 20140,20203 30381,30120 30255,30379 30195,20113 30380,30286|20057,20208 30379,30389 20131,30382 20083,30255 30258,20250 30383,30256 20079,20185 30284,30195 20113,30118 30120,30393 20032,20106 30286,30119 20203,30381 20188,20039 20060,30380 20184,20198 20265,20140 20249,20263
30382,20137 30389,20188 20079,20070 20085,20204 20201,30256 20037,30250 20265,20189 20252,20607 30379,20106 20185,20109 30383,30388 30249,30381 20206,30118 30284,30117 20060,30391 20199,20140 20179,20032 20267,20210|20210,20265 30381,30389 20109,20252 30391,20079 30118,30382 30388,30379 20032,20085 20189,20201 20204,20267 20070,30383 30256,20060 30117,20037 20137,20199 20607,30249 20106,20179 20188,30284 20140,20185 30250,20206|30249,20179 20267,20109 30383,30250 30284,30379 30388,20085 30381,20204 30117,20185 20137,20106 20201,20070 20189,20210 20037,30391 20188,20060 20206,20265 20199,20252 30389,20032 30118,30256 20140,30382 20079,20607|20085,20188 20252,30284 20106,30381 20179,30118 20060,20140 20032,20189 20265,30382 20037,20109 30250,30388 20070,20206 20607,30117 20210,20137 20267,20185 20204,30249 30379,20201 30256,30383 30391,20199 20079,30389|20204,20188 20185,20199 30383,20189 20179,20201 20140,20032 20607,20137 20206,30389 20060,30117 30379,20252 30118,20070 30388,20267 30382,30249 30256,20085 20210,30381 20106,20037 20109,20079 30250,30284 30391,20265|20032,30256 30117,20179 20185,30379 20189,20079 20109,20060 30389,30118 20252,30391 20188,30388 20070,20267 30249,20037 20085,30383 30381,20140 30284,20106 20137,20206 20199,30250 30382,20210 20201,20607 20265,20204|30383,20109 20188,20137 20607,30118 20201,20252 20267,30389 20085,20140 20060,30250 30249,30117 20210,20179 20265,20106 20070,20032 30391,30382 30388,20185 30381,20206 30379,30256 20199,20189 20079,30284 20204,20037|20252,20060 30118,20079 20140,20267 30389,30383 20109,20210 30382,20070 20032,30388 20185,20188 20179,30391 30284,20199 30256,20204 20106,20201 30250,20607 20206,20085 20037,20265 20189,30249 20137,30379 30117,30381
20607,20203 30380,20091 20179,20185 20039,30253 20057,20250 20206,20137 20037,30195 30256,20263 30385,20371 30119,30392 30255,20198 30390,20267 20204,20085 30120,20249 20106,30286 30251,20060 20083,20133 30379,30381|20371,20206 30195,30379 20249,20204 20185,30390 20267,20057 20085,20106 20198,20179 30253,30120 20263,30119 30392,20607 20137,20037 30286,20039 20091,30251 20203,30256 20250,30255 20060,30380 30381,20083 20133,30385|20204,20203 30392,30251 30195,20179 20133,30256 20083,20137 20037,20250 20607,30379 30255,20057 20091,20060 30385,30286 20206,30120 20371,20267 30390,20106 30380,30119 20085,20185 30253,20198 20039,20249 30381,20263|20083,20204 20250,20091 20185,20263 30119,20085 20179,30253 20057,20206 30256,30385 30379,20137 30286,30380 20106,30120 30390,30195 20060,30255 20249,30381 20267,20133 30251,20371 20203,30392 20607,20037 20039,20198|20185,20371 30195,20091 20249,20133 20037,30380 20060,20039 20250,20267 20204,30119 30120,30390 30381,30385 20057,30392 30255,20085 20179,20607 30256,30286 20203,20106 20206,30251 20198,30379 20263,20083 20137,30253|20137,30256 20371,20607 20267,30381 30379,20204 30380,20206 30286,20249 20198,20037 20091,20039 20085,20179 30251,30390 30392,20060 30119,20250 20133,30255 30253,20185 20106,20083 30385,20057 30120,20203 20263,30195|20185,20267 20060,30286 30255,30385 20083,30119 20039,20085 20106,20057 30381,20179 20250,30120 30195,20249 30379,20133 20371,30390 30253,20037 20607,20263 30380,30256 20204,20206 30251,20198 20091,30392 20203,20137|30256,20083 20267,30251 20057,20607 30119,30255 20137,20060 30385,30379 30390,30253 20263,20203 30120,20039 30392,30380 20198,30195 30286,20204 20249,20185 20179,20250 20133,20371 20085,30381 20037,20091 20206,20106
20179,20079 30379,20060 30284,30119 30389,20249 20031,20203 30384,20106 20265,20137 20085,30254 20184,30382 30393,20606 20032,30250 30118,20201 20267,20209 20198,20204 30381,20250 20057,30259 20133,30386 30120,20109|20109,30118 20079,20184 20060,20179 30386,20057 20203,30389 20204,30393 30119,20133 20106,20267 20201,20198 30382,20085 30254,20032 20137,30379 30250,20265 20209,20031 20249,30120 20250,30284 20606,30384 30259,30381|30386,30382 30120,20209 20060,20032 30379,30259 30389,30254 20201,20109 20606,20133 20249,20106 30284,30118 20267,30393 30119,30381 20031,20137 20203,20179 20265,20250 30250,20057 20204,20079 20198,20085 30384,20184|20265,20060 20106,20201 20032,20057 20250,30119 30284,20249 30254,30118 20184,20085 30120,30386 30393,30250 30389,20267 20079,20198 30382,30379 20137,20204 30381,20031 20209,20203 20133,20179 30259,20606 20109,30384|20204,20184 30379,30120 20179,30384 20060,30389 30118,20032 20250,20106 20031,20606 20203,20109 20085,20249 30381,30284 20079,20133 30254,30393 30382,20201 20057,20265 20267,20137 30259,30250 30119,20198 20209,30386|20249,20209 20201,20204 20106,30381 20133,30284 20109,20060 30386,20265 20179,20250 20184,20267 30384,30259 20137,30119 20032,30120 30118,30382 20606,30379 30393,20079 20057,30389 30250,30254 20085,20031 20198,20203|20204,30259 30382,30389 20250,30118 30120,20203 20249,30250 30284,20057 30393,30119 20267,20198 30381,30384 30379,20031 20184,20201 20606,20265 30386,20179 30254,20060 20032,20209 20106,20079 20133,20109 20137,20085|20198,30386 20265,30381 20203,20249 30259,20133 20057,20106 20079,30382 20060,30284 20109,20032 20179,20184 30389,20137 30118,30379 30384,30120 20085,20250 20209,20606 30250,20267 20031,30393 30119,20204 20201,30254
20060,20198 20079,30119 20188,30284 20137,20182 30120,30387 20057,20252 20180,20131 30382,20140 20267,20091 20119,30381 30195,30384 30386,20028 30395,20208 20185,20205 30249,20250 30390,20106 20184,20037 30379,30255|30119,30382 20250,20119 20131,30120 30387,30379 20198,20184 20208,20188 20028,20060 20140,30395 20037,30386 30255,20079 20205,20137 30384,20180 20252,20267 20106,20185 20091,30390 30284,30195 30381,30249 20182,20057|30120,20182 20180,30395 30390,20267 20028,20106 30386,20252 30387,20079 30249,20185 20184,20060 30384,20250 20057,30119 20140,30255 20205,30284 20037,20137 20188,30195 20208,30381 20131,20198 30382,30379 20119,20091|30381,30386 20185,30382 30255,30120 20267,20205 20252,20182 20079,20140 30249,30384 20137,30387 20250,20180 30395,20119 30119,20091 30195,20184 20060,30390 30379,20131 20188,20028 30284,20037 20198,20208 20057,20106|20267,30386 20140,30387 20091,30195 30284,30390 20198,30395 30382,20184 20180,30249 30120,30384 30255,20250 20137,20057 20182,20079 20208,20131 30381,20185 20106,20037 30379,20205 20119,20188 20028,20252 30119,20060|20250,20198 20060,20188 20205,20028 20106,30382 30384,30381 20184,20267 20182,30379 20185,20180 30386,30120 20079,30284 20131,20119 30195,20140 20091,20208 30395,30119 20037,30249 30390,20137 30387,20057 20252,30255|30386,20188 30255,20185 30120,20057 20060,20091 20205,30119 20208,30387 20119,20267 30381,20079 20037,20182 30395,30195 30284,20252 20028,30384 30249,20140 20131,20184 20198,20106 20250,30382 30379,30390 20180,20137|20140,20028 20188,30379 20184,30381 20057,30255 30390,30395 30195,20208 20091,20131 30384,20037 20106,20205 30382,30284 30387,30249 20079,20180 30119,20198 20137,30386 20252,30120 20182,20250 20267,20060 20185,20119
20057,20140 20263,20119 30380,20201 20039,20085 20037,20083 20185,20250 20184,20249 20267,30257 30382,30379 20179,30118 30381,20198 20129,20209 20208,30389 30387,30385 30284,20371 30392,30286 30391,30383 20060,30119|20209,30392 30119,20179 20085,20057 30385,30284 30118,20039 30257,30387 20140,20208 20201,20185 30286,20060 20249,30381 20198,30380 30383,30382 30379,20037 20250,20263 20119,30391 20083,20129 20371,20184 30389,20267|30380,30118 30385,30257 30379,30387 20249,30391 20039,30284 20208,20129 30381,20371 30119,20083 30389,30392 20179,20184 20263,30383 20085,20060 20057,30382 20037,20198 20209,30286 20267,20185 20119,20201 20250,20140|30286,30381 30383,20085 30382,20249 20083,30118 30391,20209 20037,20179 30387,20119 20198,20267 20129,20250 20371,30379 30257,20185 20184,20039 20140,30389 20201,30385 20208,30284 20060,20263 30380,30119 30392,20057|20249,20060 20250,30119 20198,20085 20119,30381 30118,30382 30383,20208 30257,30389 20185,20209 30385,20039 20179,20083 20201,30379 20184,30380 20057,20267 20140,20263 20129,30392 20371,20037 30391,30286 30284,30387|30382,20119 20060,20208 30379,20179 20039,30257 30389,20037 30286,20057 20083,20249 20085,30385 30119,30391 30381,30380 20263,20198 30392,30383 30118,20184 30387,20250 20209,20140 20185,20129 30284,20201 20267,20371|30387,20249 20129,20371 30383,20060 30380,20140 20037,30119 20085,30286 30389,20209 30381,20184 20119,20039 20250,30118 30391,20083 20057,20185 20267,20208 20198,20201 30379,30392 20179,30257 30382,30385 20263,30284|20039,30387 20140,20119 20201,20085 30284,30382 20083,30383 20371,30380 30385,20250 20249,20057 20208,30391 30392,20263 20184,20267 30119,30381 20185,30389 30257,20129 30286,30379 20209,20179 30118,20198 20060,20037
30119,20267 20129,20119 30381,30386 20606,20079 20208,20250 30254,20131 30255,20179 20060,20265 20203,30120 20252,20032 20205,20199 20070,30380 30395,30253 20607,20085 20371,20144 20039,30390 30382,30250 30258,30286|30120,30255 20265,20039 20199,20208 20131,30382 30380,20060 20144,30395 20119,30254 20085,20205 30253,20203 20032,20371 20179,30381 20079,30258 30250,20129 30390,20606 20267,20252 20250,30119 30386,20607 30286,20070|30386,20265 30119,30258 30254,30286 20144,20205 30381,30390 20119,20039 20267,30253 30380,20371 20070,20607 20179,30250 20203,30255 20060,20131 20079,20208 20032,20250 30395,20252 20199,30382 20085,20606 30120,20129|20205,20079 20607,30380 30382,20085 20208,30386 30258,20119 30390,30395 20606,20203 20060,30120 30381,20144 30119,20032 20039,30286 20129,20267 20371,20199 20131,30255 20250,20070 30250,30254 30253,20179 20265,20252|30386,20250 20371,20079 20144,20085 20252,20203 20265,30253 20607,20179 20199,20039 20119,20060 20129,30395 30390,20205 20606,30119 30255,30254 30258,30382 30286,20032 30380,20208 30120,30381 20131,30250 20070,20267|30255,20371 20203,20131 20085,30119 30395,20070 30250,30258 20039,30386 20179,20129 20252,20060 30286,30390 20208,20265 20032,30381 30254,20199 30253,20119 30382,20606 20079,30120 20267,20144 20205,30380 20250,20607|30253,30120 20607,20203 30254,30395 20129,20070 20250,30390 20144,30255 20119,20252 20199,20179 30386,30380 20205,30286 30381,20039 20265,30258 20079,20131 20606,20060 20085,20032 30250,20267 20208,20371 30119,30382|30255,20250 30382,30254 30286,30386 30380,30119 30120,20205 20203,30250 20060,20208 20032,20265 20252,30381 30390,20119 30395,20079 30258,20199 20371,30253 20179,20606 20267,20085 20070,20144 20039,20129 20131,20607
20188,20267 20091,20205 30380,30252 20179,30258 20203,20184 30394,30195 20109,20140 20208,20252 20081,20108 30257,20144 20196,20209 30389,20249 20052,20037 30381,20106 30120,20182 20039,30286 20606,30119 20057,30249|20184,20208 20267,30380 20249,30381 30252,20109 30195,20203 30286,30120 30249,20188 20182,30389 20106,20179 30258,20057 20144,20606 20252,30394 20037,20091 20209,20052 30119,30257 20108,20039 20205,20196 20140,20081|20144,30394 20184,20209 20081,30258 20205,30380 20208,20267 20196,30249 20091,20182 20109,20252 20037,20106 30119,20108 20606,20140 20188,30389 20057,30120 20203,30252 30381,20052 30257,30286 20039,30195 20179,20249|30249,20039 20140,30257 20081,30119 30120,20184 30252,20606 20209,20205 20106,20091 30286,20144 20057,20188 30380,20037 30258,20182 20108,30394 20052,20249 20267,20203 30389,20208 20196,30381 30195,20109 20252,20179|20267,20106 30120,20205 20249,20081 20182,30252 20144,20039 30394,30381 20091,20606 20140,20188 20108,20209 20208,20037 30380,30389 30195,20184 30119,30258 30286,20196 30249,20179 20203,20052 20109,20057 30257,20252|20184,20108 20249,30286 30394,30249 20188,20144 20606,20196 20179,30119 20252,20091 30258,30257 20205,20140 30252,20208 20106,20057 20039,30380 30381,20203 20209,30195 20052,30120 30389,20081 20037,20267 20182,20109|30252,30394 20106,30257 20184,30380 30120,20267 20091,20208 20057,20182 20209,30258 20606,20249 30195,20252 20037,30381 20203,30389 20039,20052 30119,20188 20140,20196 20081,20144 30286,20108 20109,20179 30249,20205|20108,20203 30257,20109 30389,30120 30381,30119 20205,20606 30258,30286 20144,30252 20052,30249 20252,20209 20188,20037 20249,20106 20267,20140 20208,30195 20179,20081 20196,20091 30394,20039 20182,20184 30380,20057
30379,30252 20179,20113 20079,30286 20039,20129 20210,20263 20060,20037 30389,30119 30259,30392 20206,30250 30195,20196 20085,30387 30385,30383 20057,20265 20250,20119 20252,20606 30118,20607 30380,30381 30257,20137|20037,30118 20263,30385 30392,30380 20137,20206 30383,30195 20196,20060 20607,20250 30381,20039 30387,20179 20119,20079 30250,20057 30286,30389 20606,30379 20129,30259 20113,20210 30119,30257 20265,20252 30252,20085|20265,30389 30119,20607 30250,20137 20179,30381 30379,20129 20250,30259 30392,20606 30195,30257 30380,20263 30286,20252 20037,20196 20060,30383 20210,20119 20039,20057 30385,20085 20113,30252 20206,20079 30118,30387|20606,20137 20252,20039 30385,30286 20210,30392 20119,30381 20263,30252 20607,30380 30387,20037 20129,20265 30259,20079 20085,20060 20057,30119 30383,30118 30257,30379 20179,30250 30389,20250 20206,30195 20196,20113|30252,30380 20060,20210 30381,20265 20606,20057 30389,20206 20039,20179 30379,20196 30259,30118 30383,30392 20079,30195 30387,30119 20252,30257 20250,30385 20119,30250 20137,20113 20037,20085 20607,20263 30286,20129|20196,30259 30195,20039 20129,20119 30257,20060 30119,20210 20057,20179 20085,30389 20079,20037 30392,30387 30381,30385 20137,30383 30252,30286 30118,30379 20263,20206 30380,20252 20265,20606 20113,20607 30250,20250|20085,20137 30385,20057 30119,30259 20039,30257 20210,30118 30250,30383 20263,20129 20060,20250 20252,30252 20179,30195 20113,30379 20265,20607 30389,20037 20606,30387 20196,30381 30286,20206 30392,20079 30380,20119|30259,20060 20607,20039 30118,20196 20206,30380 20250,20210 30379,30389 30257,20179 30195,30286 20037,30392 30252,20265 20057,20085 30381,30250 30383,20113 20079,30385 20137,20252 20129,30119 30387,20263 20119,20606
20199,20188 20137,20039 20119,20140 30386,20208 30379,30381 20206,20606 20113,20079 30249,20250 20210,20032 20265,30380 20060,30194 20180,20267 20091,20607 30286,30252 30117,20057 30258,30393 20203,30119 30253,20249|20032,20137 20249,30117 30381,20206 30393,30386 20079,20203 20208,30286 20607,30249 20188,20060 20140,20265 30380,20091 20039,20180 30194,20210 20267,30253 30119,30258 20250,20113 30252,20199 20606,20119 20057,30379|20137,30119 30379,20265 20113,30386 20032,30381 20140,20206 20208,20057 20180,20607 30249,30194 30258,20039 30393,20188 20267,20606 20249,20091 20119,30286 30253,20210 20250,20060 20203,30117 20199,20079 30380,30252|30379,20607 30119,20032 20210,30386 20199,20267 20606,30393 20188,30380 30381,20140 30117,30253 20079,20208 20137,20250 20265,20180 20060,30249 20203,20119 30252,30194 20091,30258 20206,20113 30286,20249 20057,20039|30252,20140 30380,30393 20607,20199 20180,20188 20060,20032 20039,20267 20265,20208 30253,20079 30286,30249 20119,20057 20210,30258 20249,20203 30194,30381 30386,20137 20113,20606 20091,30379 20206,30119 30117,20250|30393,20199 20607,30117 20250,20203 30194,20249 20606,20180 30258,20206 30249,30253 30386,20060 20208,30379 20188,20137 20079,20119 20140,20091 20267,20210 20039,20113 20057,20265 30381,30286 20032,30252 30119,30380|20032,20188 20208,20607 20060,20199 30253,30379 30381,20203 30258,20250 30249,20039 20606,30252 20079,20249 20210,30117 30119,20057 20140,30380 20137,30194 20265,20119 30393,20113 20206,30286 20267,20091 20180,30386|30117,20079 20039,30253 30252,30119 20091,20060 20057,20206 20188,20208 20199,30381 20113,20210 20203,20267 20249,30258 30286,20137 30379,20180 30386,30249 20607,20032 30194,20140 20119,30393 20250,20265 30380,20606
30118,20250 20204,30389 20205,20085 30120,20265 30284,20039 20032,30381 20249,30250 30393,30256 20119,20037 20052,30391 30388,20180 30380,30384 30252,20606 20081,20129 20060,20113 20184,20267 20199,20201 20209,20140|20039,30393 30250,30252 20085,20060 20113,20199 20606,20204 20267,20119 20250,20209 30256,20081 30389,20052 30381,20205 30384,30120 20140,20184 20180,30118 20201,30284 20265,20032 20129,30388 30391,20249 20037,30380|20201,30389 20085,30384 20209,20265 30252,20037 30118,20032 20180,30120 20060,30381 20249,20119 20129,20039 20199,20081 20184,20052 20140,20204 30388,30250 20113,20606 20250,30380 20205,30284 30393,30391 30256,20267|20249,30393 20052,20250 30252,30256 20119,20205 20204,30118 30389,30388 20265,20199 20032,20085 20606,20201 20037,20209 30381,20129 20081,30391 30384,20060 30250,20140 30284,20184 30120,20113 20039,20180 30380,20267|20606,20037 30389,20140 30118,30384 20113,30256 20205,20199 20201,20039 30380,20032 20267,30250 20209,30252 30388,30393 30284,30381 20081,20249 30391,20250 20119,20052 20184,20085 30120,20204 20129,20265 20180,20060|20199,30389 20250,20129 20037,20113 20267,20249 20052,20081 30384,30252 30393,20606 20140,30120 30391,30380 20039,30118 30250,20180 20265,20184 20085,20119 30381,20209 20204,20201 20032,30284 30256,30388 20060,20205|20205,20052 20037,20250 20265,30256 20140,20032 30389,30118 20129,30252 20204,20113 20249,20180 30393,20119 30384,20039 30388,20085 20060,20606 20081,20267 30250,30391 20201,20209 30120,30381 30380,20184 20199,30284|30118,20265 20184,30388 20032,20201 20606,30384 30284,20204 30256,20060 30391,20037 20267,30393 20119,30389 20209,30380 20250,20205 20085,30250 20039,20081 30252,30120 30381,20199 20113,20140 20052,20249 20180,20129
30382,30380 30118,20085 30286,30394 30254,20137 20057,20250 30390,30194 20265,20208 20184,20371 20037,20249 20263,20031 20091,30253 20198,20052 20606,30119 30395,30252 20203,30250 20140,30284 20185,30387 20205,20106|20085,20203 20052,30390 30119,20091 30253,20263 20250,30286 30250,20037 30394,30254 30284,20205 30252,20140 20371,20606 30380,30395 20031,30118 30194,20265 30387,30382 20137,20057 20208,20185 20249,20184 20106,20198|30284,30395 20606,20037 20198,20203 20265,20249 20185,30250 30382,20085 20371,20137 20208,20091 20052,20263 20106,30254 20057,30390 20031,20184 30253,30394 20205,30119 30286,30194 20140,20250 30252,30380 30118,30387|20091,20205 20250,30390 30286,20371 20263,20198 30254,30284 20140,20052 20185,30194 30118,20057 30394,20208 20037,20106 20184,30380 20085,20265 20606,30252 30387,20249 30119,30250 20137,20031 20203,30382 30395,30253|20091,20185 30394,20057 20203,20606 20250,20263 30194,20140 20052,20085 20198,30254 30119,30387 30395,20031 20371,30382 30250,30252 30380,20106 20184,30284 20249,30286 30253,20037 30390,30118 20265,20137 20208,20205|20106,20140 30387,20052 30284,20606 30252,20208 20205,20265 30194,30118 30250,20184 30382,20198 20263,20185 20249,30253 20031,30394 30254,20250 20137,30395 30380,20203 30390,30119 20037,30286 20085,20371 20057,20091|30252,20249 20263,30394 20371,30250 30119,20185 20250,20137 30286,30118 20052,20208 30395,20265 30382,20184 30253,20205 20203,20031 20606,20057 20085,30380 20140,30387 20091,20037 20198,30284 30254,30390 20106,30194|20208,30395 30194,30254 20184,20203 20249,20085 30284,20106 20031,20091 20185,20052 20265,30382 20057,20263 30118,20250 20037,30119 30250,30253 20205,20198 30380,20606 30390,20140 30387,30286 30394,20371 20137,30252
30384,20185 20057,20037 20039,30119 30394,30250 20144,20070 30381,30256 20252,20263 20119,20140 30389,20267 20606,30284 20106,20083 30286,30388 20189,20091 20265,20205 20204,30118 30195,30380 20199,30382 20203,30254|30256,30394 20083,20606 30284,20199 20263,20203 30254,20204 30382,20106 20185,30381 30250,20119 20267,20144 20140,20039 30119,20057 30118,30286 20070,20189 30388,30389 20091,30195 20037,20252 30380,20265 20205,30384|20106,20204 20185,20057 20267,30388 20252,30284 30382,20263 30394,20083 20203,30250 30118,20205 20265,30286 30389,30195 30119,30380 20199,20189 20140,30384 20606,20119 30381,30254 20037,20070 30256,20091 20039,20144|30254,20039 20265,30382 30380,20140 30394,20606 20144,20199 30195,20267 20205,20185 20203,20204 20070,20106 30284,30389 30384,20119 20263,20037 30286,20252 20091,30381 30250,30119 20189,30256 20057,30388 20083,30118|20140,20185 20070,30394 30388,20144 20252,30381 20083,30389 20119,20263 20205,20106 20039,20203 30250,20267 30284,30195 20091,20057 30256,30118 20189,20265 30254,20199 20204,30384 30380,30382 20606,30119 20037,30286|20057,20265 30384,20252 30195,20189 20185,30250 30388,20091 20263,20606 30389,20070 30381,20037 20119,30256 20106,30254 20199,20140 20144,30394 30119,20205 30118,30380 30382,30284 20267,20203 20204,20039 30286,20083|20199,20252 20267,20039 20083,20119 30119,20189 20185,30195 20606,20204 20203,20070 30382,30388 20263,30254 30118,20057 30286,20144 30389,30384 20140,30284 20037,30380 30394,30381 20091,30250 20265,20106 20205,30256|20204,20263 20070,20205 20189,30389 20144,20185 30284,20037 20039,20091 30380,20203 30254,30394 20252,20083 20106,20199 30384,30119 30256,20606 30388,30118 20057,20267 20119,30382 30250,20265 30381,30286 30195,20140
20265,20032 30379,20057 30256,20180 30120,20113 30255,20252 20267,20083 30387,30252 30395,20081 20606,20179 30250,30394 20070,30251 20184,20144 30385,20250 30194,20119 30118,20196 30384,20205 20137,20037 20140,30390|20083,30379 30394,20184 20037,30385 30390,30256 20081,30194 20205,30387 20057,20265 20252,20606 30252,20267 20179,30250 20119,20140 20180,30255 20250,30120 20196,30395 30251,30118 20032,30384 20113,20137 20144,20070|20265,30387 20113,20252 30255,20196 20250,20032 20180,30390 30120,30384 20140,20057 30379,30394 20144,20205 30385,20070 30256,30251 20179,30395 20137,30118 20037,30252 20119,20267 20083,20606 30250,20081 30194,20184|30379,30194 30394,20083 20606,30120 30387,30385 30390,20265 20070,20119 30118,20057 30395,20137 30250,30256 30252,20113 20205,20140 30255,20267 20252,20179 20184,20250 20196,20081 30251,20144 20032,20180 30384,20037|20037,20144 20081,30387 20252,20032 20137,30394 30395,30118 30390,20119 30385,30255 20179,20265 20057,20250 30252,30379 30120,20196 30251,20140 20606,30194 30256,20070 30384,30250 20267,20184 20205,20180 20113,20083|20081,30120 20196,30256 20144,30252 20119,30255 30394,30390 20083,20037 20057,20205 20250,20137 20265,30385 20140,20179 20070,30395 20267,30384 30118,20252 30194,30251 20184,30379 20032,30250 30387,20606 20180,20113|20113,30118 20179,20119 20196,20137 20037,20081 30256,20205 30394,30252 30120,30251 20606,20140 20184,20057 30255,20083 20252,30385 20250,30387 30390,30395 20180,30250 30194,30384 20144,20265 20032,20070 30379,20267|30395,30379 20057,20113 20081,20032 20137,20180 20083,30256 20265,20606 30251,30390 20070,20184 20267,20250 20140,20196 30250,30255 30387,20037 30252,30194 30384,20144 30385,30120 30118,20179 20205,20252 20119,30394
20109,30257 30382,30286 30390,20185 30249,20119 20265,30394 20252,20133 20070,20206 20039,20267 20205,30284 20188,20201 30118,30388 30250,30120 30258,30119 30381,20606 20210,20083 20032,20249 20137,20060 20091,20196|30120,20091 20196,30390 20267,20210 30119,30382 20249,20109 30284,30250 20185,20252 20083,20039 30394,30118 30388,20265 30286,20188 20119,30258 20201,20137 20206,30249 20133,20032 20060,30381 30257,20070 20606,20205|20032,20083 20606,20070 20188,30119 20205,30382 30120,20267 20210,20206 20196,20249 30388,30394 30284,20201 30286,30257 30249,30118 20109,20091 20252,30381 30258,20137 20265,20060 30390,20119 30250,20039 20133,20185|20205,20032 20119,20252 20091,20210 20185,20265 30381,30388 20137,30249 20083,30250 20206,20606 30394,20201 30119,20196 20188,30258 20039,20133 20249,30286 20060,20267 30118,20109 30390,30257 30382,30120 20070,30284|30382,20137 20252,20060 20133,30390 20606,30120 30381,20210 30257,20249 20185,20039 20196,30118 20109,20205 30258,30249 30388,20032 20265,30284 20201,30250 30286,20091 20206,20083 20267,20070 20119,20188 30394,30119|30257,30258 20201,20206 20060,20133 30284,30394 30249,20196 20210,30390 30120,20188 30119,20109 20137,20119 20249,20185 20032,30382 20091,30388 30250,20205 30118,30286 20267,20252 20070,30381 20039,20265 20083,20606|20206,30257 20039,30120 20188,20091 30286,20267 30388,30250 20133,30118 20265,20032 20185,20210 20249,30382 20060,20196 30258,20606 20119,20070 30381,20083 30119,30284 20252,20205 20137,30394 20109,20201 30390,30249|20032,30286 20083,30119 30249,30381 20201,30388 20196,20119 30120,30390 20210,30258 20606,20188 30382,20206 20070,20109 30394,20039 30250,20265 30284,20133 20267,20185 30118,20249 30257,20252 20091,20137 20205,20060
30380,20199 30379,20109 20267,20060 20057,20210 20185,20265 20204,20140 20032,30381 30393,30256 30120,30390 20108,20133 30395,20250 30388,30118 20083,20606 20028,20249 30253,20201 20085,30284 20188,30251 20079,30286|20109,20032 30286,30253 20250,30380 30118,20028 20140,20057 30256,30395 20060,30120 20133,20188 20210,20185 20249,30393 30284,20083 20199,20079 30381,20267 30390,30388 30251,20085 20265,20204 20201,30379 20606,20108|20606,20057 20060,20109 20085,20210 30284,20199 20083,20108 30256,20267 30381,20079 30120,20265 20032,30118 30393,30379 20204,20249 20185,30380 30390,30251 30286,20188 20250,20201 20140,30395 30253,20028 30388,20133|20249,20079 30379,30286 30118,30381 30395,20060 20133,20204 20057,20083 20210,30388 20085,20140 20188,30390 20199,30393 20108,20185 20201,20606 20028,30380 20267,20250 20265,20032 20109,30120 30253,30284 30251,30256|20185,20199 20249,30118 20210,20267 20032,20201 20188,20085 20606,30395 30390,20140 20250,30284 20079,20060 30256,20133 30393,20083 20057,30286 30381,30120 30388,30253 30380,20108 20109,20265 20028,30251 20204,30379|30120,20085 20267,30390 30395,20032 20201,20028 20060,20249 30251,30388 30380,20188 20265,30381 20108,30256 20199,20210 30118,20185 30286,20204 30379,20606 30284,20057 20079,30393 20083,20250 20133,30253 20140,20109|30393,20185 20140,20267 20060,20250 30118,30286 30381,20210 30256,20265 20108,30390 30251,20606 30379,30395 20249,20188 20133,20085 20201,30284 20032,20079 20109,20199 30253,30380 20028,20083 30120,20204 30388,20057|30380,30381 20057,30253 20267,20032 30395,30393 20265,20201 30284,30120 20083,30388 20199,30251 20204,30118 20185,20140 20210,20133 20188,20060 20606,30256 30390,20249 30286,20109 20085,30379 20250,20108 20079,20028
30284,30258 20037,20081 20249,30256 20210,20029 30391,30389 30119,30381 20198,20606 20091,30380 30118,20263 20108,20180 20106,20083 20070,20131 30259,30382 20607,20137 20189,20206 20188,20057 30253,20182 30249,30394|20083,20249 30389,30118 20180,30391 20137,20091 30394,30259 20606,20070 30256,20189 30381,20210 20029,20106 20057,30284 20206,30253 20131,30249 30382,20037 30258,20607 20182,20188 20263,20108 20081,20198 30380,30119|20189,20607 20057,20029 20091,20606 30259,20249 30284,30253 20210,30391 30389,30380 30258,20180 20206,20081 30119,20131 20037,30256 20108,20182 20188,30118 20137,30394 20263,30382 20198,20083 30249,20106 20070,30381|30119,20057 30256,30249 30118,30259 20081,20189 20607,30382 30391,20198 20182,30380 20083,20037 20106,20091 30381,20263 20249,20206 20180,20210 30394,20606 30284,20137 20131,20108 20188,30389 20029,30258 30253,20070|20108,30118 20083,30381 20106,20210 30380,20137 20029,30119 20198,20249 30389,20180 20189,30259 20606,20037 20070,20263 30382,30249 20131,30391 20206,20188 20182,20057 20607,30284 30253,30258 20091,30256 20081,30394|20606,30119 20249,20081 20057,30389 30382,20091 20263,20189 30380,20108 30258,20198 20180,20106 30259,20206 30391,20607 30256,20131 30381,30253 30394,20029 20037,20070 20137,20083 30118,20182 30249,30284 20210,20188|30259,20081 30118,20210 20057,20137 20249,30380 30389,20083 30391,20189 30381,20106 20070,30258 30256,30382 20198,30119 20206,20180 30284,20108 20182,20607 30253,30394 30249,20091 20131,20606 20188,20037 20029,20263|30382,30391 20180,20057 30380,20188 20108,30389 20137,20249 20607,20029 30119,30284 30394,30256 20189,20198 20091,20182 20606,30118 20263,30249 20037,30253 20106,30259 20210,20070 30258,30381 20083,20206 20081,20131
30249,20606 30380,20131 20265,20189 30393,30389 30386,20249 30252,20188 20144,30195 30388,30119 20179,20029 30253,30391 20057,20079 20106,30395 20081,20263 30258,30381 20205,20184 20119,20052 20032,30118 30286,20037|20079,20205 30395,20081 20263,30380 30119,20144 20188,20032 20189,30286 20606,20119 30381,30253 20029,30388 20052,20265 30391,30249 20131,30252 20037,30393 20249,20106 30389,20057 30118,30386 20184,30258 30195,20179|20205,20179 20106,30195 30253,20052 30252,30380 30391,30395 30389,30386 20265,30393 30118,20131 30381,20263 20037,20144 20081,20029 30286,20249 30388,20119 30258,20079 20184,20189 30249,30119 20032,20057 20188,20606|20032,30253 20052,30381 20249,30118 30119,30252 20606,30388 30393,30286 30380,20184 20057,20205 20189,20131 20119,30391 20144,20029 30195,20188 30386,20106 20079,20037 20179,30389 20081,30258 30395,20265 20263,30249|20057,20144 20189,20263 20052,20081 20265,30286 30381,20079 20119,30389 20131,20606 20029,20188 30119,20037 30249,20106 20179,30252 30395,30393 20249,20184 30388,30258 30118,20205 30386,30380 30253,30195 30391,20032|20079,30386 20037,30249 20606,20057 20144,30381 20188,30395 30252,20265 30286,30391 20029,20119 30393,20189 20184,20052 20205,30253 20106,20179 20131,30119 30258,30118 20263,20249 30195,20081 30389,20032 30380,30388|30395,20606 20079,20184 20032,20106 30119,30381 20179,20144 30286,30388 30252,20052 20037,20131 30258,30195 20249,30253 30393,20029 30391,20057 30386,20205 30118,20263 20081,30380 20188,20265 30389,30249 20119,20189|20265,20119 20184,30386 30380,30118 20052,20249 30388,20188 20606,30391 30195,30389 20263,20037 30253,30395 20205,20081 20189,30119 30249,30258 20144,30252 20131,20032 30381,20179 20057,30393 20106,20079 20029,30286
30394,20204 20203,30388 20196,30119 20249,20205 30379,30118 30250,30255 20052,30381 30120,20137 20371,20606 30382,20206 20070,20037 20119,30284 30389,20185 20265,20201 20140,20179 20189,20182 20081,30257 20079,20029|20182,20203 20206,20189 30255,30120 20037,20196 30119,20052 30381,30379 20204,20371 20606,20140 20029,30382 30284,20081 20137,30394 30257,20070 20205,20119 20179,30250 30118,30389 20201,20249 30388,20079 20185,20265|20052,20265 20137,30284 20204,20205 20606,30257 30255,20081 30388,20196 30120,30250 30118,20037 20070,30381 20029,20182 20206,20185 20179,20249 30379,20371 30389,20140 20201,30382 20119,30394 20189,30119 20203,20079|30257,20029 20203,20606 20196,20201 30250,20185 20079,20204 20205,20206 30284,30118 20265,20119 30119,30255 20371,30388 30381,20182 30382,30389 30379,30394 20249,20052 20070,20179 20140,30120 20189,20137 20037,20081|20182,30255 30118,20196 20265,30388 20052,20371 20206,30389 20037,20137 30381,30284 20081,20205 30250,20140 30394,20189 20179,30379 30119,30382 20204,20070 30120,20119 20185,20029 20249,20606 30257,20203 20201,20079|20371,30250 20119,20201 20205,30257 20081,20052 20196,20204 30394,20037 30382,20179 30255,20203 20137,20265 20185,30120 20029,30118 20606,20070 30389,30119 20140,20249 20182,30379 30284,20189 20079,20206 30388,30381|20052,20185 30388,20606 20203,20179 20070,30255 30120,30257 20201,30250 30379,20265 20189,20204 30381,20249 20196,20182 20206,20029 30284,30394 20037,30389 20119,20079 30118,20137 20371,20140 30382,20081 30119,20205|20179,20052 30394,30120 20185,20203 20249,30379 20265,20196 20204,30381 20182,20119 20140,20037 20081,20189 20606,30118 20029,20070 20079,30119 30255,20206 20205,30284 20137,20371 30250,30382 30389,20201 30257,30388
20265,20185 30392,20267 30394,30259 20057,20106 30119,30284 30380,20188 20083,30379 20250,30382 20201,30390 20108,20131 20039,30381 30120,20179 20091,20037 20184,30255 20140,20189 20196,20060 30387,30383 20081,30391|20060,20039 30379,20265 20179,20201 30259,20140 20188,20108 20106,30380 30381,20184 30391,20196 20037,30387 20267,30120 30382,30119 30255,30394 30284,20250 20189,20057 20185,20081 30383,30392 30390,20083 20131,20091|20185,20060 30255,30387 20140,30119 30383,20201 30380,30381 20039,20081 30382,20106 20179,30379 20196,20037 30284,20057 20108,20250 20188,20184 20091,20267 30259,30392 30394,30120 30390,30391 20189,20131 20265,20083|20140,20179 20106,20083 20060,30380 30379,20081 20091,20188 20037,30394 20184,30383 20196,30119 30387,20185 20039,30284 30392,20108 20201,20267 20265,30382 30381,30390 30120,20057 20131,30259 30391,20189 20250,30255|30382,20060 20106,20196 20267,30391 20179,30380 20185,30381 20189,30259 20131,20201 30387,30284 20188,30120 30383,30379 20083,30255 20081,20184 30392,30394 20250,20039 30119,20091 20037,20140 20057,20265 20108,30390|30390,20189 30119,20185 30391,20131 30381,20196 20083,30382 20060,20179 20201,20091 30284,20106 30120,20039 20057,30392 20184,20140 30380,20250 30379,30387 20267,20108 20081,30383 30259,20188 30255,20037 30394,20265|20106,20185 20060,20201 20039,20057 20184,30379 20131,30392 30383,20037 30255,20188 20189,30119 20091,30120 30284,30390 30382,30387 30391,30381 30394,20081 20179,20083 20250,20267 20196,30259 20108,20265 30380,20140|20188,30284 20185,20196 30379,30394 20057,20250 20081,20106 30392,30255 30381,20131 30120,30383 20267,20184 30390,30382 30387,20091 30119,30380 20140,20108 20037,20060 30259,20179 20083,20039 20265,30391 20201,20189
20250,30391 20185,20144 20188,30380 30386,30118 20184,30120 30382,20119 20039,30383 30393,20199 20252,30252 30259,20070 20060,20182 20265,20201 20028,20179 20137,30119 30392,30387 20081,30379 20206,30284 20091,20106|30119,20060 30252,20039 20182,30393 30380,20265 30383,20250 30391,30386 30387,30259 20201,20081 30379,20252 20144,20206 30284,20185 20119,20184 20199,30382 30120,20188 20106,20137 30118,20091 20070,20028 20179,30392|20137,20091 30120,30391 30252,20185 20206,20119 20060,20265 20199,30387 30383,20201 30118,20179 20252,30119 20081,20182 20144,20106 20028,30386 20039,20188 30382,30380 20250,30379 30259,30393 20184,20070 30392,30284|20106,20252 30380,30392 20182,20039 30391,30252 20185,20028 20265,20250 30386,30119 20091,30387 30393,20206 20060,30383 30379,30120 20201,30118 20119,20081 30284,30382 30259,20199 20070,20144 20179,20184 20188,20137|30393,20081 30386,20039 30284,30259 30382,20185 20184,20252 20179,20250 30119,20106 20199,20182 20091,20060 20265,30392 20201,20188 30387,30380 20144,30379 20206,30391 30383,30120 20137,30252 20070,30118 20028,20119|20250,20060 30387,20201 30120,20091 20039,30259 20119,20199 30252,30386 20106,20265 30391,20137 30380,20070 30119,30382 20182,20206 20185,20179 20252,20144 20188,20184 30379,20028 20081,30284 30118,30383 30392,30393|30383,20028 30284,20039 20250,20081 20106,30391 20201,30119 20070,30382 30252,30118 30380,30259 30392,20182 20265,20091 20252,20119 30386,20184 20060,20199 30120,20179 30379,20206 20144,30393 20137,20185 20188,30387|30382,20252 20039,20070 20182,20250 20206,30252 20081,30380 30391,20144 20119,30120 20184,20060 20091,30392 30393,30383 30259,20188 20179,20137 20199,20265 30119,30379 30118,30284 20028,20201 20185,30386 30387,20106
30379,20133 30393,30388 20250,30119 20081,30194 30386,20113 30286,20060 20252,20263 30384,20032 30389,30252 30254,20607 20179,30381 20204,20265 20185,30249 20371,20031 30118,20037 30391,20070 20210,20079 20196,20140|20060,20185 30388,20250 20079,20371 20032,20210 30194,30118 20607,30386 20265,20252 30252,30391 30119,20081 20133,20179 20070,20204 30249,30286 20031,30393 20140,30389 20113,30384 30381,30254 20037,30379 20263,20196|30118,30388 20252,20031 30384,30194 20263,20081 20204,30381 30386,20196 30249,20371 30119,20185 20133,20210 20060,30389 20179,20113 30286,30254 30391,30379 20250,20032 30393,20140 20079,20070 30252,20607 20265,20037|30381,20037 30194,20060 20113,20250 30388,20079 20607,20265 20371,30252 20196,20070 30384,20252 20210,30119 30254,20133 20140,20032 20185,20263 20031,30249 30386,30391 20081,30118 30389,30393 20204,30286 30379,20179|20070,20250 30194,30388 20079,30381 30118,20204 20113,20133 20265,30384 20140,20263 30389,20210 30286,20196 20185,30254 20032,20179 20060,30252 20031,20607 30249,30393 20037,30119 30379,20081 20371,30391 20252,30386|20070,20371 20081,20140 30119,30389 30254,30386 20210,30379 20607,20113 30252,30118 20263,30194 20037,20060 30391,30384 20179,20252 20133,20031 20250,20185 30393,20204 30388,20265 20032,20079 20196,30249 30381,30286|30381,20263 20252,30252 30119,20179 20113,20037 20250,30379 20081,30388 30393,30118 20196,30384 30391,20031 20265,20133 30386,20060 30286,20079 30389,20371 20185,20032 30254,30249 30194,20607 20210,20070 20204,20140|20140,30286 30118,20250 20060,20113 30379,30389 20037,20081 30249,20265 20079,20196 20133,30391 20371,20185 20607,20252 30252,20210 30384,30381 30388,30119 20179,30194 20031,20204 20032,30254 20070,30393 20263,30386
30381,30390 30383,20250 20198,20081 30119,20205 20037,20607 20070,20039 20119,30257 20179,20057 30254,20031 30252,30387 20185,30120 30250,30194 20113,20144 30391,20079 30259,30380 20182,30286 20265,20209 20249,20131|30286,30381 20205,20265 30380,20198 30120,20037 20131,20182 20607,30119 20144,30250 20081,20119 20057,30259 30390,30252 20039,20113 20079,30254 20031,20179 30257,30383 20209,20185 30387,30391 20250,20070 30194,20249|20182,30380 30254,20209 20185,20070 20081,30381 30383,20057 30120,30194 20031,30391 20249,20205 20179,20119 30387,20144 20039,20250 20198,30257 30286,20037 30259,20113 30250,20607 20265,20079 30252,30119 30390,20131|20144,20081 30252,20185 20070,30286 30194,20198 20250,30120 20113,30250 20079,20249 20037,30259 30119,20265 20182,20031 20057,30390 20209,30383 30380,30254 20205,20039 20119,30387 30381,20607 20131,30391 30257,20179|30257,20182 20249,20119 30250,30383 20185,30387 20039,20265 30194,20037 20179,30390 20079,20198 30119,30380 20131,30252 20113,30120 20607,20205 20144,20057 20070,30381 30254,30259 20031,20081 20209,20250 30391,30286|30390,30257 30380,20039 20607,30194 20250,20079 20037,20185 30120,30250 30259,20131 30391,30119 20119,20070 30387,20182 20057,20031 20205,30254 20081,30252 30286,20249 20265,20179 20198,20209 30381,20144 30383,20113|20182,20057 20039,30390 20081,20131 30252,20031 20250,30259 20265,30254 20070,20144 20113,20037 30387,20198 20179,30250 20205,30286 20249,30119 20119,20079 30120,30381 30383,30391 30194,30257 30380,20185 20209,20607|30250,30252 30119,20081 20607,20182 20057,30194 30381,30387 20131,20265 20198,20179 30391,20070 30259,20205 30257,20249 20185,20113 20031,20209 30286,20250 20037,30383 20079,20039 30390,20119 30254,30120 20144,30380
20060,20250 20201,30252 30120,30284 20185,30286 30381,20144 20265,30258 20209,30379 30394,20140 30118,20263 20188,30386 20037,30391 20109,20206 30380,20607 20252,30384 20198,20119 20070,20083 20032,20131 20079,30390|30284,20252 20250,20188 20263,20198 30252,20109 20131,20079 20083,20209 30286,30381 30379,20265 30258,20032 30384,20185 20119,30118 20144,20037 30390,20070 20206,30120 30391,30394 20140,20201 30386,30380 20607,20060|30120,30379 30381,30118 30380,20188 30390,30391 30252,30394 20252,20201 20209,20206 20109,30258 20032,20250 20140,30384 20037,20607 20119,20070 20265,20060 20144,20185 20083,20198 20131,20263 30386,30286 30284,20079|30120,20209 30394,30390 30379,30384 20206,20265 20037,30284 30258,20198 20079,20032 20188,20070 30118,20083 20185,30380 30391,30252 30381,30386 20250,20140 20060,20131 20263,20109 20607,20252 20201,20119 30286,20144|20144,20201 20263,30390 20119,20083 20109,30379 20250,30120 20265,20079 20140,30286 20607,30394 30384,30381 20206,30118 30284,30386 20188,20032 20131,30380 20185,20037 20198,30391 20070,20209 30258,20060 20252,30252|30390,20250 20032,20144 30391,20119 20083,20140 30252,30258 30380,30120 30379,20131 30286,20607 20070,20252 30386,20109 20060,30381 30384,20037 20198,20265 20201,20263 30118,20185 30394,20206 20079,20188 20209,30284|20206,20140 20131,20185 30394,30258 20119,30386 20250,30284 30286,30118 20060,20188 30381,20079 30252,20070 20263,20144 30391,20201 30380,20252 20209,20607 20265,30384 30390,20032 20109,20037 30120,20083 30379,20198|30386,20060 30384,20263 20037,20265 20185,20209 20201,30380 20079,30252 20198,20250 20140,20119 20144,30391 30284,20206 20252,20131 30258,30379 20032,30120 20083,30381 20070,30394 20607,20109 20188,30286 30118,30390
30395,20137 30257,30382 20249,20039 20184,20252 20060,20140 20070,30255 30387,20205 30284,20198 20113,30391 30250,30384 20606,20182 30286,20267 30119,30394 20201,30254 30380,30120 20085,20106 20079,20029 30252,20052|20052,20606 30254,30380 30384,20085 20267,30387 30120,20249 20029,20113 20182,20079 20140,30284 30255,20184 20205,20201 20137,30119 20198,30286 20106,30252 30391,30257 30394,20060 20252,20070 30382,30395 20039,30250|30252,20267 30380,20070 30284,30119 30391,20029 30250,20249 30394,30384 20198,20252 20085,20184 30286,30257 30254,20113 20060,30120 20201,30387 20606,30395 20079,20137 20106,20052 20140,20182 20205,20039 30382,30255|30284,30255 30384,20267 30120,30254 20029,20249 20606,20060 30119,20140 20184,30382 20137,20205 30395,30257 20182,20201 20113,20039 20052,20198 30286,20085 20079,30387 30250,30391 20070,30394 30380,20106 20252,30252|20085,20252 30257,20079 20267,20606 20070,20113 30255,30384 30254,30286 30252,30394 30391,30284 20182,20205 20184,20137 30120,30250 20201,20029 20106,20060 20198,30382 30387,20140 20039,30119 30395,20052 20249,30380|20249,30252 30382,30391 20267,20079 20252,30254 30394,20182 30387,30120 20060,30284 20205,30250 30119,20606 20039,30286 30255,20198 20137,20106 20052,20085 30384,20184 20029,30380 20113,30395 30257,20201 20140,20070|20184,20079 30254,20198 20052,30384 30391,20060 20140,30257 30286,20249 20201,20606 30250,20106 20113,30255 30120,20039 30119,20205 20182,30382 30394,30387 30380,20252 20137,20070 30395,30252 20029,20267 30284,20085|30257,30284 20205,30395 20039,20140 30382,20029 20060,30286 30387,20137 20085,30394 20606,30391 20249,20201 30252,20184 20070,30250 20198,20113 20267,30380 30255,20052 20079,30254 20252,20182 20106,30120 30384,30119
20252,20607 20265,20029 20108,20250 20057,30284 20081,20606 30118,30393 20209,30382 30380,20119 20204,20137 30381,20144 20037,30395 20267,30195 20208,20180 20060,30120 20091,20203 30286,30384 30254,30386 20196,30379|20119,20204 20250,30381 30386,20037 30195,20091 30284,20060 20606,30286 30379,20209 20203,20057 20137,30380 20607,20196 30384,20208 20144,30118 30382,30254 20180,20108 30393,20265 30120,20267 20029,20252 30395,20081|20265,20252 20180,30195 30386,20250 20091,20060 20267,30254 30286,20108 20037,30118 20209,20607 20144,20204 30381,30380 20137,20119 30395,30379 20196,20606 30120,30384 30382,30284 20081,20029 20208,20203 20057,30393|30118,20119 20606,20057 20029,20209 30379,20137 20060,20250 30393,30286 30284,20267 30384,20180 20204,30381 30195,20208 30380,30382 20607,30386 20265,20144 20252,30395 30254,20196 20037,20081 20203,30120 20091,20108|20250,20606 20137,20265 30381,20203 20108,30254 20119,20057 20029,30384 30382,20091 20209,20196 20081,30379 20204,20060 20180,20267 30195,30395 20607,20037 20252,30284 30393,30120 30286,20144 20208,30386 30380,30118|20196,20037 20060,20081 30254,20252 20057,20180 30386,20209 30120,30195 20144,30380 20119,30286 20108,20137 20250,20091 30379,30382 20203,20265 30395,30381 20267,20208 30118,20204 30284,20029 30384,20607 20606,30393|20203,20252 30195,20209 30254,20029 20180,30386 30284,30380 20267,20081 20091,30381 20057,20607 20208,20037 30120,20108 30393,20137 30118,20250 20144,20119 30286,30379 30395,20060 20196,30384 30382,20204 20606,20265|20607,20208 20137,20267 20204,30284 20119,30382 30386,30395 20037,30195 20081,30120 20252,20196 20265,30254 20209,20203 20029,20091 20060,20180 30380,20606 20250,30286 30384,30393 30379,30118 20108,20144 30381,20057
30119,30380 30379,30381 20108,20057 20606,20131 20081,30252 30286,30254 30284,20205 20106,20039 30120,30387 20607,20031 20060,30391 30389,30394 20267,20252 20182,20144 20249,30395 20032,20079 30253,30194 20209,30259|30395,30120 30259,20108 20252,30379 20205,20032 30380,20267 30254,30253 30381,20249 30387,20607 20057,30284 20079,20106 20131,20060 30394,30119 30252,20209 20144,20081 20039,20182 20031,30389 30391,30286 30194,20606|20057,20267 30259,30252 30387,30394 30119,20039 30254,30379 20106,30381 30395,20252 20081,30284 20079,30120 20607,20205 20249,20209 30380,20144 30286,20606 30253,30391 20032,20131 20031,20108 20060,30389 30194,20182|20131,20106 20607,30395 30379,20039 30252,20079 20032,30394 30381,20108 30284,30194 20081,30380 20606,30119 20182,30253 20209,20057 20252,30389 30391,20031 20205,30259 20144,30387 20249,30286 30120,30254 20267,20060|20205,30395 30252,20267 30284,20607 30286,30387 20106,20249 30380,20182 30120,20081 20108,30119 30253,30381 20060,20144 30389,20032 20252,20131 20039,30254 20606,30379 30391,30194 30394,20031 30259,20057 20079,20209|20039,20060 20108,20252 30394,20205 20057,30253 20209,20032 30389,30286 20267,20081 20131,30120 20182,20607 20144,20249 20031,20606 30387,30284 30379,30391 30254,20079 30119,30252 30194,30380 30395,20106 30381,30259|20081,20032 20060,20108 30253,20607 30391,30119 20057,20039 30194,20252 30120,20606 20205,20144 20106,20267 20209,30254 30380,30389 20079,30387 20131,30252 30284,30394 30381,30395 20182,30259 20031,30286 30379,20249|30254,30284 20032,30379 20252,20182 20108,20081 30119,20209 30387,20205 30394,20060 20607,30194 30252,30253 20249,20031 30395,20131 30259,30380 20267,30120 20144,30381 20039,30391 30389,20057 20606,20079 30286,20106
30381,30380 20250,20137 20182,30251 20108,20199 20607,30393 20267,20184 20179,20252 30388,20039 20060,30195 30250,30386 20188,30387 30384,20031 20091,30286 20057,30391 20079,30119 20210,20131 20371,20129 30120,30392|30387,30388 20129,20060 30380,20179 30286,20057 30119,20091 30195,30250 20252,20182 30393,30381 20184,20250 20039,20210 20199,20607 30391,20371 20137,30384 30392,20267 30251,20188 20031,20079 20131,20108 30386,30120|30251,20250 30388,20210 30387,30286 20137,20057 30250,20108 30393,20131 30384,30195 20371,30386 30381,20188 20607,20031 20184,20079 20179,20129 30392,20060 20267,20199 20252,20091 30391,30119 20039,30380 30120,20182|30195,20179 30381,20079 20031,20267 20210,30251 30119,30388 20129,30391 30380,30286 20108,20039 20091,20188 20199,20060 30386,20137 30384,30393 20607,20252 20131,30387 20371,20184 20182,30392 20250,30250 30120,20057|20199,30120 30380,30384 30286,30251 30195,30393 20137,20108 30386,20607 20250,20129 20179,30381 20057,20184 30250,30391 20252,30392 20060,20267 20188,30119 20039,20371 20079,20131 20091,20182 30387,20210 20031,30388|20060,30380 20131,30195 20182,20607 20267,30384 20057,20031 20129,30120 20188,20137 20079,30250 20184,20091 30392,20371 30251,20039 30393,20252 30119,20199 30286,30381 30388,20250 20210,30386 20108,20179 30391,30387|20210,20060 30388,30386 30392,30119 30120,30251 20031,20091 20108,30384 20131,30381 20371,20250 30391,30195 20182,20188 30380,20129 20039,30286 30250,20179 20137,20199 20607,20057 30387,20079 30393,20184 20252,20267|20091,30120 30381,30387 20199,20252 30286,20031 20267,20131 20184,30392 20060,20371 30384,30250 20188,20039 20129,20182 30386,30391 30251,30393 20179,20210 30119,20108 30195,20607 20057,30388 20250,30380 20079,20137
20204,20203 20180,20113 30284,30120 30395,30394 20199,30381 30389,30249 20208,20083 30382,20039 30255,20081 20371,20249 20070,20137 20029,30118 20185,20060 20606,20263 30257,30385 30250,20144 30194,20267 30379,20252|20081,20371 20252,20199 20144,20180 20083,20185 30118,30382 20039,30257 30120,20606 20249,20029 30394,20070 20113,30284 20263,30255 20137,30194 20203,30250 20060,20204 30249,30395 20267,20208 30381,30389 30385,30379|20180,20199 30194,20083 30249,30255 20029,20060 20113,30395 30120,30381 30257,20203 30379,30382 20070,20263 20144,20208 30385,20249 30284,20185 30118,20137 20606,20252 20081,20204 30250,30389 20371,20039 20267,30394|20083,20144 20263,30120 20249,30249 20371,20267 20252,20204 20029,20081 30389,20137 20039,20113 20070,20199 20060,30250 20606,30379 30255,30257 20203,30385 20208,20180 30395,30118 30194,30382 30394,30284 30381,20185|30389,30255 30284,20039 20144,20070 20060,20371 20185,30118 20208,30379 30395,20029 30249,20203 20199,20263 20252,30257 30382,20267 20249,30194 20137,30120 20081,30381 20204,20180 20083,30394 30385,20113 30250,20606|30379,20144 20180,30389 20185,20070 30118,20252 30394,30194 20137,30250 20113,20029 20267,20249 30255,20208 20204,30385 30257,20083 20263,30284 30381,20371 20199,30249 20039,20606 30120,20081 20203,20060 30382,30395|20039,30249 30118,30194 20113,30255 20263,20137 20606,20144 20180,20185 30385,20208 20081,20252 20029,30389 30257,20204 20249,30394 20371,30379 20070,30382 30284,20267 30395,20060 30120,20199 20083,20203 30381,30250|30194,20606 30394,30120 20137,20083 20252,20113 30255,20249 20060,30381 20204,20039 30250,30118 30379,20180 20267,20081 30382,20263 20144,30385 20185,30395 20199,20371 20203,20029 30389,30257 30249,20070 20208,30284
30392,20208 20182,30382 30381,20060 30252,20606 30385,30380 20083,20210 20108,20140 20199,20085 20263,30393 20185,30384 20113,30284 20070,20252 20137,30379 30195,30118 30391,20037 30258,30390 30119,20039 30286,20250|30379,20108 30393,20083 30284,30381 20039,30195 20060,30119 20250,30392 20210,30385 20037,20199 30382,20113 20140,30252 20208,20185 30384,20182 20606,30258 20085,30391 30118,30286 30390,20070 30380,20263 20252,20137|30393,20185 20083,20208 20108,30286 30382,30258 20060,30391 30385,20606 30384,30392 30379,20250 20113,20085 20210,20137 30381,30119 20263,30252 20039,20252 20199,30118 30380,20140 30390,30284 30195,20070 20182,20037|30284,30195 20185,20108 20208,30382 20085,30384 20140,30390 20199,30380 20070,20263 20606,30381 30258,30379 30385,30252 20037,20083 30391,30393 20113,30119 20137,20182 20252,20210 30118,20039 30286,30392 20250,20060|30286,20606 30118,30385 30195,20037 30119,30391 30252,30284 30380,30381 20140,20113 30390,30382 20210,20060 20137,30258 30392,20108 20039,30393 30379,20070 20182,20185 20208,20199 20250,20083 20252,30384 20085,20263|20263,30195 30384,30286 20060,20113 30119,20210 30393,20252 20185,20199 30381,20250 30391,20208 20037,30380 20108,30118 30392,30385 20083,20137 30382,30379 30252,30390 30258,20182 20606,20039 20070,20085 30284,20140|30118,30252 30382,30384 20060,20185 30381,20085 20208,20182 30286,20083 30379,30119 30385,20037 20140,20070 20113,20606 20250,30391 30258,20210 20199,20263 30195,30380 20039,20108 20137,30392 30284,20252 30393,30390|20606,30284 20182,20250 20185,30286 20263,20140 30392,30195 20070,30382 30119,30393 20252,30379 30384,20199 30252,20113 20037,20060 20085,20039 20083,30381 20210,20208 30391,30258 20108,30385 30390,20137 30380,30118
20201,20179 30380,20109 20249,20137 20188,30118 20057,20185 30381,30284 20250,20079 20265,30249 20198,20133 30255,30387 20037,30384 30391,20039 20205,20371 30257,20060 30120,20085 20267,20607 20184,30382 20208,30390|20109,20265 30384,20198 20179,30255 20079,20208 20371,30120 30387,20250 20185,20267 30118,20184 20039,20188 20085,20037 20137,30380 20607,30391 20060,30381 30249,20057 30284,20201 20133,20249 30382,20205 30390,30257|30381,20201 20184,20265 30387,20185 20137,20039 20057,20198 20060,20607 30390,20371 20109,20179 30391,30249 20267,20188 20133,20205 30120,30382 20208,20037 30384,20079 30380,30118 30255,20249 30257,20250 30284,20085|20085,30249 20265,30391 20179,20208 30381,20137 30382,20037 20039,20109 30255,30257 20198,20267 20250,20060 20188,30380 20205,30120 30118,30284 20371,20184 20185,30384 20249,20057 20607,30387 20201,30390 20079,20133|20060,20184 20208,20249 20607,20079 20205,20265 20250,30381 20185,20133 30249,30384 30284,20198 20037,20267 30380,30390 20179,30382 20188,30255 30391,30120 20057,20109 20039,30257 30387,20137 20371,30118 20085,20201|30390,20179 20198,30255 30118,20039 20265,20060 20037,20185 30257,30381 20133,20371 20137,20250 20079,20057 20109,20607 20184,20085 30249,20205 20201,20188 30384,30387 30382,30391 30120,20208 20249,30284 20267,30380|20205,20179 20079,30390 30257,20607 20085,20198 20265,20039 30255,20371 20133,30382 20057,20208 30118,30391 20249,30120 30380,20185 30384,20188 30284,30249 20201,20037 20109,30381 20267,30387 20137,20060 20184,20250|30391,20249 30382,20265 20607,30255 30390,20057 30249,20109 20250,20267 20037,20137 20188,20079 20179,20133 30381,30384 20039,30284 20185,20201 30387,30257 20198,30380 20371,20085 20060,20205 20208,30118 30120,20184
30385,30395 30120,30380 20201,30394 20180,20057 30284,20079 20204,30119 20032,20607 20606,20060 30381,30386 30250,20265 20252,20031 30117,20106 20140,30251 30255,20208 20198,20119 20267,20249 20205,20091 20144,30383|20607,20204 30386,20267 30395,20201 20057,20144 30119,30385 20091,20180 20079,30250 20249,30284 20060,30117 20106,20140 30251,30255 30380,30381 20119,20032 20031,20606 30383,20198 30394,20252 20265,20205 20208,30120|30255,20201 20249,30385 30120,30251 20606,20079 20204,30250 20091,30381 20205,20144 20031,30395 30394,30119 20057,20119 20267,20140 20607,30117 20032,30380 20180,20198 30383,20060 20106,20252 30386,20265 30284,20208|30117,20180 30395,20057 30120,20607 20119,30255 20606,30380 20201,20032 20060,20140 20208,30251 20079,30386 20252,30284 30119,20031 30385,20204 20267,20205 20144,20091 20198,30394 20265,20249 30381,20106 30250,30383|30255,20607 20031,20208 20198,20060 20140,20201 30250,20252 30119,20144 30251,30385 20079,20249 20180,20606 30117,20204 30383,30120 30386,20119 20091,20057 20205,30381 20106,20265 30380,30284 30395,30394 20032,20267|20057,20198 20208,20180 30381,20606 30251,20032 20607,20079 20140,30383 20060,30119 30394,30255 30385,30117 20265,30120 20249,20031 30284,30386 20119,20205 20201,30250 20204,20106 20252,30395 30380,20091 20144,20267|20198,20204 30394,20032 20031,20106 30383,20079 20265,20119 30385,20140 20091,30284 20060,30251 30119,20205 20606,20252 20267,30380 30117,30386 20201,20144 20180,30381 30120,20249 30255,30395 20208,20057 30250,20607|20205,20198 30386,30383 20607,30394 20140,20091 30380,20180 20204,20606 30284,30117 20252,20201 30381,20208 20249,30255 20106,30119 20119,30120 20144,20265 20057,30385 20032,20060 20079,20031 30395,30250 30251,20267
20209,20081 30257,20188 20079,30195 20032,30389 20196,30249 20179,20263 20267,20184 30284,30120 30258,30395 20070,20252 20039,30118 30383,20028 30250,20137 20108,20060 30381,20607 30259,30252 20119,30392 20249,20131|20137,20108 20131,30383 30118,20249 30195,30257 30249,20039 20060,20267 20607,20079 30395,30381 20184,30258 20263,30284 20252,20032 30252,20196 20028,30259 30120,20209 20188,20179 30392,20070 30389,30250 20081,20119|30259,20184 20179,30258 20079,30120 20108,20028 20070,20039 30250,30118 20119,20137 20607,30252 20196,30392 20032,20188 20252,20060 30284,20081 30395,20131 30389,20263 20209,30249 30381,20249 30383,30195 30257,20267|30195,30250 20263,20209 30257,30395 20108,30284 20267,20119 30249,20179 30120,30389 20137,20196 30252,20032 30392,20039 20028,20081 20188,20079 30258,20607 20131,20070 30381,30259 20249,30383 20184,20060 30118,20252|30395,20137 30120,30249 20028,20249 20196,20108 30258,20209 30250,30257 30259,20079 20184,30392 20070,20188 30389,20252 20081,30381 30195,20263 20039,20607 30118,30284 20060,20119 30252,30383 20179,20131 20032,20267|20188,30195 20081,20196 20119,20032 30383,30118 30284,20070 20252,30258 30392,20179 20137,30120 20131,20108 30249,30381 20039,20184 20249,30252 20060,30395 20607,30257 20267,30389 20209,30259 20263,20028 20079,30250|30249,20188 30389,20119 20263,30381 20184,20032 20607,20209 20196,30195 20131,30258 20249,20137 30395,30284 30259,30392 20267,30250 30120,20081 20252,30383 20079,20039 20028,20179 30257,20108 30252,20060 20070,30118|20188,30389 20060,20249 30195,20607 20108,30395 20137,20070 20081,20263 30250,20028 20039,20252 30258,30252 20032,20131 30118,20079 30392,30257 30383,30120 30284,20267 20179,30259 30381,20196 20119,30249 20209,20184
30251,30380 20028,30194 20140,20188 30395,20263 30120,20250 30284,20108 30252,20199 20182,30383 20106,20189 20039,30250 30393,20144 20606,20210 30118,20091 20180,30390 30392,20185 30257,20081 30391,20057 20052,30382|30382,20140 30380,20182 30383,20052 20057,30393 20081,20039 30250,30284 20188,30252 20189,30391 20250,20028 30194,30392 20185,30251 20263,20606 20199,20106 20144,30120 20108,30395 30390,30118 20091,30257 20210,20180|30252,20057 30284,30194 30391,30120 20250,30393 30395,30250 30118,20188 30382,30390 20140,20199 20028,30251 20182,20180 20052,20185 20263,30380 20039,20091 20106,20081 30383,30257 20108,20606 20210,30392 20144,20189|30380,30395 20091,30252 30118,30382 20188,20106 30257,30284 20185,20180 20199,20144 30120,30392 30250,30391 30194,20057 20052,20210 30390,20189 30393,30383 30251,20606 20081,20250 20140,20108 20039,20263 20182,20028|30250,20081 30257,30382 30252,30390 20210,20182 30194,20039 30395,30393 20606,20144 20057,20188 30392,30391 30284,30120 30380,20199 20108,20052 20180,30118 30251,20140 20028,20106 20189,30383 20263,20091 20250,20185|20199,20250 30382,20210 20188,30257 30390,20108 30393,20028 20606,20052 20180,30194 30392,30252 20185,30395 20091,20182 20189,20263 20144,30250 30391,30251 30383,30118 20057,20140 20106,30284 30120,20039 20081,30380|20250,30251 30380,20180 20081,20057 20091,20144 20106,30392 30120,20188 20182,30390 20039,30393 30383,20263 30250,20189 20028,30391 30118,20210 20052,20140 30382,30194 20185,20108 20199,30395 30257,20606 30284,30252|30395,20091 20606,30382 30392,20052 20188,20185 30393,30380 30391,20106 20144,20182 20057,30284 20108,30118 30251,30250 20140,30120 20263,20199 20210,30383 30194,20250 20180,20028 30390,30257 30252,20039 20189,20081
20185,20081 30395,20032 20052,30385 20265,30379 20267,30120 20109,20250 30284,20108 30386,30118 30392,30382 20196,30252 20057,30250 20204,20131 30253,20607 20091,30389 20137,30194 30286,20252 20039,30394 20179,30259|20131,20057 30394,20265 20108,20137 20081,20196 30250,30253 20250,30286 30194,20267 30385,30386 30379,30284 30382,20179 20032,20052 30120,20204 30118,20185 30259,20109 20252,30395 30389,20039 30252,30392 20607,20091|20265,30385 20109,20039 20052,20108 20179,30120 30286,30253 30250,20081 30392,30284 20137,30386 20196,30395 20057,20032 30389,20250 30394,20091 20204,20185 20607,30382 30259,30194 30118,20252 20131,30379 30252,20267|30284,20265 30120,30250 30286,20108 20250,20091 20081,20109 30385,30252 20204,30118 30395,30389 30386,30394 30382,20052 30253,30194 20267,20131 20252,30259 30392,20137 20039,20607 30379,20032 20057,20196 20185,20179|30389,30385 20091,20204 30118,20607 30120,20131 20032,30253 30259,30250 20265,20052 20108,30252 20252,20196 30284,20250 20081,30392 20185,30394 30194,20057 20137,20039 30395,30286 30382,30379 30386,20109 20267,20179|20052,20185 30194,30389 20109,30395 30253,30392 20039,30284 30385,20081 20108,30120 30379,20057 30250,30118 20250,30382 30394,20252 20091,20267 30252,20137 20607,30259 20179,20204 20196,30286 20131,30386 20032,20265|20039,30286 30386,20185 30382,30120 20081,30118 20265,20137 20267,30379 30250,20204 30392,20108 30394,30253 20607,20179 20109,30194 30395,30259 20196,20091 20250,30252 20131,20032 30284,30389 30385,20057 20252,20052|20179,20109 20052,30250 20204,30382 30286,20265 30252,20039 20185,30284 20057,30392 30379,30386 30194,20607 20032,20252 20091,20131 30389,20196 30118,30385 30253,20267 20108,20081 30259,30394 20137,20250 30120,30395
20109,30118 30385,20204 30382,20070 20252,30256 20185,30383 30380,20267 20052,20085 20179,20131 20210,20205 30379,30286 20039,30381 30395,20108 20203,20032 30259,20079 20140,30117 20250,30389 20198,20607 20263,20060|30286,30395 30118,20039 20131,30382 30381,20250 20079,20252 20607,30385 30256,20140 20204,20203 30389,20210 20070,20198 30117,20109 20060,30259 20032,30379 20085,30380 20267,20185 20205,20263 30383,20052 20108,20179|30379,30118 20198,30380 20079,20203 20131,20205 20267,30385 20252,30395 20060,20607 20263,20140 30389,20109 30383,20039 20179,30381 20185,20108 20250,30256 20032,30259 30117,20052 20210,20070 30382,20085 20204,30286|20109,30383 30395,30379 30286,20250 30380,30382 20203,30117 30385,20205 30381,30389 30259,20252 20070,20079 20108,20263 20210,20131 20085,20198 20140,20039 20185,20204 20052,20267 30256,30118 20607,20032 20179,20060|20263,20252 20607,20250 20140,20267 20109,20085 30259,20070 30381,20032 30118,20210 20203,30395 20205,20198 20060,20185 30379,30385 30382,20179 20079,30286 20039,20052 30256,30383 20108,20131 30117,30380 20204,30389|20267,20203 30385,20079 30383,30381 20252,30117 20205,20109 20085,20108 30118,30382 30389,30259 20250,20204 30286,20263 20198,20179 20131,20060 20070,30379 30395,20185 20052,20210 20032,20140 30380,20607 20039,30256|20185,30118 30379,20131 20267,20085 30389,30380 20052,30381 20109,20070 20263,30256 30259,20205 20060,30385 20210,30382 20204,20039 30395,20198 20250,20108 30383,20203 20252,20140 30117,20179 20079,20607 30286,20032|20198,30286 20607,20204 30381,20060 30256,20052 30382,30383 20085,20210 30118,20267 30380,20263 20205,30379 20179,20250 20039,20079 20131,20109 20203,30259 20140,30395 20032,20185 20108,30389 30385,20252 20070,30117
30252,20108 20196,20267 20083,30284 20057,30384 20188,30389 20206,30391 20028,20606 20029,20201 30286,30119 20131,20265 30256,20249 20079,20209 30120,30387 20081,30388 20133,30380 20109,20052 20250,30379 30382,20184|30379,20029 20265,20250 30384,20081 20108,20131 30284,20196 30119,20057 30380,20028 20267,30382 30391,20109 20209,20133 20249,30120 30389,30286 20201,20206 30387,30252 20606,20188 20052,20079 30388,30256 20184,20083|20188,20209 20196,30389 30252,30391 20108,30387 30284,30120 20201,20267 30382,20079 20057,20028 20133,20081 20109,20250 30119,20052 20206,20131 30256,30380 30286,20265 30384,20249 30388,20083 20184,30379 20606,20029|20052,20206 30387,30384 30380,20188 30382,20265 20267,20133 20250,30256 20079,20108 30286,20131 20083,20028 20081,20109 20029,20196 30120,20606 20057,20184 30391,30284 20249,20201 30379,30252 30389,30388 20209,30119|20081,20057 20083,30119 20265,30388 20109,30382 20184,20249 30120,20108 30387,20188 30380,30391 20201,20079 20209,20052 30284,20606 20028,30252 20267,30286 20133,20250 20206,30256 20131,20029 30379,30389 30384,20196|20249,30286 30388,30120 20606,30382 30389,20206 20250,20057 20108,30380 20052,30379 30391,20133 30119,30384 20265,20201 30252,30284 20079,20267 20188,20109 20029,20083 20028,20081 20196,20209 30256,30387 20131,20184|30379,20201 30388,20209 20057,20265 30120,30380 20606,20196 30387,20029 30119,20250 20267,20028 30384,30382 30256,20052 20083,20133 20079,30391 30284,20081 30286,20184 20108,20188 30389,20131 20109,20249 30252,20206|20201,30388 20081,30256 20131,30120 20184,30387 20206,20057 30391,30119 30380,20267 20249,20108 20265,20109 20029,30384 20133,20606 20028,30389 20250,20083 20196,20079 20188,30252 20052,30286 20209,30284 30382,30379
20199,20108 20119,30119 30120,20144 30254,20140 30258,20267 30384,20185 30256,20060 20039,30394 20250,20606 20032,30380 30395,20091 30379,30389 20182,30388 30381,20070 20083,20203 30392,20252 20180,30382 30284,20263|20091,20180 30394,20182 20203,20039 30382,30120 20252,30254 20140,30256 30389,20119 20263,20199 20060,30379 20070,30258 30380,30392 20267,20032 20185,30284 20606,30384 30388,20083 20108,30381 20144,20250 30119,30395|30120,30254 30388,30381 20182,30284 20144,30380 20606,20070 20250,20203 20091,30389 30392,20083 20267,20180 20060,20185 20108,20032 20119,20140 30119,30258 20263,30395 30394,30382 20252,30256 20039,30379 30384,20199|30284,30256 20185,20252 30258,30120 20039,20250 30395,30394 30380,20267 30254,20060 20140,20091 20203,30388 20083,20108 20180,20144 20199,30382 20032,20263 30379,30119 20070,20182 30381,30392 20119,20606 30389,30384|20144,20032 20140,30120 30384,20119 30392,20263 20203,30395 30380,20070 20180,30389 30388,30379 30382,20108 20606,30258 20083,20060 20252,20182 30119,20039 30256,20091 20250,30254 30284,30381 20185,30394 20267,20199|20070,20252 20091,30384 30258,20180 30120,30388 20108,20267 20032,20083 30381,20203 30394,30284 30395,20250 30382,20606 20199,20185 20182,20039 30256,30380 20263,20119 30389,20144 30254,30119 20060,30392 30379,20140|30388,30284 20070,30392 20060,20039 20119,20199 30379,20606 30254,30256 30380,20250 20182,30382 20108,20144 20267,30394 20203,20263 30384,30381 30120,20032 20252,30258 20083,30395 20180,20140 30119,30389 20185,20091|30392,30384 30258,20083 30395,30379 30394,30380 20606,30388 30389,20252 20140,20185 20144,30119 20250,20182 30284,20108 30382,20267 30381,20180 30256,30120 20263,20060 20091,20070 20032,30254 20199,20203 20039,20119
30389,20250 20267,30380 30252,20196 30395,20057 20189,30258 30392,20208 20140,30254 20028,20179 20129,20606 30118,20263 30384,20201 30249,20185 20091,30386 20081,30284 20108,20060 30250,30381 20037,20113 30119,30255|20179,30118 20250,30384 30380,30252 20606,20140 30255,20081 20060,30119 20057,30392 20113,20028 30386,30250 20196,20108 30258,20267 30381,30389 20201,20091 20208,30395 20263,20189 30254,30249 30284,20037 20185,20129|30119,20081 20091,20263 20250,20108 30380,30258 30386,30384 20208,20267 30118,30249 20057,20201 30392,20037 30252,20129 30254,20185 20606,20060 20113,30389 30381,20196 30250,20028 20189,20179 20140,30255 30395,30284|30249,20091 20263,20113 20037,20196 30255,30254 30384,30118 30119,20267 20129,20250 20201,30381 30389,20140 20060,20208 20081,20189 30258,30386 30284,30252 20179,30392 20028,30380 20108,20057 30395,20606 20185,30250|30118,30386 20113,20208 20028,20185 20267,20179 20108,30384 20606,30380 30255,20263 20081,30381 30252,30250 30249,30389 20140,20091 30392,20060 20189,20057 30258,20201 20037,30119 30284,30254 20129,30395 20196,20250|20201,30252 30254,30119 30381,20028 20091,30118 30250,20189 30380,20108 30389,30395 20263,30284 20208,20140 20196,20606 20185,30255 30384,30392 20057,30249 30386,20129 20060,20037 20267,20113 20250,30258 20179,20081|20060,20185 20263,30392 20606,30249 20140,20267 30255,30118 30381,20179 20201,20196 30395,30254 20250,30284 20057,20081 30250,20208 30258,20028 20129,20108 30252,30119 30384,20113 20091,20037 30380,30386 30389,20189|30118,20057 20108,30252 20267,20060 20179,20201 30386,20263 20185,30395 20196,30389 30249,20250 20028,20140 30119,30381 30254,20091 20037,30250 20189,30384 30392,30380 30284,30255 20113,30258 20081,20129 20208,20606
20371,20606 20037,30255 30254,30118 30195,20052 30393,20032 20140,30251 20250,20203 30258,30388 20252,20070 30389,20185 20079,30253 20249,30252 20199,30379 30380,20109 30120,30284 20083,20131 20267,30286 20263,30257|20203,30258 20032,30120 30379,20252 20070,20267 30251,20249 30252,30389 20052,30380 30284,20371 30118,20199 30388,20079 30286,30393 30253,20140 30255,30195 20109,30254 20131,20263 30257,20083 20185,20037 20606,20250|30255,20371 30388,30251 20249,30379 20070,20079 20052,20083 20199,30252 20267,30284 20250,30254 30257,30258 30195,30389 20203,30120 20252,30118 20032,20109 30253,20263 20037,20140 30380,30393 20185,30286 20606,20131|30118,30195 20199,20263 20140,20032 30254,20249 20083,30388 30389,20203 30258,20606 20371,20037 30284,20185 30251,30253 20252,30257 30379,20131 30252,20267 30120,20052 30380,20250 30286,20070 20109,20079 30393,30255|30255,30380 20263,20083 20249,30258 20185,20252 20203,30251 20032,20199 20037,30118 20079,20052 30284,30393 20131,30389 20070,30253 20140,30195 30252,20606 30379,30120 30254,30257 20371,20250 20109,30286 20267,30388|30257,20199 30388,20070 30258,20140 30253,20267 30120,30380 20131,20371 20052,20203 30195,20185 20263,30284 30393,30379 20606,30254 20079,30252 20083,20249 30251,20252 30389,20037 20250,30255 30286,20032 30118,20109|30389,30253 20037,30379 20140,30393 30258,30118 30284,20250 30195,30251 20052,20185 20371,30257 20203,20131 20252,20079 30120,20606 30252,20083 20249,20109 30388,30254 20070,20263 30255,20199 30380,30286 20267,20032|30286,20203 30379,30195 30253,30388 20083,20267 30393,30252 30251,20052 20032,20070 30254,20371 20185,30120 20131,20252 20250,20037 30257,30389 20263,20249 30118,30380 20079,30258 20606,30255 20109,30284 20199,20140
30252,30256 20371,30259 20079,20198 20032,20185 30284,30390 20607,20250 20131,20070 30119,30383 20119,20140 20201,30394 20182,30380 20081,20204 30118,20263 20206,30286 20188,20252 30379,20189 30392,30382 20052,20039|20252,20119 20185,20182 20189,20201 30259,20079 20263,30379 30390,20371 20140,20052 20204,20188 30380,30119 20198,30284 30382,20032 20070,20607 30394,20081 20039,30118 30286,30392 30256,20206 20250,30252 30383,20131|30256,20039 20206,20188 30119,20182 20140,20198 30392,20607 30382,30380 30284,30259 20131,30394 20189,30390 20081,20052 20201,20185 20079,30383 20250,20070 20371,20263 20032,30286 20252,30252 30118,20204 20119,30379|20079,20206 20185,20189 20198,20131 20182,20039 30119,30284 20607,20201 30259,20250 30392,20204 30394,30390 30379,30256 20119,20032 30380,20052 20070,30382 30383,20252 20263,20140 20188,30118 30286,20081 30252,20371|20081,30392 30394,20070 20185,30383 30286,30118 30390,20198 30382,20201 20263,20079 30380,20250 20189,20371 20052,30256 30252,30379 20140,20032 20182,20188 30259,20252 20131,30284 20206,20119 20204,30119 20039,20607|20201,30259 30383,20140 20204,30286 20250,20182 30118,20119 30256,30380 30284,20185 20032,20079 20188,20081 20070,30252 20198,20189 30379,30392 20371,20131 30390,20206 20607,30119 20039,30382 20252,30394 20052,20263|20250,30383 20201,20131 30382,30286 20079,20119 20182,30252 30119,20185 20081,20371 20252,20263 20189,20204 20206,30392 30256,20198 30284,20607 20140,30380 30379,20039 30394,30118 20032,30390 20188,20070 30259,20052|20371,20252 20131,20182 20039,20189 20263,30284 30383,30259 30118,30382 20052,30119 20198,30394 30286,20201 30380,20079 20185,20250 30390,30379 20119,30256 20204,20032 20607,20081 20070,20206 30252,20140 30392,20188
20606,20037 20249,30194 20079,30385 30286,20189 30249,20206 30259,30381 30380,20199 30251,20085 20184,20057 20133,30120 20113,30394 20039,30392 20371,20263 30119,20140 20060,20267 30386,30384 30250,30255 20204,20180|30381,30386 20189,30380 30392,30250 20057,20039 30120,20060 30384,30249 20180,20184 20206,20371 30255,20249 20263,30286 20085,20606 20267,20079 30385,30259 20199,30119 30394,20133 20037,20113 30194,20204 20140,30251|30380,20206 30251,30249 20085,20140 20199,20204 30120,20249 30250,30394 30119,30392 30381,20079 20371,20037 20060,30194 30255,30384 30385,20184 20263,20180 30286,20039 20267,20606 20057,30386 30259,20113 20133,20189|30384,30380 20249,30386 20133,20085 30394,30286 20204,20267 30259,20199 20180,30385 20079,20371 20189,30255 30194,30120 30249,30392 20037,20206 30251,20263 20039,20060 20113,20057 20140,30381 20184,30119 20606,30250|20606,20060 30394,30255 20057,20180 20206,20199 20204,20037 30386,20267 30119,30251 30286,30259 30194,20133 20140,20079 20113,30249 30380,30120 30392,30381 20184,20189 20249,30250 30385,20371 30384,20039 20263,20085|20039,20133 20060,20113 20371,30119 30255,20140 20037,30384 30392,20057 30381,20263 20189,30259 20085,20204 20206,30394 30120,30385 30250,30286 30249,20249 20079,30194 20267,30380 20180,30251 30386,20606 20199,20184|20039,30250 30380,20037 30259,20060 30194,20206 20113,30255 20267,30251 30384,20180 20263,30386 30120,20085 30249,20133 30394,30119 20199,20057 20606,30392 20140,20184 20189,20079 30381,20204 20249,20371 30286,30385|20037,30259 20057,20249 20180,20039 20206,20606 20085,30380 30255,20263 20371,30286 30386,20113 20079,20199 30251,30384 20060,30381 30392,30194 30385,30394 30250,20140 30119,20189 20204,30120 20133,20267 20184,30249
20182,30284 20252,30286 30392,20113 20029,30195 20060,30380 30395,20079 20204,20109 20249,30119 20031,30252 30253,20607 30382,20184 30379,30255 30256,20265 30254,20137 30389,30391 20091,20131 30118,20198 20037,20057|30286,30389 20184,20204 30195,20031 20057,30118 30119,20037 20265,30379 20198,30395 30391,20091 30284,30256 30252,30392 20131,30382 20137,20060 20113,20029 30255,30254 20607,20252 20079,30253 30380,20182 20109,20249|20029,30118 30254,30119 30382,20109 20031,30380 20184,20079 20204,20252 30395,30253 20137,20037 20249,20113 30286,20091 20131,30379 20060,30195 30392,30389 30252,20182 20198,30284 30256,20607 20057,30255 20265,30391|20113,30119 30389,20131 20109,30256 20037,30395 20182,20184 30254,20031 20091,20198 20607,20060 20252,30253 20079,20265 30392,20204 30284,20057 30195,20137 20249,30252 30255,30286 30382,30380 30391,20029 30379,30118|20265,20607 30253,30382 20031,20182 30395,30284 20109,30389 20079,20198 20057,30392 20029,20131 20137,20252 20037,30286 30119,20060 30380,30254 30118,30391 30379,20113 30255,20249 30252,20204 30195,30256 20184,20091|30253,20249 30118,20031 20091,20265 20252,20184 20198,30195 20131,20109 30380,20057 20113,20137 30284,30254 20607,20037 30119,30395 30286,30379 20182,20079 30391,30392 30389,30255 30256,30252 20060,20029 20204,30382|20265,20057 20182,30391 30379,30119 30286,20131 20252,20079 20607,30392 30395,30195 20031,20091 20060,30284 20029,30254 30389,20198 20184,30253 30382,30118 30255,20109 20204,20249 30256,30380 20037,20113 30252,20137|20137,30389 30380,30286 20198,20037 30254,30379 30195,30382 20113,20204 20131,30255 30253,30252 30119,30256 20079,20031 30118,20060 20091,30395 20109,20607 30284,20029 30391,20252 20057,20182 30392,20265 20249,20184
20184,20119 30391,20032 30381,30384 30250,20252 20108,30394 30254,20085 20263,30118 20091,20060 20198,30259 30389,30379 20249,20140 30257,30119 20106,30286 30284,20131 20205,30255 20204,20031 30251,20070 20185,20182|20085,20205 20031,30389 30118,20198 20252,20204 30379,30381 30255,30251 20131,20249 20070,20184 20119,30257 20060,30250 30119,20091 20032,20263 30394,20106 30286,30391 30259,20185 20140,30254 30384,20108 20182,30284|30255,30389 20060,20131 30391,30257 20185,20252 20249,20263 20198,20031 20205,20091 20106,30384 20032,30379 30284,30119 30118,20140 30251,20108 30254,30394 30381,30286 30250,20184 20182,20204 20085,20070 30259,20119|20031,20185 20119,20182 20106,20140 20263,20060 30254,30284 30384,20205 20198,20085 30381,20249 20131,20091 30389,30250 20108,20032 30257,20070 20184,30255 20204,30286 30379,30259 30394,30391 30119,30251 20252,30118|30389,20119 20205,30379 30257,30118 20085,30391 20108,20184 20070,20106 20204,30384 30119,20060 20252,20182 30394,20263 30255,20249 30251,30284 20140,30259 30250,30381 20131,20198 20091,20031 20185,30254 30286,20032|20031,20106 20182,20108 30384,30254 30259,30389 20263,30381 30284,30250 20032,20131 20060,20185 20184,30257 20249,30119 20140,20085 30286,20205 20070,20198 30391,20204 30379,30255 20091,20252 30118,30394 20119,30251|30119,30389 20263,20108 30250,20106 30384,20184 20085,20032 20205,30251 30379,20131 20249,30284 20185,20204 30394,20252 30391,20198 30381,20182 30257,20140 20119,20070 30259,30286 30118,20060 30255,20091 30254,20031|30286,20249 30284,20263 20204,20085 20131,30391 20108,30118 30389,20185 20184,30259 20060,30394 20031,20205 30251,30384 20032,30250 20198,30254 20106,30255 20070,30379 20182,30119 20091,30381 20140,20119 20252,30257
30252,20140 20133,30251 30254,20267 30379,20179 30253,20031 30259,20113 30286,20057 20070,20205 30393,20250 30391,30118 20144,20206 20109,30258 20606,30120 20252,30255 20028,20085 30257,30380 30194,20083 20185,20263|30251,30379 20267,30286 20113,20606 30118,20252 20206,20070 20085,30393 30380,30254 20031,20144 30255,30194 20083,30259 30258,30257 20140,20028 20179,20109 20250,30391 20057,20185 20263,30252 30120,30253 20205,20133|20083,20113 30259,30253 20205,30255 30251,30258 20267,20185 30254,20028 20085,20031 20252,20057 30393,30391 30380,20206 30118,20263 30286,20250 30252,20144 30257,20606 20179,30194 30120,20140 20109,30379 20133,20070|20070,30380 20113,30252 20252,30120 20031,20179 30253,20205 30391,30379 30393,20083 20606,20085 30255,30259 20206,30118 20263,20133 20144,20250 30194,30251 20109,20140 20185,30286 30254,30257 20057,20267 30258,20028|30120,30259 30252,20267 30118,20083 20113,20133 20606,20144 20185,20031 20057,20109 20263,30258 30391,20085 30379,20252 20179,30380 20028,30257 30255,30253 20206,30393 20205,30251 20140,30194 20250,20070 30286,30254|30380,30286 30251,30118 30257,20109 20031,30254 20133,30391 20028,30255 20070,20606 30379,20113 20140,20252 20267,30120 30253,30393 20083,20263 30259,20206 30194,20185 20250,30252 30258,20179 20144,20057 20085,20205|20179,20205 20031,20057 20144,30391 20185,30254 30380,20133 30286,20606 20083,30253 20263,30379 20206,20140 30118,30259 30251,20028 30252,30257 20267,20085 30194,20252 20109,20250 20113,30120 30258,30255 30393,20070|20250,20031 20252,30252 30255,20113 20070,20109 20057,30380 20140,30286 20028,30118 30120,30194 20085,20206 30379,20185 30253,20263 30391,30258 20133,20083 30254,20144 30257,30251 20606,20267 20205,30393 30259,20179
20083,30119 20070,30195 30258,20606 20131,20607 30259,20209 20108,20267 20205,30284 30386,30380 20196,30250 20028,20189 20032,20137 20182,30391 30252,20250 20085,20113 30120,30254 20249,20206 30253,30286 20060,30381|30286,20032 30381,20083 30254,20196 20606,30386 30380,30252 30195,20249 20113,30253 30391,20108 30284,20028 30250,20205 20250,30259 20209,30258 20206,20060 20267,30120 20189,20131 30119,20070 20607,20182 20137,20085|30259,30386 30119,20113 20070,30254 30286,30252 20606,30250 20060,20189 30253,20182 20205,30120 20250,20085 30195,20032 30391,20249 20206,20267 20607,30381 30258,20028 20137,20209 20108,20083 30284,30380 20196,20131|20249,20182 30380,20085 20028,20131 20267,20606 20083,30286 30254,30391 20070,30259 20108,30195 30381,20206 30252,30258 30120,20137 20113,20060 30250,20189 20205,20607 30386,20250 20032,30284 20209,30119 20196,30253|30286,20060 20249,30381 20028,30254 30259,20113 20083,30258 30252,20108 20267,30284 20137,20196 20131,20206 30386,20032 20209,20250 20182,20070 30195,30391 20607,30250 20085,20606 30380,20205 20189,30120 30253,30119|20131,20205 20206,30253 20113,30252 30391,30386 30254,20209 20606,20108 30284,30195 30120,20028 20060,20607 20250,20137 20182,20196 20189,20070 20085,20249 30119,30259 20032,30380 30381,20267 30258,30286 30250,20083|30258,30380 20250,30119 20249,30286 20032,20085 20070,20113 20108,30386 30254,20131 20267,20607 20206,20083 30391,20606 20209,20182 30381,30253 20060,30252 20028,30259 20205,20189 30195,20137 30284,20196 30120,30250|20606,20206 20607,20209 20137,20205 20083,20032 30250,20249 20113,20028 20085,30120 30259,20267 30286,30391 20182,20108 30253,30258 30380,30195 30252,30254 30386,20060 20131,20250 30119,30381 20189,30284 20196,20070
20031,20607 30391,30255 20144,30195 20267,20252 20208,20113 20196,20189 30257,20250 30394,30381 30384,30251 20057,20188 30117,30395 30118,20032 30284,30387 20060,20179 20263,30379 20106,20091 20140,30380 20185,20079|20091,20208 30381,30257 30255,30394 30195,20196 20032,20267 30387,20106 30379,30117 20179,20144 20079,20140 20252,30384 30251,20263 20189,20185 30380,20057 20250,20060 20113,20031 20188,30118 20607,30391 30395,30284|30384,30395 30257,30394 20179,30118 20185,30391 30380,20252 20031,30251 20140,30195 20188,20189 30117,20060 20263,20250 30381,20208 20144,20091 30387,20267 20196,30284 30379,20106 20032,20079 20607,30255 20057,20113|20106,30284 30255,20188 20196,30395 30394,20607 20113,20185 30117,20032 20208,20250 30257,20031 30251,30379 20189,20267 20252,30118 20140,20179 20079,30387 20060,20263 20091,20057 30195,30381 30391,30380 20144,30384|20185,20144 20208,30380 20032,20060 20263,30255 30384,20189 30251,20079 30118,20196 20113,30257 20250,20140 30284,20607 20188,20106 30395,30379 20252,20091 20267,30195 20031,30381 30391,20179 30387,30117 20057,30394|20189,20031 20179,30257 20106,20252 30380,20196 30395,20144 30284,20188 20607,20032 30381,20113 30118,20185 20250,30251 20091,20263 20079,30384 20267,20208 30394,30387 30195,30117 30379,30391 30255,20057 20060,20140|30257,20060 20091,30395 20057,20250 30255,30284 30117,30251 30379,20267 20252,20185 30391,20032 20079,20189 20140,20106 20144,20208 30394,20188 20607,30118 30380,30195 30387,30384 20113,20196 20179,20031 30381,20263|20185,30387 20060,20252 20189,30380 20267,20091 20032,30379 20263,20607 30118,30394 20208,30255 20196,20057 20250,30381 20188,30257 20031,20144 30395,20079 30251,20179 30195,20113 30284,30391 20106,30117 30384,20140
20037,20196 20201,20267 20083,30394 30253,20265 20085,20185 20079,20039 20129,30379 30259,20189 20057,20252 30120,30389 20137,30250 30118,20179 20206,20184 20113,30252 30381,30286 20052,30256 20188,20205 20371,30391|20189,20137 30250,30118 20039,20057 30394,30381 20196,20371 30391,20113 20185,30253 20184,20085 30379,30259 20267,20052 20205,20206 30252,20129 30256,30120 30286,20037 20179,20079 30389,20188 20265,20201 20252,20083|30118,30389 30259,20205 20371,20179 30120,30252 30286,30250 20085,20052 20267,20057 20113,20079 20265,20196 20252,20201 20185,20189 30381,20206 20184,20188 30391,30256 30379,20137 20129,20037 30253,30394 20039,20083|20137,20265 20371,20188 30253,20129 20206,30286 20179,20267 20079,30389 20201,30379 20037,30381 20205,20252 30120,20184 20057,20185 20052,20189 30252,30391 30256,30118 30394,20196 20083,20113 30259,20039 30250,20085|30256,20085 20037,20371 20267,30252 20189,20129 20184,20179 20057,20079 20206,30394 20137,30120 30286,20201 20185,30259 20188,30391 30381,20052 20039,30118 20196,30379 30250,20265 20113,30253 20083,20205 30389,20252|30118,20083 20265,30256 30379,20037 30394,20039 20129,30250 30252,20137 20085,30120 30391,20267 20205,20113 20079,30259 20189,30381 20252,30253 30389,20371 20052,30286 20188,20057 20196,20184 20201,20206 20179,20185|30120,20079 20057,30252 20085,20267 30286,30253 20137,20371 30379,30391 20206,20113 20201,20037 30118,20188 20184,30389 30256,20189 30259,30394 20185,20083 20052,20129 20205,20196 20252,20179 30250,30381 20265,20039|20037,20206 30381,30379 20179,30120 20267,30256 30394,20057 20189,30118 20083,20184 30389,30250 30253,20205 20079,20137 20129,20201 20113,20265 20371,20085 20196,30286 30252,30259 20039,20252 20188,20052 30391,20185
30391,20606 30380,30387 20083,20106 20081,30118 30194,20037 20052,20263 30381,20070 30255,20249 30252,20206 20198,20140 20029,20250 30119,30257 20119,30383 30379,20179 30286,20265 30251,30389 30393,20185 20131,30259|30389,30255 30383,20131 20106,30251 30118,20198 20250,30391 20265,20029 20140,30393 30259,30379 20185,20083 30257,30252 20070,30119 30387,30286 20263,20119 20037,30380 20179,30381 20606,20081 20249,20052 20206,30194|30259,20081 30393,30251 20140,20037 20263,30387 20083,30255 20179,20185 30380,20106 20606,30257 20131,30389 20052,30286 20206,30379 30381,30118 20119,20249 30119,20198 30391,20029 30194,30383 20265,20070 20250,30252|30389,30380 20119,20029 30255,20106 20052,30379 20081,30391 30387,30393 30251,30259 30252,20179 30383,20206 30118,30194 20083,30381 20249,20606 30257,20263 20185,20198 30119,20140 30286,20250 20037,20070 20131,20265|30251,20131 20198,20249 30257,20083 20106,20185 30259,20263 20265,20179 30393,20037 20206,20250 30383,30381 30255,30286 20029,30119 20140,30252 30389,20052 20081,30194 30387,20606 20070,30118 30380,30391 30379,20119|20037,20131 30391,30393 30286,30119 20606,30259 30194,20265 20263,30389 30118,30380 20106,20052 20029,20083 20198,30257 20185,20206 20179,30387 30252,20119 20249,30251 30381,20081 30379,30383 20070,20140 20250,30255|30251,20070 20263,20185 20119,20179 30257,30379 20052,20081 20037,30387 20206,20131 30194,30252 20140,20606 30286,20029 30391,30259 30119,20265 20083,20198 30393,30389 30118,20106 30380,20249 30383,20250 30255,30381|20106,30257 20070,30255 30389,30286 30387,20083 20606,20263 20131,20119 20081,20140 20250,20052 30379,30194 20249,30391 30381,30119 20179,20037 20265,30393 30252,30383 20198,30251 30259,30118 20185,30380 20029,20206
20201,30257 30286,20106 30259,30250 20263,30390 20205,20265 30382,20144 20079,20188 20180,20085 20249,30119 30258,30253 20210,20052 30394,20250 30118,20039 20129,20037 30380,20057 20606,30381 20184,20206 20133,20113|20265,20201 20206,20133 30381,30258 20052,20249 30253,20210 20113,30118 20085,30259 20057,20180 20188,20184 30390,30382 30119,20263 20037,20205 30257,20606 20106,20129 20144,20079 20250,30380 30250,30286 20039,30394|30119,20106 20263,20129 20039,30258 20180,20188 20206,20057 30380,30394 30250,20133 20085,20052 20079,30382 30257,30118 20249,20113 30259,30381 20210,20265 20201,20144 30286,20250 20606,20037 20205,30390 30253,20184|30390,30259 20180,30119 30258,30118 30394,30257 20129,30253 20106,20265 20057,20113 30381,20085 20144,20263 20184,20052 20133,30286 20188,20039 20037,20250 20205,20206 30380,20249 20606,20201 30382,30250 20079,20210|20052,30380 20188,30382 20265,30259 30118,30390 30250,20206 30258,20079 30119,30286 20039,20106 20113,30381 20057,30253 20210,20263 20133,30257 20037,20180 20129,20606 30394,20201 20250,20085 20144,20205 20249,20184|30253,30380 30382,20205 30259,20129 20184,30250 30118,20057 20250,20210 20106,20144 20052,20133 30286,20606 20113,20079 30381,20180 20263,20249 20206,30394 30390,20188 20201,30258 20265,20037 30257,20039 20085,30119|30257,30381 20249,30258 20205,20079 20180,20265 20206,20210 20188,30118 30394,20052 20037,20085 20144,30286 20039,20263 20106,30390 20606,30259 20184,30380 30382,20113 20133,20201 20129,30250 30119,30253 20057,20250|30118,20249 20052,20206 30390,20129 20265,30382 20085,20057 20113,20184 30250,30394 20201,20106 20263,20606 30380,20037 20210,20205 30286,30257 30259,20180 30381,30119 30253,20133 20079,20039 30258,20188 20250,20144
20031,20204 30382,20188 20206,20079 20037,20607 20131,20189 20182,20185 20263,20085 30119,20060 30284,20196 30379,30120 20184,20113 20057,30389 20249,30194 30394,30388 30257,20210 20179,20203 20144,20371 30381,30380|30388,20179 20607,30284 20060,20184 20079,20249 20203,20263 20085,20031 20371,20037 30120,30382 20185,30379 20113,20182 20204,20206 20210,30119 30380,30394 20189,30257 20196,20057 30389,30381 30194,20144 20188,20131|20371,20196 20249,20179 20057,30194 20060,30380 20144,20188 20206,30381 30388,30120 20263,30394 30382,30119 30284,20031 20210,20113 20185,20189 20204,20037 30389,20079 20131,30379 20184,20203 20182,20085 30257,20607|20179,20060 20196,20079 20144,30388 20607,20131 30380,30284 20184,20206 20263,20057 20031,30389 20203,20185 20113,20188 20085,20210 30120,20204 20037,30257 30194,30382 30394,30379 30119,20249 30381,20371 20189,20182|20203,30381 20079,20113 30389,20185 20037,20184 20210,20249 20371,30194 20196,20204 20189,20060 30388,20263 30380,20131 20206,20179 20607,30394 30284,20144 20188,30120 30379,20085 30119,30257 30382,20182 20057,20031|20085,30388 20031,20263 20113,20203 20182,30119 20185,30382 20060,20037 30257,20184 20131,20371 30120,20206 20188,20189 30394,20057 20179,30380 20204,30284 20249,30389 30381,20196 20079,20144 30194,20607 30379,20210|20204,30394 30120,20113 30388,20037 20057,30379 30382,20203 30381,20144 20085,20060 20179,20131 20210,20188 20031,20079 20371,30380 20249,20607 30194,20185 30389,20189 20184,30119 20182,20206 20196,30257 20263,30284|20037,20179 20203,20182 20113,30381 20206,20263 30257,30389 20189,20210 20188,20196 20131,30120 30380,30194 20144,20204 30119,20085 30379,20184 30284,30388 20079,30382 20185,20371 30394,20031 20607,20057 20060,20249
20205,30117 20606,20265 20079,20119 20106,20129 20032,20131 30381,30390 30379,20057 20189,20206 20060,30386 30119,20203 20179,20204 30251,20196 20039,30393 20250,20185 20083,30252 20201,30250 30286,30385 20182,30259|20129,20032 30393,30381 30385,20250 20203,30286 20204,30379 30252,20205 20185,20179 20131,20182 30390,20079 20057,20039 30259,20201 30386,20106 20265,20060 30117,20606 20119,20083 30250,30251 20196,20189 20206,30119|20060,20119 30385,20032 20185,20189 30251,30259 30119,30252 20204,20201 20039,30117 20250,20083 20265,20106 30393,20196 30286,20129 20206,20182 20079,20205 30390,30250 30379,20131 20606,30381 20179,30386 20057,20203|20129,20185 20119,20206 20205,30286 30386,30393 20196,20250 20131,20265 30381,20179 30252,30390 20606,20032 20182,20039 20203,30385 20083,20060 20106,30251 20189,20204 20201,20057 30259,30119 30117,30379 30250,20079|20039,30250 20032,20189 20265,30251 30381,20182 30386,20606 20131,30385 20196,30119 30379,30259 20203,20119 20206,20250 30393,20083 30286,20057 30117,20079 20129,20179 20204,30252 20205,20106 20060,20185 20201,30390|20079,30381 30252,20060 20189,20129 20250,30393 20185,20131 20106,30379 30390,30386 20179,20265 30251,20206 20083,20203 30385,30117 20032,30286 20182,20201 30119,20039 30250,20606 20057,20205 30259,20204 20119,20196|30381,20185 20265,30385 30386,30251 30117,30252 20106,20057 30259,20129 20196,20039 20131,20250 30390,20060 20189,30393 20179,20032 30379,20205 30286,30250 20201,20083 20079,20606 20119,30119 20203,20206 20182,20204|20205,20203 30251,20131 20606,30286 20185,30259 20039,20079 20206,20201 30385,30379 30250,30381 20060,20196 20250,20179 20129,30386 30252,20182 20083,20106 20057,30117 20032,30390 20204,20119 30119,20189 30393,20265
30381,20131 30380,20070 20032,30255 20607,20180 20250,20079 30383,20039 20267,30118 30284,20185 20106,20182 20179,20249 30254,20137 20205,20060 30119,20208 30194,20206 20204,30391 20083,30389 30379,30252 30394,20109|20109,20204 30255,30379 20180,20267 30252,20205 20070,30119 20182,30254 20079,30284 20185,20179 20208,30380 20249,20607 20039,30394 30118,20083 20060,30381 20131,20250 30389,30194 30391,20032 20137,30383 20206,20106|20208,20039 30379,20182 20131,20206 20185,20137 20250,20179 30383,20204 20267,20106 30252,30394 30119,20083 20180,30391 30118,30254 20249,30255 20070,30284 20060,20032 30381,30389 30194,20205 20607,20109 30380,20079|30119,30383 20607,30118 20106,20070 30284,20267 30255,20131 30254,30381 30391,20250 20182,20208 20032,20179 30379,20249 20109,20060 20083,30252 20079,30194 20204,20206 30389,30380 20137,20180 30394,20205 20039,20185|20205,20250 20060,20249 30254,20607 20180,30194 20208,20204 30380,30118 30284,30119 20182,20083 20137,20039 30252,20032 20109,30379 30394,20185 20179,20131 20206,20070 20079,30391 30383,30255 20267,30381 30389,20106|20185,30254 20250,30389 30381,30284 20206,30252 20205,30379 20083,20137 30194,20182 30391,30394 20032,20079 20131,30119 20106,30380 20249,20208 20070,20109 30118,20180 20204,20607 20039,20267 30255,20060 20179,30383|20180,20079 20106,20205 20182,20249 20208,20137 30252,30194 20109,20131 30118,30284 20607,30383 30391,20206 20083,20039 20070,20185 30394,30379 20250,30255 20060,20204 20032,30381 30254,20179 30389,20267 30380,30119|20206,30389 20204,30252 20249,30394 30194,30380 20079,20106 30381,20180 30119,20060 20039,20607 20179,20208 30383,30254 20131,20032 30255,30118 20137,20250 30284,20109 20267,20070 30379,30391 20185,20083 20205,20182
20032,20252 30252,20185 20210,20070 30195,20081 20267,20037 30118,20179 20060,30391 30384,30392 20131,30379 20196,20263 20119,20184 30381,20249 20133,30393 30380,30119 20206,30286 30385,20204 20083,20113 30117,30386|20252,20131 30391,20133 30286,30118 30379,20196 30386,20083 20204,20267 20113,20060 20185,30380 20249,20210 30392,30385 30393,30381 30119,30384 20179,20119 20037,30195 20184,30252 20263,20032 20070,30117 20081,20206|20131,30384 20070,20081 30385,20267 30391,20179 30393,20210 20249,20185 20060,20206 30380,30117 20184,30381 30118,20083 30252,30386 20113,20037 20032,20133 20263,30195 20119,20196 30392,30379 20252,20204 30119,30286|30195,20184 30381,30380 30286,20133 20131,20263 20081,20032 20185,20083 30384,20070 20206,20249 20210,20060 20267,30393 20204,30119 30379,20113 30117,20196 30118,30392 30252,20252 20037,20119 30386,30391 20179,30385|20179,30252 20133,20185 20083,20249 20037,30286 30119,20131 20210,30391 20267,30117 30392,30195 20070,30118 30381,20032 20252,30384 20060,20119 30385,30386 20204,20263 20196,30380 30379,20206 30393,20081 20184,20113|20119,20131 20133,20070 20263,30385 20113,20210 20083,20179 20081,30119 30380,20252 20249,30393 30286,30381 30391,20184 30384,30252 30195,30379 30386,30118 30117,20060 20206,20037 20032,30392 20185,20204 20196,20267|20113,30385 30195,30384 20037,30386 20185,20252 30252,20032 30380,20119 20204,20070 20184,30117 30379,30119 20081,20267 20210,30286 20206,30392 20249,20133 20131,20083 20263,30118 20060,20179 30381,20196 30391,30393|30286,20184 20032,20204 20083,30391 20119,30381 30119,20263 20133,30252 20179,30195 30117,20131 20252,30379 30386,20185 30393,20206 30392,20113 30385,20037 20196,20081 30118,20249 20070,30380 20267,20210 30384,20060
20263,20113 20249,30251 30252,30383 20182,20060 20184,20137 30258,20057 30379,20185 30259,30286 30394,20083 30382,20188 30380,30117 20210,30391 20252,20037 30389,20196 30257,20371 30118,20179 20032,20131 30195,20081|30286,30257 30391,20252 30251,20210 20060,30379 20037,30252 30383,30380 20137,30118 20057,20249 30117,20182 20113,30394 20188,20032 20371,30195 20185,20263 20196,30382 20083,30258 20081,30259 20131,20184 20179,30389|30252,30258 30380,20081 20210,30118 20182,30286 30259,20371 30379,20131 20185,30257 30195,30389 20184,30117 20057,30383 20196,20188 30391,20249 20252,20060 30382,20137 20037,20113 20179,20083 20263,30394 20032,30251|30383,30259 20188,30380 20032,20057 30286,20081 30257,30195 20113,20179 30117,30258 30118,20184 20131,20182 30394,30252 20137,20185 30251,20252 30389,20263 20060,20196 20083,20371 20210,20037 20249,30382 30379,30391|20185,20037 20188,20184 20057,30286 30252,30195 20081,20137 30118,20113 30391,20182 20083,30257 20371,20196 30258,30251 30117,20252 20179,20263 30259,30380 30383,20032 30394,30382 30389,30379 20249,20060 20131,20210|20037,20249 20371,30383 20137,20083 20263,20057 20196,30259 30257,30394 30251,20185 30380,20210 20060,20131 20252,20179 20182,20032 30286,30117 30195,30118 20184,30252 30382,30389 20081,30391 20113,20188 30258,30379|20131,30382 20057,20371 20263,30259 20249,20083 30118,30394 20032,30379 30391,30258 20037,30389 20060,20188 30251,20182 20113,20081 30383,20184 20137,20252 30117,30195 20185,20210 30286,20196 30380,30257 20179,30252|20182,30380 30258,20137 20083,30117 20188,20179 20184,30391 30257,30118 30195,20185 30389,20113 30252,20131 20196,20032 20371,20037 20081,20263 30382,30286 30259,20060 30394,20057 20252,30383 30379,30251 20210,20249
30284,20263 20039,30255 20109,20606 30391,30379 30390,20108 20070,30119 30252,20144 30386,30392 20198,30381 20131,30118 20079,20250 30393,30388 20265,20252 20607,20060 30286,20204 20206,30383 20085,30380 20028,20179|20179,30386 30119,20085 30118,20607 30388,20198 20606,20131 20108,20079 20144,20039 20250,30284 30380,20028 30392,20070 20060,30252 30255,20265 30383,30391 30381,30286 20263,20109 30379,20206 20204,30393 20252,30390|30286,30119 30255,30392 20263,30381 20250,30386 20028,20085 30388,30391 20179,20079 30393,20206 20607,20039 20109,20131 20606,30284 20198,20060 20108,30383 30118,20252 20070,20144 20265,30390 30380,20204 30379,30252|20144,20250 30390,30393 20206,30380 30391,20109 20252,30255 30386,20079 20039,20108 30383,20265 30284,30379 20607,20198 20204,20179 20028,30252 20060,20263 20085,20070 30381,30119 30392,20606 30286,30118 20131,30388|20198,20131 20109,30284 30380,30390 30119,20263 20252,30383 20079,20607 30252,20070 20206,30255 20039,30286 20606,30391 20085,30379 30386,20144 30393,20250 20204,20028 30388,20265 30392,30381 20179,30118 20060,20108|20265,20607 30284,30393 30381,20179 20131,20028 30255,20085 30379,30388 20108,20204 30383,20039 30119,30380 30391,30386 20070,20252 30118,30392 20263,30286 20250,20109 30390,20060 20144,20606 30252,20198 20079,20206|20060,30119 30392,30252 30286,20108 20263,20144 20606,20206 30393,20131 20204,20198 30391,30255 30381,20607 30379,20028 20070,20109 20250,20179 20085,20265 30388,20039 30390,30383 30386,20252 30380,30118 30284,20079|20079,30390 20131,20263 30255,30379 20607,30393 20206,20070 20265,20204 20028,30391 20109,30381 20039,30386 30383,30286 20108,30392 30119,30284 20179,20060 20144,30388 20252,20085 30252,30380 30118,20606 20198,20250
20113,20070 20203,30382 30257,20037 20210,20108 20252,30286 20607,20249 30394,30195 20137,20081 20208,20060 30381,20039 30120,20182 20265,20179 20606,30383 20119,20131 20204,30389 30250,20188 30380,20079 30392,30119|30195,20252 30286,30380 20108,20203 20131,30257 30119,30381 20179,20204 20079,30120 20182,20113 20249,30392 20039,20607 20037,20119 20060,20137 20188,20210 20070,30250 30383,20265 30382,30394 20081,20606 30389,20208|20070,20182 30381,20210 20113,30394 20108,20188 20081,30392 20607,20037 20079,20131 30120,30380 30257,20249 20039,30250 30389,20265 20204,30383 20252,20119 20060,30382 20203,20179 30195,30119 20137,20606 30286,20208|20210,30250 20249,20039 30119,20607 20131,20060 30392,20070 20037,20204 20208,20252 30380,20188 30257,30120 20182,20137 20119,20203 20179,30195 20606,30389 30382,20108 30394,20081 20265,30381 20113,30286 30383,20079|20265,20060 20607,20252 20208,30392 20119,30120 30286,20037 20070,20249 20081,30383 20606,20113 20137,30394 20179,30119 20131,20210 30195,20108 30380,20203 30381,30389 20204,20039 30250,30257 20182,30382 20188,20079|30119,20606 20037,20081 20203,20607 30250,20182 30389,20113 30383,30381 20060,20204 30392,20179 20079,30195 30120,20137 20108,30380 30394,30286 20252,20131 20210,20070 20039,20265 20188,30257 20249,20208 30382,20119|30382,20252 20070,30380 30120,30250 30383,20210 20203,20249 30381,20060 20265,20037 30257,20204 20079,20179 20131,20108 20039,30119 30394,30392 20119,20188 20607,30389 20606,30195 20081,20182 20208,20113 20137,30286|20188,20070 30286,20606 30380,30257 20037,30381 20204,20137 20060,20607 30119,30383 20179,20081 20210,30120 20113,20039 30392,20131 20108,20079 30250,20203 30389,30382 20252,30394 20182,20208 30195,20265 20249,20119
20129,20201 20119,20137 30395,30257 20060,20108 30381,30392 20265,30118 30383,30390 20208,30119 20032,30387 30382,30379 20188,30393 20079,20249 20179,20250 20196,20185 20070,20267 30380,30286 20131,20606 20091,20037|20606,30380 20267,20208 30257,20188 30390,20079 20249,20179 30387,20060 20108,20070 30393,30395 20137,20196 30379,20032 20201,20091 30392,20119 20250,30383 20037,20265 20185,20131 30118,30382 30286,30381 30119,20129|20032,20060 30382,20108 20129,30379 30381,20606 20137,30380 30390,20196 20265,30119 20119,30286 30257,20250 20201,20249 20091,20267 30393,20070 20208,20037 20179,20185 30395,20131 30392,30387 30383,30118 20188,20079|20108,30257 30379,20201 20129,20119 20196,30383 20267,20137 30395,20265 30119,30382 20079,30381 20250,30393 20208,20179 30380,20091 30118,20131 20060,20606 20037,30390 20249,20032 30286,20188 20070,30392 20185,30387|30119,20267 20079,20208 30382,30393 30387,30380 20606,30286 20185,20201 30379,30392 20137,20032 20249,20060 20119,20188 20265,20196 20108,30383 20131,20250 30257,30390 30381,30118 20091,30395 20179,20129 20070,20037|20196,30381 20037,20108 20188,20265 20250,20079 30392,30119 20201,20208 20131,30382 20032,20129 30118,20249 20060,30395 30380,20185 30383,20091 30387,20119 20267,30257 20606,20070 30390,20179 30286,30379 30393,20137|20079,20131 20137,30118 20070,20188 20179,30395 30390,30380 20060,20250 30286,20108 20119,30393 30379,30387 30119,20249 30383,20265 20208,20196 20129,30392 30257,20037 20091,20185 20267,20606 30381,20032 30382,20201|20250,20070 30387,20267 20037,20179 20032,30119 30395,30383 20196,20129 20188,30379 20108,20079 20265,20119 30392,20060 20201,30390 20249,30257 20185,30382 20131,20091 30118,30286 30380,30381 20606,20137 30393,20208
20196,30194 20037,20206 20109,20079 20131,20081 30251,30120 20607,20250 30250,30257 30385,20179 20119,20263 20267,30255 20189,20205 20032,20140 30389,30393 20057,30379 30381,20204 30259,20185 30118,20060 30119,30284|20179,20189 20206,20131 20263,30119 20079,20037 20185,30381 30255,30250 30379,30389 20140,20119 30120,20196 20081,20032 20204,30259 30194,20607 30257,20057 30284,30385 20205,20109 30393,30251 20060,20267 20250,30118|20250,20057 20131,30284 20179,20081 20032,30250 20185,30118 30379,20206 20060,20189 20079,30194 30119,20607 20196,20140 20204,30255 30389,20119 30120,20205 20037,30393 30381,30259 30251,20267 30385,20263 20109,30257|20189,20032 20607,30389 20057,20263 20206,20060 30119,30381 20205,30255 30250,20179 20140,30385 20109,20185 30118,30251 20267,20131 30259,20037 30257,30120 20081,20196 30393,20079 30194,20250 30284,20204 20119,30379|20081,30120 30255,20037 20131,20060 20179,30259 20032,30119 30194,30393 30251,20119 20205,30385 30257,30118 20607,20057 30389,20267 30379,20250 20185,20204 30284,20109 20140,20189 20196,30250 20263,20206 20079,30381|20206,30284 20060,20109 20267,20196 20189,20185 30259,30389 20057,20179 30255,30194 30381,20032 20263,20140 20119,20607 20250,30119 30250,20079 30393,30379 30120,20131 20204,30257 20037,30251 30118,20205 30385,20081|30119,30194 30284,20250 20196,30393 20079,30259 20131,20205 20109,20267 20081,20204 20032,30255 20060,30385 30389,20185 20189,30251 30257,20037 30250,20263 20179,30381 30379,20140 30118,20607 20206,30120 20057,20119|20204,20079 30255,30389 30393,20060 20037,20109 30194,20057 30385,30119 20607,20131 20250,20032 20263,20196 20119,20179 30259,30284 20185,20081 30381,30257 20205,30250 30251,20206 30120,20189 20140,30118 20267,30379
20140,20189 20607,30119 20267,20250 20113,30391 30118,30259 20265,20108 20032,30381 20209,20131 20371,30250 20205,30284 30252,30257 20206,30253 20060,30380 30286,20204 30385,20083 20070,30390 30195,20085 20037,20606|20108,30118 30253,20205 30390,20265 30284,30252 20085,20607 20250,30385 30380,20113 20189,20267 30259,20070 30381,20037 20131,20060 30391,20032 20204,20209 30257,20371 20606,20206 30119,20140 30250,30286 20083,30195|30390,20267 20607,20265 20250,30250 20083,30257 30119,30284 30259,20108 20206,20032 20204,30391 20037,30253 30381,30385 20131,20371 30118,20113 30380,20085 20060,20140 20205,20070 30252,20606 30286,20189 20209,30195|20209,30119 20140,30259 30391,20250 30195,30385 30118,20265 20606,30250 20108,30390 20085,30286 20189,30257 30284,20206 20205,30381 20032,20607 20371,20083 30253,30380 20267,20037 20060,30252 20113,20131 20070,20204|30391,30381 20371,30380 30284,30390 30195,30118 30252,20108 20607,20037 30286,30253 30250,30119 20204,20205 20267,20085 20606,20113 30385,20060 20032,20209 20131,20250 20265,30259 20070,20189 30257,20206 20083,20140|20140,30284 20189,20083 20037,20205 30380,30252 30250,20607 30259,20204 20085,30391 30253,30195 20265,20070 20250,20371 30119,20606 20206,20060 20113,20267 30385,30118 30381,20209 30390,20131 30257,30286 20108,20032|20205,20083 20189,20265 30381,30250 30119,30253 20113,20206 20607,20204 30390,30257 30286,20140 20060,20606 30284,20032 30252,30118 20070,20037 20131,30385 30195,20371 20108,20085 30259,30391 20209,20250 20267,30380|20265,30284 30253,20607 20371,20070 20140,20113 30118,20267 30380,30119 20085,20209 20083,30252 20206,20205 20204,20131 20032,30286 20606,30381 30391,20189 20250,30195 30257,30259 20037,20108 30250,20060 30385,30390
20081,20039 30250,30284 20182,20201 30386,30119 20140,20199 30395,20607 20137,20265 30394,30254 20070,20185 30249,30118 30255,30391 20119,20037 30286,30258 30259,20079 20057,30251 30390,20263 30252,20250 20249,20371|20371,20081 20037,30395 20185,30386 20201,30255 20199,30286 30258,30249 20263,30250 30118,20182 30251,20119 30119,20249 20250,20137 20265,20070 30391,20057 20039,20140 20607,30259 30284,30252 30254,30390 20079,30394|20057,20037 20265,20199 20119,30119 30254,30258 30386,20039 30391,30251 30252,20185 20081,30390 30249,20263 20201,20250 20070,20607 20137,20182 30255,20079 20140,30250 30286,20371 30259,30395 20249,30118 30284,30394|20070,30284 30390,20182 20039,30254 30251,30286 20119,30258 20037,20263 20185,20137 30394,30118 20079,20265 20607,20371 30252,20140 20250,30386 30119,30391 20081,20249 30259,20201 30395,30249 30250,20199 30255,20057|30119,30250 20185,20081 20371,30284 30254,20137 20199,30255 20140,20070 30118,30251 20079,30286 20249,30394 30258,20037 20265,20119 30249,20607 20263,30259 20182,30391 20057,30395 20039,20250 20201,30390 30386,30252|30250,20249 20250,20081 20263,20039 30284,20057 30258,20070 20371,30255 30251,20265 20037,20079 30286,30254 30391,20119 20607,30252 30395,20185 20182,30249 20137,30119 30394,20140 30390,30259 30118,20201 20199,30386|30391,30394 20057,20263 30255,30252 20265,30286 20081,30118 30254,20371 20250,30250 20079,20607 30249,30390 20140,20182 30395,20199 30251,30259 20249,20201 20119,20185 30284,20039 30386,20070 20137,30258 30119,20037|20185,30249 20263,20249 30390,30284 30259,20250 20201,20140 30250,20079 20371,30386 30394,20265 20607,20137 20070,30254 30258,30391 30252,30119 20039,20057 20037,30251 30118,30395 20182,20119 30286,30255 20199,20081
20206,30258 20606,20070 30383,30385 20113,30119 20109,20131 20252,30194 20263,20210 20037,20250 30250,20198 20137,30390 30388,20267 30379,30257 20083,20060 30392,30284 20185,20085 30252,20039 30382,20249 30286,30120|30194,20083 30257,20037 20131,30250 20198,30383 30390,20185 30284,20606 20039,30382 30120,30388 20267,20252 20070,30379 30119,20137 20060,20263 20249,30252 20210,20206 20250,30286 20085,20109 30258,20113 30385,30392|20250,20131 20249,20037 30257,20060 20185,30194 20137,20083 30286,20267 20070,20252 30388,20109 20198,30252 30119,30382 20206,30392 30250,20113 20085,30284 30379,20210 30120,30258 20606,30383 30385,20039 20263,30390|20206,30379 20185,20198 20267,20249 30258,20606 30383,30286 30194,30257 20137,30385 20263,20039 20252,30119 30392,20070 20131,20037 30390,20085 20109,30120 20210,30250 30252,30388 20060,20250 20083,20113 30284,30382|20113,30252 20039,20137 20037,20185 20060,30385 30379,20109 20131,30383 30388,30257 20198,20070 30286,20263 30120,20085 20083,20267 20250,20206 30382,30250 30194,30284 30392,20210 20606,20249 30258,20252 30119,30390|30284,20083 20085,30392 20113,20206 20249,20185 30250,30194 30252,20060 20109,20606 20252,20198 20210,30119 20039,30286 30385,20250 20037,30388 30257,30120 30383,20263 30382,20131 30390,30379 20267,20137 20070,30258|20252,20083 20263,30388 20206,20137 30250,30119 20606,20267 30383,20113 20198,30258 20185,30382 20085,30194 20060,20131 20210,20109 30257,30252 20070,20039 20249,30120 30286,20037 30390,30385 30379,30284 20250,30392|20039,20210 20109,20198 30258,30286 20037,20070 30385,20185 30392,30383 20267,30250 30119,20206 20083,30257 20113,20085 30120,30379 20137,20263 30388,20606 30284,30390 30252,20250 20131,20249 30194,20060 30382,20252
20263,20198 30286,20119 20032,20607 20252,20037 30393,20371 30379,20133 20265,20189 20184,20039 20057,30256 20131,30119 20205,20085 20209,20208 30382,30249 30258,20179 20083,30384 30194,20060 30385,30120 30389,30252|20371,30382 30384,20184 30120,20209 20208,20032 20085,30389 30256,20131 20037,30379 30252,30194 20198,30286 20189,20205 20133,30393 30249,20252 30119,20083 20060,20265 20179,20057 20607,20263 20119,30385 20039,30258|20119,20198 20371,20060 20252,30286 30379,20032 30382,30119 30252,20039 20209,30384 20057,20083 30249,20265 20263,20131 20133,30194 20184,30120 20208,20189 30258,20037 20179,20607 30393,30256 30385,20085 20205,30389|30379,20208 20060,30382 30119,20205 20085,30249 20189,20133 20184,20263 30194,20119 30258,30393 30384,20039 20131,20057 20037,20371 20083,20032 30120,20179 30389,20252 20265,20607 30256,20209 30385,20198 30286,30252|20032,20189 30286,30382 20119,20133 20039,20265 20057,20252 30393,30384 20263,30385 20060,30252 20208,30258 30120,20131 20198,20083 30194,30389 20607,20205 20085,20184 30249,20371 20037,20209 20179,30256 30119,30379|20209,20057 20189,30119 20265,30258 30384,30385 30252,30249 20032,30120 20205,20263 30389,20060 20371,20085 30382,20119 20252,30194 20131,30286 20198,20184 20039,30393 20607,20037 30256,30379 20133,20179 20083,20208|20085,20131 20119,20039 20037,30252 30286,20133 20265,30379 30389,20607 20208,30384 30120,30393 20189,20371 20179,30385 30256,20198 20252,30382 30119,20263 20209,20032 30249,20205 30258,20060 20057,20184 20083,30194|30382,20057 30385,20265 20205,20208 20607,20252 30393,20189 30194,30286 20371,20179 20039,20083 20131,20119 20184,30249 30252,30119 30379,30389 20198,30120 20032,30256 30384,30258 20133,20037 20263,20209 20060,20085
30259,30383 20085,30286 30258,20039 20079,20060 20057,20249 20140,20113 20037,30194 30381,30254 30380,30119 30382,30390 30257,30118 20198,20179 30391,20108 20265,20252 20263,20185 20606,30249 30252,20205 20131,30394|30249,30259 30118,30381 20113,20079 30286,20263 20205,30258 20179,20037 20252,20606 30383,20131 30390,30257 20039,20265 30254,30391 20060,20198 20108,30252 20249,30380 30194,20057 30119,20085 30394,30382 20185,20140|20113,30383 30382,20079 30257,30380 20179,30394 30249,30194 20252,20140 30254,30286 30258,30391 20265,20037 20249,30118 20198,20185 30252,20039 20205,20085 20060,20131 30259,30119 20108,20606 30381,20263 30390,20057|20265,30254 20131,20108 30383,30382 20057,30118 30252,30390 30380,20113 30391,20249 20140,30258 20263,30394 20198,30257 20079,20252 30286,30259 20185,20179 30194,20060 30119,30381 20037,20205 20606,20085 20039,30249|20179,20249 20606,30286 20085,30391 20131,20185 30383,30252 30382,30258 20252,30380 20060,30119 30118,20198 20263,20205 20079,20057 20039,30254 30249,20113 30394,30194 30257,20265 30381,30259 20140,30390 20108,20037|20185,30382 30394,20198 30118,20108 30259,20079 20249,20606 30286,30257 30194,30381 20113,20263 20037,20131 20085,20140 20057,20039 30258,20265 30119,20179 30390,20060 30391,20252 20205,30249 30254,30383 30380,30252|30259,20263 20265,30194 20131,20198 20252,30118 20249,20113 20185,30258 30252,20060 30390,30249 20039,20085 20057,30119 20108,30381 30383,30286 30254,20037 30391,30394 20079,30257 20140,20179 30380,20606 30382,20205|20037,30380 30286,20108 30118,20265 20085,30259 30381,20131 20113,30382 20606,30390 30394,20140 20198,20057 20263,20079 30258,30252 20060,20249 30194,30383 30119,20185 20179,20252 30257,20039 30249,30254 20205,30391
30257,20263 20031,20083 20188,30120 20210,30379 20052,20250 20113,30389 30395,20070 30391,30259 30383,30250 20179,20249 20199,20131 30382,20606 20032,20081 20607,20109 20265,30258 20140,30119 20201,20057 30252,30284|20250,20031 20081,30383 20109,20265 30250,20032 30259,30395 30258,30252 20070,20201 30119,20179 20057,30382 30389,20140 20606,20113 30379,20199 20083,20188 20249,30257 20131,20607 20263,20052 30284,20210 30120,30391|20083,30252 20607,20057 30250,30391 20199,20263 20265,20070 30379,30119 20250,30258 20031,20606 30395,20210 20201,20081 20052,20249 20188,20131 20140,20032 30383,30120 30382,30257 20113,30259 20179,30389 20109,30284|30257,30383 20052,30379 30258,30382 20131,20250 20201,30389 20606,20199 20249,20109 20210,20265 30259,20140 20057,30284 20263,20607 30252,20113 20032,30395 30391,20083 20188,30250 30120,20081 20070,20179 30119,20031|30120,20250 20081,20263 20031,30382 30389,30252 30383,20052 20057,20032 30284,20607 30379,20109 20179,20083 30391,20265 20140,30250 20210,20199 20113,20201 20249,20606 30259,20188 30258,20070 20131,30257 30119,30395|30389,20188 30252,30120 20109,30391 20083,30379 20263,20210 20070,30383 30395,20131 20607,20179 30257,30258 20032,20249 20250,20057 20265,20140 20081,20031 20606,30119 30382,20113 30250,20052 30284,20201 20199,30259|20265,30395 30119,20249 30379,20057 30382,30284 30391,30389 20210,20109 30383,20607 30250,20250 30259,20179 20140,20052 30252,20606 20083,20113 20031,20199 30120,20201 20188,20263 30257,20032 20131,20070 30258,20081|20179,30250 20070,20083 20263,30391 30395,30379 30284,30257 20032,30258 30389,30382 20607,30120 20201,30252 20081,20210 20199,30383 20057,20188 20606,20265 20052,20031 20113,20131 20109,20140 20250,30119 20249,30259
20182,20189 20083,20037 20206,20108 30385,20039 20203,30390 20606,20137 30394,30379 30257,20129 30120,20205 30252,20204 30117,20131 20057,30381 20267,20371 30249,20201 20198,30284 30383,20060 20252,20184 20179,20091|30379,20203 20039,30394 20201,20179 20189,20206 20204,20057 20129,20267 20091,30383 30381,30120 20184,30257 20108,20606 20037,20252 30390,30117 20205,20182 20137,20198 30284,30249 20131,20083 20371,30252 20060,30385|20039,20206 30249,20205 20057,20201 20083,30117 20204,30120 20108,30284 20267,30257 20203,20198 30383,20131 20184,20060 30379,20037 30385,20189 20606,20252 20129,20182 20371,20091 20179,30394 30381,20137 30390,30252|30385,20204 30284,30381 20137,20091 20057,20083 20131,30257 30117,30379 20606,20203 20201,20129 30252,20184 30394,20371 20179,20267 20037,20205 20206,30390 20189,20039 20252,20108 30383,30249 30120,20182 20198,20060|30379,20606 30390,30383 30252,20129 20060,30117 20204,20203 20201,30394 20252,20198 20131,30249 30284,20083 20091,20057 20182,30385 20037,20137 20039,20108 20371,20184 20189,30120 30257,20206 20205,20179 30381,20267|20203,20189 30394,20057 20205,20606 20206,30284 20091,20039 20137,30383 20060,20371 20267,30252 20184,20037 20083,30390 30120,20201 20198,30385 30257,20179 20182,20131 30117,20204 30249,20252 20108,30381 20129,30379|30284,20137 20606,20182 30390,20091 20057,30252 20184,20205 20189,30249 20129,20060 20267,30117 30379,30381 20039,20203 30385,30394 20131,20201 20204,20108 20037,20371 20083,20198 30383,20252 30120,30257 20179,20206|20137,20184 20205,30383 30381,20083 20091,20204 20108,20129 20060,20267 20182,20179 20206,20606 30117,20057 30394,30284 20201,20189 20252,30390 20198,20131 20203,20037 30252,30379 30249,20039 20371,30120 30257,30385
20198,20205 30120,30393 20060,20106 30259,30380 30119,20137 30195,30386 20081,20249 30284,30387 30286,20108 30381,20083 20052,20182 20039,20250 30254,20037 20133,20206 30252,30250 30253,20606 20263,20210 20185,20119|30380,20263 20083,20060 20210,30254 20250,30252 30386,20185 20137,30195 20606,30120 20182,20039 30250,30119 20205,30286 30387,30253 20206,20081 20106,30284 20119,20052 30393,20133 20108,20198 20249,30259 20037,30381|20182,20606 30254,30195 30252,20060 30259,20081 20083,20205 30386,30253 30387,20263 20133,30250 20137,30284 20052,20185 20250,30393 30380,20198 20037,20108 20119,30286 20039,30119 30381,30120 20210,20106 20206,20249|30284,20206 20039,20119 30259,30195 30381,20060 20205,20108 30254,30386 20133,20182 30286,30120 30250,20083 20263,30119 20081,20106 20185,20137 20249,20037 20052,30380 20606,30387 20198,20250 30253,20210 30393,30252|30120,20249 20060,20250 30252,30386 20182,20210 30387,20119 30119,20052 20198,20037 20081,30250 30195,20185 30284,30381 20137,30254 30253,20039 20206,30393 20106,20263 30380,20205 20108,20133 30286,20606 20083,30259|20037,30252 30386,30284 30119,30387 30195,20039 20205,20206 20249,30381 30393,20182 20108,20081 20060,30380 30250,20198 20263,20052 30120,30259 20119,30254 20106,20083 20606,20133 20185,30253 20250,20137 20210,30286|30380,20106 20137,20108 20249,20060 20182,30386 30387,20210 30250,20185 30284,20039 20083,20037 20081,30120 20206,30252 20205,30381 30393,30119 20198,20133 30286,30259 20119,30195 20250,20052 30253,30254 20263,20606|20210,20249 20052,30387 30254,20250 30119,30380 20606,20083 20060,20263 30120,20119 30386,20081 20133,20205 20039,20137 30252,20182 20037,20206 30381,30250 20106,30393 30259,30284 20108,30253 30195,30286 20185,20198
30380,30257 20185,30251 20037,20179 20029,20204 30382,20131 20252,30286 30194,30391 20607,20070 30393,30119 20140,20057 30395,20113 20182,20031 30118,30259 20083,20249 20198,20209 20371,20079 30379,30385 20267,30384|30119,20185 30257,20083 30391,20267 20179,20252 20079,20198 30385,30393 20204,30382 20209,20607 30251,30118 30384,30379 20249,20182 20031,30395 20113,20140 30259,30194 20057,20029 30286,30380 20070,20037 20131,20371|20131,20185 20249,20140 20037,30257 30194,20204 30384,20031 30393,20607 20371,30385 30379,20198 30286,20267 20029,30259 20113,30119 20083,20182 20179,20070 20252,30382 30380,20209 20057,30118 30395,30391 30251,20079|30259,30393 20140,30384 20204,20083 20267,30379 20185,20113 30119,20079 20209,20179 20198,30251 20252,20371 30380,20029 30385,20037 30382,20182 20607,30391 30257,20249 30194,30286 30118,30395 20070,20131 20031,20057|30286,20037 30382,20179 20182,30380 30251,20057 20371,30194 20267,20249 30259,20607 20079,20131 20198,30257 30379,20185 30393,20204 30391,20070 30118,20029 20113,20083 30385,20140 30384,30395 20209,30119 20031,20252|20131,30379 20037,20113 20607,20267 20140,30259 30119,30286 30257,30385 20179,20031 20249,20198 20079,30393 30391,20371 20070,20252 20083,30382 20204,20209 30395,30251 20057,30194 20029,30384 20185,30380 20182,30118|30380,30118 20113,30286 20057,30393 30194,20079 20607,20029 20371,30379 30257,30259 20267,20083 30382,30384 20209,20070 30251,30119 20252,20204 20140,20031 20198,20182 20249,30385 20037,20185 20179,30391 20131,30395|30393,20252 20083,30251 20185,20249 30259,20179 30385,20198 30395,20057 20182,20209 20029,20371 20070,30257 30384,30194 20079,20037 20204,20267 30119,30382 20031,20607 30379,20113 30286,20140 30391,30380 30118,20131
20209,20201 20250,30119 20198,30385 20189,20184 20203,20137 20119,30284 20037,20205 20052,20267 30389,30120 20028,20180 30253,30379 30252,20265 20057,30393 20606,30250 20249,30382 20108,30259 30387,20079 20083,20140|20205,20052 30385,30389 20265,20250 30259,20083 20180,30387 30379,20028 30382,20203 30119,20119 20140,20189 20201,20037 30250,20108 20184,30252 30284,20606 30393,20209 20079,20057 20137,20198 20267,30253 30120,20249|20079,30379 20189,30119 20249,20140 30250,30120 20083,30385 20180,20057 20108,20265 20250,30252 20205,30382 30389,30259 30393,30284 20209,20198 20028,20052 20137,20201 30253,20184 20606,20119 30387,20203 20267,20037|20052,20108 30379,20265 30387,30393 20184,30389 20606,30253 20189,20267 20140,20079 30120,20198 20057,30284 20250,20083 30259,20205 20037,20209 20119,20137 20203,20249 30252,30119 20201,20180 30382,30385 20028,30250|20249,20606 30120,20250 20205,30252 20201,30379 30385,20267 20037,20083 20203,30389 30250,20057 20184,20209 20198,20119 30119,30393 20140,30387 30382,20079 30284,30259 20180,20052 20265,20189 20137,20028 30253,20108|20198,30250 20267,20201 30259,20250 30393,30253 30119,20180 30252,20028 20083,20184 20052,30382 30284,20140 20265,20205 20079,20203 20209,20137 20108,20037 20057,20249 30389,20606 30379,30387 20119,30120 30385,20189|20267,30284 30252,20198 20079,20119 30379,30382 20205,20189 20037,30253 20140,30119 20180,30385 30250,30387 20209,30120 20137,20250 20201,20203 20184,20108 30393,20052 20028,30389 20606,20265 20249,30259 20057,20083|30387,20184 20198,20180 30385,20037 20265,20028 30259,20209 30389,20140 20203,20267 30120,20137 30253,30250 20108,30393 30382,20201 20250,20057 20119,20249 20189,20079 20052,20606 20083,30252 30119,20205 30284,30379
20085,30253 30259,20250 20070,30380 30254,30252 20133,20203 20189,30379 30394,20031 20113,30381 20371,30255 20057,20265 30120,20144 30195,30286 20079,30392 20185,20267 30395,20184 30119,20179 20032,30258 20198,20137|30255,30120 20265,20079 30252,20113 20144,20198 20184,30254 30286,20085 20137,20189 30258,30395 20031,30119 30380,20057 30379,20070 20179,20371 20203,20185 30392,30394 30381,20032 20250,30195 30253,30259 20267,20133|30259,20032 20267,30253 20085,20031 20070,20184 30379,30120 20179,30394 30254,20113 20185,20133 20057,20137 20250,30392 30195,20371 30380,30395 30381,30119 30286,20265 20203,20079 30258,30252 20189,20144 20198,30255|20137,20250 20133,30254 20085,30379 20144,30380 30394,20189 20032,30286 20057,20203 30395,20267 20265,20185 20079,30259 20184,20031 30195,30255 30392,20198 20070,30252 30119,20371 20113,20179 30120,30381 30253,30258|20079,20185 20371,20137 30254,30120 30252,30395 20113,20265 20250,30286 20267,20198 20144,20032 30379,20057 30255,30259 20189,20070 30392,20085 30394,30380 30381,20203 20184,20179 20031,20133 30119,30253 30258,30195|20203,30254 20031,30195 30120,20079 20179,20144 30286,30381 30259,30258 20371,20267 20137,30394 30395,20070 20032,20085 30253,30392 20185,20189 20265,30119 30255,20057 20198,30379 30380,20250 30252,20184 20133,20113|30253,20137 30392,20265 20070,20371 30259,30119 20185,30394 30381,30255 20179,30252 20198,30380 20113,20079 20267,20189 20250,20031 30120,30286 30379,20203 20184,30258 20085,20144 30254,30195 20032,30395 20133,20057|30255,20085 20203,20179 30119,20185 20031,20198 30395,30254 20265,20250 30394,30379 30380,20133 30258,20113 30252,20267 20371,30120 20137,20032 30286,30259 30195,30381 20189,30253 20079,20070 20144,20184 20057,30392
20119,20131 30118,20201 20037,20199 20263,30395 20085,20249 20106,30252 20137,30379 20265,20179 20070,30385 20250,30381 20039,30386 20189,20184 30392,30391 20057,30393 30250,20210 30119,20607 20081,30383 30286,30388|20249,20057 30388,20106 20131,30286 30386,20189 20607,30118 20184,20119 20199,30250 30381,30392 30385,30119 20201,20265 20179,20250 30395,20137 20210,20085 30252,20037 30379,20039 30393,20081 30391,20070 30383,20263|20085,20106 20201,30252 30393,30379 20265,20070 30386,30383 20081,20137 30381,20184 20210,20189 30119,20263 30388,20199 20037,30392 20119,20179 30118,30286 30385,20249 30391,20131 30250,20607 20039,20250 30395,20057|20119,30381 20263,20250 30383,30118 20070,20210 20184,20201 20199,30119 20057,20037 30250,30386 20131,30388 20106,30385 30286,20265 20607,30395 20249,30391 30392,20085 20179,30393 20137,20039 30252,30379 20189,20081|20131,20607 20250,20199 30383,30392 30385,20037 30252,20189 30388,20265 20137,30119 20184,30286 30379,30395 20106,20070 30393,20201 20179,20249 20081,30391 20210,30118 30386,20119 30381,20039 20057,20263 20085,30250|30118,30385 30286,30252 20199,20184 30119,30388 20070,30383 20607,20085 20037,20119 20189,30381 20250,20057 30379,20179 20039,20081 20201,20106 20265,20137 20249,30250 30391,30393 30392,20210 20263,20131 30395,30386|20137,20263 30392,30250 20081,20210 20265,30386 30119,20179 20249,20039 30286,20085 20201,30388 30393,30395 30383,20119 30381,30118 20131,20184 30391,20250 20057,30379 20106,20037 20070,20607 30385,30252 20189,20199|20199,20106 30386,30381 20210,30119 30252,30391 20037,20189 20179,20137 20085,30393 30388,30385 20184,30392 30118,20131 20119,20265 20039,20057 20607,20201 30250,30383 30395,30286 30379,20070 20263,20249 20250,20081
30117,20250 30284,20083 30195,20189 30254,30259 20199,20131 20249,20185 20140,20265 20204,20032 30382,20108 20206,30120 30286,20209 20091,20039 20057,20109 20607,30379 30390,30386 30393,30252 30253,20263 20060,30250|20189,30390 20083,30286 20263,20204 30120,30393 20250,20091 20131,30284 30379,30254 20209,20206 20109,30117 20039,30253 20265,20060 30386,20057 20032,30382 30250,20607 20185,20199 20108,30195 30252,20140 30259,20249|20204,30252 20189,20131 20060,30393 20032,20057 20249,30254 30120,20140 30382,20250 30195,20185 20265,30284 30286,30250 20263,20108 30253,20109 30259,30117 20039,20607 20199,30386 30390,20209 30379,20083 20091,20206|20185,20265 30195,20091 20057,20263 20209,20607 30250,30284 20109,20199 20206,20032 20250,20060 30117,20140 20131,30259 20204,30253 20083,20189 30393,20039 30382,30390 20108,20249 30252,30379 30254,30286 30386,30120|30252,20189 20140,20032 30250,30117 30379,20265 20250,30259 30253,30382 20091,30393 30284,20204 20083,30120 30254,30195 20209,20199 20249,20039 20607,20263 20206,20057 30386,20185 20131,20060 30286,20109 20108,30390|20265,30382 20263,30386 30284,30195 20060,20083 20185,20108 20199,20249 20189,30286 20057,30254 30390,20091 30259,30379 20607,30252 20140,30250 30393,20206 20032,20250 30117,30253 20109,20131 30120,20204 20039,20209|30386,20131 20091,20185 30259,20607 30252,20250 20263,30195 30390,30250 20057,20249 20060,20209 30286,30120 20108,20140 20199,20206 30382,20189 20083,20109 30254,20032 30379,30284 30393,30253 30117,20265 20039,20204|20204,20057 20032,20083 20109,30386 20265,20039 30195,30379 20131,20091 20209,30259 20140,30254 30284,30393 20250,30286 30253,20199 30250,30382 20185,30390 20206,30252 20189,30117 20249,20263 30120,20060 20607,20108
20185,20137 20057,30120 30394,30383 30379,20210 30381,20032 20208,20081 20196,20131 20070,20201 30254,20108 30258,20189 20265,20203 20119,20607 30118,20028 20205,20029 30256,30252 30250,20085 20179,20267 20252,30284|30383,30381 20137,30394 20201,30379 20131,20205 20029,30118 30120,20265 20085,20070 20607,20196 20203,20252 20108,20179 20189,30254 20081,20057 20267,20208 20032,20185 20210,30256 30284,30250 20028,30258 30252,20119|20081,20029 20210,30120 30250,30258 30284,20607 20179,30254 20057,20032 30252,20201 20085,20119 20252,30394 20131,20028 20196,30383 20070,20208 30118,20205 20203,20137 20189,20108 20185,20267 30381,30379 30256,20265|20265,30258 20185,20085 30383,20208 20607,30252 30256,20131 30379,20070 20028,30250 20267,20252 20029,20189 20057,30284 20201,20210 20119,30394 20108,30381 30118,20137 20032,20081 20179,20196 20205,20203 30254,30120|30258,20252 20108,20201 20032,20210 30120,20205 30381,20189 20203,20267 30254,30118 20070,20081 20119,30256 30250,30383 20208,20057 30394,30252 20137,20028 20265,20179 20607,20085 20029,20131 20196,20185 30284,30379|30379,20119 20028,20108 20201,20029 20085,30254 20205,30250 20189,30118 30383,20607 30120,20179 30394,20057 30258,30256 20210,20185 30252,20203 20081,30284 20208,30381 20131,20265 20252,20196 20137,20070 20267,20032|20085,20208 30383,20185 20607,30379 20205,20201 20119,20137 20057,20196 30252,20210 20131,20267 20028,20203 30256,30394 30118,30284 20070,30381 20108,20032 20029,20252 20081,30120 20189,20265 30254,30258 30250,20179|30381,30256 30284,20070 20267,20189 20179,20029 20137,30250 20196,30252 30120,20028 20265,20607 20210,20108 30379,30254 20203,20085 20032,30383 30258,20119 20208,30118 20252,20081 20201,20057 20185,20205 30394,20131
30118,30250 30386,20060 20204,20263 20208,30120 20206,30393 20079,30380 30384,20137 20083,20109 20057,20131 20252,20037 30286,20203 20606,30390 20249,30195 20250,30381 20185,20032 20205,30382 20265,20371 20196,20180|30380,20250 20263,20205 20032,30384 20060,30286 30195,20196 30382,20079 20037,30118 30393,20208 20203,20606 20137,20057 20180,20185 30250,30386 20131,20252 20109,20204 20371,20083 30390,20249 30381,20265 30120,20206|20249,20137 20131,20032 20057,30382 30390,30250 20263,20606 20250,20371 20208,20060 20109,20079 20204,30286 20265,20203 30381,30118 30384,30195 20037,30393 30380,30386 20196,20205 20185,30120 20206,20083 20252,20180|20371,30390 20204,30384 30118,20131 20185,20263 20196,20037 20203,20057 30286,20032 20137,20265 20206,20208 20180,30381 30393,30382 30195,30386 30120,20252 20083,20249 20606,20079 20205,20250 30250,20109 20060,30380|30393,20185 20079,20250 20265,20060 30390,20057 20180,20204 20208,30118 20037,30195 20263,20252 30386,20083 30381,20109 30384,30286 20606,20206 30380,20371 20032,20203 20205,20137 30120,20131 20249,30250 30382,20196|20079,20037 20109,20263 20083,30381 20131,20606 30286,30393 30195,20265 20203,30390 30382,30384 20252,20205 30118,30380 20060,20249 20137,30120 30250,20208 20032,20206 20250,20196 20371,20180 30386,20204 20057,20185|20060,20037 20208,20083 20137,30250 30393,20032 30195,20057 20204,20079 30384,30381 20185,30118 30286,20249 30120,20203 20109,30386 20606,20250 20265,30382 20371,20205 20206,20180 20263,20131 30390,30380 20196,20252|30382,20606 20250,20185 20252,30390 20083,20196 20079,20060 30250,20265 20057,20208 20037,20371 20203,20204 20131,30286 20180,20109 30381,30120 20205,30195 30380,20263 20249,30384 30118,20206 30386,30393 20032,20137
30380,20203 30253,20206 20028,20079 30286,20060 20252,30284 20085,30119 20208,30252 20607,20196 20249,20265 30258,30249 20131,20031 20201,30379 20109,30386 20263,20188 20185,20210 30392,30117 20137,20113 30382,20057|20113,20131 20265,20607 20206,30392 30386,30253 20203,20185 30284,20208 30252,30286 30249,20137 30119,30380 20188,20028 30117,20249 20079,20263 20031,30258 20210,20201 30379,20109 20057,20252 20060,30382 20196,20085|20060,30252 30117,20210 30392,20113 30249,30119 30386,20265 20109,30284 20196,20263 20131,20201 30258,20249 30253,20085 30382,30379 20206,30286 20203,20252 20079,30380 20031,20188 20137,20185 20607,20028 20057,20208|20185,30117 20263,30380 20249,20196 20188,20057 20201,30258 20137,30382 20028,30379 20252,20079 20085,20109 20265,20060 20210,20203 30284,20031 30119,20131 30286,30392 20208,20206 20113,30253 20607,30249 30252,30386|30382,30286 30249,20249 20060,20079 30258,20109 20196,30284 30386,20210 20206,20031 30379,30392 20057,20137 20201,30117 20085,30252 20265,30253 20131,20203 30380,20028 20185,20113 20208,20607 20252,20263 30119,20188|30392,20196 20263,20185 30117,30249 20031,20085 20203,20057 30286,30258 20079,20607 30380,20201 30379,20208 30284,30382 30252,20265 20249,30119 20109,20137 20028,20206 30253,20252 20113,20060 20210,20131 20188,30386|20137,20249 20203,20028 20131,30392 20085,20057 30284,20188 20113,20208 30249,30252 20252,30382 20210,30380 30119,30258 20206,20263 20607,30117 20109,20265 20079,30286 20060,20201 20196,30253 20185,30379 30386,20031|30258,20196 30117,20109 20265,30284 20188,20203 20028,20210 20201,20113 20031,20252 20057,20206 30382,20607 30392,30249 20208,30119 30379,20060 30380,30386 20249,20131 30253,20185 30286,20137 30252,20079 20263,20085
20131,20081 30389,20198 20184,30286 20188,20249 30386,20032 30284,20106 20144,20263 30120,20070 20606,20250 30393,20267 20060,30255 20083,30258 30253,20371 30379,20119 30391,20037 30118,30381 30380,30392 30382,30259|20106,20188 30259,30284 20037,20083 20081,30118 20267,30389 30255,30393 30258,20144 30286,30391 20250,20131 20032,20060 30392,20606 30381,30379 20249,20184 20263,30386 20371,30120 20198,30253 20119,30382 20070,30380|20131,30381 30393,20263 30120,30391 20060,20267 20250,20184 20371,20249 30382,30380 30258,20198 30286,20037 20606,20083 20144,30253 30284,30392 30379,30259 20188,30118 20070,20106 30389,20032 20119,30255 20081,30386|30120,30286 30380,30389 30381,20106 20606,30258 30386,30118 20188,20119 20263,20131 20083,20032 30391,20250 30253,30382 30392,20198 20184,20060 30379,30393 30259,20070 20249,30284 30255,20371 20037,20144 20267,20081|30393,30381 20249,30120 20267,20188 30386,30253 20032,30391 20198,30379 20119,20250 30259,20060 30382,20131 20106,30392 30255,20606 20037,30389 30118,20083 30286,20144 30258,20070 20081,20371 30284,20263 20184,30380|20263,20188 30118,30255 30381,30386 20083,30379 30380,30258 30392,30120 30253,30284 20144,20081 20198,20606 20060,20037 20371,30286 20032,20119 20250,30382 20070,20267 20106,30259 30389,20249 20131,20184 30391,30393|30286,20250 30382,20188 20606,30381 30120,20060 30255,30389 20249,20106 30258,30391 20144,30379 20131,20198 20184,20032 30380,20119 20371,20070 20267,30386 30392,20081 20037,30393 20263,30259 20083,30253 30284,30118|20198,20371 20188,30392 20032,30284 20070,20606 20250,20267 30391,20144 30386,30255 30381,20249 20060,30382 20119,20037 20106,20131 30389,30120 30259,30380 20081,20263 30253,20184 30379,30258 30393,20083 30118,30286
20205,30252 30395,20607 20129,20091 20137,30379 30118,20210 20250,20371 20052,30286 30258,20263 30120,20606 30381,20184 30256,20179 20109,20249 20037,30390 20208,20265 20081,20032 20060,30394 20196,20188 30391,30250|30390,20109 30250,20196 30394,30120 20091,20037 20371,20060 30379,20081 30252,20129 20210,20205 30286,30381 20606,20250 20032,30258 20179,20137 20607,30391 20265,20052 20184,20208 20249,30118 20263,30256 20188,30395|30395,20205 30118,20037 30286,20091 20208,30379 20606,20210 20607,20371 30258,30252 30381,20129 30250,20249 30391,20137 20196,20081 20052,30394 20265,20179 20109,30256 30120,20250 20060,20188 20184,30390 20263,20032|20032,20109 20188,20606 30394,20196 20371,30381 20210,20263 20179,30250 30390,30286 20129,30120 30391,20052 20205,20037 20091,20265 20208,20607 20249,20137 20081,30118 30258,30395 30379,30256 30252,20060 20250,20184|20091,30379 30118,30258 30394,20188 20184,20129 20263,30252 20249,30120 20210,30286 20052,20606 20371,20081 30250,20032 30256,30381 20137,20060 20205,30391 20607,20196 30395,20208 30390,20265 20037,20250 20179,20109|20032,20205 30286,30118 30381,30395 30256,20210 20606,30391 30120,20371 20188,30258 20081,20184 30379,20263 20137,20091 20109,20052 20060,30250 20250,30394 20196,20179 30252,30390 20265,20249 20037,20607 20129,20208|20210,20607 30118,30256 30394,20091 30390,30379 20060,20109 20081,30395 20032,20137 20265,30381 20249,20371 30252,20208 30258,20052 20179,30120 20606,20037 20263,20184 20129,20188 30250,20205 20196,30391 20250,30286|30379,30118 20109,30252 20371,30250 20205,20249 20052,20129 20091,20179 30256,20032 20137,20196 30391,30394 20607,20263 30395,20060 20037,20210 30381,30258 30286,20606 30120,30390 20184,20265 20208,20250 20188,20081
20133,30390 20203,20606 20131,30382 20180,20106 30381,30394 30284,20091 20267,20070 20144,20029 20209,20189 20060,30195 20371,30380 20265,30253 30388,30385 20249,20198 30386,20205 20037,30379 30118,20185 20079,30119|30394,20037 30119,20265 20606,20131 20185,20060 20205,20203 20198,20079 20070,30386 30380,20133 20091,30381 20189,30284 30385,30118 30382,20267 30390,20249 30195,20371 30379,20209 20029,30388 20106,20144 30253,20180|20267,20249 20185,20029 20606,30388 30381,20198 20144,20209 20131,20265 20037,30385 20106,30394 20133,20371 30380,20203 20079,20189 30386,30390 30195,30118 30253,30284 30379,20205 20060,20091 20070,20180 30119,30382|30390,20185 30394,30253 20249,20079 20198,30195 20205,20131 20091,20606 20267,30119 20037,20106 30118,20133 30284,30379 20180,20144 20209,30385 20203,30382 30386,20060 30388,20371 20029,20070 20265,30380 20189,30381|20070,20091 20371,20205 30394,30119 20203,20037 30380,30195 30379,20106 20131,30253 20198,30118 20185,20267 30388,20189 20079,20133 30382,20209 20265,20249 30390,20029 30385,20144 20606,20060 20180,30386 30284,30381|20209,20070 20371,20079 30195,20265 20144,20267 30119,30379 20106,20203 20091,20185 30385,20131 20133,20198 20249,20180 20205,30380 30118,30394 20029,30284 20060,30390 30382,30386 20189,20037 30381,20606 30253,30388|30394,20180 20037,20249 20079,20267 30379,30390 20189,20606 20070,30118 20060,20205 20198,30386 30380,30381 20209,20203 20185,30385 20265,20133 20091,20029 30195,30382 20106,20131 30253,20371 20144,30119 30388,30284|20180,20185 30284,20144 20267,30253 30381,20070 20205,20265 20131,20037 30382,20106 20203,20198 20029,20060 30385,30380 30386,20079 20249,30394 30390,30388 20606,30379 30119,20091 30118,20189 20133,30195 20371,20209
30250,30252 20249,20265 20083,20185 20198,30253 30119,30389 20037,20606 20250,20203 30379,30393 30120,30251 20267,20113 20210,30284 20131,30254 20201,30392 20085,20032 30286,20206 20108,20140 20057,30258 20060,30382|20203,20267 30392,30119 20032,30250 20140,20085 30284,20108 20265,20250 20206,20201 20606,20060 30382,30286 20185,20210 20113,20057 30258,30379 30252,20198 30389,30120 30254,20037 30393,20249 30253,20131 30251,20083|30392,20206 20108,30382 30120,20032 20198,20131 20185,30119 20083,20037 20267,20249 30393,20113 20265,30258 30253,30252 20060,20140 20201,30251 20057,20203 20250,30254 30379,30284 30250,30389 30286,20085 20210,20606|30119,20265 30379,20085 30284,30393 30252,20060 20606,30254 20140,20249 30250,20057 20113,30253 20032,20206 30251,20250 30389,20198 30258,20083 20203,20210 20037,20131 20201,20108 30286,30392 30382,20185 20267,30120|30254,20210 20250,20185 20249,30286 20108,30251 30284,30250 30382,20140 30258,20203 20206,30252 20113,20198 20037,30379 30393,30392 30253,20606 20057,20083 30389,20060 20265,30120 20032,30119 20131,20267 20085,20201|20083,30393 30120,30258 20249,30389 20210,20113 30119,20250 20085,30284 30254,30253 20131,20265 20140,30286 30251,30379 20606,20267 20060,30250 20206,20037 30392,20108 20203,30382 20185,20057 20198,20201 30252,20032|20037,30252 20250,20140 30253,30382 20108,20210 30258,20249 30119,20057 20185,20198 30389,20083 30286,30251 20060,20206 30379,20201 30392,20203 30120,30254 20267,30284 30393,30250 20265,20085 20032,20113 20606,20131|30252,30119 20085,30389 20206,30253 20083,20250 30254,20267 20201,20185 20131,20108 20210,30393 20057,30120 30284,20265 30250,20606 30251,30258 20113,20060 20249,20032 20203,20037 30382,30379 20140,30392 20198,30286
20032,20108 30286,20185 30389,30250 20267,20060 20052,20091 30119,20201 20204,30253 20250,30257 30117,30395 20198,30392 20252,20057 30388,20263 30252,20606 20079,20113 30379,20209 20131,20028 20137,30394 30284,30382|20057,30388 30394,30252 20201,20204 30257,20267 20060,20252 20108,30284 20209,20079 20028,30389 30395,20052 20263,30379 30253,20131 20091,20198 20113,20032 30250,20137 20606,20250 30392,30286 30382,30117 20185,30119|20201,20137 30117,20198 20263,30382 30286,30389 20204,20028 30253,20209 20108,30388 20252,20267 20113,30257 20606,20131 20060,20091 30394,20032 20079,20057 30395,30392 30252,30250 20250,30284 30379,30119 20052,20185|30250,30394 20137,20079 30379,20113 30252,20108 20028,20052 20185,20267 30382,20250 20057,20263 20131,20201 20209,30389 30117,20606 20032,30286 30257,20060 30388,30284 30392,20204 30119,30395 20091,30253 20198,20252|20113,30252 30284,30117 30389,20606 20131,30392 20032,30395 30257,30388 20079,30382 30250,20263 20267,20250 20198,20204 20091,20137 20201,30286 20028,30379 20252,30253 20185,20108 20052,30119 20209,20060 30394,20057|30392,30257 20060,30117 20267,20052 30388,20028 20204,30250 30253,20198 20250,20091 30119,20252 20057,20032 20137,20209 30395,30379 20263,20185 20606,20201 30284,20079 30382,20113 30389,30394 20108,20131 30286,30252|20032,30117 20113,20606 30379,30286 20137,20252 20201,30257 30394,30119 30392,20091 30388,30382 20057,30252 20028,20060 30250,20198 20079,20267 20131,20250 30395,20185 20108,20204 20209,30284 20263,20052 30253,30389|20250,20201 20198,20032 30119,20137 20060,30394 20252,20131 30117,20113 30286,20028 20606,30392 20185,20057 30257,20079 30382,30253 20091,20263 20267,30388 20204,20209 30284,30379 20052,30250 30389,20108 30252,30395
20108,20201 30286,20204 20606,20031 20263,20198 30256,20137 20371,20057 30251,30379 20210,30388 30391,30120 20265,30393 20250,20091 30249,30284 20070,20039 30390,20140 30252,30253 30395,20249 20079,30381 20185,30119|30393,20108 30119,30395 20249,20263 30379,20606 20198,30251 20091,30391 20057,20265 20031,30390 20140,30286 20137,20371 30253,20070 30381,20185 20204,20250 30284,30252 30388,30256 20039,30249 30120,20210 20201,20079|30119,30252 30379,30390 20204,20137 30393,30388 20091,20140 20079,20263 30256,30286 30284,20249 20070,20606 30381,30249 20201,20210 30391,20031 30395,20198 30120,20250 20057,20108 30251,20371 20039,30253 20265,20185|30249,20057 20371,30393 20079,20070 30391,30251 20108,30120 20249,30379 20263,20091 20140,20031 20185,20204 30253,30119 20137,30395 30388,30381 20250,20198 20606,30390 30256,20201 20265,30284 30286,20039 30252,20210|30393,20057 30120,20039 20198,20079 20210,30256 20070,30119 20204,30395 30390,30284 20137,30251 20140,30388 20185,30249 20250,20265 20249,30391 20031,30379 20108,20091 20263,30253 30286,30381 20606,20201 20371,30252|20198,20185 30379,20140 20210,20249 30388,20079 30119,20371 30253,20606 20039,20265 20031,20204 20091,30256 30249,20108 30390,30393 30381,20137 20201,30120 30251,20263 30252,20250 30395,30391 20057,30286 30284,20070|20039,20108 30251,30393 20140,20249 20204,20057 30391,20201 30252,20031 30284,30388 30249,30120 20091,20210 30253,30286 20070,20198 20137,20185 30119,20265 30381,30390 20371,20079 20263,20606 20250,30395 30379,30256|30390,20263 20031,20137 30388,20204 20079,30284 30120,30253 30395,20091 20249,20039 20606,30252 20108,20250 20265,20371 20201,30251 20185,20140 20210,20070 30393,30379 30256,30391 20198,30119 20057,30381 30286,30249
30389,20267 30195,30394 30380,20032 20203,30119 30382,20206 20140,20031 20371,30384 20263,20250 30256,20606 30385,20131 20209,30252 30259,30286 20184,20196 30250,30120 20060,20179 20113,20185 20249,20083 20057,20079|20206,20057 20031,30382 20179,20184 20250,30256 30252,20203 30120,20209 30286,30250 30394,20249 20267,20371 20079,20263 20606,30195 20196,30259 30384,30385 30119,20113 20083,30380 20032,20140 20131,20060 20185,30389|30195,30286 20209,20606 20032,20179 30382,20057 20060,30384 30252,20113 20263,30120 20031,20250 30385,30380 20267,20185 20371,20083 30259,30119 30394,20079 20184,20206 20203,20140 20249,30256 20196,30389 30250,20131|20079,30252 30380,30286 20185,20032 20179,30382 20371,20249 30256,20031 20057,30385 20203,30250 20140,30120 30119,30394 20113,20131 30259,20263 20206,20060 30384,20196 20083,30195 30389,20184 20250,20209 20606,20267|30286,20057 30385,30252 30389,30384 20263,20184 20060,20249 20250,20083 30119,20606 20113,30259 30120,20371 20131,20032 30382,30256 20267,30380 20196,20140 30394,20203 20031,20206 30195,20209 20185,30250 20179,20079|20057,20196 20140,20267 30120,30389 30380,20263 20606,30382 30250,30195 30286,20060 30384,20031 20249,20185 20083,20113 30252,20250 30256,20179 20206,30259 20184,30385 20032,30394 20131,30119 20079,20203 20209,20371|30256,30384 20083,30250 20267,30252 20184,20031 30259,20032 30382,30120 20371,30286 20057,20209 30119,20250 20113,30389 30385,20060 30394,20179 20249,30380 20263,20131 30195,20079 20140,20606 20196,20206 20203,20185|30120,30259 20131,30256 30250,20267 20250,30394 20185,20263 30380,30382 20032,20184 20209,20203 20079,20371 30286,30385 30252,20249 20060,20140 20179,20196 30384,30195 20206,30119 30389,20083 20606,20113 20031,20057
30393,20179 30118,30385 30286,20199 20131,30252 30390,30395 20113,20060 30258,20085 20119,30255 20252,20133 30379,20263 30257,20037 20249,20182 20091,20057 20106,30392 20606,20203 30119,30251 30194,20185 20032,30250|20199,30119 30395,20249 20182,30118 30255,20606 30252,30257 30385,20131 20133,20113 30251,30286 30392,30379 20057,20252 20185,30258 20037,20091 20263,30393 30250,30390 20085,20106 20179,20119 20060,20032 20203,30194|30258,30395 20185,20091 30194,20179 20203,30252 20606,20085 30251,20113 20249,20057 20060,30255 30390,20199 20131,30379 30286,30393 20106,20263 20119,20037 20252,30257 30385,30119 20032,20133 30392,30118 30250,20182|30257,20185 20091,20179 20032,30385 30258,30250 20113,20182 30379,30252 20133,20060 20263,30194 20106,30286 30119,20119 20085,20252 20057,20131 20037,20606 30255,30395 20249,30390 20199,30251 30393,30392 30118,20203|30379,30390 20182,30393 20252,30258 20133,30118 30392,20060 30395,30385 20179,20057 20131,20113 30250,20249 30252,30255 20037,20203 20199,20032 20263,30251 20091,20119 30194,20106 20085,20185 30257,30286 20606,30119|30385,30250 20060,30379 30119,20252 20185,20249 30252,20106 30286,20131 30390,20032 20182,30194 30251,20133 20113,20199 30255,20037 20057,20263 20203,30392 20119,30257 20179,30258 30393,20085 30118,20606 30395,20091|20113,30395 20203,20091 20119,30258 20199,20263 30118,20037 20133,30257 20085,30251 20060,30252 30119,20057 30379,20182 20252,20106 20249,30286 30393,30194 20032,20131 20185,30392 30250,20179 30385,30255 30390,20606|20057,20199 20182,20085 20037,30390 30395,20203 20131,20249 20179,20252 20606,20133 20263,20119 30255,30250 30251,30379 30286,20185 30194,30385 20091,30119 20106,20032 30258,20060 30392,20113 30257,30393 30252,30118
20250,20119 20083,20037 30389,30384 20267,20140 30394,30118 30195,30258 30250,30259 20057,20371 30254,30252 20031,20185 30391,30119 30284,20210 20182,30379 20606,20060 20085,20179 20252,30381 20131,20205 20032,20196|20196,20083 30259,30391 20060,20182 30379,20250 20140,20031 30384,20252 20119,20131 20185,20057 30258,30389 30381,30284 30119,20085 20179,30394 20210,20606 20037,30254 30252,20032 20205,30195 30118,20267 20371,30250|20185,30119 20606,20131 20031,30391 30259,20179 20140,30258 30252,20085 20252,20037 30254,30379 30284,30118 30250,30381 20083,20060 20119,30195 20267,20057 20250,30384 20210,20205 20371,20182 20032,30389 30394,20196|30254,20185 20037,30252 30379,30258 20205,30119 20196,30259 20032,20371 20182,30284 30389,30250 20131,30394 30381,20606 20057,20250 30195,20140 20252,20210 20179,20083 30384,20031 20085,20119 30391,20267 30118,20060|20037,20140 30252,30284 20371,30381 30195,20252 30119,30259 20060,30394 20210,20031 30118,30254 20085,20196 30391,20032 30258,20267 30250,20606 20250,20185 30384,20205 20119,20179 30389,20057 30379,20131 20182,20083|30259,20371 30284,30379 20060,30195 20140,30384 20196,30391 20131,20210 30119,30254 30394,20182 30381,30389 30258,20037 20031,20119 20606,30118 20057,20085 20185,20032 20179,30250 20205,30252 20083,20252 20267,20250|20119,30119 30389,20083 20267,20252 30284,20031 30381,20140 20210,30384 30195,30252 30379,30394 20185,30250 30118,20131 30391,20060 20371,20085 20606,30254 30259,30258 20032,20250 20179,20196 20205,20037 20182,20057|30252,30389 20031,30259 30254,20119 20250,20205 20196,20185 30258,20210 20057,30379 20083,20267 20252,20179 20140,30118 20085,30381 20060,30284 30384,30195 30119,20371 30250,20182 20131,20032 30394,30391 20037,20606
20137,20265 20070,20140 20606,30119 30384,30259 20083,30249 20039,30286 20119,30379 20184,30395 20371,30390 30256,20252 30385,20032 30251,20205 20203,30387 30381,20250 20091,30117 20057,20198 20179,20263 30195,30252|30117,20606 30249,20203 20250,30385 20205,20057 20198,20091 30259,20371 30252,20137 20252,20119 30379,20070 30119,20179 20140,20039 20265,30381 30395,20083 20032,30256 30286,30384 30387,20184 30390,30195 20263,30251|20203,20039 30117,20371 20057,20119 30385,30387 30259,30286 30251,20070 20179,30256 30195,20252 30384,20137 20083,30381 30379,30252 20184,20032 20263,30390 30249,20091 20250,20265 30395,20198 20606,20205 30119,20140|20032,20263 20137,20119 20371,20606 30252,20179 20070,30195 20198,30379 20039,30384 20252,30395 20057,30259 30256,20250 20265,30249 30385,30117 30390,30119 30286,30387 20091,30251 20083,20184 20203,30381 20205,20140|30379,30385 30381,20371 30384,30390 20039,20070 20137,20203 30286,30117 20119,20179 30387,30252 20265,20091 30195,20184 20263,20057 20250,20083 20205,30256 20032,20198 30395,30251 30259,30119 20140,20252 30249,20606|30117,30379 30387,20032 20119,20083 20184,30286 20252,30249 30119,20203 20140,20057 20371,20250 30390,20039 30381,30384 30252,30259 20091,30385 30251,30195 30256,20263 20606,20265 20070,30395 20179,20137 20198,20205|20606,20083 30385,20252 20070,30259 30252,20198 30119,30381 30256,20119 20205,30379 30249,30390 20091,20137 20265,20179 20203,30117 30384,20184 20057,30195 20371,20032 20263,20140 20250,30251 30395,30286 20039,30387|20083,20371 30259,30249 30286,20070 20137,30119 20252,20057 30195,20039 30379,20265 30387,30395 30117,20250 20140,30252 20198,20263 20032,20091 20184,20203 20179,30385 30390,30256 20119,20205 30251,30384 30381,20606
20199,20109 20106,30255 30381,30284 20060,20028 20137,30195 20267,30384 30254,30386 30379,20140 20263,30389 30120,20179 20265,20031 20250,20208 30394,20083 20057,30252 20607,30117 30250,20079 30391,20205 20249,20606|30284,20267 30389,20249 20179,20263 30384,30120 30386,20137 30252,20199 20079,20106 30195,20607 20031,30379 30255,30254 20109,30381 20028,30250 20208,20060 20083,30391 20140,20057 20606,20265 30117,30394 20205,20250|20028,30394 30284,20031 30391,20057 20137,20208 20250,30381 20249,20109 20106,20140 30384,20079 30117,20205 30120,30379 20060,20199 20606,20179 20083,20263 20267,30255 30195,30250 30386,30389 30252,20265 20607,30254|30120,20607 20208,20083 20140,20267 20205,30195 20199,30117 20137,30389 30394,30391 20079,20060 30255,20250 20106,30386 20179,20028 20057,30381 30254,30252 30379,30384 20263,30284 20031,20606 20109,20265 30250,20249|20109,20179 20267,20607 20199,30284 30391,20106 20079,30120 20249,30384 30254,30195 20250,20057 20606,20083 20205,30394 30381,20028 30252,30386 30117,20137 20060,20263 30255,20140 30389,20031 20208,30250 20265,30379|20031,20137 20179,20205 20028,20249 30379,20208 20140,20109 30386,20199 30250,30391 20057,20106 30381,20060 20083,20250 30284,20606 30195,30120 20265,30255 30384,30117 20607,30252 30394,20267 20263,20079 30389,30254|20106,20199 20250,20140 20208,30120 30254,20109 20079,30284 20267,30252 20179,30389 30117,20060 20028,20083 20137,20607 30195,20249 20031,20205 20263,20057 30386,20265 30391,30381 30394,20606 30379,30255 30384,30250|20109,20079 20083,20031 20249,20267 30284,30254 20265,20208 20205,20106 30120,20263 20140,30384 30381,30394 20060,30391 20607,20028 30389,20250 20606,30386 30252,20137 20199,30379 20057,30195 30255,30117 30250,20179
30252,30286 20250,30392 20196,30387 20052,20085 30384,30284 30386,20203 30250,20109 30379,20263 30389,20039 30259,20137 30195,20037 20079,20180 20185,30394 20131,30254 30119,20267 20606,30381 20070,30120 20113,20249|30254,20196 20037,30386 20249,20070 20263,20052 30394,30259 30284,20079 30381,20250 30387,30250 30286,30389 20203,30384 20085,20131 20137,30195 20267,20185 20039,30379 30392,30252 20180,20113 20109,30119 30120,20606|20039,30286 30387,30119 20137,30389 30120,20109 30284,20196 20113,30392 30250,30394 30381,20085 30195,30254 20131,20267 20180,20250 20263,20249 20052,20606 20070,20185 30379,30259 20203,30252 30386,20079 30384,20037|20109,20263 30250,20180 20267,30381 20085,30120 30286,20137 20249,20079 30379,20052 20250,20203 30394,30195 30254,30389 30392,20131 20606,20039 30119,20113 20185,30284 20070,30252 30384,30386 20037,20196 30259,30387|30195,30286 20249,30250 20196,30119 30284,30254 30387,20070 30386,30120 20203,20131 20113,20039 30252,20085 20263,30384 20037,20109 20267,30379 30394,20137 30389,30392 30259,20606 20052,30381 20079,20250 20185,20180|20131,20185 20039,30394 20109,20203 30254,20052 30381,20263 20606,20267 20250,20113 30389,30250 30120,30387 30252,30284 30119,20249 20079,30384 30392,20070 30286,30379 20180,30386 20137,20037 20196,30195 20085,30259|30386,20185 30384,30286 20180,20263 30119,30254 20131,20113 30250,20267 30394,30381 20039,20137 20085,20070 30379,30389 30259,30120 20037,30252 30284,20250 30195,20203 20052,30387 20109,20079 20249,30392 20606,20196|30286,20606 30387,20037 20263,30259 30120,30394 20185,20085 30252,30386 20196,20109 20070,20131 20203,20249 20113,30250 30389,20180 20250,30195 30392,30384 20137,30284 20267,20039 30381,30119 20079,20052 30254,30379
30286,30250 20085,30120 30252,20060 20083,30394 30379,20184 30253,30395 30284,30251 30118,20209 30254,20201 30386,20133 30258,20057 20037,20263 20199,20250 20031,20119 30392,20607 20144,30259 20109,20189 20249,20267|20189,30286 20209,30392 30394,20037 20133,30252 20607,20085 20119,30386 20250,20144 20057,20109 20267,30379 30259,20249 20201,20083 30120,30284 20184,30253 20060,20031 30250,30118 20263,30258 30395,30254 30251,20199|20037,20083 20184,20109 20250,30284 20199,30259 20201,20144 20031,20209 20119,20607 30118,20057 20263,30395 30392,30379 20267,30286 30250,30258 20060,20189 20133,30253 20249,20085 30252,30254 30251,30120 30386,30394|30394,30250 30286,20109 30379,30386 30254,20085 30284,20184 30395,20250 30253,20119 20189,20133 20209,20037 20249,20263 30120,30392 30259,30118 30258,30251 30252,20267 20607,20060 20144,20199 20083,20031 20057,20201|30118,30252 20083,30250 20209,20184 20085,20144 20607,30395 20263,20119 20267,20189 20201,30386 20250,30394 20133,20037 30259,30120 20057,30379 30286,30253 30284,20031 20109,30254 30258,20060 30392,30251 20199,20249|20109,20133 20037,20250 20144,20249 30379,30286 30120,20263 20060,30118 20184,20201 30386,20267 30254,20199 30395,30258 20189,20209 20031,30392 30251,20083 20085,20057 30394,30259 30250,20607 20119,30284 30253,30252|20201,30250 20607,30251 20267,20133 20184,30252 20083,30258 30120,20057 30379,20109 20119,20249 30286,20263 30259,20031 20250,20085 30392,20144 20199,20037 30118,30386 30253,20060 20189,30254 30394,20209 30284,30395|20263,30284 20031,20267 30254,30253 30386,20189 20057,20199 20249,30120 20133,20184 20209,20250 30251,20201 20144,20607 20109,30118 30395,20083 20037,30259 20060,30379 20085,30286 30250,30392 30252,20119 30258,30394
30382,30284 30391,20189 20199,20204 30118,20028 20108,20265 20209,30119 30120,20185 30286,30254 30195,30392 30256,20133 20081,20131 30259,20037 30394,20249 20607,20106 20267,30380 30249,20079 20070,30389 30381,20057|30254,30118 30284,30259 30389,30381 20189,30394 20185,30286 30380,20081 30119,30382 20057,20209 20106,30195 20131,20199 20028,30256 20265,30391 20133,30249 20249,20267 20204,30120 30392,20070 20037,20108 20079,20607|20249,20028 20199,30284 30118,30382 20037,30389 20131,30380 20133,30381 30391,30392 30195,20070 20108,30394 20079,30254 20267,20106 30286,20057 20607,20209 20265,30249 20081,30120 30259,30119 20204,30256 20185,20189|30394,20131 20057,30254 30284,30391 20106,20133 30380,20265 30118,20249 30382,20204 30195,20607 30256,20189 20028,20079 30120,30249 30119,20037 30389,30286 30381,20199 30392,30259 20209,20081 20070,20108 20267,20185|20133,20249 20189,20265 20185,20037 30249,20070 30254,30119 20057,20079 30391,30389 30380,30381 20199,30120 30259,30195 20028,30382 30392,20108 30256,30394 20607,20267 20081,30118 30284,20209 20106,30286 20204,20131|20037,30392 20108,30284 30249,30256 30394,20267 30254,20607 30389,20081 30286,30118 20131,20028 20265,20133 30119,30195 20079,30259 30120,30380 20249,20057 20189,20199 20209,20185 30381,20106 30382,30391 20070,20204|30391,20079 20249,30382 20209,30259 20265,30195 20185,30380 20199,20108 20070,30381 30256,30389 30394,30120 20057,30118 30392,30254 30286,20131 30284,20607 20106,30119 20133,20037 20267,30249 20081,20204 20028,20189|20607,30391 30259,20267 20189,20106 30195,30284 30381,30394 20131,20070 30382,20133 30254,20209 30380,30286 30119,30256 20037,20057 30249,30392 30389,20265 20079,20185 20204,20249 20108,20081 30120,20028 30118,20199
30256,30381 20252,30284 30384,30194 30385,20203 20083,20037 30120,30390 20109,20182 30259,30117 30252,30379 20052,20249 20131,20039 30387,20060 30382,30380 20199,20137 30255,30392 20179,20184 20606,20265 20371,20079|20203,30259 20249,30385 30117,30256 30380,30120 20037,20052 30379,30387 20060,20252 20137,30384 30381,20199 20184,30252 20039,30255 30390,20179 20079,20109 20182,20131 30392,20371 30194,30382 30284,20606 20265,20083|30117,20052 20037,20265 20179,20199 30255,20249 20137,20203 30380,20182 20371,30284 30384,30379 30385,20109 20606,20131 30120,20083 30390,20060 30382,20184 30256,20252 30381,30392 30194,20039 30387,20079 30259,30252|20252,30120 20203,30194 20199,30256 20606,30390 20131,30382 30259,20371 20079,30117 20083,30381 20249,20137 20052,30379 20265,20179 30392,30384 20182,20060 30284,20037 30255,20109 20184,30380 30252,30387 20039,30385|30381,20606 30387,20179 20131,20184 20203,30390 20199,20052 30379,20039 30385,30382 20265,30117 30120,30256 20037,30259 20252,30255 30252,20249 30284,30392 20079,30380 20109,30384 20060,20371 20137,20182 20083,30194|30382,30284 30194,20606 20052,30387 30392,30259 20182,20203 20184,20079 30379,30255 20039,20083 30384,20252 20060,30120 20371,20137 30390,30385 30380,30252 20179,20131 30117,30381 20249,20037 30256,20265 20109,20199|30381,20052 20039,20179 20182,30120 30194,30387 20606,30259 20131,20252 30284,20203 30385,30117 30392,20137 30384,20079 30380,20249 20184,20060 20371,30390 20265,30379 30382,20037 20083,30252 30256,20109 30255,20199|30252,20182 20079,30256 30390,20131 30259,30382 20249,30284 30120,20265 20203,20039 20060,30194 20037,30392 20052,20371 20109,20606 30379,30381 30387,30385 20252,20083 20199,30384 30117,20184 20137,30255 20179,30380
20189,30257 30381,20196 20371,30379 30119,20249 30118,20265 20180,20081 20140,20037 20057,20209 30254,30250 30391,20119 30395,30117 20607,30284 20039,30251 20137,20263 30389,30383 30195,30393 20052,20085 20184,20208|30251,30119 30117,20180 20208,30381 20037,20607 30250,20140 20196,30254 30383,30195 20263,20189 20081,30391 20249,20039 20085,30389 30257,20184 20119,20052 20209,30118 30393,20371 30284,20137 20265,30395 30379,20057|30119,20052 30257,20085 20037,30118 30393,30254 20196,20119 20180,20265 20039,20140 20057,30284 20184,30383 20607,20137 20371,20081 30250,30195 20208,20189 30389,20263 30379,20249 20209,30395 30381,30391 30117,30251|30254,20057 30395,20037 20039,30117 20249,30389 30391,20208 20119,20265 20371,30257 20263,30250 30251,30379 20137,30119 20607,30381 20140,30393 30383,30284 20052,20209 30118,20180 20081,20196 20085,20189 30195,20184|30284,30251 20265,20052 20209,20037 30117,20371 30395,30379 20081,20119 20137,20249 20189,30195 20140,20184 20085,20208 30389,20607 30257,30381 20180,20057 30118,30391 30254,20039 20196,20263 30250,30393 30383,30119|20263,20607 30284,20371 20249,30250 30393,20180 20057,30389 30251,20085 20265,20196 30195,20140 20052,30383 20184,30117 30391,20209 20119,30395 20189,20039 20037,30254 20208,30118 30379,20081 30381,20137 30119,30257|30119,20189 20184,20119 30381,20140 20196,30284 20263,30391 20052,30250 30257,30118 20607,20039 20371,20180 20209,20137 20057,20085 30389,30251 30254,30395 20081,30195 30393,20265 30379,30383 20249,30117 20208,20037|30118,20607 20119,20057 20189,30379 20140,20249 20037,20263 30383,20081 30251,20184 30395,30389 30391,30393 20137,20052 20180,30381 30195,20196 30284,30257 20039,30119 20265,20209 20085,20371 30250,20208 30117,30254
30252,20198 20109,30382 30392,30286 20079,20184 30257,30250 20037,30254 20085,20140 30387,30390 20263,30117 30118,20209 20070,20189 20108,30393 20250,20106 30384,30379 20606,30395 20144,30284 20060,20267 30194,20032|20184,20060 30395,20037 30286,20070 20106,30387 30390,20144 20209,30384 20140,30257 30379,30252 30250,20108 30117,20250 20267,30194 30284,20606 20198,20085 20189,20079 20032,20263 30254,20109 30382,30118 30393,30392|20060,20189 20106,30379 20079,20108 20267,30382 20144,30257 30194,30250 30286,20263 20250,30254 20209,20070 30252,20184 30395,30284 20037,20109 30392,20032 30118,30387 20085,30390 30384,20198 30117,30393 20140,20606|30387,20189 20079,20267 30390,20140 30379,20085 30194,20144 30382,30393 30250,30395 20037,20250 20108,30252 20198,30117 30254,20263 20606,30118 20184,30286 20109,20209 20070,20106 30284,20032 30257,30384 20060,30392|30117,20606 20109,20198 30254,20267 20144,20106 30286,30252 20108,20085 30387,20037 30379,30257 30284,30392 20032,20070 20189,20184 30393,20209 30118,20079 20263,30382 30395,30194 30390,20250 30384,20060 20140,30250|20032,30395 20189,30254 20184,20108 20606,20037 30257,20079 30250,20144 20070,30384 20267,30284 20209,30194 20250,30118 20106,20060 20085,30286 20263,20109 30393,30387 30382,30117 30392,30390 30252,20140 20198,30379|30117,20140 20070,30284 30118,30393 30254,30382 20198,20250 30390,30395 30257,20184 20109,20079 30392,20606 30379,20189 20106,20032 30250,20267 30384,20108 30387,30286 20037,30194 20060,20085 20209,30252 20144,20263|20108,30117 30395,30254 30284,30250 20032,30118 20085,20144 20189,20198 30194,30379 20250,20060 20267,20109 30286,30257 30393,20070 20079,30392 30252,30384 20184,30390 30382,20106 20140,20037 20263,30387 20606,20209
20265,30117 20057,20039 20133,30380 30388,20060 20203,20091 30194,20205 20198,20250 30395,20184 30254,30118 20081,20109 20032,20209 30382,30284 30383,20204 20131,30286 20119,30250 30251,20607 20182,30389 20083,20249|20091,20032 30118,30194 20209,30383 30284,20133 20184,30382 20109,20182 20060,20198 20249,30395 20205,30388 30117,30254 20039,20083 20250,20265 30286,20119 20204,20057 30380,30251 30389,20203 20607,20131 30250,20081|20204,30251 20057,30388 20205,20607 20081,20184 20032,30383 20131,20091 20209,30250 30254,20133 20109,30382 20198,30380 20249,30286 30118,30284 20265,30389 30194,20060 30395,20039 30117,20203 20250,20083 20182,20119|20607,30117 30395,30250 20091,20204 30380,20032 20203,20250 30254,20109 30382,20083 30251,30383 20133,20119 20057,20249 30388,20182 30389,20198 20060,20265 20184,20209 20131,20081 30194,30284 30286,30118 20039,20205|30118,20205 20119,20057 20184,20131 20032,30251 20039,20133 20250,30380 20203,20198 20083,30254 20249,20081 20091,30389 30286,20209 20109,30194 30284,30388 30383,30395 20607,20265 20182,20060 30382,30117 30250,20204|20119,30395 20209,20109 30117,20182 20265,20032 30389,20131 20081,20250 20060,20607 30284,20203 20204,20039 30380,20249 30250,30382 30383,20091 30251,30286 20133,20184 30388,30254 20198,30194 20083,30118 20205,20057|20032,20607 20057,20250 20198,20119 20060,30117 20265,30250 30286,30254 20209,20091 30395,30389 20249,20133 20182,20204 30194,20083 30382,20205 20184,30251 30380,30383 20039,20203 20081,30388 20109,30284 30118,20131|30388,20265 30250,20249 30389,20209 30383,20081 20131,30380 20250,20184 30284,20182 20205,30286 30251,20060 20091,30194 30254,30382 30117,20057 20203,20109 20607,20198 20119,20039 20204,30395 20133,30118 20083,20032
20079,30383 20091,30380 20210,20607 30251,20052 20188,20203 30379,20189 20184,30388 30286,20039 20119,30394 30120,30258 30382,20199 20032,20182 30386,20057 30390,30249 20249,30118 20131,30395 20113,20133 30284,20265|20133,20079 30395,30251 20203,20249 20265,30120 20199,20188 30383,30286 20052,30382 30380,20032 20189,20113 20039,20210 30388,30379 30258,20184 20607,30386 30118,30390 20182,20119 30249,30284 30394,20131 20057,20091|20113,30388 30258,30379 20210,30380 20119,20032 20184,20199 20052,20133 30251,20079 20057,30395 20039,30284 30382,30120 20249,30383 30286,30394 30118,20131 20188,20182 30390,20607 30386,20203 20091,20189 20265,30249|30249,20057 30284,20119 20131,20265 20079,20188 20189,30251 20607,30118 30390,20210 30394,30380 20133,30386 20199,20113 30388,20039 30120,30383 20182,30286 30379,20091 20249,20184 20203,30258 20032,20052 30395,30382|30383,20119 30382,20133 20091,20113 20189,20188 20182,30120 30284,30388 30395,20249 20199,30286 30118,20203 30380,30390 20184,20265 30258,20032 20052,30379 20131,20039 20210,20057 20607,20079 30386,30394 30251,30249|20079,20131 30286,30251 30394,30284 20265,20052 20057,20189 30249,30395 20032,30390 20039,30382 20113,20607 30388,30386 30120,20091 30379,20199 20133,20249 20188,20210 20203,20182 30383,20184 30380,30118 20119,30258|30390,30395 20133,30258 30249,20607 20265,20032 30386,20079 30284,30118 30286,20210 20203,30380 20091,30251 30382,20113 20131,20199 30379,30383 30120,20052 20182,20057 30388,20189 20119,20184 20188,30394 20249,20039|20210,30284 30118,20133 20079,30249 30395,20182 30251,30120 30380,20188 30394,20265 20052,20119 20607,20249 20184,20131 20032,30379 20199,30386 20189,30390 20057,30286 30383,30388 20113,20203 20039,20091 30258,30382
20108,20267 30395,20131 20032,20252 30380,20109 20203,30392 30195,20113 20060,30379 30286,30393 30284,30256 20185,20079 20204,30381 20250,20265 30118,30388 20184,20199 30120,20039 30384,20085 30382,20070 20133,20210|20109,20184 30381,20032 20085,20060 30256,20108 30393,30382 30379,20250 20131,30195 20199,20133 30392,30395 30388,20203 20079,30284 20265,20185 20039,30380 20210,30118 20070,20204 20113,30384 20252,30286 20267,30120|30195,30392 30120,20265 20113,20203 20204,30284 20039,20070 20085,30256 20133,20109 30286,20032 20184,30380 20079,30381 20060,20131 30384,30393 20199,20267 20252,30379 30382,20108 20250,30118 20210,30388 30395,20185|30388,20113 30392,20133 30395,30120 20131,20250 20203,20079 30286,30195 20032,20265 30379,30381 30284,30382 20267,20184 20109,20085 30393,30256 20185,30384 20204,20060 30380,20210 30118,20199 20070,20252 20108,20039|20267,20203 30392,20204 30120,20199 20184,20039 30256,20252 20265,20109 20250,30384 20113,20185 30118,20131 20070,20085 30284,20210 30388,30195 30381,20060 20108,30393 20079,30286 30382,30380 20133,30379 20032,30395|30379,20032 20203,20070 20131,20079 30384,30286 20252,20113 30393,20184 20265,30382 20085,20133 20210,20108 20109,30388 20039,30118 30256,20204 30195,20250 30381,30392 20185,20267 20199,30395 20060,30120 30380,30284|30392,30379 30118,30195 20250,20085 20060,20184 30393,20079 30395,20252 20133,30120 20108,20204 20267,20039 20113,20032 20109,20199 20210,20265 20131,30382 20185,20070 20203,30284 30380,30381 30286,30256 30388,30384|20265,20203 30379,20185 20184,30286 30284,20109 30384,30118 20199,20060 30195,20210 20085,30392 20032,20131 20039,20113 30120,30388 30381,20250 30382,20267 30256,30380 20204,20133 20252,30393 20079,20108 20070,30395
30381,30255 20039,30252 30380,30390 30386,20179 20182,30253 20140,20252 30195,20091 20031,20606 20204,20607 30286,20119 20185,20206 20144,20057 30393,30117 30120,20079 20371,20263 20203,20070 20188,20250 30392,30379|20606,20144 20079,30393 30252,20031 20263,30120 20057,30392 20091,30286 20206,20203 20119,20182 30117,30386 20179,30380 30390,30381 20607,20371 20070,20188 20250,20140 30379,30195 20252,20204 30253,20039 30255,20185|20031,20204 20203,20179 30393,20185 20119,30380 20606,20039 30381,30286 30195,30390 30117,20182 20607,30392 20057,20263 20252,30255 20144,30252 20371,20250 30379,30120 20188,20079 20206,20070 20140,20091 30253,30386|20371,20079 20185,20188 30390,20203 20070,30393 20204,30381 30120,30253 30380,20057 20031,20119 20179,20182 20263,20607 20250,30379 20140,30117 30286,20144 30252,20252 20039,20206 30255,30195 30392,20606 30386,20091|20119,30195 20091,20057 20252,30253 30393,20371 20079,20203 20185,30390 20070,20031 20182,20039 30379,30252 20204,30286 30392,20140 20179,20606 30120,20250 20188,30386 20263,30117 20206,30381 20607,30255 20144,30380|30390,20206 30380,20188 30195,20252 30253,20263 30381,20119 20606,30379 30286,30392 20203,30120 20182,20070 20250,20185 20039,20140 30255,20371 30386,20144 20091,20031 30117,20204 20057,20179 20079,20607 30252,30393|20606,30286 30255,30253 20204,20263 20144,20119 30120,20070 20057,20079 20203,20039 30381,30393 30390,20031 20179,30252 30386,30392 20206,20140 20185,20091 30380,20182 20188,30117 20252,20371 30379,20607 20250,30195|20070,20606 20140,30390 30393,30380 30117,30255 20607,20188 30252,20057 30286,20203 30195,20206 20039,30386 30253,20204 30392,20252 20263,20250 20182,20185 20119,20179 20091,30120 20031,30381 20079,20144 20371,30379
30257,20252 20265,20606 20085,30385 30381,20185 30120,20198 20028,20209 30387,30391 30286,30393 20131,20060 20371,30379 20140,30194 30390,20208 20037,30382 20083,20180 30119,30380 20119,20249 30383,20052 20250,20267|20180,20037 20052,30387 20198,30286 20252,20265 20185,20140 30393,20371 30194,20085 20606,30257 30391,20250 20249,30381 30382,20131 20060,20083 30379,30390 20267,30383 30380,20028 20209,20119 30385,30119 20208,30120|20208,20249 30380,30382 20180,20252 30286,20131 30381,30379 20185,20250 20606,30390 20085,20198 20265,20052 20140,20028 30393,30385 20060,30387 20083,20267 30383,30257 20119,30391 20037,20371 30194,30119 20209,30120|30383,30387 20250,20265 30390,30385 30382,30286 30120,30194 20131,20037 20052,30380 20028,20208 20267,20060 30391,20606 20252,30381 20085,20185 20083,20140 20198,30393 20371,30119 30379,20119 30257,20209 20249,20180|30286,20185 20371,20606 20180,30194 20119,30257 30390,20028 20267,20140 20250,20085 30387,30381 20052,20083 30120,30393 20252,20037 20265,30379 30391,30382 20209,20060 30380,30383 20198,20131 30385,20249 30119,20208|30194,20265 20131,20250 20208,20198 30393,30391 30382,20267 20028,30120 30119,20180 20249,20371 20140,30390 30385,20052 30381,20119 30387,20083 30379,20252 20606,20209 30257,20085 20037,30383 20185,30380 20060,30286|30194,20198 20185,20249 20085,20119 30391,20371 30379,20209 20052,30286 30120,20140 20606,20028 30257,30390 20265,30385 20250,30380 20083,30381 20267,30119 20131,30393 20208,20037 30383,20180 20252,30387 20060,30382|30382,30120 30385,20250 20119,20131 30387,30194 20140,20252 20180,20267 20209,20208 20037,20265 30119,20083 30393,20060 20371,20085 20198,30379 30381,30257 20028,20052 20249,30391 30390,20185 30286,30383 30380,20606
20267,30390 30259,20106 20144,30249 30380,20252 20137,20085 20250,30381 30392,30255 30394,20031 20182,30383 30120,30284 30118,20184 20060,20606 30286,20263 20070,20119 20206,30385 30252,30387 30256,30391 20083,20032|30391,20060 20085,30118 30381,30120 30255,20206 20252,30259 20606,30286 30383,20070 20032,20250 20106,20144 20263,20083 20119,30392 30390,30394 30385,30380 20031,30256 30284,30252 20184,20267 30387,20182 30249,20137|20184,30394 20250,20206 20031,20070 30390,20119 20252,30392 30383,30385 30255,30259 20032,20137 20606,30256 30118,20083 20267,30286 20106,30387 30120,30252 30284,20085 30380,20263 20182,30249 20144,20060 30391,30381|30387,30118 20206,20184 20137,20606 30249,30383 30385,30256 20083,30284 20182,20106 30392,30391 30380,30390 30286,20250 20060,20119 20144,20031 30252,30255 30381,20032 20085,30120 30394,30259 20070,20267 20263,20252|30286,30383 20252,20606 20263,20144 30391,30118 20083,30385 30387,30394 30259,30284 20119,20031 30249,20060 20206,20106 20032,30380 30256,20070 30252,20085 30381,20184 20250,20267 30255,20182 30120,30392 20137,30390|30390,20250 30385,20182 20267,20252 30259,30120 20184,20137 20060,30387 30284,30381 30392,30249 20070,20263 30256,30252 20119,20206 20031,30391 20606,20032 30118,30380 20106,20083 30394,30286 30383,20144 20085,30255|20144,30392 20031,20184 20137,30259 20263,30120 20206,30118 30249,30256 20083,20252 20085,20182 20606,30391 30380,20106 30284,30255 30381,30387 20060,30390 30252,30385 30394,30383 20267,20032 30286,20070 20250,20119|30387,20263 30385,20606 30118,30249 30390,20206 30120,20083 20252,20031 30392,20137 30259,20250 20119,30252 20070,30394 20182,20060 30255,30380 30391,20085 20106,30381 30383,20267 20032,30286 30256,20144 20184,30284
20267,20249 20131,30385 20037,20060 20113,30392 30119,20206 20184,20133 20039,30252 30379,30284 20606,20057 20208,20263 30120,30255 30380,30394 20250,30286 30195,20371 20081,20196 20083,20070 30383,30256 30251,30258|30392,20131 30258,30120 30255,20083 20133,30379 30286,30251 30394,20113 20196,30383 30284,20208 20249,20039 30385,20606 20206,30195 20371,20250 30256,30119 20060,20184 20070,20081 30252,20267 20263,20037 20057,30380|30286,20083 20039,30394 20131,20208 30119,30379 30258,30284 30256,20184 20606,30392 30380,20263 20371,20206 20070,30385 20081,30120 20057,20267 30383,30195 20113,20133 20249,20060 30251,20037 20196,30252 20250,30255|20133,30251 20606,30255 30380,30258 30392,20060 30195,30119 20206,20113 20037,30286 20184,20208 30284,20131 30252,20081 30379,20070 20263,30256 20267,20196 20039,20371 30385,20250 30394,20249 30383,20057 30120,20083|20060,20131 20113,30284 30195,20263 20206,30120 20249,30380 20196,20070 30252,30119 30255,20267 20083,30383 30256,20133 30379,20371 20081,20039 30258,20184 20037,20057 30251,30392 30286,20606 20208,30385 20250,30394|30284,30256 30119,20039 20371,20081 20070,30251 20184,30379 20131,20606 20208,20250 30394,30383 30392,30380 30255,20206 20060,20196 20263,30286 30385,20037 20267,20113 20083,30258 30120,30252 20133,20249 20057,30195|30379,30120 20039,20263 20371,30256 30394,20208 20606,30252 20113,20184 30258,20057 30385,30392 30383,20267 20070,20249 20081,30255 30251,20060 20133,20083 30286,30380 30119,20196 30284,20206 30195,20250 20131,20037|30252,30195 20196,20039 20060,30383 20263,20606 20208,20371 30392,30286 30380,20081 20057,20113 20249,30284 20037,30119 20184,20070 20267,30379 20083,20131 30255,30394 20250,20133 20206,30258 30120,30385 30256,30251
20179,20137 20204,20060 30388,20079 20029,20184 20185,20249 20106,30119 30253,30251 20140,20206 20188,20250 20037,30393 30249,20203 30120,20052 30381,30286 30386,20070 20267,30392 20196,30379 20108,20209 20265,20081|20203,20267 20137,30381 20250,20196 30286,30388 20081,30253 30392,20188 20184,20140 30251,20029 20070,20185 20052,20179 20209,20106 30119,20265 30379,20037 20249,30120 20079,30386 20206,20108 20060,30249 30393,20204|30379,20203 20206,30381 30392,20196 20179,30119 30120,20267 30388,20184 20029,30286 20106,20188 30253,20140 20204,20250 20060,30386 20081,30251 20209,30393 20079,20265 20108,20137 20052,20185 30249,20070 20037,20249|20204,20052 20140,30379 30251,20188 20070,30119 30386,20081 20250,20079 30286,20037 20185,30388 20265,30253 20203,20106 30381,20108 20249,20060 30393,20206 20137,30249 20029,30120 20196,20209 20267,20179 20184,30392|20184,30251 30386,20250 20052,20081 20188,30379 20060,20209 20179,30249 20106,20079 20196,20140 20206,20265 20267,20108 20070,20029 20249,30286 30381,20185 30253,30120 20037,20204 30392,20137 20203,30393 30119,30388|30119,20029 30388,20179 20188,20206 30249,30253 20137,20037 30251,30386 20079,20052 20250,20184 30379,20249 20209,20070 30393,20106 20081,20060 20140,20203 20265,20196 30120,30381 30286,20204 20108,30392 20185,20267|20037,20140 20029,20106 30392,30379 30286,20265 30388,30253 20108,20250 20249,20052 20267,20206 20060,20079 20203,20185 30381,30119 20196,30251 20184,20188 20137,20070 30249,20081 20204,30120 30393,30386 20209,20179|30386,30392 20106,20196 20265,20184 20185,20137 30379,30393 20140,20108 30120,20209 20079,20267 20070,20203 30119,30249 20179,20249 20250,30381 20206,20204 30253,20060 20081,20029 30251,30286 20188,20037 20052,30388
20070,20091 30284,30385 20199,20250 30389,30393 20113,30194 20208,20267 20606,20206 30250,20032 20057,20131 30382,30120 30251,20119 30379,20079 30257,20210 30384,20249 20263,20185 20133,20180 20205,30119 20039,30286|30120,30389 20032,30251 20119,20070 30194,20057 30286,20263 20210,20205 30393,20039 20079,20606 20206,20113 20180,30379 20250,20208 20249,20133 20131,20199 20185,30384 20091,30284 30385,30257 30119,30250 20267,30382|30286,20131 30194,20210 30382,20206 20199,20079 20263,30284 20057,20205 20250,30379 20113,20133 30119,30385 30389,20070 20119,20091 20032,20185 30120,20208 20249,20606 20039,30384 30251,20180 30250,30257 30393,20267|30385,20250 30384,30251 20210,30119 30250,20070 20133,30393 20267,20057 20208,20249 20079,20113 20091,30389 20205,30286 30382,30284 20180,30194 20606,20119 30379,20263 20199,30120 30257,20032 20131,20206 20185,20039|30257,30384 30284,20205 20131,30119 30120,20185 20180,20079 20133,20267 20206,20263 30194,30385 20070,30393 30389,20057 20208,20113 20032,30382 20091,20210 20119,30379 30251,30250 30286,20199 20039,20249 20606,20250|30393,20606 30119,20091 30284,20133 20079,30257 20210,20032 20205,30194 20250,20039 30384,20119 30379,20199 20113,30250 20263,30389 20249,30382 20070,20180 20057,30120 20206,30286 20185,20208 20267,30251 30385,20131|30194,20199 20267,20606 20079,20208 20185,20249 20210,20070 20205,20091 30385,20180 30120,20133 30250,30284 30384,30379 30393,30119 20250,20206 20263,20131 30251,30389 20039,20119 30382,20113 30257,30286 20032,20057|20091,20032 30389,20205 20113,30385 20199,20210 20131,20079 20206,30257 30119,30194 20249,30251 20119,20250 30284,20185 30286,30384 20057,20263 30379,30382 20208,30393 20133,20039 20180,30250 20606,30120 20070,20267
20250,30386 20210,20204 20208,20083 20184,30384 20057,20140 30195,20267 30379,20206 30382,30118 20249,20179 30284,30380 30119,20031 30252,20198 20182,30117 20119,20081 20060,20109 20205,30393 20039,20203 20185,20137|30380,20249 30384,20250 30393,30252 20203,30119 30386,20182 20109,30284 20140,20185 20204,20039 20083,20205 30118,20057 20179,20060 20206,20119 20137,20208 20031,30382 30117,30379 20198,20184 20081,30195 20267,20210|30195,20083 20184,20182 30380,20267 30384,20081 20137,20039 20119,20250 20198,30284 20203,20031 30379,20109 20204,20060 30386,20179 20206,30118 30382,30117 30119,20057 30252,20208 20210,30393 20249,20185 20205,20140|20057,20206 30393,20137 20182,20198 20031,20204 30119,30380 20210,20179 20081,30379 20060,30386 30118,20250 30117,30195 20083,20184 30284,20119 20140,30252 30382,20039 20109,30384 20267,20249 20205,20203 20185,20208|20208,20184 20060,20210 30379,30382 30386,30119 20185,20198 20119,20057 30195,20205 20179,30252 30117,30284 20250,20203 20083,20137 20109,20182 30118,30384 20204,30393 20267,20081 20206,30380 20140,20031 20039,20249|20198,20083 30380,20205 30252,20206 30284,30195 20031,20267 30384,30379 20203,20185 20250,30117 20179,20140 20249,30119 20208,30118 20137,20060 20081,20109 30393,30386 20184,20204 20039,20119 20057,30382 20182,20210|30252,20039 30195,20249 20060,20184 20137,30380 20205,20204 20267,30382 20057,20250 30379,20210 20109,20206 20198,30384 20083,20179 30386,20185 20081,30118 30117,20031 20182,20140 20119,30393 30119,20208 20203,30284|20208,30379 20206,30117 20204,20203 20250,20182 30118,20137 20184,30252 20185,20057 20140,30119 30380,20119 20210,20109 20179,20205 30384,20060 30382,20198 30393,30195 20031,20083 30284,20267 20249,20081 20039,30386
30380,30252 20032,20079 20201,20265 30256,20263 20119,20198 30117,20180 20113,30254 30120,30383 20606,30388 20131,20070 20206,20250 30379,20249 30258,30286 30393,20085 20209,20184 20057,30284 20037,20140 30381,20205|20085,30120 30286,20209 20263,30117 30254,30381 20079,30379 20180,20057 30383,30258 20070,20037 20140,20119 20250,30256 30388,30393 30284,20032 20249,20206 20184,20201 30252,20606 20265,20113 20198,30380 20205,20131|20037,30258 20140,20606 20249,20265 20201,20070 20113,30117 30284,30252 30393,30256 20184,30286 30381,20198 20209,30254 30383,30388 20119,20205 30380,30120 20250,20180 20032,20057 20079,20263 20085,20131 30379,20206|20263,30379 20180,20249 30252,20037 20206,30383 20606,20209 30254,20184 20205,20250 20265,30284 30286,20079 30258,30117 20198,20131 20057,30393 30120,20140 30256,30381 30388,20070 20113,20085 20201,30380 20119,20032|30117,30256 30120,30286 20070,30284 20606,30258 20180,20198 20037,20206 20140,30393 20079,20250 20205,20184 20085,20249 20032,30383 30252,30254 30381,20119 30380,20263 20265,20057 30388,20209 30379,20113 20131,20201|30286,30380 30284,20201 30258,20119 20263,30252 30256,20085 20249,20140 20070,20180 20198,20606 20250,30388 20209,20205 30117,30381 30393,30379 20184,30120 30254,20037 20206,20032 20057,20113 20131,20265 30383,20079|20205,30393 30388,20265 30379,30254 30120,20201 30252,30258 20180,20037 20206,20606 20184,20131 30380,20032 20079,20113 30383,30117 20140,30256 20085,20209 30286,20249 20250,20070 20198,30284 30381,20057 20263,20119|30117,20079 30284,30379 20249,30383 20113,30286 20032,30252 30254,20250 20119,20184 30256,20205 20057,20206 20070,30381 20209,20140 20037,30380 30258,20198 20131,30388 30393,20180 20606,20085 20265,30120 20201,20263
30382,20079 30383,30387 30249,30252 30255,30388 20252,20039 20196,20606 20140,30390 20265,20060 30391,20037 30120,20371 20113,20091 30118,20131 30250,30256 20267,30284 30379,30286 20070,20206 20607,20249 20188,20201|20201,20113 20091,30255 20079,30249 20037,30383 30286,30118 30388,20252 30256,20140 20206,30382 20131,30379 30387,20267 20060,30120 20039,20607 30284,30250 30390,20070 20371,20188 20249,30391 20606,20265 30252,20196|20131,20113 30118,20206 20606,20252 20060,30255 20070,20267 30250,20037 20201,20249 30383,30390 20371,30286 20196,20079 30252,20091 30249,20607 30120,20188 30387,30382 30379,20140 30284,20265 20039,30388 30256,30391|30391,20606 20265,30249 20206,30256 20252,30284 20249,20131 30390,20091 20607,30250 30286,20201 20037,30387 20188,20039 30255,20196 30382,30383 20267,30379 20079,30252 20140,30118 20070,20371 20113,30120 30388,20060|20188,30118 20201,30387 20039,20070 20206,20079 30391,30249 30388,20131 20140,20060 20091,20267 30382,30256 30286,20113 20607,20037 30120,30379 30284,20371 30383,20265 20252,30255 30390,20196 20606,30250 20249,30252|20113,20206 20371,30391 30252,30120 30379,30388 20060,20607 20079,20606 30387,20039 20131,30284 30250,20252 20265,30286 20196,30383 30255,20070 20037,20201 30118,30390 30256,20249 20267,20188 20091,20140 30249,30382|20267,20607 20206,20188 20113,20196 20037,20371 30286,30249 20131,20265 30252,30255 20060,30284 30390,30391 20252,30120 30388,30250 20140,20079 20606,20091 30382,20201 20039,30256 30379,20249 20070,30383 30118,30387|20201,30390 30391,30118 20249,20606 20079,20131 20607,20252 30387,20070 30255,20140 30120,20267 20196,30286 20188,30379 30256,30252 20091,30382 30284,30388 30250,20060 30383,20113 20371,20039 30249,20206 20265,20037
20081,20606 20185,20113 30118,30252 20249,30254 20204,30388 20184,30386 30250,30381 30379,20182 20085,20210 20140,30389 30286,20031 20196,20265 20144,30383 20203,20109 30194,20252 30119,20206 30284,20057 20032,20060|20252,30118 20606,20144 20057,20081 20206,30379 20109,20085 30252,20249 30383,20185 20182,30284 20060,20184 30388,30119 20265,20203 20031,20140 30389,30286 30381,30194 20113,30250 20210,20204 30386,20196 30254,20032|30388,20140 30194,20031 20144,30284 20184,30250 30252,30286 20032,20113 20060,20109 20606,20182 20081,30379 30383,30254 30381,30386 20210,30119 20265,20057 20196,20203 30389,20204 20206,20249 20185,20252 30118,20085|20057,30254 20140,30118 20203,20606 20032,30388 30379,30252 20085,20265 20109,30383 30386,30389 30284,20206 30286,20184 20081,20196 30119,30381 20113,20031 20252,20144 20249,20210 20204,20060 30250,20185 20182,30194|30254,30379 20606,30252 20113,20249 20109,20185 20060,30381 20265,30119 20203,20210 30388,30250 30118,30194 20182,20252 20144,20081 20085,20032 20031,30386 20057,20204 20140,20206 30286,20196 30383,20184 30284,30389|30252,20140 30254,20203 30119,20081 30381,20085 30386,20109 20210,30118 20206,20113 20185,30284 30389,20057 20196,20182 20249,20606 30379,30383 20252,30388 20204,30286 20184,20032 30194,20265 20031,20144 30250,20060|20210,20032 30252,30254 20184,30194 20140,20182 20196,30383 20606,30389 20113,30381 20057,20203 30379,20249 30286,30388 20060,20185 30284,30250 20265,20204 20252,20031 20085,30119 20144,20206 30118,30386 20081,20109|30254,20606 30119,30284 30388,20060 20204,20085 20031,30252 20206,30118 30194,20196 20032,30286 30389,20252 30250,20081 30383,20113 30386,20265 20203,30379 20185,20144 30381,20210 20249,20140 20109,20184 20182,20057
20206,20188 20091,20179 30252,20108 20037,20113 30258,30388 20057,30391 20079,20250 30384,20039 20060,30386 20184,20144 30284,30118 30251,20265 20263,20129 20249,30380 30250,30117 20185,20081 20205,30393 30194,30390|20179,20057 30386,20206 20250,30258 30118,20249 20144,30252 20113,30251 30117,30384 30393,20079 20039,20091 20129,20185 30388,30250 30391,30194 20265,30284 30380,20263 20081,20037 20188,20060 30390,20205 20108,20184|30117,20079 30258,20144 30194,20263 20113,20039 30250,20250 30284,30390 30386,20129 20206,20037 20081,20060 20091,20108 30391,30380 20057,20188 30252,30388 30393,20249 20265,20205 20185,30384 30118,20179 20184,30251|30390,20188 20250,30194 30250,30393 30388,20057 20179,20185 30252,30117 20108,20265 30284,20129 30380,30118 30251,30391 20206,30258 20039,30386 20144,20081 30384,20184 20205,20091 20060,20113 20037,20263 20079,20249|20057,30284 20179,30380 20037,30252 20079,20205 30386,30390 20188,20108 20263,30391 30117,20250 20249,20265 20081,30250 20144,20206 20129,30194 20039,30118 30393,20185 30258,30251 20113,30384 20091,30388 20060,20184|20108,20079 30391,20081 20205,30284 20250,30252 30118,30386 30390,20113 20263,30117 30194,20179 20188,30393 30384,30258 20249,20091 30388,20144 30380,20037 20185,30250 30251,20206 20184,20039 20129,20057 20265,20060|30258,20113 20179,20184 20079,20129 20206,20205 30117,20249 30194,20057 30391,20250 30388,30386 30380,30384 20108,30393 30251,20037 20185,20188 30284,20263 30250,20039 30252,20265 20081,30390 20060,30118 20091,20144|20037,30258 20184,30388 20263,20185 20129,30380 20188,30250 30393,30252 20057,20081 30384,30391 20250,20108 30118,20079 20144,30284 20265,20091 20205,20060 30386,20179 20039,30117 20113,20206 30390,30251 20249,30194
20039,20249 30392,20201 20079,30257 30119,30381 30379,20267 30251,30286 20209,20070 20085,30395 30118,20208 20185,20133 20131,20029 20606,20252 20371,30250 30385,30394 30258,20081 30389,20265 20179,20106 20057,20203|20133,20209 30381,20079 30250,30118 20201,30389 20267,20185 30394,20371 30257,30392 20249,30251 30395,20179 20252,30119 30286,20057 20081,20039 20203,20131 20029,30385 20265,30379 20106,30258 20208,20606 20070,20085|30118,20081 20267,20039 20252,30250 20185,20201 30119,20029 20203,30258 20079,20265 20179,30389 30392,30286 30395,30379 20209,20208 20133,30381 20106,30394 30385,20249 20606,30257 20131,20057 30251,20085 20371,20070|20081,20179 20201,20249 30250,20209 30258,30119 30286,30385 20057,20079 20070,20267 20208,30381 20029,20203 20265,30118 30257,20085 20185,30395 30394,20606 30379,20131 30389,20252 20039,30251 30392,20106 20371,20133|30250,20079 20267,20252 20249,30392 20133,20208 20106,30118 30385,20039 20057,20606 30119,20209 20203,20179 20085,30286 30389,20081 20070,30394 30257,30258 30381,30395 20201,20131 20029,20185 30251,30379 20265,20371|20039,30392 20209,30385 30394,30257 20081,30119 30118,20201 30258,30250 20208,20267 20606,20265 20085,20371 20252,20133 20131,30389 20079,20106 30379,20070 20179,30251 20249,20029 30381,20185 30395,20057 30286,20203|20057,30381 20131,20252 20029,20085 20079,20267 30118,30394 30379,30385 30250,30395 20606,20106 20265,30258 20070,20185 30392,30389 20201,30286 20209,20039 20179,20249 30119,30251 20208,20371 20203,30257 20133,20081|30389,30119 20252,20070 20267,30392 30381,30118 30258,20209 30385,20203 30251,20265 30286,20029 30257,20208 20085,20201 20185,20179 30395,20133 20371,30379 30394,30250 20249,20057 20106,20131 20039,20079 20081,20606
20267,30382 20606,20133 20371,20265 20607,30259 20106,20057 30256,30286 20029,30390 20199,30384 30380,30393 20079,20119 30117,20070 30120,30379 20189,20140 20037,20188 20083,20250 20204,30252 30392,30284 30255,30194|30382,20079 30393,30120 30284,20267 20057,30117 30286,20037 30194,20607 20133,20204 20188,20106 20265,30380 30259,20606 20250,30392 30390,20189 30384,20029 30252,20371 20119,20199 20140,30255 20070,20083 30379,30256|20106,30382 20204,20140 20070,30284 30259,20119 20037,30256 20606,30379 30117,20371 20079,20133 30384,20057 20189,30393 30380,30252 30392,30390 30120,20250 20083,30194 20265,30255 20267,20188 20607,20029 20199,30286|30379,30259 30393,20106 30390,20265 20371,20083 20607,20070 20079,30284 20057,30120 20188,20606 20119,20037 30256,30380 30194,20189 20029,30252 30255,30384 30382,20204 20133,30392 20250,20199 20140,20267 30286,30117|30390,20083 20265,20607 30393,30194 20250,20079 20070,20188 20037,20204 20106,30286 30382,30384 30392,20606 30379,20371 20140,30120 20267,30259 30252,20133 20029,30117 30284,30256 20057,20119 20189,20199 30380,30255|20188,30390 30252,20250 30284,20189 20083,20106 30384,20267 30259,20265 30194,30380 20199,20070 30255,20037 30120,20607 20606,20079 30256,20140 20204,20057 20119,30379 30117,30382 20133,20029 30286,30393 20371,30392|20029,20140 20070,30256 30392,20037 20371,20189 20199,20106 20079,30393 20133,20057 30379,20188 20250,30194 30286,20204 20607,30384 20119,20606 30117,30252 20265,30284 20083,30380 30259,30120 30390,30382 30255,20267|30393,20199 20106,20079 20189,30255 30256,30117 30380,20119 20267,20029 30252,30390 20188,30259 20606,30286 30382,20133 20204,30379 30194,20265 30284,20083 30384,30392 20037,20371 20057,20250 30120,20070 20140,20607
30390,30392 20196,20179 20039,20204 30286,30393 30383,20129 20119,20185 30119,30379 30250,20060 30395,20265 20182,30381 20201,20184 20079,30252 20133,20037 20085,20070 20250,20131 30120,30386 20113,20210 30385,20189|30393,20079 30381,30390 30252,30119 20265,20085 20179,30120 20037,20250 20060,20201 30379,20119 20129,20113 20189,30383 20070,20039 20210,30385 20184,30286 30392,20196 20131,20182 20185,20133 20204,30395 30386,30250|20039,30390 30381,20119 30386,20129 20079,20265 20201,20250 30252,20113 20210,30379 30385,20131 20185,30250 20196,30395 20189,20182 20060,30119 30383,30392 20037,20184 30120,20133 30286,20070 30393,20204 20179,20085|20085,20037 20070,20185 30392,20210 20079,30386 30250,20250 30379,30390 20119,20179 30385,30252 20133,20189 20129,20201 20113,30393 20265,30120 20131,20060 30119,30381 20204,20184 30383,20196 30395,20182 30286,20039|30393,30395 20250,30386 30119,20070 20119,30385 20060,20210 20189,20265 20184,30381 20201,20079 20182,20196 30379,30286 30252,30250 20113,20039 20185,20131 20129,30120 30390,20085 20037,30392 20204,30383 20179,20133|20085,30119 20250,20185 20182,20129 20210,20037 30390,20201 30392,30385 20265,20204 20184,20119 30395,30383 20131,30286 30120,20113 20196,20060 30386,30393 20039,20189 30381,20179 30250,20079 20070,30252 20133,30379|20133,30386 20131,30395 20060,20113 20185,30392 20196,20129 20210,20265 30379,20189 30250,30381 20070,30390 30383,20179 30119,20037 20204,20182 20039,20079 30393,20184 30286,30252 30120,20250 20119,20085 20201,30385|30390,30286 30386,20060 30385,30119 20179,20210 20189,30393 30392,20039 20113,20133 20085,30383 20037,20131 20250,20204 30252,20201 20182,30379 30395,30120 20184,20196 20129,30250 20265,20070 20079,20119 30381,20185
20199,30390 20606,20180 20252,20182 20060,20206 20188,30120 20131,30249 20083,20032 20037,30250 20210,30119 20265,30257 30252,20204 30118,30284 30251,20119 20371,30393 20185,20201 30384,20249 20203,20091 20057,20140|30249,20188 20180,20371 30250,30384 30257,20131 20206,20185 30120,20037 20201,20057 20140,20265 20182,30251 20091,20252 20249,30252 30284,20060 30393,20083 20032,20203 20204,20199 30119,20606 30390,20210 20119,30118|20210,30252 20182,20188 20140,20037 30284,30250 20083,20249 30393,30390 30384,20204 30251,20180 30257,20185 20057,20265 20131,20091 20606,20119 30249,30118 30120,20199 20371,20201 20032,20206 20252,20060 20203,30119|20265,30251 20199,20206 20057,20210 20060,20204 30390,30118 20252,30393 20037,30257 30250,20032 20203,30249 20091,20182 20188,30284 20119,20083 20201,30119 20185,20140 20131,30120 20180,30384 30252,20371 20249,20606|20206,20188 30118,20140 30119,20032 20119,20185 20249,20131 30252,20057 30250,20265 30390,20180 20371,20199 20606,20252 30384,20203 20060,20182 20210,20037 30251,30284 30249,20091 30257,30120 20201,20083 20204,30393|30120,30384 20199,20131 20180,20201 20206,20203 20182,20119 20265,20060 20185,30249 20204,20606 20091,20057 20032,30252 20037,20371 30393,30250 30118,20252 20188,20249 20083,30390 30119,30251 20140,20210 30284,30257|20057,30118 20199,20185 20091,30284 20252,30252 20606,30249 20140,30119 30393,20206 20032,20131 30251,30120 20265,20037 30257,20201 20210,20249 20119,20060 20203,20188 20083,20204 20180,30250 30390,20371 20182,30384|30118,20265 30120,20057 30284,20083 30250,20210 20188,20032 20131,20180 30119,30257 20371,20140 20206,20091 20204,20182 30384,20119 20249,30393 20037,20606 20201,20199 20060,30390 30252,20203 20185,20252 30249,30251
20250,30254 20057,30286 30379,30383 20267,30388 30392,20606 30120,30255 20196,30387 20185,20113 20091,30382 20182,30194 30257,30119 20249,20371 30395,20070 30250,20037 30381,20079 20144,30284 20140,20032 20189,30394|30284,20189 20032,30257 30394,20250 30286,30379 30254,20185 20079,20182 30388,30120 20371,20196 30119,30395 30387,20267 30194,30250 30382,20144 20037,20057 30255,30381 20113,20140 20606,20091 20070,20249 30383,30392|20144,20057 20196,30257 20182,30383 20250,30286 20249,30120 30394,30382 20032,30255 20606,30119 20079,30388 20091,20070 20113,30250 30284,30387 30254,20037 30392,30381 20140,20185 20267,20371 30395,30379 20189,30194|20070,30381 30120,20032 20371,20079 30383,30284 30194,30395 30286,30257 20196,20189 30382,20140 20185,20144 30255,20249 30379,30119 20267,20606 20057,30392 20182,30254 30387,30394 20037,20113 30250,20250 30388,20091|30250,30395 30254,30388 30257,20371 30381,20189 20185,20267 20057,20140 20037,30392 30255,30379 20250,20182 30120,30394 20079,20606 30119,20113 30383,20070 30194,20032 30387,20249 30284,30382 20091,20144 30286,20196|30395,20196 30119,30284 30381,30254 20249,30383 20606,30255 20144,20079 20070,20037 20113,30120 20140,30387 20189,20182 30394,20057 30257,30250 20032,20091 30382,30286 30379,20185 20371,20250 30388,30194 30392,20267|30382,30120 20079,30119 30286,20140 30392,20182 20250,30255 30387,20032 20113,20189 30395,30257 20144,30254 20249,20606 30388,30250 30383,20057 20371,30394 20091,30284 30194,20185 20070,30379 20267,30381 20196,20037|20057,20196 30255,20070 30381,30387 20037,20267 20032,30286 30250,20144 20185,30382 20606,20250 20189,30388 30379,20079 30119,20249 30254,30392 30394,20091 30120,30383 30284,20113 30257,30194 20182,20371 20140,30395
20057,20265 20267,30254 20140,20201 20209,30284 20189,30382 20205,20109 20203,20179 20206,30394 30120,20028 20070,20037 20119,20252 30250,20032 30118,30388 20137,20184 20079,30381 20085,20185 30389,30380 30253,30258|30381,30118 20252,20203 30254,20079 30394,20140 30382,20085 20185,20119 30388,30250 30284,20205 30258,20137 30380,20057 20184,30120 20032,20189 20179,30389 20109,20070 20201,20209 20037,20206 20265,30253 20028,20267|20185,20179 30250,20189 30389,20184 20085,30258 20079,20265 20203,20028 30120,20201 20209,30381 30253,20037 20140,20205 20057,20109 30380,20032 30394,20252 30118,20206 30388,20137 20070,30254 30284,20119 30382,20267|20119,20079 20205,30394 20206,20189 20037,30250 30253,30388 30381,20070 20028,20209 20201,20032 20109,20085 30254,20185 20252,30120 30258,30380 20184,20267 20137,30382 30389,30284 20203,20265 30118,20140 20179,20057|30394,30389 20037,20140 20079,20179 20206,20205 20189,30118 20070,20203 20265,20252 30284,20184 20032,20109 20028,20137 20267,20201 30382,30120 20185,20057 20209,20085 30380,30254 30250,30258 20119,30253 30388,30381|20205,20185 20085,20119 30254,30382 20189,20028 20184,20079 20179,30250 20057,30388 30381,30253 20265,20206 20140,30380 20137,20037 30120,30394 30258,20070 20267,30284 20032,30118 20252,20209 20201,30389 20109,20203|20179,20037 20201,30258 30382,20265 30120,20203 20185,30380 30381,20109 20140,20032 20184,20070 30253,20206 20205,20267 20137,30284 30394,20189 20057,30250 20085,30254 30118,20252 20079,20028 30389,20119 30388,20209|20265,20137 20037,30120 20109,30388 20203,30253 20032,30394 30258,30118 30254,20205 20252,20085 20070,20185 20206,20140 20267,20079 30284,30381 30250,30382 20189,20201 20209,20184 20028,30389 30380,20179 20119,20057
20137,30386 30394,20079 20037,30117 20206,20606 20039,30381 20180,20108 20081,20188 30380,30391 20210,30252 20057,30286 30379,20185 20204,20265 30284,30118 20119,30388 20252,20182 30194,30390 20199,20052 20249,20131|20606,20119 20182,20206 30388,20180 20185,20252 20079,20199 20052,30394 30252,20037 30117,20249 20188,30380 30390,20137 30118,20081 30381,20210 20265,30284 20108,20057 30391,20204 20131,30379 30286,20039 30386,30194|20206,20037 20606,30394 20108,30380 20039,20249 30388,30379 20188,30118 30252,30386 30194,20265 20131,20079 30390,30286 20052,20137 20199,20185 20210,20182 30284,30117 20081,30391 20180,30381 20057,20252 20204,20119|30379,20188 20265,30390 20137,20081 30381,20606 20182,20131 30117,20039 30391,20252 20079,20180 20199,20057 30194,20206 20037,20108 20210,30388 20185,20204 30286,20249 30386,30118 30380,30252 20119,20052 30394,30284|20249,30379 30118,30286 30386,20108 20180,30252 20137,20199 20057,20079 20039,20081 20606,20210 30388,20131 20252,30117 30390,30380 20182,20204 30394,20206 30391,20052 30284,30381 20037,20185 20119,30194 20265,20188|20206,30388 20079,20119 30117,30391 30380,20057 20249,30284 20108,20182 30252,20606 30379,30390 20204,30394 20131,20265 30381,30386 20252,20199 30118,30194 20188,20180 20052,20039 20081,20037 30286,20210 20185,20137|20057,30194 20037,30386 20206,20185 30388,20265 20079,20252 20108,30118 20188,20182 30379,20081 20606,20137 30394,30381 20052,30286 30284,20131 30391,20249 30380,20039 30390,20119 30252,20199 30117,20204 20210,20180|20265,20108 20137,30117 20182,30390 20131,20606 20039,30284 20185,20079 20081,30252 30194,20052 20249,20188 20199,30391 30386,30394 20119,20210 30118,30379 30286,30380 30381,20037 20252,30388 20204,20206 20180,20057
30254,20079 30286,30392 20189,30284 30118,30388 30393,30381 20198,20137 30384,20057 20131,20083 20081,20113 20263,20204 20250,20032 20182,20039 30195,30120 30386,30380 30389,20119 20606,20206 30382,30379 20185,20070|20083,30118 30284,20606 20039,20081 30392,20185 30380,30286 20113,30195 30388,20189 30381,30384 20070,20250 20079,20182 30379,20131 20137,30393 20204,30389 30120,30382 20119,20263 20206,30386 20057,30254 20032,20198|20198,20079 30381,20206 30386,20113 30118,30380 30393,20131 20263,30384 20032,20606 30254,20204 20250,30120 20070,30195 20185,20119 30388,20182 20081,20189 30382,30392 20039,20137 30284,20083 30389,20057 30286,30379|20083,20032 30393,20250 30392,30389 30382,20081 20182,20070 20113,30286 20119,20079 20137,20185 20204,20206 30379,30381 20131,30284 30380,30254 20606,30118 30384,20039 20198,30386 20057,20189 30195,20263 30120,30388|20131,30120 20119,30384 30118,20070 20039,30380 20189,20606 20079,20250 20057,30379 30388,30286 20113,30392 20081,30393 30195,20182 30381,20198 20137,30389 30284,20204 20263,20032 20185,30382 20206,20083 30254,30386|20250,30284 20606,20131 30286,20263 30392,30393 20079,30382 20182,30254 20189,20039 20083,20057 30380,20137 20070,20113 30384,30118 20032,30381 30120,20119 30389,20198 30379,20185 20206,30388 20204,20081 30386,30195|20057,20079 20131,20206 30381,20083 20119,30379 30286,20039 30389,30384 30386,30284 30393,20070 30382,20189 30118,20113 20185,20198 20606,30380 20137,20081 30388,30254 30120,20263 20182,20204 30392,20032 20250,30195|20039,30389 30379,30118 20032,20119 20113,20131 30284,30382 20070,30392 30195,30286 20204,30393 20206,20137 20083,30386 30384,30120 20081,30388 20263,20057 20079,20185 20198,20250 20189,30381 30254,20606 30380,20182
20140,20250 20198,30395 20201,20031 30392,30253 20032,20108 20606,20085 20070,20182 30250,30284 30385,30379 20113,20039 30394,30117 30259,30252 20179,20091 20249,20131 30389,20052 30257,20185 30382,30255 30119,20263|30255,20179 20031,20070 30117,30382 20263,20113 30253,30250 30395,30257 30252,30119 20250,30259 30379,20198 30284,20201 20185,30394 20052,30385 20182,30389 20039,20140 20085,20032 20131,30392 20108,20606 20091,20249|20131,30250 30259,30253 30117,20140 30379,20032 30392,30252 30255,20263 30382,20198 20031,30119 20091,30257 20249,20052 20070,20250 20179,30385 20185,20039 20113,20201 30394,20085 20606,30395 30389,20108 30284,20182|30259,20131 20606,30117 30389,30394 20201,30253 20140,20249 20108,20185 30392,20070 20032,30257 30385,20091 20113,30379 20039,20052 20182,20031 30119,30382 20198,30250 20179,20085 30252,30255 20250,20263 30395,30284|30395,20039 30250,20140 20031,30252 20085,30117 20263,20185 30257,30119 20032,20179 20091,30259 20182,30255 20201,30379 20249,30394 30284,30392 20250,30382 20052,20108 20070,30389 20198,20606 20131,20113 30253,30385|20140,20182 20263,20606 30385,30389 30379,20070 30117,20091 30257,20113 30250,20249 30253,20031 30255,20032 30119,30259 30394,30392 30252,20179 20185,20250 20052,20201 20085,20198 30382,20131 20039,30284 20108,30395|20031,20085 20185,30117 20198,20113 20249,30284 30252,20108 20201,20070 20032,20263 30392,20140 20131,20091 30385,20182 30379,30257 20606,30250 30382,30395 30259,20052 30389,20250 30255,30119 30394,20179 20039,30253|20179,20185 30395,20201 20263,30392 30117,20198 20182,30259 20085,30382 20091,20039 20250,20031 20140,30385 30257,20249 20108,20131 20052,30252 20070,30255 30250,30389 30253,20606 20113,30394 30119,20032 30284,30379
20131,30394 20199,30380 20028,20085 30250,30195 20052,30259 20267,20249 30386,30118 30395,20137 20057,20185 20039,30382 30253,30255 20182,20109 20113,30392 30119,30286 30389,30385 20250,30251 20606,30252 30284,20091|30118,30253 30385,30386 30394,30284 30252,30250 20137,20113 20085,20039 20109,20131 20091,20182 30392,20057 30382,30119 30255,20028 30286,20267 30259,30395 30195,30389 20185,20250 30251,20052 30380,20606 20249,20199|20606,30394 20199,30252 20028,20185 20267,20085 30284,30251 30119,30253 30389,20091 30380,30382 30385,20052 20137,30259 20249,30392 20057,30118 30386,20131 30255,30250 20109,30195 20182,30395 20113,30286 20039,20250|20185,20109 30284,30395 30392,30250 30252,20182 20057,20085 30394,30385 20052,20137 20028,30119 30253,20113 30195,30380 30118,20039 30259,20131 20091,20267 30251,20199 20606,30255 30382,30389 30286,20249 20250,30386|20185,30119 20091,20057 30286,30385 30250,20113 30259,20250 30394,30251 20131,30389 20249,20182 30395,20028 20052,30386 20085,20199 30195,20039 20137,30284 20267,30392 30380,30252 30255,30382 30118,20606 20109,30253|30389,20267 30250,30259 20113,30118 20131,20052 20085,30284 20250,30286 30119,20109 30392,20091 30395,30394 20182,20606 20199,20028 30382,20185 30252,20057 30253,30380 30386,20249 30385,30195 30251,20137 20039,30255|30119,20199 20057,30386 20267,30118 30392,30395 20182,30250 30253,30259 30382,20085 30380,20039 30389,30284 20185,20137 30252,30394 20606,20131 20052,20091 30255,30286 20109,30251 20249,30195 30385,20250 20113,20028|20137,30253 30386,30392 30250,30382 30259,30255 20091,30385 30284,20606 30395,20267 20131,20249 20199,20185 30394,20182 20085,30380 20250,20109 30286,20052 20028,30252 20039,20113 30195,20057 30118,30389 30251,30119
20189,20057 20081,20140 30250,30257 20119,30284 20203,30252 20131,20371 20182,20606 20267,30286 30118,20060 30382,20206 20198,20210 20032,30384 30388,20037 20079,20185 30387,30119 20252,30392 30194,20031 30380,30394|20037,20131 30252,30118 30286,20198 30384,20252 30257,20203 20606,30387 30394,20189 20057,20079 20371,30194 20060,20267 30392,30382 20185,30250 30284,20032 20210,30388 20031,20081 30119,20119 20140,20182 20206,30380|20189,30257 30392,30118 30286,30382 30388,20267 20606,20131 20031,20057 20185,20060 20371,20079 30387,20203 30380,20210 30194,30252 30250,30284 20119,20206 20037,30394 20198,20252 20032,20182 30384,20140 20081,30119|30382,20371 30380,30286 20189,20198 20210,20037 30387,20081 30118,20131 30257,20606 20079,30250 20060,20119 20182,20031 20252,20032 20057,20140 20267,30392 30119,20185 30284,30194 30394,30252 20206,20203 30388,30384|30284,30380 20119,20032 20182,30392 20081,20267 20060,30194 20140,20206 20210,30286 20606,30119 20203,20189 30118,30250 20037,30387 30394,20079 20131,20198 20185,20252 20057,30384 20031,30382 30252,30388 20371,30257|30382,30380 20267,20037 20032,20189 30286,20185 30194,30394 20140,30118 20203,20371 20131,20210 30384,20031 30252,20606 30250,20182 30392,20060 20206,20081 30257,30388 20252,20057 20198,30387 20079,20119 30119,30284|20031,30286 30194,20185 20210,20606 20032,20203 30250,20206 20079,20252 20189,20371 30119,30257 30118,30394 20057,30284 30382,30387 30380,20081 20119,30388 30384,20198 20267,20140 30392,20131 20037,20060 20182,30252|20206,20210 30257,20182 20606,20189 20060,30382 20371,30118 20198,20031 30252,20079 30284,20267 30387,20057 20185,20032 20140,30392 30286,20119 20131,30380 30394,30119 30388,30194 20203,30384 20081,20037 20252,30250
30252,20182 20205,30379 30253,20039 20267,30393 20031,30194 30118,20091 20179,20037 20081,30286 30391,20140 20196,20185 20371,30386 20189,30382 20250,20057 30119,30387 20052,30390 20210,20208 20133,30250 20607,20109|20109,20205 20057,20196 20208,20133 20039,30391 20182,30118 30250,20267 20091,30253 20140,20250 30386,30119 30393,20189 30194,20210 20185,20179 30387,20607 30286,20052 30390,20081 30379,30252 30382,20031 20037,20371|30252,30391 30286,30382 30379,30390 20052,20031 20140,20037 20371,20208 20133,20039 30250,20210 30393,30253 20267,20185 30387,20091 20250,20205 30386,30118 20179,20189 30119,20109 20057,20182 30194,20607 20196,20081|20039,30252 20182,20133 20371,20031 30391,30393 20208,30286 20081,20140 30119,20267 20210,30387 30253,20196 30382,30379 20205,30194 20185,30386 30118,30250 20179,20250 20607,20057 20109,30390 20037,20091 20189,20052|30393,20371 30391,20052 20210,20057 20091,20250 20208,30119 30382,20133 20039,20081 20196,20205 30194,30252 20189,30286 30250,20607 30387,20179 20185,20037 20140,30379 20031,30253 20109,20182 20267,30118 30390,30386|20250,20109 30253,30382 20031,30250 20607,20179 20182,20039 30252,20196 30286,20140 20081,30119 20205,20208 20037,30387 20057,30393 20091,20189 20133,30391 20052,20267 30390,30194 30118,20371 30386,20210 30379,20185|20267,20031 20205,20081 20179,30253 20057,30118 20210,20371 20185,30194 20182,30393 20208,20039 30387,30391 20607,30382 30379,20037 20250,30390 20140,20052 30250,30386 30286,30252 20196,30119 20133,20091 20109,20189|20189,20140 30253,20250 20052,20133 30390,20205 30386,20182 20037,20267 30252,20179 30118,30387 20081,20210 20039,20196 30194,30379 30391,30286 20371,20185 30119,20057 20091,20109 30393,30250 30382,20208 20031,20607
30392,20081 30286,20113 30395,20267 30379,30194 30382,20085 30380,20182 20250,30252 20199,20070 20137,30394 20133,30387 30390,30120 30259,30391 30284,20252 30384,30119 20119,20031 20060,20607 20189,20606 20037,20210|30119,20189 20606,30259 30252,30395 30194,30284 20031,20060 20085,30384 20070,20250 30394,30382 30391,30390 30387,20199 20267,20133 20182,20137 30120,30380 20252,30379 20081,20119 20210,30392 20607,30286 20113,20037|30194,30252 20606,30119 30392,30394 20250,30284 20267,20252 20081,30382 30395,20119 20189,30380 20133,30286 30387,20137 20210,20070 30390,20037 30120,30379 30384,20060 20199,30259 20607,20182 20031,20085 20113,30391|30286,30391 30284,30395 20037,30120 30380,30194 30379,30392 30259,20210 30384,20607 20060,20189 20070,20081 20133,20085 30382,30387 20252,20606 30390,20199 30394,20031 30119,20113 20137,30252 20182,20250 20119,20267|30252,20037 20081,30194 20182,30284 30395,20070 30391,20060 20607,20199 30394,20252 30120,20137 30392,30286 20113,30380 30387,20189 20085,20606 30382,30390 30119,30259 30379,20031 20119,20133 20250,30384 20210,20267|30194,30390 20252,30119 20199,20182 30259,20119 30380,30395 30284,20210 30252,30387 20060,30394 20031,30392 20267,30120 20070,30384 20606,20133 20189,30379 20137,20081 20085,20113 30286,30382 20037,20607 30391,20250|20137,20189 20250,20085 20133,30120 30394,20210 30384,30391 20607,30395 20606,20182 20252,20113 30380,30252 30379,20267 20199,30382 20081,30387 20070,30194 30286,20060 30284,20037 20031,30259 30119,30392 20119,30390|20060,20199 30391,20081 20182,30119 20189,20031 30120,20606 30387,30394 30395,30384 20210,20119 30252,30286 30194,20137 20037,30379 20085,20252 30259,30380 30392,20250 30382,20133 20113,20070 20267,20607 30390,30284
30286,20137 20205,20119 20267,20032 20203,20201 20208,20184 20263,30382 20060,30119 20081,30383 20133,20371 20196,20079 20249,30386 20204,20180 20250,20209 30394,20131 30381,30389 30380,20037 30118,30249 20070,20606|20037,20205 20201,30118 20371,30380 20184,30394 20032,20204 20119,30381 20137,20060 30389,20081 30382,20070 30249,20250 30386,30286 30383,20133 20131,20208 20079,20203 30119,20249 20606,20267 20209,20263 20180,20196|30380,30382 30383,20203 30394,30118 30381,20137 20263,20079 20204,30389 20032,20184 20208,30386 20037,20180 20371,20070 20201,20119 20060,20250 20249,30286 20131,30119 20196,20606 20209,20205 20133,30249 20081,20267|20137,30383 30286,20119 20070,30389 30386,20371 20205,20184 30119,20032 20263,20204 30382,20196 20606,20201 20250,20081 20060,20037 20267,20249 30118,20131 30394,20209 30249,30381 20079,20133 20203,20208 20180,30380|20081,20201 30382,30119 20184,20209 20250,20267 20249,20606 20196,30286 20180,20070 20208,30118 30383,20263 20119,20037 30389,30380 20137,20371 20133,30394 20203,20205 30381,20204 20131,20032 20079,30386 30249,20060|20371,20249 20205,20250 20201,20180 20119,20137 30380,20060 20606,30381 20032,30382 20204,20196 30119,20208 30286,30383 30389,30249 20267,20203 20184,20133 20070,20131 30386,30394 30118,20263 20037,20079 20209,20081|30383,30381 20196,30380 20606,20131 20208,20037 20081,20119 20205,30386 20249,20032 20079,20209 30286,20204 20180,20137 20201,30389 20133,20263 30249,20070 20250,30394 20060,20184 30118,30382 20203,20371 20267,30119|20119,20196 30386,20606 20184,20203 20131,20060 20037,30286 30119,30383 30382,20201 20204,20133 20032,20081 20137,20208 30394,20205 30380,20267 20209,30249 20371,20250 20263,20249 20070,30118 30381,20079 30389,20180
30387,20250 20607,20039 30259,30379 20091,20206 30284,20108 30118,20184 30254,30286 20263,20371 20032,30381 20057,30380 30392,30383 20131,20203 30256,20129 30393,20079 20252,20199 20119,20070 30255,30382 30119,20267|30383,20263 20267,20252 20184,20091 30381,30259 20129,30393 20250,20119 30286,20607 20070,30256 30380,30255 20371,20032 20199,30118 30379,30392 20039,30284 20079,20057 20203,30119 20206,30387 20108,20131 30382,30254|30393,20206 30118,20131 30392,30387 20267,30380 20108,30379 30284,30255 20091,30119 20079,30382 20371,30256 20032,20129 20184,20252 20203,20039 30254,20607 30383,30381 20199,20070 30286,20263 20250,30259 20057,20119|30254,30393 20057,20250 30382,20184 20129,20263 30387,20371 20039,30259 20070,30381 20206,30286 30118,20203 20131,20079 30256,30392 30284,30383 20252,20607 20032,30255 30119,20108 20119,20267 30380,20199 30379,20091|20267,30284 20607,30380 20129,20371 20206,30392 30383,20039 30381,20119 30387,20057 20252,30254 20131,30119 20263,30393 20070,20184 30379,20203 30255,30118 20091,20032 30259,30256 20108,30286 20199,20079 20250,30382|30256,20267 20203,30387 30393,20250 30119,20057 20039,30254 30255,20131 30381,30284 30382,20252 30392,20070 20184,20129 20263,20199 20371,20091 30259,20206 20607,30118 20119,30383 30380,20032 20079,20108 30286,30379|30382,20129 20267,20032 20070,20079 20057,30284 30118,30393 20108,20252 20206,20039 30392,20131 20199,30383 20203,30255 30387,30381 20119,20607 20184,30254 30256,20263 30119,30380 30379,20371 20250,20091 30286,30259|20607,20206 30255,20057 30381,30119 20039,20119 30284,20203 20032,20199 30380,30382 20131,20184 30383,30118 20079,20250 20091,20267 30393,30379 30259,20108 20129,30387 20252,30286 20263,20070 30254,30256 20371,30392
20037,30392 20189,30257 20113,20204 30254,30393 20185,30379 30389,30249 30381,20203 30251,20081 20085,20182 20031,20119 30118,20267 20209,30284 20079,20060 20250,30119 20179,20606 30194,30384 20137,20199 20131,20057|20119,30194 30384,20250 30284,30389 20182,20031 20057,20209 30257,20179 20204,30254 20267,20137 20606,20079 20199,30381 30393,20037 30249,20085 30392,30118 20060,20185 30379,20113 30119,20131 20203,30251 20081,20189|20057,30389 30118,30384 20081,20131 30194,20182 20209,20189 20250,20179 30392,30254 30381,20085 20199,20079 30249,20203 20119,30119 30379,20606 30284,20204 20060,30251 20113,30393 20031,20185 20267,30257 20037,20137|20179,30392 30384,20182 20085,30257 20137,20060 30119,20199 30194,20250 20185,30118 30393,20267 20606,30381 20131,30249 30254,20081 20079,20113 20189,20119 30389,30379 30251,30284 20209,20037 20204,20057 20203,20031|20189,30249 30284,30118 20182,20606 20267,20250 20119,20081 20079,30254 20031,30381 30389,20137 30384,30392 20203,20185 20204,20179 30393,20057 20085,20209 30379,30251 20131,20037 20199,30194 20060,20113 30257,30119|30251,20189 30119,30389 20037,20079 30257,20119 20137,20031 30392,20204 20057,20267 20182,30379 30381,30384 20606,20203 20179,20199 30254,30194 30249,30393 20250,20209 20185,20131 30118,20060 20113,20085 20081,30284|20199,30249 30118,20037 20113,20179 20079,20267 20606,20204 20131,30384 30389,20031 20057,20081 20185,20137 20209,30119 20085,20203 20250,20182 20060,30392 30393,30381 20119,30251 30379,30257 30254,30284 20189,30194|30284,20119 30257,20060 30194,20606 30251,30254 20267,20113 30384,20185 30392,20079 20179,20131 30249,20057 20037,20250 20031,30118 30381,20209 20137,30393 20203,30379 20081,30389 20204,20085 30119,20189 20182,20199
20129,30254 30379,20184 20267,20189 20196,30382 20081,20113 30252,20060 20265,30257 30389,20133 20057,20607 20144,30394 30388,30250 30284,30120 20250,20037 30118,20039 20210,30383 30195,30395 30286,30392 20119,20079|30250,30286 30395,20196 20039,20057 30392,20265 30394,20081 30120,30252 20189,20119 20607,20129 30383,30379 30257,30118 30382,30388 20037,30389 20184,20144 20133,30195 20060,20210 30254,20267 20079,30284 20113,20250|30388,20057 20060,30392 30118,20196 30389,20250 30250,30195 30394,30382 20265,20039 20037,20081 20079,30120 30284,20113 20119,20210 20267,30395 20607,20189 30257,20144 30379,20129 20184,30252 30286,20133 30254,30383|20039,30250 20189,20184 20129,30286 20057,30195 30389,20607 30284,20144 20113,20060 30388,20265 30383,20037 30120,30394 20133,30254 20267,30379 30382,20079 20250,30118 20081,30252 30395,20119 30392,30257 20210,20196|30383,20189 30382,30254 30392,30284 20129,20119 30195,20267 30257,30389 20250,30394 20184,20113 30252,20607 30395,30120 20196,20265 20079,20039 20133,20057 20144,30250 20060,30118 20210,30388 30286,20081 20037,30379|30379,30257 30120,20060 20607,30392 20113,30382 30394,20210 30195,20129 20119,30388 20265,20133 20039,30383 20057,20267 30252,30389 20189,30286 20196,20250 20081,30395 30250,20079 20144,20037 30118,30284 30254,20184|20607,30118 30254,20113 30382,30195 20081,20265 20133,30284 30392,20129 20184,30120 20057,30257 20189,30389 20039,20144 20250,20210 30286,30252 20060,20079 20037,20196 30379,30388 30383,30395 30394,30250 20267,20119|30195,20189 20079,20133 30388,30383 20210,20607 30118,30254 30389,30392 30284,20267 30252,20250 20144,20060 30250,30382 20265,30379 20129,20184 20196,20081 30257,20039 20113,20037 20119,30394 30395,30286 30120,20057
20052,30286 20203,30386 20179,20209 20079,30252 20199,20119 30194,20607 20039,30379 20109,20265 30383,20037 20144,20263 30393,20185 30390,20091 20208,20249 30382,20250 20140,30395 30120,30254 20180,20057 30250,30118|30395,20203 30386,20109 20091,30382 20057,30194 20265,20179 20119,30383 20037,30393 30286,20039 20249,20052 20607,20199 30252,20140 30118,20144 30379,20208 20209,20079 20185,30120 30254,30250 20250,30390 20263,20180|20607,20057 20037,20263 30286,20265 20109,20091 30382,20052 30379,20249 20039,20180 30393,30120 20179,30250 20079,20119 20185,20140 20208,30383 20209,30254 30395,20144 20199,20203 30252,20250 30194,30118 30390,30386|20140,20039 30383,20179 20203,20607 20263,20109 20180,30252 30386,20057 30120,20199 20091,20185 30118,30393 20250,30286 20249,20144 20119,30194 20052,20209 20208,20037 30254,20265 20079,30390 30250,30395 30382,30379|20250,20180 20203,20208 30393,20140 30118,20079 30386,30252 30250,20109 20091,20037 30254,20039 20263,30286 20144,30390 20052,20607 30395,30382 20179,30120 20199,30379 30194,20185 20265,20209 20249,30383 20057,20119|20185,20208 20109,20179 20607,20079 20209,20249 20039,20052 30383,30194 30286,20199 30390,30118 20265,30386 20140,20203 20037,30250 20180,30395 30379,30393 20119,20250 30252,30254 30120,20263 20144,20091 20057,30382|30120,20607 30390,20180 20185,20265 20199,20057 20079,20144 20208,30252 30194,30393 20119,20140 20179,20052 20209,20203 30386,30383 20249,30250 20037,20109 30286,30382 30254,30395 20250,20091 20039,30118 20263,30379|30252,20185 20144,20199 20265,20039 30382,20209 20052,30120 30379,20079 30393,30286 30395,20119 30118,20179 20057,20250 20091,20208 30383,30390 20140,20249 30250,30194 20180,20037 20203,20263 20607,30386 20109,30254
20057,30384 30194,30120 20140,20028 30381,20108 30380,20070 20179,20189 20182,20249 20081,30258 20265,30389 30388,30252 30393,20091 20039,30386 30118,20184 30250,30391 30251,20371 30284,20133 30395,20606 30385,20199|20108,20081 20184,20140 20199,30395 30258,20265 20133,30194 20028,20179 30120,30388 30252,30393 30391,30118 30384,20039 20091,30284 30386,30250 20070,30251 30389,20182 20189,30380 20606,30385 20371,20057 20249,30381|30258,20133 20371,30252 20081,20199 20070,20039 30284,20606 30250,20140 20179,30389 20028,20091 30251,30388 30385,30380 30120,30391 30381,20189 20182,30384 20265,20249 30393,30118 20184,30386 30194,20057 20108,30395|30386,30120 30389,30385 20133,20182 20140,20070 20199,30250 30118,20091 30384,30284 20249,20028 30393,30395 20189,30194 20039,20184 20265,20108 20057,30258 30388,20081 20606,20371 30391,30381 30380,30251 30252,20179|30388,30393 20057,20179 20184,30250 30252,20070 20133,30251 30391,30258 30120,20182 20371,30380 30384,20265 30118,30386 20140,30381 30194,30284 20606,20199 20039,20108 20081,30385 30395,20028 30389,20249 20091,20189|30250,30120 20070,30388 20182,30391 30386,20133 20108,20606 30385,20057 20091,20371 20189,20081 30284,30252 30251,30194 20199,20265 20179,20039 30381,30389 20249,20184 30380,20140 30395,30384 30258,30118 20028,30393|30385,20371 30393,20184 30381,30386 20140,30389 30118,30251 30194,20091 20081,20133 20189,30252 20265,30395 20057,20182 20039,30250 20199,20108 30284,30380 20179,30384 30391,20028 30120,30258 30388,20249 20070,20606|30250,20057 30395,20179 20108,30118 30252,20081 30258,30393 30380,30381 30384,30385 20371,20039 20091,30120 30386,30194 20249,30391 20028,20265 20184,20070 20182,20140 30251,20199 30389,30284 20133,30388 20606,20189
20119,30194 30380,20131 30250,20206 20371,20060 20037,30391 30255,20184 20113,20208 20252,30381 20039,30117 30120,20140 30390,20199 20204,20052 30284,20250 20263,30286 30254,30394 20606,20079 30386,30252 20091,20267|30381,30284 20052,30250 20267,20113 20208,30255 20199,20039 20131,20252 30117,20204 20140,20263 30252,30380 30391,30390 20206,30120 20184,20371 20060,20091 30394,20119 30194,20606 30286,30254 20250,30386 20079,20037|20263,30386 30250,30390 20140,30394 20208,20091 30286,20267 30380,30255 20131,20206 20606,20060 30117,30381 30254,20052 20113,30391 20204,20252 20039,30120 30252,20079 20250,30194 20037,20371 20184,20199 20119,30284|30255,20119 20252,20208 20060,30380 30284,20263 30381,20184 20267,20204 20371,30254 30394,30286 20113,20037 30194,20131 20039,20250 20199,30117 30120,30250 20091,20606 20206,30252 30386,30391 20079,30390 20052,20140|20252,20039 20267,20131 20060,30255 30286,20140 20119,20079 20199,30284 20206,30117 30390,30120 20052,20113 30380,30254 30394,20263 20208,30381 30252,20184 20250,20371 20606,30250 30391,20091 20037,20204 30386,30194|30391,20250 30254,20113 20263,20206 20091,20119 20140,20039 30255,20267 20079,20199 20131,20208 30120,30386 30381,30380 30284,20037 30250,30252 30390,20060 30117,20052 20204,20606 20184,20252 20371,30286 30194,30394|30380,20267 20060,20250 30284,30120 20037,30255 20039,20131 30252,30286 20199,30391 20606,30390 30254,20204 20079,20184 20119,30386 20091,30381 20371,20052 30117,20263 20208,30250 30394,20252 20113,30194 20206,20140|20204,20208 20184,20113 30381,20371 20140,30252 20131,20091 30386,20079 20263,20039 30390,20037 20052,30380 30194,30284 30120,20606 20267,30394 30286,20060 30250,20119 30391,30117 20252,20206 20250,20199 30255,30254
30391,20184 30257,20039 30258,20249 20057,20081 20131,30393 20144,20371 20189,30382 20263,30389 30120,30252 20206,30119 30383,30286 20070,30385 20029,30379 20091,20267 30195,30250 20119,30388 30381,30284 20198,20606|30379,30195 30389,20091 30286,20029 20249,20263 20606,20206 30119,20131 30250,20189 30284,30391 20039,20070 20184,30257 30393,20057 30252,20198 20267,20144 30385,30381 30388,30383 30382,30258 20081,20119 20371,30120|20606,30385 30119,30379 20267,30250 20263,20184 20144,30252 30388,20081 20070,20198 30195,30120 20039,30389 30284,30258 20131,30383 20371,20249 20206,20057 30286,30381 20091,20029 30257,30382 30391,20119 30393,20189|30391,30286 20070,20131 30120,20144 20091,20606 30381,30195 30382,20081 20249,20119 20029,30257 30258,20039 20184,20189 30383,30119 30250,20057 30385,20371 30389,20267 30252,30393 20206,20198 20263,30388 30379,30284|30195,30258 30389,20206 30252,20131 20267,20039 30250,30385 30284,30388 20057,30382 30379,30257 20198,20371 20189,20091 20606,30286 20119,20263 20249,30391 30120,20070 20081,30119 20184,30383 20144,30393 30381,20029|20057,30195 20119,20091 30385,20263 20029,20144 20198,20267 20081,30252 30382,30391 30257,20249 20189,30284 30286,30379 30388,30120 20039,20184 30383,20070 30258,30381 20371,30250 20131,20206 30393,30389 30119,20606|30250,30252 20263,20029 30284,20119 20606,20081 30382,20198 30381,30119 20249,30379 20371,20057 20091,30391 20039,30286 30393,30383 30388,20184 30389,30257 30120,30385 30195,20131 20070,20189 20206,20144 30258,20267|20267,30382 20131,20039 30385,30388 20057,30284 20184,20070 30286,20249 30383,20263 30257,30250 20029,20371 20119,30381 30119,30393 20189,20606 30391,30120 20144,30195 30252,20206 30379,20091 20198,30389 20081,30258
20052,30392 20206,30394 20267,30252 20137,20252 20204,20371 20265,30380 30120,30379 30390,20057 30385,30391 20185,20091 20119,30253 20106,30284 20249,30119 20039,20081 20032,30194 20199,30381 20607,30257 20180,20140|30257,20265 30380,30390 20252,20180 30381,30385 30252,20185 30194,20137 20140,20039 20081,30120 30284,20204 30394,20106 30119,20206 30379,20267 20371,20199 30392,20607 20057,20032 30391,20052 20091,20119 30253,20249|20091,30252 30391,30380 30390,20199 20137,20180 20039,30385 20249,20119 30394,30120 20057,20106 20267,30194 20265,20052 30253,20607 20371,20140 20206,20081 30257,30284 20204,30379 20032,20252 20185,30392 30119,30381|30385,20180 20140,30391 30252,20252 30379,20039 20204,20265 30381,20137 20267,30119 30380,30257 20081,20032 20607,30390 20119,20057 20185,20249 20052,20371 20206,30194 30392,30394 20106,30120 30284,20091 20199,30253|20180,30257 30119,30252 30194,20371 20252,30380 30284,30391 20052,20267 20140,30379 20119,20607 30253,30390 20137,20039 20057,30385 20199,20081 20106,20185 20032,30394 30381,20204 20091,20249 20265,20206 30120,30392|30380,20032 30390,20119 20252,20140 30392,20199 20039,30284 30379,20106 30385,20267 20371,20206 30391,30253 30252,20052 30194,30381 20180,20265 20249,20057 30394,20091 30257,30119 20607,20137 20081,20204 30120,20185|20039,20265 20106,20607 20249,30252 20199,20137 20119,30381 30379,30392 20057,20204 20185,30390 30257,20081 20052,20180 20091,30380 30284,20206 30253,30120 30394,20252 20371,30119 30391,30194 20267,20032 30385,20140|30390,30385 30381,20371 20206,30253 30252,30394 20265,20199 20607,20052 20204,30257 20252,30284 30120,20119 30194,30379 20137,30391 30380,20249 30392,20057 20081,20106 30119,20039 20032,20091 20180,20267 20140,20185
30379,20252 20265,20199 30382,30385 20203,30389 20185,20204 20129,20079 20109,20039 20606,20209 20179,20057 20140,30381 20182,20070 30253,30284 20371,20081 30380,20032 30195,20208 20205,20250 30119,30256 30252,30120|30284,30379 20252,30382 20204,20606 20209,20265 30256,20182 20208,20129 20032,20185 20081,20205 30120,20371 20250,20203 30381,30253 30389,20109 30385,30195 20057,20140 20199,30380 20039,30119 20070,20179 20079,30252|20039,20606 20032,20109 20182,20140 20199,20079 30195,30381 20057,30120 20209,30284 30119,20129 30389,20179 20081,30379 30380,30252 30256,20208 20265,20185 20203,20205 30253,20070 30382,20250 20371,20252 20204,30385|20265,20032 20252,20199 30252,20209 20109,30380 30381,20204 20208,20057 30284,20070 30379,20039 30195,20081 20606,20203 20205,30119 20079,30389 20140,20371 20250,20185 30385,30120 20179,30253 20129,30256 30382,20182|20203,20032 30284,30252 20606,30382 30120,20209 20250,20140 20081,20129 20185,30119 30380,30381 20079,20204 20199,30195 30253,30379 20109,20265 20371,20057 20208,20252 20070,30389 20039,20182 20205,20179 30256,30385|20179,20250 30379,20606 20070,20079 30385,20081 20057,30195 30119,30380 20140,20208 30252,30256 20129,30253 20204,20039 20185,20109 30120,20205 20182,20199 30389,30382 20252,20265 20209,20371 30381,20203 20032,30284|30284,20039 30385,20208 30256,20606 30380,20057 30252,20081 30253,20140 30195,20070 20250,30381 20205,20371 30382,20185 30389,20199 30119,20265 20252,20109 20079,20032 20182,30120 20209,30379 20179,20129 20203,20204|20070,20205 20129,30195 20371,30385 20140,20209 20204,20252 20039,20203 30381,20079 20265,30380 30379,30119 20606,20182 20109,20250 30120,30389 20185,30256 20081,20179 20208,30253 20057,30252 20199,30284 20032,30382
20179,20203 30284,30389 20250,20607 20208,20140 20057,20184 30252,30255 20205,20137 20267,20252 20079,20188 20119,20037 20263,20032 30383,30249 20085,20028 30119,20108 30381,30258 30380,20052 30118,20201 20196,20206|20028,20079 30249,20263 20203,30119 20032,20205 30255,30381 20108,30380 20607,20085 20184,30118 20188,20208 20201,20057 30389,20250 20140,20119 20137,20196 20037,20267 20206,20179 20052,30284 20252,30252 30258,30383|30389,20206 20607,20201 20208,20052 20085,30383 30252,20119 20252,20032 20140,20057 30258,20108 20184,30255 20263,30119 20267,20188 20203,30284 20079,20250 20028,30381 30380,20205 20137,20037 30118,30249 20179,20196|20085,20137 20206,20140 20201,20108 20196,20079 20032,20184 30255,20267 30249,30119 20052,20028 20205,20203 20208,30381 30284,30258 20188,20607 20119,30389 30383,20263 30380,20179 20057,20250 30252,30118 20037,20252|20205,20037 30255,20119 20052,30383 20140,30118 20196,20208 20252,20201 20057,30389 20108,20206 20137,20203 20263,30258 20267,20028 20607,30284 30381,30380 20032,30249 20184,20085 30119,20188 20250,20179 20079,30252|30389,20252 20203,20184 20119,20263 20188,30380 30284,20057 20108,20607 30383,20079 20179,20032 20201,20205 30258,20137 20206,30252 30118,20085 30119,20208 30249,20267 30381,20140 20028,20196 20250,30255 20037,20052|20188,20137 30249,20037 20263,20201 20028,30255 20179,20184 20607,20203 20052,20206 20085,30258 20057,20079 30252,30389 20205,20267 20032,20108 20208,20250 20140,30119 20252,20196 30383,30381 30284,20119 30118,30380|30119,30383 20108,20208 20184,20252 30380,20607 20037,20140 30255,20188 20206,20263 20267,30284 20250,30252 30258,30118 30381,20057 20137,20052 30389,20085 20203,20028 20196,20205 20119,20179 20201,30249 20079,20032
30250,20185 30379,30252 20198,30394 20070,30195 20250,20031 20057,30388 20606,20133 30286,30390 20039,30255 20113,30384 30386,20079 20205,30381 20091,30120 20263,20052 20109,20267 30119,20144 20189,20179 30395,30254|20052,30250 20079,20606 30120,20205 20144,20091 30255,20057 30388,20250 20133,30286 30394,30395 20267,30379 30254,20263 30381,20189 20179,30119 30195,20109 20031,20113 30252,20070 20185,20039 30384,20198 30390,30386|20070,20250 20179,30379 30120,20031 30381,20052 20198,20189 30255,20267 30395,30286 30119,20039 20091,20185 30384,30390 20144,30195 20109,20263 20057,20606 30386,30252 30394,30250 20113,20205 20079,30254 30388,20133|20267,20179 20052,30394 30250,20113 20198,20079 20189,30395 20133,20109 20031,20057 20250,30195 30254,30381 30386,30119 30252,30120 20185,30384 20039,30388 20606,30255 20205,20144 20263,30286 30379,20091 30390,20070|30390,20250 20039,30386 30119,30388 20091,20052 20606,20198 30395,30255 30195,20205 20185,20144 30286,30250 20070,30381 20057,20113 30120,30394 30384,20109 20267,30254 20189,20079 20031,30252 20133,20179 30379,20263|20113,20091 20079,20133 30195,20189 30255,20031 20179,20070 30254,30379 20250,30395 30286,20606 20109,30119 30250,30386 30394,20057 30381,30120 30252,20267 20205,20198 20052,20039 20263,20185 30388,30384 20144,30390|20263,30381 30255,30394 20267,20039 30379,30119 30250,20205 30120,20179 30390,30195 30386,20185 20070,20079 30254,20133 20198,30388 20250,30286 30395,20091 20113,20189 30252,20057 20109,20031 30384,20606 20052,20144|30119,30384 20185,20250 20091,20198 20179,20263 20144,30252 20039,20070 20205,20052 30195,30254 30381,20267 30388,30255 20057,30120 30286,20109 20189,30250 30394,20113 20606,30386 20133,30390 20079,30379 20031,30395
20250,20140 20209,20079 20106,20188 30252,30256 20070,20137 30380,20180 20182,30118 20371,20039 20204,30120 30382,30259 30286,20263 20201,30383 30391,30395 20060,20185 20031,20109 20083,20196 20252,30379 20606,30392|20137,20209 30256,20031 20079,30380 20188,20070 20180,20201 20039,30391 30395,20083 30118,30382 30259,20250 20196,20182 30120,30286 20263,20606 20109,20060 20185,30252 20140,20204 30392,20106 30383,20252 30379,20371|20031,20263 20252,30252 30379,30382 30120,20140 30259,20109 30392,20209 20070,30286 20204,20083 20079,20106 20060,20180 20250,20137 20188,30118 30380,30383 20185,20371 30395,30256 30391,20182 20606,20039 20196,20201|20209,20060 30383,20204 20180,20252 30382,30392 20039,20079 20606,20188 20182,20140 20137,30395 20371,20250 20106,30286 20031,30120 30256,30391 20083,30379 20263,30252 20109,20185 20201,30259 30118,20070 30380,20196|20250,20196 30379,20060 30259,20606 20371,20180 30392,30391 30252,20079 30286,20039 20188,30120 20137,20109 20083,20209 30382,20263 30256,20204 20070,30380 20140,20252 20185,30395 20182,30383 30118,20106 20201,20031|20209,30382 20109,20182 20252,20201 30391,20137 20263,30379 20140,20083 30252,30380 30286,30392 20060,20371 20106,20031 20039,30259 20180,20250 30383,20070 30395,20188 20204,30118 20079,30256 30120,20606 20196,20185|30392,20250 20083,20371 20204,20180 20188,20140 30118,30286 20137,30256 20201,20263 30120,30380 20109,30395 20031,30252 20079,20606 20106,30382 20196,20252 30383,20039 20060,30391 30259,30379 20070,20182 20185,20209|20182,20137 30286,30259 30391,30118 20039,20070 20180,20083 20250,30383 20140,20201 30395,30120 30382,20109 20209,20196 20263,20106 30256,20188 30252,20060 30380,20031 20371,30392 20252,20079 30379,20185 20606,20204
20606,20137 20371,20028 30286,30120 30379,20203 20206,20081 30382,30117 20140,20052 30380,30381 20109,30383 20037,20204 20057,20263 30389,20198 30255,20252 30284,30257 20079,20188 20201,30118 20208,20267 20185,20249|20203,30286 30118,20057 20052,20079 30381,30284 20188,20037 30383,30382 20137,20206 20028,30255 20198,20371 20204,20201 20267,30389 20249,20208 20252,20606 30120,20185 20081,30379 30257,30380 30117,20140 20263,20109|20208,20188 20185,30118 30120,30255 20204,20137 20028,30257 30379,20249 20606,30286 20267,30284 20079,20198 20037,20371 20140,30381 30380,20081 20263,20203 20206,30389 20201,20052 30382,20252 30117,30383 20109,20057|20371,30117 20140,20267 20201,30379 20109,20208 20252,30389 20198,20263 20079,30120 30380,20057 30255,20204 20052,20185 30257,20188 20137,20037 20203,20206 30284,20606 20249,30382 30381,30383 20081,30286 30118,20028|30118,20203 20371,30382 30389,20263 20037,20201 30383,20137 20204,20252 30286,20140 20028,20109 30117,20267 20057,30381 20188,30120 30379,30257 20052,20606 20081,20249 30255,20079 20206,20198 30284,20185 20208,30380|20203,20081 20263,30380 30383,20201 20188,30284 20606,30117 30382,20109 30257,20052 30389,20079 20267,30255 20249,20028 30286,20204 20252,20140 30120,30379 30381,20206 20185,20037 20057,20371 20198,20208 20137,30118|20204,20198 30120,20371 30380,30286 20052,30389 20267,20109 30379,20037 20263,20206 20203,30382 30118,30381 20079,20137 20081,20140 20252,20208 20185,30383 20028,30284 30255,20188 20606,30257 20201,20249 30117,20057|30381,20028 20188,20201 30257,20267 20057,20185 20208,20079 30383,30118 30382,20204 30389,30120 20140,20263 20371,20203 20206,20606 30284,20052 20249,30255 20109,20081 20037,20252 20137,30380 20198,30379 30286,30117
30389,20209 30380,30382 20204,30284 20037,30252 30119,20371 30384,20263 20203,30395 30195,20119 20070,20137 20185,20267 30250,20606 30118,30286 20081,20208 20198,20189 30256,20039 20057,20032 20079,20140 20250,30385|30286,20204 20140,20081 30385,30195 20032,20185 20371,30380 20606,20198 20189,30389 30252,20250 20119,30384 20263,20079 30382,20070 20267,20057 20039,20203 30284,30256 30395,30118 20209,30119 20208,30250 20137,20037|20070,20209 20081,20032 30380,20057 20250,30284 30389,20079 20371,20039 30385,30119 30395,30384 30256,20204 30195,30250 20119,20137 30286,20140 30252,20263 20203,20185 30118,20037 20267,20198 20606,20189 20208,30382|20203,20250 30256,30389 20137,20606 20032,30395 30384,30252 20189,20371 30119,20267 20057,20208 30250,20119 30284,20081 20185,20263 30118,30195 20204,30385 20037,30382 20198,30380 20039,20079 20209,30286 20140,20070|30382,20137 20039,20250 30389,20208 30284,30118 20037,20119 20079,20198 30195,30395 20606,30380 30384,20140 30250,20267 30286,30252 20263,20203 30385,20032 20070,30256 20371,20209 20081,30119 20189,20204 20057,20185|20208,20039 20079,30385 30382,30250 20137,30256 30380,20081 20119,30286 20204,20037 20267,20203 20032,30118 20185,30384 20198,20371 30252,30389 30395,20189 20140,30284 30119,20606 20263,20057 20209,30195 20250,20070|30395,20119 20137,30250 20057,30382 30252,20079 20039,20189 20209,20081 20250,20032 30385,30284 20037,20263 30195,20606 30119,20203 20208,20185 20140,30389 20204,20070 30256,20198 30380,30286 20371,20267 30118,30384|20119,20057 20070,30252 20079,20204 20081,30195 20185,20039 30382,30256 20263,20250 30389,30385 30250,30395 30284,20209 20267,20137 20606,20140 20189,30118 20198,20208 30384,30380 30286,30119 20032,20371 20203,20037
30393,30379 30384,20249 20037,30385 20144,20057 20265,30257 30284,20606 20250,30194 20070,20140 20137,20083 20028,20182 30252,20607 30381,20371 20205,30380 30120,20203 20208,30255 30286,30118 20198,20085 20206,20109|20371,20028 30194,20208 20607,30120 20083,30252 30379,30384 20203,20144 30385,20205 30118,20198 30255,20265 20606,20070 20249,20037 20140,30284 20109,20137 20182,30286 20057,20206 20085,30393 30257,30381 30380,20250|20208,20109 30257,20057 20371,20606 20085,20140 30385,20182 20137,30255 30379,20028 30194,20607 20206,20203 30120,20083 30118,30380 20070,30252 30381,20265 30284,30393 30286,20037 20205,20144 20198,20249 20250,30384|20057,20028 20140,20205 20109,30257 20203,30379 30380,30255 30384,20085 20265,20371 20137,30118 20182,20083 20037,20206 20249,20606 20144,30284 30120,30194 30252,20250 30286,30385 30393,20198 20607,20070 20208,30381|30255,30379 30393,20206 20109,20265 20144,30120 20371,20208 30380,30385 20057,20250 30118,20182 20205,20607 20037,20085 20249,30286 20028,30384 20083,30381 30284,30252 30194,20137 20203,20140 20070,30257 20606,20198|20182,30380 20607,20203 20083,20109 20140,20371 20198,20205 30255,30194 30385,30118 30381,30120 30252,20137 20265,30286 20085,20057 20250,20208 30379,20070 20028,20144 20606,30393 30257,20037 30384,30284 20206,20249|30393,20109 20070,20144 30284,20028 20140,30255 20198,20265 20371,30379 20249,20205 20057,30381 30385,20606 20607,20037 30257,30286 20085,30118 20206,30380 30252,30120 20250,20083 20208,20203 20137,30384 20182,30194|20144,20371 20265,20206 20037,20250 30118,20057 20083,20249 20203,30284 20205,20208 30255,20182 30194,30385 30381,20137 30380,20140 20109,20607 20606,20085 30379,30252 30120,30393 30286,20070 30384,30257 20028,20198
