20029,20128 20181,20127 20058,20085 20080,20179 20060,20103 20182,30194 20026,30256 20102,20188 20076,20198 20133,20057 20129,20248 20204,20190 20250,20078 20211,20195 20106,20079 30255,20055 20027,20051 20037,20109|20195,20133 30256,20080 20057,20181 20190,20058 20188,20027 20198,20211 20128,20076 20103,20129 20248,20060 20179,20106 20055,20182 20078,20029 20085,20204 20127,20250 20109,30255 20079,20102 30194,20026 20051,20037|20102,20190 20106,20027 20103,20198 20080,20029 20204,20079 20057,30256 20181,20076 20060,20211 20037,20195 20058,20250 20129,20182 20109,20026 20078,30194 20248,20128 20055,20188 30255,20127 20085,20051 20133,20179|20029,20103 20190,20133 20128,20204 20079,20060 20106,20188 20037,20127 20198,20058 20080,20057 20076,20248 20182,20078 20051,20181 20250,30255 20211,20055 20026,20085 20129,20027 20179,20195 30194,20109 30256,20102|20078,20109 20128,20051 20195,20076 30194,20248 20058,20182 20029,20055 20188,20204 20127,20106 30256,20060 20211,20079 20085,20190 20250,20181 20103,20080 30255,20037 20026,20102 20179,20057 20027,20133 20198,20129|20060,20250 20057,20026 20127,20211 20248,30255 20190,20198 20076,20106 20195,20103 20109,20080 20055,20129 20079,20128 20181,30194 20188,20085 20051,20078 20204,30256 20182,20037 20027,20179 20133,20029 20102,20058|20055,20248 30194,20188 20080,20058 20051,30255 20109,20181 20085,20037 20198,20179 20079,30256 20102,20127 20029,20204 20250,20128 20060,20106 20190,20027 20129,20195 20182,20133 20026,20076 20211,20078 20103,20057|20128,20211 20078,20060 20057,20109 20188,20182 20076,20103 20058,20129 20179,20029 30255,30194 20037,20190 20181,20085 20106,20055 20248,20102 20204,20051 30256,20250 20133,20080 20027,20079 20127,20026 20195,20198
30117,20039 20028,20078 20103,20083 20053,20193 30250,20060 20128,30252 20052,20101 20189,20127 30249,20178 20198,20250 20181,20030 20248,20026 30195,20187 20079,20051 20126,20027 20108,20129 20102,20076 20195,20031|20026,20052 20030,20128 20051,20195 20027,20102 20083,20053 20187,20189 20076,20028 20127,30249 20078,20181 20031,30195 20129,30250 20250,30117 20060,20103 30252,20108 20039,20079 20101,20126 20178,20198 20193,20248|30195,20126 20189,20027 20052,20031 30249,20193 20028,20108 20102,30252 20076,20187 20101,30117 30250,20079 20181,20128 20250,20127 20026,20051 20248,20195 20198,20083 20039,20060 20078,20103 20030,20178 20053,20129|20102,20030 20103,20039 20079,20128 20187,20026 30252,20078 20083,20250 20198,20053 20193,30250 20126,30249 20108,20189 20060,20248 20028,20181 20127,20076 20051,20101 20031,30117 20178,20052 20195,30195 20027,20129|20039,20051 20127,20103 20126,20031 20128,20026 20060,20083 20079,20195 20181,20189 30195,20178 20248,20053 20193,20027 20129,20052 20108,20198 30250,30252 20101,20028 20187,30249 20030,20078 20250,20102 30117,20076|20052,20181 20083,20030 20076,20060 30249,20028 20026,30250 20051,20127 30252,20187 20103,20193 20027,20250 20189,20039 20129,20079 20195,20198 20178,20102 30117,20126 20053,30195 20128,20248 20078,20108 20031,20101|30195,20108 30249,20051 20189,30252 30250,20101 20083,20031 20102,20248 20178,20028 20198,20103 20027,20060 20195,20030 20026,20079 20250,20181 20127,20039 20052,30117 20076,20126 20193,20129 20187,20128 20053,20078|30252,20052 20060,30249 20108,20027 20051,30195 20248,20076 20028,20193 20129,20102 30117,20195 20078,20198 20030,20187 20103,20026 20079,20178 20039,20250 20128,20083 20031,20127 20101,20189 20126,20053 20181,30250
30249,20207 20208,30256 20030,20186 20052,20029 20109,20026 20079,20058 20190,20106 20248,20128 20129,20080 20193,20181 30257,20178 20127,20027 20194,20053 20051,20039 20126,30117 20103,20060 20101,20076 20607,20077|20181,20052 20178,20194 20060,20190 30117,30249 20029,20109 20076,20103 30256,20030 20080,20101 20026,20208 20077,20051 20058,20607 20053,20127 20106,20126 20128,30257 20027,20193 20207,20248 20039,20129 20186,20079|20186,20058 20193,30257 20109,20208 20129,20178 20607,30117 20060,20126 20080,20181 20101,20027 20053,20207 30256,20077 20026,20128 20248,20051 20079,20029 20106,20194 30249,20052 20076,20039 20190,20030 20103,20127|20129,20190 20077,20060 20051,20181 20109,20186 20207,20101 20058,30249 20027,20079 30117,20127 20193,20126 20030,20106 20178,20103 20194,20208 20128,20076 20052,20080 20039,20053 20607,20026 20029,30256 20248,30257|20208,20190 20103,20026 30249,20106 20128,20030 20058,20076 20080,20178 20127,20248 20186,20193 20207,20109 20079,30256 20029,20101 20126,20077 20027,20052 30257,20607 20053,20129 30117,20060 20181,20039 20194,20051|30256,20058 20126,20029 20127,30249 20101,20248 30257,20027 20051,20207 20039,30117 20030,20103 20181,20194 20077,20193 20026,20129 20190,20053 20052,20186 20076,20607 20208,20080 20106,20079 20178,20128 20060,20109|20076,20207 20077,20109 20129,20051 20248,20181 20080,20106 30256,30117 20178,20186 20101,30257 20607,20060 20052,20208 20026,20053 20193,20039 20128,20190 30249,20029 20058,20103 20027,20126 20030,20194 20079,20127|20181,20101 20109,20128 20194,20076 20053,20248 20207,20193 20126,20607 30117,20026 20051,20030 20127,20080 20060,30256 30257,20079 20208,20129 20186,20027 20039,20077 20103,30249 20106,20052 20190,20178 20029,20058
20183,20189 20210,20101 20051,20194 20027,30117 20039,30195 20371,20186 30249,20103 20109,20180 20102,20078 20129,20080 20207,20198 20029,20076 20126,20057 20127,20249 20026,20195 20133,20058 20248,20060 20079,20030|20180,20127 20195,20109 20249,20183 20194,20029 20060,20126 20186,20051 20189,20371 20076,20026 20030,20102 20058,20027 20057,30249 30117,20207 20078,20210 30195,20133 20198,20129 20103,20248 20101,20079 20080,20039|20207,20186 20180,20189 20127,20102 20078,20039 20027,20101 20198,20060 20058,20249 20051,20029 30249,20076 20129,30117 20079,20195 30195,20109 20126,20026 20133,20183 20103,20080 20194,20057 20371,20030 20248,20210|20207,20079 20127,20058 20102,30195 20249,20027 20080,20051 20186,20198 20060,20180 20195,20133 20076,20057 20029,20248 20210,20371 20189,30117 20129,20078 20030,30249 20026,20109 20101,20126 20039,20103 20183,20194|20109,20027 30249,20058 20051,20133 30117,20126 20080,20198 20371,20127 20029,20210 20189,20129 20248,20102 20057,20039 20194,20078 20076,20207 20195,20180 20079,20060 20030,20183 20101,20186 20026,20103 20249,30195|20057,20026 20060,20076 20183,20127 30117,20248 20078,20371 20058,20079 20102,20207 20027,20189 20039,30249 20186,20029 20133,20101 20198,20195 30195,20194 20109,20129 20103,20051 20180,20030 20126,20249 20210,20080|20029,20126 20030,20060 20180,30249 20133,20207 20076,20109 20194,30117 20248,20080 20189,20103 20127,20079 20051,20027 20039,20183 20026,20058 20186,20057 20101,20198 20371,20195 20210,20249 20102,20129 30195,20078|20129,20186 20126,20076 20079,20029 30249,20210 20057,20248 20103,20180 20183,20101 20109,20133 20078,20030 20080,20371 20060,20189 20058,30195 30117,20039 20198,20102 20027,20127 20195,20051 20249,20194 20207,20026
20078,20140 20029,20196 20198,20109 30259,20060 20180,20127 20079,20207 20053,20037 20371,20209 20076,20026 20195,20030 20186,20058 20128,20248 20051,20102 20052,20080 20126,20211 30249,20183 20106,20077 20193,20189|20140,20053 20109,20128 20060,20186 20080,20193 20058,20076 20207,20052 20183,20051 20248,20371 20211,20078 20209,20180 20102,20029 20196,30249 20026,20126 20037,20079 20077,20198 20030,30259 20189,20106 20127,20195|20189,20195 20248,20140 20209,20193 20128,20026 20076,20060 30249,20198 20211,20053 20183,20058 20079,20102 20196,20051 20109,20127 20077,20186 20207,30259 20126,20106 20371,20037 20052,20029 20080,20180 20078,20030|20029,20077 20193,20196 20026,20109 20180,20079 20186,20183 20371,20140 20078,20207 20106,30249 30259,20209 20051,20248 20058,20189 20060,20128 20053,20102 20037,20126 20198,20211 20195,20080 20127,20076 20030,20052|20060,20211 20209,20079 20080,20029 20109,20053 20128,20196 30249,20126 20186,20078 20037,30259 20140,20051 20052,20198 20077,20371 20207,20106 20127,20058 20183,20195 20102,20189 20026,20180 20193,20076 20248,20030|20198,20248 20051,20193 20058,20109 20030,20183 20196,20077 20029,20127 20126,20078 20106,20060 20195,20186 20211,20037 20189,20026 20076,20128 20140,30249 20079,20052 20102,20080 20053,20209 30259,20371 20180,20207|20207,20102 20060,20126 20080,20109 20052,20248 20106,20078 20029,20186 20198,20026 20077,20030 20051,20371 30259,20127 20076,20209 20037,20189 20193,20128 20053,20180 20211,20195 20196,20140 20079,20183 30249,20058|20109,20211 20126,20053 20189,20052 20058,20196 20183,20106 20195,20207 20371,20076 20140,20077 20026,30249 20102,20198 20180,20060 20078,20037 20248,30259 20186,20193 20127,20079 20128,20080 20030,20051 20209,20029
20129,20079 20077,20187 20085,20128 20101,20076 20030,20102 20189,20109 20126,20248 20057,20211 20053,20371 20196,20103 20029,20249 20195,30259 20051,20031 20026,30252 20178,20133 20081,20183 20208,20204 20184,20058|30252,20129 20076,20189 20058,20085 30259,20126 20128,20196 20187,20026 20371,20081 20031,20101 20103,20195 20133,20057 20249,20051 20109,20077 20183,20184 20248,20178 20204,20030 20211,20029 20102,20053 20079,20208|20189,20102 20053,20204 20184,20195 20029,20129 20101,20030 20077,20133 20057,20079 20211,20085 30252,20183 20128,20058 20126,20196 20076,20026 20208,20109 20031,20081 20249,20187 20178,30259 20371,20248 20103,20051|20085,20208 20126,20077 20195,20128 20058,20029 20101,20057 20030,20133 20051,20371 20109,20129 20184,20053 20183,20103 20187,20076 20081,20248 30259,20249 20079,20178 20204,30252 20102,20211 20196,20031 20026,20189|20103,20128 20053,20076 20026,20126 20248,20183 20187,20211 20189,20196 20051,30259 20077,20030 20133,20031 20195,20101 20371,20029 20079,20102 20057,20085 20058,20204 20249,20081 20109,30252 20208,20178 20129,20184|20085,20189 20102,20026 20030,20187 20031,20053 30259,20058 20183,20195 20211,20077 20029,20109 30252,20184 20178,20051 20204,20079 20248,20103 20081,20126 20129,20208 20128,20371 20076,20249 20133,20101 20196,20057|20187,20133 20081,30259 20178,20077 20126,20101 20030,20183 20051,20029 30252,20196 20057,20129 20208,20102 20195,20248 20079,20109 20103,20085 20204,20371 20076,20128 20189,20184 20031,20211 20249,20053 20026,20058|20102,20081 20085,20030 20101,20204 20133,20249 30259,20189 20058,20079 20248,20187 20109,20057 20196,20208 20077,20031 20183,20076 20029,20178 20371,30252 20129,20103 20211,20195 20053,20126 20128,20051 20184,20026
20180,20190 20055,20030 30258,20076 20210,20108 20026,30249 20060,20129 20103,20077 20029,20128 20195,20028 20189,20053 20194,20211 30194,20051 30254,20080 20106,20209 20078,20127 20371,20058 20126,20184 20183,20101|20108,20126 20190,20060 20209,20029 20080,20026 20076,20055 20129,20371 20077,20195 20128,30254 20211,20106 20028,30194 20053,20078 20184,20210 20030,20183 20101,30258 20058,20180 20127,20103 20051,20194 30249,20189|20029,20211 20184,20128 30258,20129 20106,20078 20108,20060 20180,20077 20126,20026 20194,20103 20210,20030 20189,30194 20209,20183 20053,20195 20058,30254 20190,20051 20127,20028 20101,20055 20371,20076 20080,30249|20128,20053 20055,20189 20078,20029 20129,20106 20028,20080 30194,20371 20183,30258 20195,20194 20051,20180 30254,20101 20060,20127 20077,20184 30249,20126 20103,20190 20211,20209 20030,20058 20026,20108 20076,20210|20180,20101 20058,20029 20127,20211 20030,30254 20026,20129 20183,20106 20184,20055 20209,20060 20194,20077 20053,20028 20078,20210 30194,20195 20076,20108 20371,20126 30258,20190 30249,20128 20051,20080 20189,20103|20126,20076 20106,20127 20080,20371 20108,20194 20190,20209 20060,30249 20211,20184 20077,20183 20129,20078 20103,30194 20028,20189 20029,20053 20055,30258 20128,20030 20210,20058 20101,20051 20195,20026 30254,20180|30254,30249 20028,20129 20080,20128 20076,20029 20060,20371 20126,20209 20053,20184 20180,20194 20195,20055 30194,20127 20108,20077 20051,20103 20026,20189 20190,20106 20030,20101 30258,20210 20211,20078 20058,20183|20101,20028 20184,20026 20371,20211 20127,20190 20078,20060 30249,30194 20209,30258 20194,20053 20106,20058 20210,30254 20129,20195 20183,20180 20189,20108 20029,20126 20103,20030 20128,20076 20055,20080 20077,20051
20187,20178 20039,20126 20051,20101 20194,20188 20128,20183 20209,20076 20029,20077 20026,20108 20080,20607 20102,20248 20195,20371 20027,20053 20058,20030 30255,20078 20189,20129 30117,30257 20127,20103 20182,20057|20076,20189 30257,20195 20103,20209 20101,20128 20183,20027 20108,30117 20178,20051 20057,20102 20188,20039 20077,20127 20126,20080 20053,30255 20030,20194 20248,20029 20607,20182 20371,20058 20129,20026 20078,20187|20127,20058 20051,20103 20078,20029 20129,20077 20187,20101 20108,20182 20030,20076 20178,20607 20039,20195 20128,20102 20189,20053 20209,20126 20183,20248 20371,20026 30117,20080 20057,30257 30255,20194 20188,20027|20080,20129 20051,20183 30257,20108 20026,20189 20195,20127 20248,20194 20058,20076 20209,20057 20126,20371 20103,20078 20053,20128 20101,20030 30255,20182 20102,20039 20607,20188 20027,30117 20077,20178 20029,20187|20127,20030 20026,20126 30257,20058 20029,20371 20103,20248 20076,20051 20129,20188 20195,30255 20027,20102 20108,20080 20194,20183 20077,20057 20039,20128 20182,30117 20053,20078 20187,20189 20607,20101 20178,20209|20102,30255 30117,20026 20076,20108 20101,30257 20030,20129 20182,20103 20188,20053 20057,20127 20058,20187 20126,20051 20078,20027 20194,20077 20183,20178 20248,20607 20128,20029 20189,20195 20080,20039 20371,20209|20078,20182 20195,20102 20058,20183 20188,30117 20029,20101 20108,20027 20026,20178 20039,20053 20248,20126 20103,20076 20371,20077 20051,20209 20057,20189 20080,20194 20127,30255 20187,20128 20129,20607 30257,20030|20607,20108 20030,20057 20053,20371 20189,20039 20102,20078 20076,30257 30117,20248 20077,20026 20209,20187 20027,20127 20194,20129 20128,20188 20183,20080 20101,20058 20182,20051 20126,20195 30255,20103 20178,20029
20026,20131 20076,20053 20190,30253 20140,20031 20127,20080 20078,20057 20106,20037 20189,20058 30195,20179 20188,20128 20208,20030 30117,20607 20028,20129 20183,20101 20248,20060 30251,20085 30256,20102 20103,20195|20030,30256 20085,20127 20179,20190 20053,20183 20101,20188 20131,20106 20607,20103 20031,30117 20128,20189 20080,20208 30253,20248 20037,30251 20102,30195 20060,20078 20129,20076 20195,20028 20058,20026 20057,20140|20076,20103 20085,20030 20053,30195 20080,20102 20248,20058 20179,30251 20183,20188 20106,20190 20060,20028 20037,20128 30253,20195 20189,20026 20127,30256 20208,20131 20031,20057 20140,30117 20078,20101 20129,20607|30195,20128 20190,20037 30117,20208 20189,20053 20076,30253 20057,20195 20140,20102 30256,20031 20248,20080 30251,20129 20188,20103 20183,20127 20030,20060 20058,20131 20028,20179 20106,20078 20607,20085 20101,20026|20607,20028 20058,20031 20085,20189 20128,20053 20208,20188 20179,20076 20190,20129 20030,20106 20131,20101 30251,20183 20195,20140 20103,20080 30195,20248 30253,20037 30117,20060 20102,20127 20026,20078 30256,20057|20101,20085 20080,20140 20102,20030 20127,20058 20103,20190 20057,20076 20131,30256 20037,30195 20195,30117 20129,20248 20026,20179 20060,30251 20031,20607 20028,20183 20053,20208 20188,30253 20128,20106 20078,20189|30195,20026 20030,20129 20078,20028 20190,20057 30251,30256 20080,20037 30117,20101 20076,20128 20106,30253 20085,20131 20053,20103 20183,20140 20248,20188 20031,20102 20058,20208 20127,20060 20189,20179 20607,20195|20026,20183 20179,20127 20131,20053 20195,20078 20028,20248 20128,20030 20129,30117 20208,20106 30253,20080 20140,20190 20037,20076 20188,30195 20101,20058 20057,20607 20103,20031 20102,30251 20060,20085 30256,20189
20057,30257 20126,20039 30194,20083 20101,20179 20187,20129 20060,20128 20108,20076 20051,20181 20030,20207 20102,20211 20080,30249 20106,20029 20208,20031 20026,20189 20194,20248 30258,20053 20078,30251 20127,20077|20029,20194 20076,20026 30249,30194 20031,20187 20179,30258 20211,20106 20053,20030 30251,20108 20083,20101 20039,20102 20207,20208 20248,20051 20189,20127 20129,20078 20077,20126 20181,20057 30257,20060 20128,20080|20076,30251 20106,20053 20128,30257 20126,20030 20211,20194 20083,20181 20026,20129 20207,20127 30258,20187 20102,20029 30194,20189 30249,20078 20248,20080 20108,20039 20060,20101 20051,20077 20208,20179 20031,20057|20194,20207 20030,20128 30251,20211 20039,20179 20029,20248 20181,20108 20126,20080 20101,20031 20127,20208 30194,20026 20129,20083 20189,20060 30257,30249 20051,20102 20057,20076 20077,30258 20053,20187 20078,20106|20077,20031 20078,30194 20076,20248 20106,20083 20026,30257 20053,20211 20127,20051 20080,20030 20181,30258 20108,20129 20102,20208 20101,20126 20179,20057 20187,20189 20060,30249 20194,20128 30251,20029 20207,20039|20187,20076 30249,20194 20248,30251 20179,20026 20039,20077 20208,20181 20128,30194 30257,20101 20189,20207 20083,20127 20080,20108 20129,20053 20057,20078 30258,20102 20029,20051 20031,20106 20211,20126 20030,20060|20106,20179 20108,20194 30251,30257 20039,20181 20083,20207 20030,20101 20128,20102 20029,20076 20077,20189 20129,30249 20126,20187 20057,30194 30258,20080 20127,20060 20211,20248 20208,20051 20078,20026 20053,20031|20187,30251 20051,30258 20026,20108 20189,20129 20076,20128 20101,20057 20248,20053 20060,20039 30249,20106 20031,20078 20179,20077 20080,20211 20181,20029 30257,20083 20194,20030 20102,20127 20207,20126 30194,20208
20133,20077 20078,20189 20058,20190 20196,20187 20195,20030 20108,20198 20126,20076 20026,20103 20131,20029 20055,30117 20194,20178 20080,20128 20106,20607 20060,20248 30251,20127 20057,20181 20102,20052 20028,30195|20248,20080 20103,20131 20189,30251 20181,20028 20187,20195 30117,20060 20127,20106 20607,20108 20030,20078 20029,20126 20076,20102 20198,20055 20077,20026 20178,20057 20128,20196 30195,20058 20052,20133 20190,20194|20196,20078 20057,20607 30117,20131 20248,20103 20028,20126 20052,20198 20076,20194 20195,20128 20080,30251 20187,20029 20077,20058 20060,20189 20106,20026 20127,20190 20030,20133 20181,20102 30195,20178 20108,20055|20198,20076 20126,20178 20190,20030 30251,20108 20103,30117 20189,20052 20080,20181 20194,20028 20026,20196 20131,20057 20133,20106 20078,20060 20607,20187 20029,20195 20102,20077 20058,20127 20128,20248 20055,30195|20128,20078 20076,20060 20181,20187 20058,20195 20057,20029 30195,20190 30117,20026 20194,20133 30251,20248 20607,20030 20055,20127 20178,20103 20196,20080 20189,20106 20198,20077 20108,20028 20126,20102 20052,20131|20127,20198 20060,20126 20190,20057 20078,20108 20248,20196 20178,20607 20131,20076 20102,30251 20028,30117 20195,20189 20026,20128 20133,20055 20029,20181 20106,20052 20187,20058 20077,20194 20030,20080 20103,30195|20248,20052 20127,20030 20128,20058 20078,20029 20106,20178 20195,20190 30251,20196 20194,20126 20607,20133 20181,20060 20055,20076 20108,20077 20198,30117 20187,30195 20189,20102 20028,20131 20026,20057 20080,20103|20196,20181 20178,20198 20030,20187 30117,20194 20131,20189 20126,20248 20133,30251 20058,20080 20057,20195 30195,20078 20102,20028 20077,20055 20076,20106 20060,20108 20103,20127 20029,20607 20052,20026 20190,20128
20029,20058 30117,20102 20081,30257 20183,20126 20078,20129 20053,20127 20204,20030 20248,20208 20103,20133 20193,20027 20108,20211 20195,20031 20178,20190 30258,20026 20198,20101 20051,30255 20128,20079 20076,20057|20101,20193 20211,20029 20133,20051 20127,20103 20057,20178 20030,20076 20027,20204 20031,20053 20129,20198 20208,20078 30255,20081 30257,30117 20079,30258 20058,20195 20102,20183 20190,20128 20026,20248 20126,20108|30255,20102 20248,20108 20128,30117 20058,20076 20103,20026 20030,20051 20127,20204 20081,20031 20195,20211 20078,20053 30257,20208 30258,20057 20193,20198 20126,20027 20133,20183 20129,20101 20178,20029 20079,20190|20057,20129 20053,20133 20027,20101 20081,20126 30117,20248 20076,20128 20031,30255 20204,30257 20198,20195 20078,20103 20178,20193 20051,20029 20190,20030 20208,20079 20108,20183 20211,30258 20026,20127 20102,20058|20079,20026 20208,20178 20190,20211 20129,20081 20183,20193 20103,20031 20027,20128 20204,20058 20053,30258 30257,20051 20101,20030 20029,20108 20076,20195 20248,20078 20133,30117 20102,20198 30255,20127 20126,20057|20127,20178 30117,20204 20198,20076 20051,20102 20183,20248 20193,20190 20026,20078 20029,20208 20101,20079 30258,30255 20195,20053 20057,20103 20030,20081 20108,20133 20058,20027 20031,20129 20211,20126 20128,30257|30255,20193 30258,20183 20208,20204 20198,20248 20190,20057 20129,20029 20178,20026 20211,20133 20108,20051 20128,20030 30117,20079 20127,20031 20195,20103 20076,20027 20078,30257 20102,20126 20053,20101 20058,20081|20133,30255 20031,20102 20029,20078 20051,20178 20027,20190 20101,30117 20183,20076 20204,20108 30257,20129 20026,20195 20030,20211 20081,20053 20193,20128 20248,20058 20103,20208 20057,20198 20079,20127 20126,30258
20182,20248 20190,20129 20028,30257 20101,20195 20030,30259 20126,20080 20027,20179 20127,20051 20078,30194 20053,20128 20029,30250 30118,30255 20079,20058 20187,20052 20106,20208 20083,20037 30258,20103 20102,20133|20080,20102 20052,20126 20208,20028 20248,20053 30250,20027 30259,20029 20133,20030 20037,20182 20128,20083 30194,20127 20129,30258 20103,30118 20051,20106 20058,20190 20179,20079 30257,20187 30255,20101 20195,20078|20027,20128 20030,20103 30258,20058 20133,20182 20079,30118 20190,20187 20126,20208 20051,20129 20052,30250 30194,20102 20037,20080 20127,20248 20078,30257 30255,30259 20083,20195 20028,20106 20101,20029 20179,20053|20248,20051 20103,20052 20182,30258 20208,20101 20058,20028 30259,20126 20195,20127 30257,20037 20080,30194 20128,20179 20106,20133 30250,30118 20053,30255 20102,20027 20187,20083 20029,20079 20030,20190 20129,20078|30118,20129 20187,30259 20126,20101 20080,20029 30255,20133 20103,20083 30194,20058 20128,20052 20051,30250 20028,20078 20195,20248 20179,20030 20053,30257 20208,20182 20127,30258 20190,20079 20102,20037 20106,20027|20029,30255 20052,30194 20101,20053 20079,20126 20037,20187 20083,20030 30258,20195 20078,20127 30118,20080 20133,20179 20248,20106 20182,20103 30259,20190 20027,20051 30250,20128 20129,20028 30257,20102 20058,20208|20051,30255 20182,20080 20248,30118 20103,20126 20083,20190 20058,20027 20195,20208 20052,20029 30258,20106 20053,20078 20101,20030 20079,20128 30250,20133 30259,20179 30257,30194 20127,20028 20037,20129 20102,20187|20080,30259 20106,20127 20028,20053 20128,20101 20030,20079 20179,30250 20029,20103 20027,20182 30194,20195 20129,20058 20126,20248 20133,20037 30118,30257 30255,20083 20190,20052 20187,20051 20208,30258 20078,20102
20060,20133 20031,20103 20181,30195 20184,20051 20250,30258 20109,20180 20187,20027 20189,20052 20198,20076 20126,30250 20078,20102 20208,20128 20077,20108 30117,20055 20026,20209 20030,20129 20190,20081 20127,20080|20076,20189 30258,20030 30195,20250 20103,20077 20052,20187 20129,20208 20027,20078 20081,20126 20180,20127 20209,20060 20102,20198 20108,20190 30250,20031 20128,20109 20133,20026 20051,30117 20055,20181 20080,20184|20128,20187 30250,20208 20129,20076 30117,20077 20055,20080 30258,20190 20027,20250 20081,20060 20051,20189 20102,20133 20078,20052 20030,20180 20198,20103 20127,20181 20209,20109 30195,20126 20184,20031 20026,20108|20184,20060 20103,20030 20180,20102 20080,20128 20026,20126 20109,30195 20198,30117 20208,20052 20076,20051 20189,20127 20190,20209 20108,20081 20031,20055 20078,30258 20181,20129 20187,30250 20250,20133 20077,20027|20027,20127 20103,20187 20109,20076 20080,30250 20250,20129 20055,20198 20052,20190 20126,20031 20208,20078 30117,20180 20133,20189 30195,20184 20030,20181 20108,30258 20051,20026 20060,20128 20102,20081 20077,20209|20133,20109 20126,20103 20128,20030 20081,30117 20129,20027 20190,20055 20052,20077 20076,20208 30258,20080 30250,20026 20189,20102 20031,20250 20127,20198 20060,20078 20180,30195 20187,20184 20209,20051 20181,20108|20076,20127 20129,20190 20208,20209 20081,20031 20103,30195 20198,20189 20027,20060 20184,30258 20187,20108 30117,20126 20128,20052 20109,20078 20180,20250 20055,20030 20077,20133 30250,20181 20102,20051 20080,20026|20250,20081 20189,30117 20209,20187 20031,20077 30195,20076 20190,20103 20181,20180 20127,20102 20108,20129 20133,30250 20030,20109 20126,20055 20051,20080 20026,20184 20078,20128 20060,20208 20052,20027 30258,20198
20085,20131 20186,20182 30258,20028 20076,20126 20127,20026 20030,20209 20103,20052 20128,20210 20077,30253 20108,20039 30255,20179 30117,20058 20037,20106 20078,20051 20607,20053 20027,20101 20207,20248 20190,20195|20248,20607 20195,20186 20210,20103 20209,30117 20039,20076 20058,20027 20182,20077 20126,20030 20051,20108 20053,20085 30253,20207 20101,20037 20106,20127 20179,30258 20026,20078 20028,20128 20052,30255 20131,20190|30258,20209 20106,20190 20248,20051 20058,20028 20131,20030 20085,20207 20128,20186 30255,20053 20210,20052 20103,20077 20101,20127 30117,20182 20076,20195 20027,20179 20108,20026 20126,30253 20037,20078 20607,20039|20190,20108 20186,30253 20128,20101 20209,20131 20179,20085 20607,20210 20028,20103 20052,20026 20030,20106 20037,30117 20127,20039 20053,30258 20195,20126 20182,20248 20207,20076 20078,20058 20051,20027 30255,20077|20026,20182 20186,20058 20127,20248 20039,30258 30253,20190 20209,20106 20207,20027 20085,20101 20051,20607 20195,20210 20077,20053 20179,20078 20131,20037 20052,20128 20030,20103 30117,30255 20126,20028 20076,20108|20101,20186 20190,20052 20248,30117 30258,20607 30253,20128 20077,20030 20078,20195 20182,20209 20106,20179 20108,30255 20103,20126 20210,20037 20058,20131 20027,20085 20028,20207 20039,20051 20053,20127 20026,20076|20037,20607 20248,20076 30258,20051 20106,20058 30255,20101 20131,20179 30117,20026 20128,20077 20210,30253 20030,20053 20103,20207 20190,20027 20209,20127 20028,20085 20186,20078 20182,20126 20108,20052 20195,20039|20085,20106 20058,20209 20607,20103 20052,20186 20076,20182 20053,20028 20101,30117 20077,20037 20207,20195 20026,30255 20027,20128 20051,20210 20127,30258 30253,20030 20126,20190 20078,20131 20179,20108 20039,20248
20101,30253 30117,20060 30258,20076 20140,20190 20198,20077 20103,20195 20027,20078 20102,30257 20179,20080 20051,20180 20181,20126 30259,20039 20189,20053 20026,30256 20129,20055 20108,20127 20128,20058 20030,30252|30256,20129 20060,20181 20039,20198 20180,20027 20055,30117 20078,20189 30257,20128 20127,20103 20053,30258 30252,20051 20080,20140 30253,20102 20126,20030 20190,20026 20077,20101 20195,20108 20058,20179 20076,30259|20180,20189 20030,30117 20179,30253 20102,20053 30259,20103 20128,30258 30257,20198 30256,30252 20051,20126 20027,20127 20026,20077 20181,20108 20101,20129 20058,20190 20076,20060 20039,20080 20055,20078 20140,20195|20078,20179 20080,20129 20198,20140 30253,20058 20077,20128 20053,20180 20026,20102 20060,20101 20190,20055 20103,20181 20027,30259 20030,20076 20126,30258 20189,30257 20108,30117 30252,20127 20051,20039 20195,30256|20127,20053 20190,30256 20078,20128 20140,20058 20076,20108 20126,20060 20189,20051 20179,20030 30258,20195 30117,30252 30253,30257 20055,30259 20180,20198 20129,20039 20102,20027 20101,20026 20103,20080 20077,20181|20195,20026 20198,20101 20128,20189 20127,20076 30252,20179 20058,20030 20053,20103 20080,20027 20060,30253 30117,20077 30256,20180 20108,20051 30258,20055 30257,20126 20181,20140 30259,20190 20129,20102 20039,20078|20026,20140 30256,20027 20102,20058 30259,30258 20060,20129 20051,20198 20078,20103 20108,30257 20076,20126 30253,30117 20055,20127 20039,20180 20190,20080 20053,20128 20030,20101 20077,30252 20179,20189 20195,20181|30252,20060 20103,20051 20127,30256 30117,20102 20129,20195 20128,20026 20027,20190 20101,20055 20198,30259 30257,20053 30258,20078 20058,20077 20180,20076 20189,20039 20181,20179 20140,20030 20080,30253 20126,20108
20030,20058 20133,20051 30118,20101 20080,30117 20055,20106 20180,20026 20079,20178 20109,20140 20027,20129 20076,20208 20193,30250 20028,20187 30255,20190 20052,20181 20184,20250 20127,20103 20189,20053 20077,20039|30250,20055 20140,30118 20053,20030 20051,20077 20187,20184 20129,20109 20058,20180 20101,20079 20250,20080 20039,20127 20178,20133 20026,20052 20208,20189 30117,30255 20106,20028 20190,20193 20103,20076 20181,20027|20103,20190 20079,20106 20080,20129 20051,20181 20030,20127 20055,20101 20133,20052 20180,20184 20053,20109 20187,20140 20193,20028 20039,20250 30118,20076 20026,30250 30255,20208 20189,20058 20178,30117 20077,20027|30117,20039 30250,20103 20052,20187 20058,20080 20208,30118 20184,20189 20101,20026 20077,20133 20127,20178 20028,20079 20193,20053 20109,20190 20250,20051 20027,20055 20140,20076 20181,30255 20106,20030 20129,20180|20189,20077 20055,30118 20190,20140 20133,30250 20103,20193 20187,20030 20027,20250 30117,20129 20208,20106 20026,20051 20109,30255 20039,20053 20076,20101 20184,20127 20052,20079 20181,20080 20180,20028 20178,20058|30118,20180 20080,20039 20190,20055 20028,20103 20053,20178 20140,20077 20129,20208 20127,20189 20079,20133 20250,20052 20058,20027 20076,20181 30250,20109 20051,30117 20030,20184 20101,20187 20106,20193 30255,20026|20184,20076 20106,20052 20208,20127 20250,20193 20178,20077 30118,20187 20058,30250 20181,20133 20026,20080 20053,20190 30255,20079 20027,20140 20039,20109 20103,20030 20055,20180 20051,20028 20189,30117 20129,20101|20127,20106 20079,20051 30117,20181 20133,20039 20193,20027 20187,20178 20028,20184 20077,30118 20030,30255 20109,20026 20140,20055 20101,20053 20052,20103 20080,20189 30250,20250 20190,20129 20076,20058 20180,20208
20076,20102 20189,30118 30252,20129 20078,20210 30258,20180 20026,20108 20051,20183 20052,20126 20031,20101 30250,20128 20027,20060 20248,30254 30251,20030 20103,20198 20053,20127 20140,20249 20058,20081 30194,20080|20126,20103 20081,20140 20102,20026 20127,20027 20198,20078 20108,20051 20183,20053 20101,30251 20030,30250 30118,20248 20210,30194 20129,20076 30254,20189 20080,30252 20180,20031 20128,20058 20249,20052 20060,30258|20183,20080 20248,20026 20102,20058 30194,30250 20210,20126 30254,20076 20198,30118 20078,20127 20031,30258 30252,20101 20052,30251 20180,20060 20103,20027 20030,20129 20128,20081 20249,20108 20053,20189 20051,20140|20060,20103 20058,20210 30251,20031 30118,20183 20081,30250 20189,20051 20108,20198 20101,20030 20026,20053 20076,30194 30252,30254 20129,20248 20140,20102 30258,20249 20027,20126 20080,20127 20052,20128 20078,20180|30250,20026 30251,20053 20126,30252 20180,20101 30258,20027 30254,20198 20248,20052 20030,20189 20129,30118 20080,20060 20140,20183 20103,20128 20051,20078 30194,20058 20102,20081 20031,20108 20076,20210 20127,20249|20081,20030 20126,30194 30250,30258 20027,20080 20198,20140 20058,20180 20053,20078 20249,20102 20060,20129 20183,30254 30118,20103 20108,20052 20026,20051 20210,30252 20101,20248 20128,30251 20127,20031 20189,20076|20081,20183 20108,20129 20140,20053 20210,20127 20102,30254 20027,20249 20060,20248 20180,20198 20076,20128 30251,30250 20103,20052 20031,20189 30252,20058 20026,30118 20051,30258 30194,20030 20080,20126 20078,20101|30118,30251 30250,20060 20126,20031 20101,20076 30258,20080 20189,20140 20249,20210 20128,20026 20127,20180 20058,20027 20052,30194 30254,20051 20248,20108 20053,30252 20129,20078 20198,20081 20183,20103 20030,20102
20026,20077 20027,20053 20030,20102 20183,20194 20208,20178 30255,20078 20211,20181 20129,20058 20209,20101 20079,20108 20190,20184 20052,20248 20196,20126 20128,20057 20186,20051 20080,20103 20076,30249 20031,20127|20178,20080 20102,30255 20051,20079 20053,20208 20101,20128 20058,20190 20078,20031 20077,20129 20181,20052 20194,20211 20248,20076 20127,20183 30249,20209 20126,20026 20108,20186 20057,20030 20103,20027 20184,20196|20053,20181 20183,20027 20208,20030 20190,20026 20031,20051 20079,20248 20103,20058 20196,20077 20057,20186 20211,20102 20128,20080 30255,20076 20178,30249 20052,20129 20101,20078 20184,20127 20209,20194 20108,20126|20076,20181 20058,20101 20128,30255 20183,20053 20248,20209 30249,20190 20030,20108 20196,20208 20194,20026 20186,20178 20031,20052 20027,20126 20129,20079 20077,20184 20102,20080 20127,20211 20051,20103 20078,20057|20108,20194 20190,20057 20208,20248 30255,20052 20079,20196 20178,20053 20129,20030 20102,20051 20181,20078 20184,20027 30249,20103 20026,20101 20127,20077 20058,20211 20209,20183 20080,20031 20186,20128 20126,20076|20078,20184 20126,20178 20026,20209 20077,20190 20248,20058 20181,20108 20080,20208 20027,20127 20053,20079 20052,20102 20211,30255 20057,30249 20194,20031 20051,20183 20076,20128 20101,20196 20103,20129 20030,20186|20208,20079 20127,20078 20031,20209 20057,20080 30255,20184 20128,20026 20186,20183 20102,20181 20053,20126 20077,20027 20101,20190 20030,30249 20211,20129 20108,20076 20052,20196 20194,20058 20178,20051 20248,20103|20079,20101 20196,20186 20181,30255 20078,20030 20103,20208 20184,20057 20126,20248 20209,20128 20051,20194 20190,20127 20080,20053 20183,20031 20027,20211 20026,20052 20058,20077 20129,20178 30249,20108 20076,20102
20051,20126 20102,20209 20178,20083 20204,20037 20030,20109 20108,20129 20058,30195 20194,20057 20195,20028 30194,20076 30259,20127 20190,20181 20211,20189 20053,20031 20196,20080 30251,20103 20085,20106 20077,20128|20127,30251 20083,20194 20028,30194 20057,20190 20181,20051 20076,20053 20128,20030 20106,20211 20109,20077 20126,20108 20103,30259 20080,20102 20189,20058 20037,20085 20031,20204 30195,20196 20209,20178 20129,20195|20126,20080 20178,20057 20028,20083 20189,30251 20211,20204 20209,20109 20194,20128 20051,20190 20030,30195 20037,20195 20053,20103 20196,20106 20077,20102 20058,30259 20129,20076 20031,20108 20127,20085 30194,20181|20053,30194 20204,30259 20108,20196 30195,20037 20195,20126 20057,20209 20106,20028 20190,20129 20083,20127 20085,20030 20109,30251 20211,20031 20181,20194 20178,20102 20103,20189 20080,20128 20077,20058 20076,20051|20189,20076 20126,20181 20194,20211 20083,20106 20028,20178 20128,20031 30259,30194 20204,20085 20209,20030 20102,20058 20109,20053 20196,20190 30251,20195 20127,20103 30195,20080 20051,20037 20129,20077 20057,20108|20195,20196 20030,20127 30251,20077 20128,20189 20076,20204 20102,20028 20037,20109 20190,20211 20085,20178 20108,30195 20080,20194 20106,20051 20058,20126 30194,20209 20181,20053 20103,20129 20031,20057 30259,20083|20083,20190 20204,20102 20195,20058 20129,20178 20181,20128 20209,20194 20077,30259 20053,20085 20196,30251 20030,30194 20031,20103 20211,20051 20080,20057 30195,20189 20108,20037 20109,20076 20127,20106 20028,20126|20076,20031 30251,30195 20103,20083 20058,20109 20194,20129 20189,20028 20128,20209 20178,20204 20190,20077 20051,20196 30259,20053 20106,20181 20085,20195 20057,20127 30194,20108 20037,20080 20102,20030 20126,20211
20053,20027 20052,20109 20060,20026 20248,30252 30117,30253 20030,20193 20129,20078 20207,20076 20055,20210 20182,20051 30255,20083 20128,20196 20126,20195 20039,20102 20178,20080 20101,20208 20189,20079 20103,20127|20027,20060 20208,20103 20127,20182 20102,30255 20196,20207 20076,20055 20083,20129 20210,20030 20080,20039 30252,20178 20078,30117 20193,20052 20051,20189 30253,20053 20026,20128 20109,20126 20195,20101 20079,20248|20126,20182 20055,20128 20189,20030 20076,20210 20193,20127 30117,20102 20101,20080 20083,20026 20178,20052 20208,20196 30255,20195 20109,30252 20039,20079 30253,20051 20103,20207 20248,20053 20060,20129 20078,20027|20026,20102 20195,30253 20030,20129 20079,20207 20052,30117 20210,20109 20128,20103 20051,20039 30252,20078 20060,20189 20053,20178 20080,20193 30255,20126 20196,20248 20027,20083 20127,20076 20101,20055 20182,20208|20189,20182 20128,30117 20079,20127 20248,20039 20027,20126 20051,20101 20078,20196 20083,20060 20129,20178 20208,20055 20207,20210 20193,20026 20053,30255 20109,20080 20030,20103 20102,20076 20052,20195 30253,30252|20178,20101 20026,20053 20039,30253 20055,20078 20127,30255 20196,20079 20102,20248 30252,20193 20103,20051 20195,20189 20129,20109 20182,20083 30117,20060 20126,20030 20207,20027 20076,20128 20210,20208 20080,20052|20182,20055 20053,20127 30252,20080 20026,30253 20030,20052 20195,20129 20189,20207 20128,20083 30255,30117 20060,20193 20076,20051 20078,20109 20079,20101 20103,20178 20196,20102 20027,20210 20248,20126 20208,20039|20178,20196 20052,20103 20102,20078 20193,30255 20080,20030 20051,30252 20109,20053 20039,20189 20055,20248 30117,20076 30253,20128 20101,20026 20127,20027 20207,20060 20126,20079 20129,20208 20210,20182 20083,20195
30251,20103 20189,20051 20128,20052 20180,30253 20181,20194 20131,20030 20129,20055 20187,20085 20184,20053 30259,20026 20108,20079 30258,20106 20077,30118 20080,20037 20127,20101 30254,20027 20126,20195 20078,20190|20051,20128 20026,20189 20195,20108 20055,20184 20052,20180 20194,20077 20190,20187 20079,30258 20101,30254 20053,20127 20037,20181 20085,30251 20106,20080 30253,30259 30118,20126 20027,20078 20030,20129 20103,20131|20051,20085 20053,20189 20052,30258 20077,20026 20037,20128 20181,20103 20129,20101 30259,20194 20030,20184 30253,20080 30254,20180 20108,20126 20078,20106 20055,20027 20190,20127 20195,20187 30251,30118 20079,20131|20027,20052 20085,20181 20180,20106 20131,30259 20026,30251 30254,20053 20080,20184 20126,20079 20127,20077 20128,20078 20108,20190 20187,30258 20189,20195 20103,20051 30118,30253 20194,20055 20101,20030 20129,20037|20030,20080 20027,20108 30259,20181 20106,30251 20184,20189 20103,20187 20079,20053 20051,20026 20190,20126 20128,30253 30118,20052 20101,20077 20180,20085 20127,20195 20194,20129 30258,20078 20037,30254 20131,20055|20053,30259 20184,30118 20026,20127 30251,20190 20052,20108 30258,20131 30253,20101 20106,20129 20077,20180 20055,30254 20078,20103 20195,20030 20181,20079 20085,20037 20080,20194 20187,20051 20126,20027 20189,20128|20190,20052 20079,20027 20051,20194 20026,20126 20128,20106 20127,20085 20055,20080 20131,20077 20195,20184 20030,30258 20078,30259 30118,20037 30254,30251 30253,20189 20108,20187 20180,20129 20101,20181 20103,20053|20184,20078 20027,30253 20037,20103 20080,20051 20077,20108 20181,20190 20052,20101 20126,20180 20194,20195 20085,20026 20053,20030 20106,20055 30259,20127 20187,20079 20129,30118 30251,20128 20189,20131 30258,30254
20106,30250 20188,20193 20102,20078 20607,20051 20080,20128 20187,20126 20031,20079 20248,20103 30117,20058 20194,20027 20190,20026 20039,20209 20076,20181 20055,20029 20210,20081 20127,20178 20101,20129 20052,30259|20081,20190 20193,30117 20058,20248 20026,20210 20126,20188 20078,20127 20051,20102 20129,20187 20029,20080 20178,20039 20209,20106 30250,20076 20079,20607 30259,20031 20128,20052 20027,20101 20103,20194 20181,20055|20055,20129 20058,20126 20193,20029 20052,20607 20076,20039 20188,20103 20128,20031 20102,30259 20079,20106 20051,20178 30117,20209 20190,20187 30250,20026 20081,20101 20181,20080 20078,20248 20127,20027 20194,20210|20209,20194 20129,20190 20052,20079 20029,20081 20027,30117 20188,20080 20102,20128 20055,20210 20031,20058 20607,30250 20127,20076 20101,20193 30259,20078 20103,20181 20187,20178 20126,20106 20039,20248 20026,20051|20039,20078 20178,20209 20079,20051 20081,30117 20248,20188 20031,20103 20210,20127 20076,20129 20080,20102 20026,20058 20181,20194 30250,20187 20027,20055 30259,20607 20193,20052 20128,20101 20106,20190 20029,20126|20178,20102 20106,20026 20129,20027 20194,20079 20248,20031 20187,30259 20051,20039 20103,20029 20126,20081 20190,20127 30117,20128 20607,20076 20209,20181 20078,30250 20101,20052 20058,20193 20210,20188 20080,20055|20026,20080 20194,20248 30259,30250 20055,20081 20052,20078 20129,20031 20039,20127 20079,20187 20103,20126 20188,20190 20029,20210 30117,20051 20209,20102 20607,20178 20181,20027 20101,20076 20058,20106 20128,20193|20190,20052 20187,20039 30250,20055 20106,20029 20051,20209 20081,20128 20078,20103 20027,20079 20127,30117 20076,20188 20031,20194 20193,20129 20248,20181 20210,20101 20080,30259 20126,20026 20102,20607 20178,20058
20027,20128 20029,30194 20026,20195 20129,20079 30253,20080 20101,20187 20058,20030 20037,20248 20127,20077 30257,20052 20140,20102 20178,20210 20081,30255 20103,20051 20126,20190 20194,20181 20053,30117 20108,20250|20079,20178 20210,20058 20080,20037 20102,30253 20250,20053 20052,20101 20030,20126 30255,20026 20181,20027 20051,20029 20077,20108 20248,20127 30117,20129 20195,20081 20187,20103 20128,30257 20190,20194 30194,20140|20079,20195 20058,30255 20030,20181 20190,20103 20026,20102 20178,20052 20248,20053 20051,20140 20081,20127 20128,20080 30257,20077 20210,20250 20027,30117 20108,20126 20029,20101 30253,20187 20037,20129 20194,30194|20195,20178 20102,20030 30257,20210 20181,20248 30117,20190 20077,20051 20080,20027 20037,30253 20126,20250 20108,20029 20187,20079 20103,20052 20101,20081 20129,20026 20127,20194 20053,20128 30194,30255 20140,20058|20079,20128 20250,20194 20026,20108 20101,20053 30255,20127 20210,20027 30194,20051 20029,20140 20126,20037 20195,20102 20030,20077 20058,20178 30253,20129 20103,20080 20187,30117 20248,30257 20081,20190 20052,20181|20129,20248 20027,20103 20181,20079 20077,20187 30255,20195 20102,20058 20127,20026 30117,30253 20128,20030 20190,20037 20053,30194 20250,20029 20052,20081 20178,20126 20194,20101 20051,30257 20140,20108 20080,20210|20248,20051 20030,30194 20128,30117 20190,20140 20187,30257 20102,20127 20129,20194 20195,30253 20037,20079 20080,20058 20027,30255 20108,20053 20103,20210 20026,20178 20077,20052 20126,20101 20029,20081 20181,20250|20127,20181 20058,20029 30253,20190 20178,20077 30255,20248 20194,20037 20051,20129 20250,20030 20140,20187 30194,20128 20101,20027 30257,20126 30117,20080 20052,20195 20079,20102 20081,20103 20053,20026 20210,20108
20081,20055 20030,20371 20193,30252 20179,20190 20080,20103 20028,20248 20181,20211 20077,20178 20051,20108 20039,20060 30118,20057 20078,20128 30195,20129 20126,20053 20026,20127 20102,20076 20207,30257 30250,30256|20248,20081 20190,20207 20108,20078 20178,20193 20053,20030 20371,20080 20076,30118 20128,20181 20129,20028 20211,20126 20127,20102 20060,20077 20057,20179 30257,30195 20103,20051 30252,30250 30256,20039 20055,20026|30250,20248 20193,20080 20081,20026 20077,20129 20103,20211 20207,20030 20190,20060 20181,20039 20127,30118 20078,30256 20179,20028 20051,20126 30252,20053 30195,20057 20128,20108 20055,20178 30257,20102 20076,20371|20080,30195 20053,30257 20102,20060 20039,20207 20030,20179 20178,20128 20248,20051 20026,20190 20371,20211 30256,20127 20129,20055 30118,20077 30250,20078 20028,20076 20126,30252 20057,20181 20108,20081 20193,20103|20178,20126 20211,20055 20026,20080 20060,30250 30256,30118 20081,20193 20028,20102 20181,20053 20207,20108 20179,20051 30252,20371 20078,20129 20076,20057 20039,20077 20128,30257 20030,30195 20103,20248 20190,20127|20055,20076 20053,20028 20371,20190 20102,20193 20051,20178 30118,20207 20248,30252 20129,20030 20060,20078 20080,20039 30195,30256 20127,20181 20057,20103 20108,30250 20126,20026 20077,20179 30257,20081 20211,20128|20039,20051 20076,20126 20053,20190 20207,20181 20026,30257 20055,30118 20179,20211 30195,20108 20081,20128 20080,30252 20057,20371 20028,30256 20102,20078 20127,20077 20030,20103 20193,20060 20178,20248 20129,30250|20103,20081 30250,20076 20060,30195 20211,20193 20190,20080 30252,20129 20077,20028 20051,20207 20126,20039 30256,20178 30257,20179 20248,20055 20181,20102 30118,20026 20371,20127 20108,20053 20128,20030 20078,20057
20026,20058 20101,20248 20080,20053 30195,20108 20182,30252 20076,20131 20178,20106 20103,20052 20211,20179 20188,30249 20037,20190 20128,30253 20196,20194 20079,20031 20193,20077 20126,20083 20029,20129 20051,20127|30249,20128 20077,20037 20058,20076 20083,20211 20248,20182 20106,20079 30253,20051 20131,20103 20053,20029 20194,20188 20190,20126 20179,20026 20129,20101 20052,30195 20031,20080 20127,20193 30252,20178 20108,20196|20128,20077 20083,20106 20037,20179 20031,20103 20178,20182 20051,30195 20053,20079 20076,30249 20058,20131 20052,20129 20211,20026 20194,20108 30253,20080 20248,20127 20029,20188 20101,30252 20190,20193 20196,20126|20179,20196 20108,20052 30249,20058 20188,20083 20103,20194 20182,20053 20178,30253 30252,20248 20131,20031 20029,20190 20076,20037 30195,20101 20127,20079 20080,20051 20106,20193 20026,20128 20129,20211 20077,20126|20080,20178 20179,20053 20190,20077 20182,20106 20188,20101 20037,20128 30253,30252 20026,20076 20079,30195 20193,20052 20031,20248 20194,20211 20131,30249 20058,20196 20126,20029 20129,20108 20083,20127 20103,20051|20079,20129 20126,20182 30252,20037 30249,20103 20211,20058 20193,20179 20128,20076 20108,20029 20101,20080 30195,20194 20127,20026 20196,20190 20248,20178 20052,20083 20053,30253 20106,20131 20051,20031 20077,20188|20076,20103 20058,20037 20190,20052 20051,20196 20108,20083 20127,20053 20101,20126 20031,30252 30249,20193 20106,20026 20248,20080 20211,20128 30253,30195 20077,20182 20178,20129 20194,20029 20188,20131 20179,20079|20196,20031 20182,20051 20103,20077 30195,20190 20026,30253 30252,20127 20129,20179 20029,20106 20080,20108 20131,20248 20083,30249 20079,20194 20128,20058 20053,20211 20126,20178 20037,20101 20052,20188 20193,20076
20031,20077 20102,20053 20248,20126 20103,20180 20127,20186 20055,30249 30194,20208 30117,20081 20109,20198 20078,20209 20184,20079 20189,20029 20128,20058 20028,20129 20101,20027 20051,20133 20181,20030 20178,20187|20077,20184 20126,30117 20180,20181 20186,20102 20027,20178 20030,20051 20133,20109 20081,20103 20209,20128 30249,20101 20029,20055 20187,30194 20079,20189 20053,20031 20208,20248 20198,20028 20129,20078 20058,20127|20103,20058 20051,20102 20031,20133 20027,20184 20181,20208 20128,20187 30117,20053 20101,20186 20029,20209 20189,20198 20178,20079 30194,20127 20180,20078 20248,20077 20030,30249 20028,20081 20126,20109 20129,20055|20198,20051 20101,30194 20028,20248 20102,20126 20208,20027 20186,20128 20181,20055 20103,20129 20184,20209 20081,20053 20077,30117 20187,20030 20109,20079 20127,20031 20133,20180 20058,20078 20178,20189 30249,20029|20053,20103 20133,20027 20081,20128 20189,20129 20209,20126 20030,20248 20127,30249 20051,20028 20180,20077 30194,20102 20029,20109 20055,20101 20186,30117 20078,20181 20079,20208 20198,20058 20031,20178 20187,20184|20129,20198 30249,20180 20027,20103 20055,20081 20078,20101 20053,20189 20248,20133 20128,20028 20184,20051 20102,20187 20126,20030 20109,20181 20209,20186 20079,20127 20208,20031 20058,30194 30117,20178 20077,20029|30194,20055 20208,30117 20058,20186 20030,20079 20178,20103 20027,20128 20181,20028 20127,20102 20187,20109 20180,20209 20133,20053 20129,20081 20184,20248 20126,20189 20101,20029 20077,20051 20198,30249 20031,20078|20029,20126 20028,20180 20078,20127 20186,20181 20209,20198 30117,20129 20248,20178 20128,20101 20109,20030 30249,20133 20081,30194 20079,20027 20053,20187 20051,20208 20102,20077 20189,20058 20055,20184 20103,20031
20102,20248 20211,20057 20128,20188 20101,20210 20083,20058 20187,20208 20026,20204 20189,20129 20052,20027 20182,20030 20080,20108 30194,30257 30250,20081 20103,20186 20085,20031 20126,20077 20127,20051 20131,20178|20027,20189 20081,30194 20077,20182 20031,20127 20248,20026 20108,20131 20208,20083 30257,20126 20051,20080 20030,20101 20058,20103 20210,20211 20204,20187 20186,20128 20178,20102 20057,20085 20129,30250 20188,20052|20080,20211 20052,20208 20178,20108 20129,20026 30257,20077 20210,20030 20204,20248 20127,20081 20083,20187 20186,30194 20057,20101 20031,20126 20102,20027 20182,20189 20051,20085 20103,20128 20188,20058 20131,30250|30194,20178 20189,20210 20108,20204 20058,20077 20211,20188 20128,20080 20126,20030 20027,20081 30250,20182 20208,20186 20131,20051 20127,30257 20187,20085 20026,20103 20102,20031 20101,20129 20248,20057 20052,20083|20187,20108 20058,30250 20126,20057 20204,20103 20030,20127 20085,20248 30257,20189 20186,20052 20178,20188 20077,20128 20211,20031 20210,20131 20208,20101 30194,20080 20083,20129 20027,20051 20081,20102 20026,20182|20101,20131 20081,20186 20182,20058 20128,20027 20085,20204 20080,20178 20248,20211 20057,20187 20129,20052 20188,20026 20077,20208 20030,30257 20051,20102 30250,30194 20031,20210 20108,20083 20189,20127 20103,20126|20204,20128 30257,20210 20108,20030 20131,20080 20103,20188 20248,20081 20178,20182 20127,20085 20211,20027 20101,20083 20057,20077 20189,20186 30194,20129 20031,20052 30250,20102 20126,20208 20026,20058 20187,20051|20058,20248 20186,20126 20210,20127 20077,20026 20188,20204 20052,20131 20080,20101 20129,20108 20182,30257 20083,20189 20081,20031 20128,20057 20051,20211 20085,20103 20030,20178 20027,30194 20208,30250 20102,20187
20128,20077 20193,20127 20076,20109 20178,20030 30249,20101 20189,30195 30194,20129 20060,20248 20079,30117 20126,20182 20371,20055 30253,20078 20184,20058 20102,20133 20031,20103 20188,20026 30252,20027 20051,30254|20129,20189 20055,20128 20058,20178 20109,20079 20077,20188 20078,30252 20027,30249 20127,20051 20026,20193 30254,20126 20101,20060 20030,20102 20248,20371 20182,30253 30117,30194 20133,20031 30195,20076 20103,20184|30254,20182 30195,20030 30249,20128 20060,20079 20076,20133 20027,20129 30253,30117 30252,20077 20103,20193 20102,20126 20248,20101 20051,20371 20184,20188 20189,20109 20055,30194 20026,20058 20178,20031 20078,20127|20030,20055 30253,20248 20193,20102 20126,20026 20128,30194 20031,20189 20133,30254 20184,20051 20101,20078 20077,20182 30249,20178 20188,20076 20371,30252 20058,20027 30117,30195 20129,20103 20109,20060 20079,20127|20078,30195 20027,20076 20030,20079 20371,20128 30117,20109 30252,20184 20182,20060 20058,20133 20051,20248 20178,30254 20127,20031 30194,20103 20193,20188 20102,30253 20189,30249 20055,20129 20026,20101 20126,20077|20188,30252 20133,20026 20077,20371 20248,20184 20076,20178 30194,20189 20129,20051 20127,30253 30195,20055 20079,20058 20031,30249 20103,20126 20109,20030 20182,20102 20060,20078 20128,20027 30254,20193 20101,30117|20026,20109 20128,30195 20129,20178 20077,20101 20133,20182 20031,20078 20248,20193 20060,30117 30249,20058 20126,20188 20103,20076 20055,20189 20184,20127 20079,20102 30252,30253 20030,30194 20051,20027 30254,20371|20109,30254 20189,20126 20102,20031 30195,30252 30117,20051 20193,20055 20127,20248 20076,20026 20182,20103 20188,20060 20027,20184 20101,20128 20058,20077 30253,20079 20371,20129 30194,30249 20078,20030 20178,20133
20180,20053 20039,30194 20079,30256 30250,20128 20187,20607 20126,20051 30252,20102 20080,20249 20127,20027 20052,20182 30117,20103 20129,20029 20077,20198 20026,20101 20030,20076 20109,20181 20031,20058 20210,20248|20027,20052 20101,20127 20053,20030 20128,20031 20249,20079 30194,20180 30256,20126 20182,20080 20029,20077 20607,20039 20051,30117 20076,30252 20248,20109 20058,20210 20102,20187 20181,20129 20198,20026 20103,30250|30117,20058 30252,20181 20031,20210 20109,20126 20198,30256 20249,20182 20129,30194 20103,20180 20027,20079 20052,20127 30250,20101 20039,20077 20607,20076 20051,20026 20053,20128 20248,20102 20080,20029 20187,20030|20079,20109 30194,20080 20102,20053 20030,30252 20128,20103 20182,30250 20126,20198 20058,20026 30256,20052 20031,20129 20180,20027 20187,30117 20029,20051 20210,20249 20181,20607 20076,20127 20077,20248 20101,20039|20180,20031 20052,30252 20248,20058 30250,20210 20026,20249 20129,20103 20109,20076 20079,20182 20607,20101 20181,20029 20126,20077 20102,20027 20080,20030 20127,20039 30194,20051 20128,30117 30256,20187 20198,20053|30117,30194 20127,20187 20182,20248 20053,20181 20210,20129 20249,20198 20051,20080 20077,20128 20076,20180 20030,20102 20058,20079 20103,20031 20039,20052 20101,30256 30252,30250 20026,20109 20029,20607 20027,20126|20607,30117 20128,20052 20181,20187 30252,20127 20039,20126 30256,20031 20076,20026 20129,20058 20080,20053 20180,20249 20029,30250 20103,20030 20027,20210 20077,20102 20182,20051 20109,30194 20079,20101 20248,20198|20210,20076 20126,20607 20026,20248 30117,20077 20051,20181 20101,20129 20198,20029 20127,20080 20058,20180 20030,20182 20031,20079 20187,20109 20053,30256 30194,30252 20102,20128 30250,20039 20052,20103 20249,20027
20109,20076 20106,20195 20198,20057 20209,20103 20178,20030 20102,20129 20187,20126 20189,30195 20052,20188 20250,20133 20077,20028 20058,20039 30118,20029 20078,20248 20080,20051 30257,20128 20026,30251 20085,20181|20129,20080 20030,20102 20126,20106 20103,30257 30251,20058 20133,20187 20039,20109 20248,20077 20128,20198 20076,20189 30195,30118 20195,20052 20181,20026 20057,20085 20051,20178 20028,20250 20029,20078 20188,20209|20195,20188 20248,20198 20128,20030 30251,20250 20209,20077 20076,20187 20189,20080 20133,20178 20026,20051 20085,20029 20106,20181 20078,20126 20129,20052 30118,30257 20102,20039 20109,30195 20058,20103 20057,20028|20078,20109 20187,20198 30195,20248 20039,20085 20188,20102 20051,20250 20029,20057 20103,20026 20178,30251 20126,20030 20189,20195 20052,20133 20058,20209 20028,20106 20077,30118 30257,20129 20181,20076 20080,20128|20028,20078 20030,20189 20250,20187 20029,20128 20181,20052 20039,30251 20195,20076 20026,20058 30257,20085 20248,20057 20126,30118 20178,20109 20198,20051 20129,20188 20077,20102 20106,20080 20209,30195 20133,20103|20102,20133 20187,20248 20109,20026 20198,20195 20103,20028 20030,20209 20250,20106 20051,20029 30118,20039 30195,20129 30251,20189 20076,20126 20188,20181 20057,30257 20128,20077 20052,20078 20080,20178 20085,20058|20029,20198 20128,20248 20188,20028 30251,20078 20187,20109 20133,20039 20051,20077 20052,20106 20080,30257 20129,20103 20085,20250 20181,20209 20026,30195 20057,20102 30118,20178 20189,20126 20076,20058 20195,20030|20198,20080 30257,30251 20126,20181 20077,20057 20058,20133 20102,20195 20106,20029 30195,20128 20178,20189 20039,20129 20030,20076 20103,20085 20248,20051 20109,20188 20028,20052 20078,20187 20209,30118 20250,20026
20188,20607 20106,20204 20208,20053 20126,20060 20189,20127 20029,20182 20101,30118 20140,20051 20178,20103 20039,30249 30253,20248 20102,20077 20079,20058 20076,20026 30257,20181 20037,30251 20052,20081 20027,20128|20103,20079 30251,30253 20026,20106 20051,20039 30249,20126 20060,20029 20181,20208 20058,20140 20128,20188 20077,20027 30118,20076 20607,20101 20204,20052 20127,20037 20248,20102 20053,20178 20081,20189 20182,30257|20077,20607 20140,30253 20076,20052 30249,20058 20204,30118 20103,30257 20079,20178 20027,20208 20102,30251 20060,20189 20037,20248 20128,20181 20039,20101 20053,20126 20106,20182 20188,20051 20029,20081 20026,20127|20127,30249 20126,20076 20102,20026 20188,20077 20607,20204 20248,30118 20079,20060 30251,20101 20052,20103 20051,20029 20178,20140 20081,20106 20058,20208 30257,20128 20189,20182 20181,20037 20039,20053 30253,20027|20106,20079 20182,20026 30118,20060 20189,30251 20052,20181 30257,20188 20081,20127 20208,20178 20027,20102 20128,20029 20101,20058 20077,20039 20140,20248 20051,20204 20053,20607 20103,20126 20037,20076 30253,30249|20029,20103 20182,20052 20026,30253 20126,20188 20607,20140 20076,20128 20204,20081 20178,20037 30118,30257 30251,20079 20181,20053 20127,20051 20058,20102 20060,20077 20101,20027 20248,20106 30249,20189 20208,20039|20140,20039 20058,20037 20060,20188 20189,20079 20103,20181 20102,20052 20126,20101 20081,30257 30249,20208 20029,20178 20106,20051 20077,30118 20204,20026 20076,30253 30251,20182 20053,20128 20127,20607 20027,20248|20188,20204 20181,20027 20039,20081 20128,20077 20051,20189 20182,20076 20079,20126 20026,20053 20178,30251 20208,20127 20052,30249 30257,20102 20101,20140 20248,20060 30118,20029 20607,20058 20037,20103 30253,20106
20079,20029 20250,20129 20102,20196 20190,20057 20126,30254 20179,20248 20026,20051 20052,20209 20195,20080 30252,20058 20077,20140 20108,20027 30195,20182 20127,20211 20078,20028 20178,20103 20109,20030 30256,20128|20029,20179 20057,20195 20196,20127 20209,20078 30254,30256 20128,20109 20058,20077 20080,20250 20030,20178 20129,20102 20182,30252 20027,20052 20140,30195 20211,20026 20051,20108 20103,20126 20028,20190 20248,20079|20248,20140 20058,20250 20196,20103 20178,20029 20052,20030 20108,20195 20126,20079 20190,20179 20028,20129 20211,20077 20127,20080 20102,20026 30252,20209 20057,20128 20109,30254 30195,30256 20051,20182 20027,20078|30195,20051 20182,20052 30254,20027 20078,20248 20190,20108 20128,20196 20103,20080 20195,20126 20029,20057 20178,20211 20209,20109 20179,20102 20079,30252 20140,20028 20030,20250 20077,20127 20129,30256 20026,20058|20182,20126 30254,20178 30252,20028 20029,20128 20080,20108 20103,20140 20078,20129 20051,20209 20052,20190 20058,20248 20026,20109 20250,20057 20196,20211 30256,20030 20102,20077 20027,20127 20179,20195 20079,30195|20108,20178 20195,30195 20077,20051 20211,20179 30256,30252 20109,20058 20140,30254 20128,20078 20129,20029 20209,20182 20030,20103 20250,20196 20080,20052 20028,20079 20126,20190 20057,20027 20127,20026 20248,20102|20195,30254 30195,20109 20190,20129 20058,20078 20026,20179 20057,20178 20029,20103 20052,20127 20030,20128 20182,20080 20126,20027 20248,20196 20079,20102 20209,20250 20108,20028 20077,30256 30252,20051 20211,20140|20127,20248 20109,20077 30254,20029 20027,20195 30256,20190 20102,20057 20179,20079 20078,30252 20250,20108 20178,20058 20129,30195 20128,20182 20080,20126 20103,20211 20196,20052 20051,20030 20140,20026 20028,20209
20026,20127 20189,20060 20077,20248 20249,30258 20052,20080 20027,20126 20103,20129 30257,20179 20106,20210 20058,20211 20140,20051 30255,20207 20078,20133 20101,20209 30249,20057 20031,20196 20085,20030 20183,20102|20248,20078 20210,20249 20057,30255 20030,20101 20127,20058 20133,20027 20080,20140 20196,20106 20179,30249 20129,20052 20207,30257 20126,20077 30258,20183 20060,20031 20102,20189 20209,20026 20051,20085 20211,20103|20052,30249 20060,20101 20077,20031 20027,20058 30257,20026 20133,20085 20106,20127 20051,20103 20183,20057 20080,20207 20210,20140 20196,20211 20078,20249 20248,20179 30255,20189 20126,20102 20209,30258 20129,20030|30249,20196 20211,20129 20102,20030 20031,20183 20085,20210 20140,20248 30258,20060 20249,20133 20058,30255 20103,20078 20057,20209 20207,20127 20106,20126 20052,20027 20189,30257 20026,20051 20077,20101 20179,20080|20026,20140 20057,20077 30258,20078 20133,20052 20189,20058 30257,20248 20210,20031 20051,20106 20085,20211 20209,20080 30249,20129 20127,20103 20249,20126 20027,20196 20102,20207 20183,20179 20030,20060 20101,30255|20103,30258 20058,20077 20207,20085 20030,30257 20129,20189 20126,30249 20101,20052 20211,20057 20031,20051 20248,20133 30255,20102 20078,20026 20080,20106 20127,20209 20196,20210 20179,20027 20140,20183 20060,20249|20057,20102 20058,20078 20060,20140 20189,20126 20179,20209 30257,20052 20080,20026 20027,20211 20085,20127 20031,20133 20077,20249 30258,30255 30249,20103 20207,20051 20210,20030 20183,20129 20248,20106 20196,20101|20129,30258 20051,20210 20026,20179 20211,30249 20133,20207 20140,20196 20209,20189 20101,20027 20102,20080 20078,20031 20052,20085 30255,20077 20127,30257 20103,20248 20126,20057 20030,20183 20106,20060 20249,20058
20128,20078 20051,20181 20076,20106 20108,20052 20188,30118 20127,20189 20195,20079 20208,20129 20248,20207 30254,30253 20030,20102 20103,20194 20027,20080 20077,20058 20178,20026 20607,20126 20053,20028 20131,30257|20189,20128 20058,20248 20080,20188 30257,20053 20052,20076 20129,20030 20026,20208 20079,20027 20078,20108 20207,20131 20194,20195 20102,20127 20028,20051 30253,20178 20126,20103 20181,30254 20106,20077 30118,20607|20128,30253 20051,30257 20207,20208 20108,20080 20027,20126 20076,20607 30254,20248 20106,20129 20195,20058 20078,20131 20103,20052 20188,20026 20079,20181 20077,20127 20194,20189 20028,20178 30118,20102 20053,20030|20102,20027 20108,30254 20080,20028 20127,20076 30253,20188 20178,20195 20052,20194 20051,20106 20030,20128 20129,20079 20053,30118 30257,20207 20189,20058 20026,20078 20248,20103 20131,20607 20126,20077 20208,20181|20058,20127 20189,20102 20077,20194 20207,20030 20195,20051 20103,20026 20080,20131 30254,20027 20126,20188 20178,20053 20079,20128 20607,30253 20106,20248 20078,30118 20181,20108 20052,20129 20208,20028 20076,30257|30257,20106 20026,20076 20058,20208 20248,20079 20027,20207 20128,20108 20188,20052 20127,20103 20181,20189 20028,20195 20194,20126 30118,20080 20607,20077 20030,30254 20129,20178 30253,20078 20102,20053 20131,20051|30257,20103 20076,20102 20195,30254 20027,20189 20126,20058 20188,20077 20129,30253 20026,20607 20078,20051 20178,20080 20106,20208 20052,20131 20030,20248 20194,20128 20053,20181 20028,20079 20127,30118 20207,20108|20077,20030 20080,20126 20208,30257 20128,20053 30253,20076 20051,20129 20248,20178 20607,20052 20131,20106 20058,20027 20103,20028 20181,20078 20079,20207 30118,20194 20108,20026 30254,20127 20102,20195 20189,20188
20039,20371 20055,20183 20052,20127 20083,20129 20053,20076 20030,20077 20607,20207 20188,20078 20128,20190 20195,20187 20037,20079 20180,30118 20051,20193 20109,20027 20249,20102 20211,20103 20208,20031 30194,20126|30118,20208 20193,20211 20078,20195 20102,20037 20127,20053 20077,20607 20079,20128 20187,20052 20027,30194 20129,20039 20190,20109 20103,20055 20207,20180 20371,20188 20126,20249 20076,20030 20183,20051 20031,20083|20037,20051 30194,20083 20193,20039 20190,20055 20187,20077 20103,20076 20207,20195 20208,20607 20188,20109 20052,20180 20030,20211 20249,20053 20127,30118 20128,20102 20183,20371 20129,20027 20079,20126 20031,20078|20052,20208 20051,20079 20128,20193 30118,20027 20607,20031 20077,20127 20188,20183 20055,20249 20083,20187 20211,30194 20102,20190 20109,20195 20039,20207 20371,20053 20078,20129 20030,20103 20076,20037 20180,20126|20053,20607 20208,20188 20055,20039 20211,20052 20103,20207 20027,20180 30118,20128 20126,20083 20077,20249 20076,30194 20371,20037 20127,20030 20195,20190 20193,20129 20102,20078 20187,20051 20183,20079 20109,20031|30194,20193 20607,20211 20083,20183 20180,20077 20053,20102 20249,20076 20051,20371 20190,20187 20037,20208 20207,20127 20195,20030 20039,20103 20078,20109 20129,20188 20031,30118 20079,20055 20027,20128 20126,20052|30118,20055 20103,20127 20051,20126 20211,20128 20076,20052 20078,20607 20030,20187 20031,20180 20077,20109 20249,30194 20183,20195 20102,20208 20190,20027 20193,20207 20037,20053 20371,20129 20083,20039 20079,20188|20129,20183 20128,20076 20208,20103 20187,30118 20109,20211 20195,20079 20126,20102 20127,20031 20207,20037 30194,20371 20180,20190 20027,20051 20055,20078 20052,20083 20188,20249 20607,20030 20053,20193 20039,20077
20030,20058 20126,20076 20037,20108 20195,20127 20078,20190 20029,20077 20103,20187 20129,20248 20131,20109 20198,20102 20051,20026 20052,30259 30255,20183 20128,20085 20211,20184 20208,30257 20178,30117 20053,20031|20108,20131 20109,20195 30257,20103 20183,20030 20102,20078 20031,20126 30117,20051 20248,20211 20076,20052 20026,20053 20190,20128 20184,20208 20127,20178 20058,20037 30259,20198 20187,20029 20077,20129 20085,30255|20078,20108 20184,20052 20128,20187 20085,20051 20195,20211 20109,20190 20178,20076 20129,20103 20198,20037 20077,20053 20030,20127 20058,20102 20131,20248 20208,20031 20029,30255 20183,30257 20026,30259 20126,30117|20198,20131 20076,20109 20051,20184 30257,20178 30117,30259 20190,20053 20187,20085 20195,20129 20052,20183 30255,20030 20031,20211 20248,20058 20208,20126 20127,20102 20103,20029 20037,20078 20108,20026 20128,20077|20129,30257 30117,20109 20178,20190 20076,20051 30259,20128 20211,20187 20029,20131 20103,20037 20058,20195 20126,20052 20026,20183 20102,20031 20078,20030 20248,20108 20184,20077 30255,20208 20085,20127 20053,20198|20052,20178 30259,20058 20077,20198 20190,20129 20051,20128 20109,20029 20053,20103 20183,20076 20108,20208 20031,20248 20211,20026 20127,30117 20102,20085 20037,20184 20187,30255 20030,20126 30257,20195 20131,20078|20052,20029 20248,20026 20103,20178 20131,30257 20190,20187 20076,30255 20077,20183 20058,20085 20078,20208 20108,20127 20198,30117 20037,30259 20051,20211 20126,20102 20184,20030 20129,20109 20031,20128 20195,20053|20102,20195 20187,20108 20211,20077 20109,20031 20029,20051 20183,20058 30117,20248 20026,20129 30257,20076 20128,20103 20208,20052 20085,20184 20053,20131 20127,20037 20030,20198 20178,20126 30255,20190 30259,20078
30254,20248 20127,20030 20204,20190 20055,20193 20126,20181 20208,20027 20076,20102 20109,20077 20051,20211 20180,20079 20128,30251 20039,20080 20057,20031 20052,20209 20103,20195 20140,20060 20129,20101 30249,30253|30251,20129 20030,20055 20031,20180 20101,30254 20248,20126 20027,20140 20079,20128 20102,20039 30253,20208 20181,20109 20193,20204 20060,20127 20211,20103 20195,20052 20077,20051 20190,20076 20080,20057 20209,30249|20204,20101 20030,20128 20103,20190 20140,20077 30249,20079 20181,30254 20102,20208 20076,20052 20051,30251 20039,20055 20060,30253 20209,20180 20195,20211 20129,20193 20126,20027 20248,20057 20080,20109 20031,20127|20127,20204 20129,20031 20057,20195 20128,20039 30254,20076 20077,20060 20208,20209 20052,20079 20109,20030 20190,20055 20180,20248 20101,20126 30251,20193 20103,20080 20211,20181 30249,20140 30253,20051 20027,20102|20193,20080 20055,20180 20248,30249 20109,20140 20204,30254 20057,20030 20209,20127 20211,20039 20195,30251 20128,20103 20027,30253 20079,20190 20126,20052 20181,20051 20101,20060 20208,20077 20102,20129 20031,20076|20039,20195 20060,20211 30254,20126 20193,20103 20190,20101 20052,20181 20180,20027 20080,20204 20055,20129 20079,20208 20051,20109 30253,20128 20076,30249 20127,20248 30251,20057 20077,20031 20030,20209 20140,20102|20140,20209 20128,20211 20077,30254 20208,20055 20204,20109 20031,20193 20052,20129 20126,30249 20195,20102 20051,20127 20057,20190 20076,20248 30253,20181 20027,20079 20180,30251 20030,20103 20060,20080 20039,20101|20211,20204 30249,20030 20129,20180 20079,20126 20102,20057 20109,30253 20181,20140 20190,20208 20248,20052 30254,20195 20055,20128 20101,20076 20193,20060 30251,20031 20103,20051 20209,20039 20127,20077 20080,20027
20101,20030 30250,20078 20187,20196 20186,20371 20077,20102 20249,20060 20051,20126 20184,20127 20179,20195 20188,20079 20052,20190 20053,20026 20027,20106 20129,20211 30195,20128 20248,20183 20080,20103 20028,20076|20103,20028 20126,20187 20183,20184 20211,20186 20190,20077 20371,20052 20128,20051 20030,30250 20076,20101 20026,20249 20127,20027 20079,20179 20196,20129 20195,20080 20102,20248 20078,20188 20106,20053 20060,30195|20102,20076 20060,20179 20030,30195 20051,20080 20126,20077 20211,20027 20079,20026 20196,20101 20249,20103 20028,20183 20187,20128 20129,20186 30250,20053 20188,20371 20127,20190 20248,20195 20184,20052 20106,20078|20179,20030 20053,20211 20101,20079 20028,20126 20078,20060 20188,20051 30195,20196 20195,20184 20052,20129 20026,20102 30250,20077 20080,20249 20076,20128 20186,20027 20248,20127 20371,20187 20183,20106 20103,20190|20052,20030 20051,20211 30195,20053 20103,20078 20080,20127 20126,20101 20184,20179 20076,20248 20190,20188 20187,20102 20077,20106 20186,20249 20129,20079 20026,20371 20060,20028 20195,20183 20128,30250 20027,20196|20078,20026 20249,20076 20196,30250 20106,20129 20077,20052 20053,20248 20371,20126 20079,20028 20030,20103 20190,20186 20128,20080 20027,20051 20127,20188 20102,20184 20211,20187 20179,30195 20183,20060 20101,20195|20183,20103 20195,20026 20060,20101 20188,20211 20106,20184 20051,20186 20080,30195 20078,20129 20030,20128 20187,20190 30250,20249 20102,20027 20127,20077 20053,20076 20371,20079 20179,20028 20126,20052 20196,20248|20190,20078 20076,20195 20128,20371 20079,20060 20028,20196 30195,20102 20211,20106 20101,20053 20103,20179 20077,20187 20026,20127 20249,20188 20129,20030 20184,20126 20248,20051 20052,30250 20027,20183 20186,20080
20187,30259 30117,20183 20210,20080 20052,30254 20208,20106 20058,20180 20101,20051 20127,20037 20057,20126 20248,20030 20129,20103 20078,20026 20128,20029 20204,30249 30253,20102 20079,20028 20076,20053 20249,20195|20126,20204 20183,20079 20037,20052 20028,20076 20053,30117 20030,20101 20029,20208 30249,20248 30254,20058 20080,20187 30259,20127 20195,20128 20180,30253 20102,20210 20106,20057 20026,20129 20103,20078 20051,20249|20080,30117 20051,20195 20129,20028 20101,20183 20026,30259 20037,20210 20127,20106 20058,20076 20102,20248 30254,20126 20187,20103 30253,20079 20078,20029 20180,20053 20057,30249 20204,20249 20208,20052 20030,20128|20187,20037 20029,20183 20249,20079 20106,20129 20052,20127 20195,20030 20128,30253 20028,20051 20204,20026 20078,20058 20126,20102 30249,30254 20103,20180 30259,20057 30117,20208 20076,20101 20248,20080 20210,20053|20026,20127 20180,20128 20102,20030 30259,20078 20129,30254 20103,30253 20052,20248 20210,20101 20053,20029 30117,20051 20183,30249 20057,20037 20106,20080 20079,20204 20028,20249 20208,20195 20126,20076 20058,20187|20128,20058 20080,20026 20248,20204 20079,20180 20051,20106 30254,20028 20076,30259 20183,20052 20101,30117 20053,20078 20127,20102 20195,20187 20029,20126 20030,20208 30249,20129 20037,20103 20249,20057 30253,20210|20058,20102 30117,20249 20029,20248 20028,20195 20180,20101 20078,30249 30259,20204 20187,20183 30254,30253 20210,20208 20103,20079 20076,20127 20026,20053 20129,20057 20030,20052 20051,20126 20080,20128 20037,20106|30253,30117 20053,30259 20208,20051 20183,20103 30249,20029 20127,20210 20195,20180 20102,20080 20101,20187 20204,20076 20052,20129 20106,30254 20128,20078 20249,20026 20126,20037 20057,20028 20248,20058 20079,20030
20187,20077 20126,20211 20195,20058 20190,20055 20103,30256 20051,20128 20178,20102 20028,30195 30253,20052 20076,20248 20198,20027 20106,20030 20204,20133 20079,20101 20080,20183 20210,20031 20109,20039 20207,20127|20077,20195 30195,20051 20030,20198 20055,20106 20101,30253 20183,20204 20052,20109 20102,20080 20248,20187 20058,20126 20031,20190 20039,20103 20211,20207 20027,20210 20127,20076 30256,20178 20133,20079 20128,20028|20207,20055 20109,20198 20106,20028 20079,20128 20187,20190 20126,20101 20027,20248 20183,20127 30256,20039 20204,30253 20133,20195 20030,20051 30195,20052 20058,20031 20178,20076 20211,20080 20210,20103 20077,20102|20190,20103 20051,20106 20028,20077 20031,20211 20198,20183 20101,20178 20076,30256 20195,20204 20102,20058 20126,30195 20055,20027 20127,20187 20052,20248 20080,20207 20039,30253 20109,20133 20079,20210 20128,20030|20207,20210 30253,20109 20204,20126 20103,20052 30256,20195 20106,20190 20127,20102 20248,20183 20178,20058 20128,20187 20076,20027 20031,20079 20080,20030 20055,20039 20198,20211 20028,20051 30195,20077 20133,20101|20077,20055 20052,20080 20195,20128 20103,20126 20101,20028 20039,20076 30253,30256 20058,20133 20187,20198 20211,30195 20248,20178 20030,20079 20102,20031 20051,20204 20190,20207 20210,20106 20027,20127 20183,20109|20126,20039 20080,20190 20030,20133 20198,20248 30256,20101 20058,20211 20076,20183 20102,20195 20079,20052 20210,20187 20027,20109 20128,20106 20127,20055 20051,20103 20178,20204 30195,30253 20077,20031 20028,20207|20248,20127 30253,20030 20190,20128 20031,20126 20183,20178 20052,20210 20039,20058 20207,20079 20109,20080 20187,20102 20195,20051 20101,20027 20133,30195 20106,20198 20103,20077 20055,30256 20204,20028 20211,20076
20080,30118 20101,20039 20026,20058 20126,20248 30117,20030 20209,20028 20029,30253 20027,20053 20057,20129 20076,20190 20102,20180 20186,20079 20106,20183 20195,20051 20211,20194 20103,20127 20128,20085 30252,20188|20188,20029 20039,20057 20058,20102 20053,20103 20079,30117 30118,30252 20194,20080 20028,20211 20129,20209 20190,20026 20183,20195 30253,20186 20180,20027 20030,20106 20248,20101 20127,20076 20085,20126 20051,20128|20194,30118 20028,20129 20085,20183 20127,20039 20195,20057 20209,30253 30117,20190 20076,20030 20051,20186 20080,20101 20029,20079 20058,20248 20053,20211 20180,20188 20128,20102 20103,20027 20126,20026 20106,30252|20029,20103 20186,20030 20026,20194 20209,20053 20079,20180 20128,20106 20039,20051 20102,30253 20129,20080 20248,20076 20183,20028 30117,20195 30118,20027 20188,20058 20057,20190 30252,20127 20211,20085 20101,20126|20127,20209 20211,20079 20102,20076 30118,20128 20194,20180 20190,20195 20080,20057 30253,30117 20101,20188 30252,20248 20085,20039 20129,20103 20053,20186 20030,20051 20028,20058 20106,20026 20126,20029 20027,20183|20076,20029 30253,20101 20039,20080 20079,20127 20057,20128 20248,30118 20027,20129 20103,20085 20186,20194 20058,30252 20051,30117 20183,20126 20030,20211 20180,20028 20188,20209 20026,20102 20190,20053 20195,20106|20076,20194 20051,20101 20085,30253 20127,20027 20028,20080 20180,20058 20128,20188 20102,20030 20039,30117 20029,20248 20195,20211 20126,30252 20057,20209 20183,20053 20129,20190 20103,30118 20106,20186 20026,20079|30117,20183 20209,20026 20058,20127 20030,20057 20186,20180 30252,20103 30253,20076 20211,20102 20079,20051 20194,20129 20248,20085 30118,20039 20027,20195 20190,20106 20053,20029 20080,20128 20101,20028 20188,20126
30250,20037 20078,20126 20248,20076 20029,20198 20101,20026 20128,20190 20051,20133 20077,20187 20028,20210 20129,20102 30252,20127 30194,30117 20081,20193 20178,20106 20189,20058 30258,20103 20060,20182 20108,20052|20037,30258 20076,20178 20102,30250 20127,20051 20198,20060 20026,20108 20052,20248 20182,30252 20190,20081 20103,20078 20210,20077 30117,20028 20058,30194 20193,20101 20187,20128 20126,20029 20106,20129 20133,20189|30117,20187 30252,20198 20077,20189 20026,20129 20127,20182 20190,20102 20108,30250 20103,20193 20051,20028 20058,20133 20101,30258 20248,20060 20052,20029 20178,20126 20210,30194 20037,20078 20081,20106 20076,20128|20078,20178 20187,20058 20060,20128 20193,20076 30194,20108 20101,20127 20028,20133 20182,20190 20189,30117 30252,20052 30250,20026 20051,20210 20198,20129 20106,20248 20077,20102 20126,20037 30258,20081 20029,20103|20052,20187 20102,20076 20106,20037 20060,20103 20078,30252 20133,30258 20029,20189 20182,20026 20190,20178 30194,20051 30250,20193 20127,20028 30117,20126 20058,20108 20128,20198 20129,20077 20081,20101 20248,20210|20133,20101 20037,20058 20198,20106 20026,30117 20076,30252 20189,20051 30258,30250 20103,20248 20028,20081 20210,20029 20128,20077 20129,30194 20193,20190 20126,20060 20187,20078 20178,20052 20102,20182 20108,20127|30252,20102 20052,20028 20190,30250 20248,20129 20189,20127 20077,20108 20198,30258 30194,20178 20037,20076 20103,20128 20078,20106 20126,20187 30117,20182 20051,20101 20210,20133 20026,20058 20029,20081 20060,20193|20076,20126 20127,30194 30258,20248 20178,20198 20129,20190 20081,20060 20108,20029 20187,30252 20133,20037 30250,20189 20182,20077 20106,30117 20193,20210 20128,20026 20101,20052 20058,20078 20028,20103 20102,20051
20052,20103 20076,20030 20053,30250 20029,30117 20248,20102 20195,30252 20193,30255 20187,20077 20027,20058 20079,20129 20083,20181 20080,20127 20051,20101 20128,20189 20108,20188 20194,20026 20106,20126 20208,20180|20180,20193 30250,20208 20127,20083 20101,20027 30255,20187 30252,20108 20102,20128 30117,20248 20126,20052 20188,20053 20103,20080 20189,20195 20129,20076 20026,20079 20181,20051 20030,20106 20058,20194 20077,20029|20248,20127 20053,20030 20103,20181 30117,20076 20128,20106 20080,20058 20194,30250 20027,20083 20129,20180 20195,20102 20052,20079 20101,20208 20026,20126 30252,20188 20029,20051 20108,20077 30255,20189 20187,20193|20193,20129 20248,20180 20194,30117 20188,20027 20053,20080 30250,20052 20058,20101 20128,20026 20127,20208 20189,20126 20030,20051 20077,20103 20083,20195 20106,30252 20079,20181 20102,20187 20076,20108 20029,30255|20103,30255 20102,20053 20208,20195 20108,20129 20051,30117 20030,20189 20127,20101 20188,20194 20052,20029 20181,30252 20180,20026 20027,20193 20126,20077 20187,20248 20079,20128 20106,20076 20080,30250 20058,20083|20077,20248 20193,20079 30250,20030 20101,20029 20051,20188 20208,20103 20189,20052 20076,20187 20180,20053 20126,20194 30117,20027 30252,20058 20181,20106 20129,20102 20026,20108 20083,20128 30255,20080 20195,20127|30252,20126 20189,20077 20101,20248 20188,20128 20058,30117 20102,20030 30255,20051 20193,20106 20108,20053 20103,20026 20027,20129 20029,20080 20052,20187 20079,20208 30250,20076 20195,20181 20194,20083 20127,20180|20126,20103 20129,30250 20106,20079 20083,20102 20077,20193 20030,20195 20181,20058 20128,20194 20026,30252 20076,20052 20080,20027 30117,30255 20180,20108 20187,20101 20051,20127 20053,20189 20248,20188 20208,20029
20052,20078 20248,20103 20058,20189 30117,20057 20101,20183 20081,30254 20129,20039 20186,20198 20180,20077 20187,30256 20028,30249 30253,20190 20051,20133 20126,20026 20076,20106 20027,20080 20249,20128 20109,20140|20133,20101 30256,20058 20103,20027 20077,20129 30249,20187 20128,20081 20190,30117 20189,20051 20140,20180 20039,20052 20026,20076 20183,20248 20057,20109 20106,20186 30254,30253 20078,20249 20080,20126 20198,20028|30249,20106 20109,20026 20189,20076 20058,20027 20198,30254 30256,20249 20128,20183 20126,30117 20057,20186 20133,30253 20129,20078 20081,20028 20180,20051 20187,20039 20101,20052 20248,20077 20080,20190 20103,20140|20129,20198 30254,20103 20027,30256 20106,20126 20078,20101 20028,20128 20249,20180 20052,20187 30253,30249 20186,20248 20058,20077 20140,20189 30117,20109 20026,20081 20039,20051 20190,20057 20076,20133 20183,20080|20101,30249 20103,20180 20078,20106 20186,20183 20248,20140 20026,20129 20028,20190 20039,30117 20109,20058 20128,20187 20249,20027 30253,20076 20077,20057 20081,20126 20189,20133 30256,20080 20198,20052 20051,30254|20180,20248 20057,20026 20187,20101 20126,20186 30254,20189 30117,20129 30249,20078 20140,20058 20080,30253 20133,20039 20076,30256 20027,20109 20077,20198 20051,20103 20052,20081 20190,20128 20106,20249 20183,20028|20101,20051 20052,20106 20187,20186 20103,20077 20080,20028 20081,20190 30254,20183 20109,20180 20140,20027 20126,20058 20039,20076 20129,20248 20128,20078 30253,20026 30117,20198 20189,30249 20057,20249 30256,20133|20026,20187 20078,20057 20051,20128 20027,20189 20248,30256 20106,20039 20133,20052 20198,20126 20028,20103 20076,20101 20183,30253 20077,20109 30249,20140 20190,20129 20186,20080 20249,20081 20180,30117 20058,30254
20027,20371 20030,20102 20078,30195 20248,20106 20129,30254 20101,30194 30257,20195 20026,20081 20128,20190 20204,20108 20182,20051 20055,20188 20060,20076 20058,20179 20126,20083 20184,20031 20127,20085 20178,30117|30195,20182 30117,20204 20190,20030 20108,20055 20179,20128 30194,20184 20081,30257 20051,20026 20085,20027 20031,20127 20076,20101 20106,20060 20371,20126 20188,20129 20102,20078 30254,20178 20195,20058 20083,20248|20182,20371 30257,20127 30194,20083 20129,20106 20060,30254 20031,30195 20101,20051 20178,20026 20128,20108 20055,20078 20102,20248 20076,20204 20030,30117 20027,20126 20058,20184 20190,20081 20085,20195 20188,20179|30254,20085 20055,20190 20127,20102 20184,20178 20128,20188 20182,20083 20051,20179 20078,20031 20195,20126 20108,30117 20371,20058 20248,20026 20030,20076 20060,20101 30195,30257 20106,20027 20081,20129 20204,30194|20127,30194 20204,20055 20031,30254 20102,20058 20184,20060 20083,20178 20190,30195 20106,20195 20026,30257 20129,20030 20081,20128 20188,20076 20051,20108 20126,20101 20179,20371 20078,20027 30117,20182 20248,20085|30117,20081 20076,20182 20179,20078 20085,20184 20101,20128 20178,20190 20027,20127 30194,20188 20058,20030 30257,20248 30254,20106 20126,20204 20026,20129 20195,20060 20371,20055 20108,20031 20083,20051 30195,20102|20184,20129 20190,30117 20078,20178 20106,20081 20031,20126 30194,20030 30257,20027 20371,20204 20102,20195 20058,20083 20127,20076 20188,30195 20182,20179 30254,20101 20051,20085 20060,20248 20108,20026 20055,20128|20179,30257 30117,20102 20026,20060 20178,20031 20204,20051 20195,30254 20085,20108 20128,20078 20081,20371 20126,20190 20027,20188 20248,30194 20030,20184 20076,20058 20083,20106 20101,20182 30195,20127 20129,20055
20101,20029 20080,20184 20060,20127 20103,20058 20248,20182 20128,20039 30118,30249 20077,30195 20102,20027 20133,20051 20079,30255 20078,20057 20030,20179 20250,20126 30250,20129 20211,20210 30251,20209 20106,20031|20039,30251 30249,20133 20027,20080 20031,20077 30255,20106 20127,20103 20051,20030 20126,20102 20210,30118 20182,20078 20129,20101 20184,20060 30195,20211 20029,20079 20057,20250 20058,30250 20209,20248 20179,20128|20133,30118 20027,20051 30195,30249 20127,20080 20058,20248 20060,20102 20126,30251 20184,20103 20129,20031 20210,20057 20039,20211 20209,20029 20179,20182 20030,20079 20106,30250 20101,20078 20077,20128 20250,30255|20078,20128 20029,20250 20103,20129 20106,20126 30249,20039 20077,20030 20031,30118 20057,20184 30251,20027 30255,20058 30250,20210 20102,20127 20080,20051 20182,20209 20211,20133 20248,20179 20079,20060 20101,30195|20209,30250 20133,20058 20103,20077 20102,20184 20079,20101 20126,20182 30255,20078 20250,20060 20051,20106 20248,20080 20127,20179 30118,20030 20128,30249 20027,20210 20057,20039 30251,20211 20029,20129 30195,20031|20182,20057 20031,20102 30249,20101 20030,20133 30118,20127 30250,20077 20039,20106 20051,20209 20078,20126 20211,20079 20060,30195 20080,20029 20210,20103 20184,30251 20129,30255 20179,20250 20058,20027 20128,20248|20077,20210 20080,20209 20126,20039 20060,30255 20106,20058 20248,20129 20127,20182 20031,20133 20102,20250 20179,20051 20029,20057 30195,20030 20103,30249 20027,20211 20184,20128 30251,20079 20101,30250 20078,30118|20030,20103 20250,20080 20057,20101 20079,20127 20058,20029 20128,20027 20210,20031 30249,20179 20209,20102 20039,20078 20182,20077 30255,30251 30250,30195 30118,20184 20129,20060 20211,20126 20133,20106 20051,20248
20127,20179 20077,20129 20053,20030 20058,20031 20371,20027 20108,20187 20607,30256 20078,20248 20128,20189 30117,20080 20207,20190 20026,30195 20076,30118 20126,20102 20060,20101 20195,20052 20103,20181 20184,20051|20189,20127 20129,30117 20181,20126 20030,20195 20102,20607 20179,20026 20190,20060 30256,20058 20101,20053 20248,20103 30118,20078 20031,20128 20080,20184 20187,20371 20027,20076 20052,20207 30195,20108 20051,20077|30256,30195 20060,30118 20129,20030 20102,20080 20126,20052 20607,20128 20371,20058 30117,20184 20181,20179 20248,20187 20108,20051 20078,20031 20053,20076 20101,20127 20189,20195 20027,20190 20077,20207 20103,20026|20127,20607 20080,20371 30195,20102 20051,20030 20058,20248 20190,20077 20128,20027 20207,20060 20052,20181 20187,30117 20195,20126 20078,20103 20026,20129 20031,20101 20179,20053 30118,30256 20184,20189 20108,20076|20181,20248 30256,20103 20076,20058 20031,20190 20060,20128 30195,20052 30118,20129 20207,20108 20102,20027 20179,20077 20126,20187 20053,20184 20030,20078 20080,20026 20371,20607 20101,30117 20195,20127 20051,20189|20607,20051 20052,20080 20027,30118 20058,20195 20103,20207 20127,20078 20190,20101 20077,20181 20026,20060 20076,20126 20184,20179 20189,30195 30117,20102 20030,20108 20129,20053 20187,20031 20128,30256 20248,20371|20108,20052 20027,20051 20060,20607 20026,20101 20181,20129 20179,20195 20207,20030 20184,20076 20248,20031 20371,30118 20126,20058 20190,20053 20080,20127 20103,20128 20189,20078 30195,30117 20077,20102 30256,20187|20076,30195 20195,20207 20031,20060 20078,30256 20128,20077 20058,20103 20102,20184 20052,20026 20129,20080 30118,20181 20101,20126 20127,20108 20187,20027 20051,20179 20030,20371 20053,20189 20607,20190 30117,20248
20078,20183 20103,30250 30194,20030 30257,20060 20109,20076 20127,20057 20051,20126 20209,20108 20179,20027 20037,20190 20211,20184 20607,30255 20189,20058 30252,20080 20039,20129 20102,20077 20128,20055 30259,20028|20028,30252 20077,20607 20183,30257 20184,30259 30250,20128 20126,20179 20057,20211 20190,30194 20076,20037 20108,20051 30255,20039 20060,20189 20027,20209 20030,20127 20129,20109 20058,20103 20055,20078 20080,20102|30259,20209 20077,20039 20179,30194 20058,20184 20127,20078 20102,20051 20103,20129 20190,20080 20607,20027 20211,20183 20189,30252 20076,20108 20057,20037 20109,30255 20055,20028 30257,20126 20060,30250 20030,20128|20078,20030 20103,20607 20027,20102 30252,20190 20128,20077 20183,20058 20028,20080 20126,20060 30257,20076 20184,20055 30250,20057 30194,20037 20039,20209 20189,20109 20211,20127 20108,20179 20051,30259 30255,20129|20060,20039 20028,20103 20126,20076 20037,20108 20109,20078 30194,30257 20129,30252 20209,20051 20080,30250 20027,20055 20190,20057 30255,30259 20607,20128 20179,20189 20058,20077 20184,20030 20102,20211 20183,20127|20051,20028 20209,20607 20057,20183 20039,20109 20037,30257 20108,20060 20128,20027 20030,20189 30259,20103 20077,20126 20078,20190 20080,20184 30250,30255 20129,20058 30252,20102 20055,20179 20076,20211 20127,30194|20189,20126 20027,20108 20077,30259 20102,20184 20058,20209 20078,30257 20607,20060 20076,20030 20057,20129 20183,20028 20109,20190 20051,20037 20127,20039 30252,20179 20128,30194 30255,20055 20103,20080 20211,30250|20184,20076 20055,20607 20179,20077 20039,20057 20108,20183 20209,20211 20190,20051 20037,20102 20080,20128 20126,20103 30259,20058 20060,20127 30194,20109 20030,30255 20129,20027 30257,30252 30250,20078 20028,20189
20053,30117 20607,20126 20108,20133 20083,20057 20052,20189 20131,20194 20103,20182 30253,20051 20211,20250 20109,30250 20076,20028 20029,30254 20081,20129 20026,30255 20127,20079 20078,20198 20030,20101 20178,30256|30256,20103 20028,20052 30255,20178 20198,20081 30117,20607 20129,30253 20182,20030 20101,20076 20126,20078 20189,20029 30250,20026 20079,20131 20051,20211 20194,20053 20250,20109 30254,20108 20133,20083 20057,20127|20076,20189 20026,20607 20182,20194 20103,20250 30254,30255 20053,20129 20030,20081 20198,30117 30256,30250 20131,20028 20052,20079 20211,20029 20078,20051 20083,20108 30253,20133 20127,20101 20126,20109 20178,20057|20051,20133 20178,20078 20052,20030 20053,30253 20029,20103 30255,20083 20026,20126 20079,20109 20189,20182 20057,20131 20194,20198 20250,20129 30117,30254 20028,20081 20127,30256 20607,20211 20101,30250 20108,20076|20051,20108 30250,20076 20079,20250 20133,20052 20109,20078 20101,20029 30256,20189 20211,20127 20129,20028 20030,20194 20198,20126 30253,30254 20057,20103 20182,20083 20081,30255 30117,20026 20131,20178 20607,20053|30250,20607 20108,20026 20029,20131 20078,20127 20103,20178 20189,20198 20133,20101 20076,20211 30255,30256 20250,20057 30254,20052 20109,30117 20126,20053 20028,30253 20083,20051 20129,20030 20081,20182 20194,20079|20101,20052 20083,30254 30117,20081 20607,20109 20189,20133 20108,20198 20079,20029 30255,20030 20182,20053 20127,20178 20057,30250 20250,30253 20076,20126 20051,20026 20211,20131 20103,20129 30256,20028 20194,20078|20129,20189 20133,20250 20178,20076 20198,20211 20052,30255 30254,20101 20028,20103 20078,20057 20026,20079 30253,20182 20030,30117 30250,20194 20053,20108 20126,30256 20109,20127 20131,20051 20081,20607 20029,20083
20031,20103 20126,30118 20128,20102 20131,30252 20186,20052 20108,20080 20051,20030 20371,20183 20211,20079 20058,30249 20210,20076 20027,20198 20127,20189 20179,20129 30255,20055 20209,20029 20190,30256 20077,20101|20183,20051 20029,20108 30256,20211 20080,20190 20055,20031 20102,20179 30118,20058 20198,20371 20101,20131 20052,20209 20129,20210 20030,20127 20079,30255 30249,20128 30252,20027 20076,20126 20189,20077 20103,20186|20080,20127 20051,30256 20055,20190 20077,20108 20079,20129 20027,20103 20076,20128 20371,30255 20183,20131 20101,20029 20030,30249 20210,20198 20189,30118 20052,20126 20031,20058 30252,20186 20211,20102 20209,20179|20190,20058 30255,20051 20108,20211 20127,20027 20131,20080 20077,30252 20210,20101 30249,20126 20179,20079 20198,20030 20103,20076 20128,20055 30118,20183 20102,20052 20371,20189 20186,20029 30256,20209 20129,20031|20128,20077 20186,20210 20103,20209 20058,20211 20131,20027 20052,20076 30252,20031 30256,20080 20029,20129 20030,20101 20127,30118 20190,20108 20102,20079 20126,20371 30249,30255 20051,20189 20055,20179 20183,20198|20058,20103 20198,30252 20027,20183 20101,20128 20209,20077 20179,20052 20029,20190 20108,30249 20079,20186 30118,20102 20211,20131 20126,20051 20189,20030 20129,20055 20080,20210 20076,20371 30255,20127 20031,30256|20101,30252 20031,20076 20128,20209 20179,30118 20189,20055 20077,20052 20210,20131 20371,20051 20198,20108 20030,20211 20183,20079 20103,20126 20186,20127 20027,20058 20080,20029 20129,20102 30255,30256 30249,20190|20131,20186 20055,20101 20102,20027 20058,20128 20108,20030 20126,20077 20209,20189 20079,20031 20052,20371 20029,30255 20051,20080 30256,20103 20211,20198 20076,20179 30252,30249 30118,20210 20127,20183 20190,20129
20195,20193 20057,20126 20026,20190 20080,20210 20027,20076 20129,30253 30117,30259 20179,20039 20127,20078 20211,20103 20058,20188 20031,20051 20184,20079 20208,20109 20128,20102 20029,20101 20248,20181 20037,20053|30253,20080 20079,20127 20039,20057 20051,20179 20210,20195 20076,20248 20181,20211 20101,30117 20053,20184 30259,20129 20190,20208 20103,20029 20126,20031 20109,20037 20193,20027 20078,20026 20188,20128 20102,20058|20102,20027 20057,20037 20078,20109 20195,20026 20058,20029 20076,20129 20188,20103 20248,20193 20184,30117 20128,20211 20127,20053 20210,20190 20051,20039 20080,20126 20031,20079 30253,20208 20181,30259 20179,20101|20079,30253 20190,20051 20027,20181 20026,20188 30117,20053 20037,20078 20103,20210 20029,20076 20193,20211 20248,20129 20039,20080 20126,20195 20127,20031 20179,20184 20101,20057 20109,20128 30259,20058 20208,20102|20188,20181 20190,20057 20195,20076 20053,30253 30117,20051 20080,20029 20211,20109 20128,20039 20103,20184 20026,20126 20079,20027 20101,20127 20058,20248 20210,20031 20102,20193 20208,20179 20129,20037 20078,30259|20126,20103 20029,20179 20053,20102 20129,20080 20211,20190 20193,20210 20109,20026 30259,20079 20039,30117 20027,20101 20037,20127 20057,20195 20181,20128 30253,20248 20051,20078 20031,20188 20184,20058 20076,20208|20078,20248 20076,20109 20193,20029 20181,20026 20031,20058 20208,20057 20127,30259 20102,20079 20101,20129 20080,20190 20188,30253 20179,30117 20184,20027 20039,20103 20126,20053 20128,20195 20051,20211 20037,20210|20195,20037 30259,20188 20079,20181 30253,20126 20190,20039 30117,20127 20027,20208 20210,20078 20129,20102 20211,20179 20057,20076 20026,20128 20058,20101 20103,20051 20053,20080 20109,20193 20248,20031 20029,20184
20196,20211 20051,20190 20029,20103 20077,20058 20027,20108 20078,30195 20140,20249 20208,20248 20102,20126 20080,20183 20128,20195 30253,30194 20053,20193 20052,20079 20109,20057 20076,20028 20178,20133 20030,20207|30195,20030 20193,20140 20133,20078 30194,20080 20028,20178 20108,20051 20103,20196 20058,20029 20207,20077 20211,20102 20195,20027 20183,20053 20126,20109 20249,30253 20079,20208 20190,20128 20057,20076 20248,20052|20193,20195 20030,20057 20128,20102 20190,20053 20248,20080 20126,30194 20051,20211 20207,20249 20108,20076 20078,20028 20103,20079 20077,20140 20027,20052 20178,30253 20208,20109 20029,20183 20133,20058 20196,30195|20208,20030 20249,20103 20053,20108 30194,20051 30195,20190 20057,20248 20109,20077 20195,20028 20052,20102 20080,20126 20029,20133 20027,20193 20058,20196 20140,20178 20076,20207 20079,20128 30253,20078 20211,20183|20030,20128 20126,20029 20058,20079 20109,20080 20053,20140 20183,20078 20052,30195 30194,20208 20211,20193 20133,20207 20102,20248 20190,20196 20028,20108 20077,30253 20051,20027 20103,20178 20249,20076 20195,20057|20079,20133 20076,20030 20207,20190 30253,20053 20102,20195 20196,20126 20078,20249 20108,20211 20178,20027 20248,20103 20128,20058 20080,20052 30195,20208 20028,30194 20057,20077 20193,20029 20140,20051 20183,20109|20103,20077 20057,20211 20079,20027 20248,20195 20029,20208 20126,20053 20030,20051 20076,20190 20178,20183 20196,20108 20078,20102 20207,20058 20140,20109 30194,20133 30195,20028 30253,20128 20249,20052 20080,20193|20193,20079 20190,20126 20211,20178 20183,30253 20195,20196 20058,30195 20102,20076 20051,20080 20108,20140 20053,20029 20028,20103 20109,20249 20208,20207 20027,20078 20128,20248 20052,30194 20133,20057 20077,20030
20128,20109 20178,20127 20195,20060 20101,20183 20052,30255 20210,20108 20102,20078 20080,30195 20249,20076 20131,20029 20189,20193 20126,20027 20250,20081 20051,20129 30251,20031 20190,20211 20030,20106 20058,30194|20027,20051 20193,20101 20109,20195 20031,20178 20076,20052 20081,30251 20029,20210 20106,20189 20078,20030 20129,20250 20108,20126 20183,20128 20211,20131 20127,20102 20060,20190 30195,20058 30255,20249 30194,20080|20058,20027 20190,20052 20131,20060 20126,20109 20108,20249 20189,20051 20183,30251 20080,20101 20106,20076 20078,20127 20030,20102 20250,20029 30194,20178 20210,20195 20031,20129 20211,20193 30255,30195 20081,20128|20058,20183 20250,20211 20189,20080 20102,20128 20195,20078 20178,20129 20076,20027 20051,20081 20060,20108 20052,20031 30195,20030 20249,30194 20101,20131 20190,20126 20109,20029 20127,20106 30251,20210 20193,30255|20126,20058 20127,20250 20183,20131 20101,20249 20080,30255 20102,30195 20030,20060 20076,30194 30251,20051 20029,20189 20031,20210 20106,20211 20078,20190 20128,20193 20027,20108 20178,20195 20129,20052 20109,20081|20029,20080 20195,30251 20211,20109 30194,20126 30195,20250 20060,20078 20128,20030 20131,20106 30255,20127 20193,20183 20249,20058 20210,20102 20051,20031 20129,20076 20108,20190 20027,20178 20081,20189 20052,20101|20108,20031 30194,20250 20126,20193 20058,20178 30255,20129 20106,20078 20249,20027 30251,20052 20190,20076 20183,20051 20195,20128 20211,20030 20081,20102 20189,20131 30195,20109 20080,20127 20060,20210 20101,20029|20051,20195 20210,20189 20131,20249 20052,20081 20109,20080 20127,20058 20193,20190 20027,30255 20128,20060 20030,30251 20078,20211 20031,20183 20129,20101 20250,20106 20076,20108 20102,30194 20029,20126 20178,30195
20027,20078 20109,20248 20058,20102 20127,30258 20055,20080 20052,30256 20029,20129 20030,20108 20076,30117 20207,20190 20037,20187 20211,20026 20051,20371 20077,20195 20250,20126 30194,20103 30255,20128 20180,20182|20126,20180 20187,20051 20078,20211 20103,20029 20102,20127 20248,30194 20182,20207 20108,20055 30258,20052 20026,20058 30117,20037 20371,20077 20190,20076 20129,20027 20080,30255 30256,20109 20195,20250 20128,20030|20211,20029 20102,20190 30194,20080 20055,20187 20180,20108 30117,20026 20109,20250 30255,20027 20037,20371 20077,20127 20207,30258 30256,20182 20195,20030 20078,20103 20076,20128 20051,20126 20129,20052 20058,20248|20103,20129 20027,20248 20250,20076 20026,20051 20371,20190 20127,20109 20080,20108 30258,30117 30194,20055 20077,20058 20126,20037 20128,30256 30255,20195 20052,20180 20182,20078 20187,20211 20029,20207 20030,20102|20190,20051 20129,20080 20109,20027 20103,20187 20029,20052 30256,30255 20030,20182 20076,20026 20078,20195 20127,20180 20248,20371 20108,20037 20058,30258 20250,30194 20207,20077 20102,30117 20128,20211 20055,20126|20037,20078 20080,20102 20190,20055 20182,20127 20180,20103 20248,20030 20371,20129 20026,20128 30258,20029 20051,20076 20027,20077 20108,30194 20187,20207 20195,20058 30117,30256 20126,30255 20052,20109 20211,20250|20127,20051 20027,20207 20126,20030 20128,20077 30117,20248 20109,20029 30256,20078 30194,20187 20080,20190 20195,20108 20058,20037 30255,20371 20211,20052 20076,20182 20250,20180 30258,20129 20102,20026 20103,20055|20371,30117 20030,30258 20108,20126 20078,20109 20026,30194 20052,20027 20187,20127 20180,30255 20051,30256 20129,20250 20037,20080 20029,20076 20182,20058 20248,20128 20055,20211 20207,20102 20190,20195 20077,20103
20180,20081 30256,20037 20027,20209 20030,30117 30254,20057 20189,20186 20140,20051 20187,20080 20129,20101 20103,20078 20026,20058 20128,20076 20179,30255 30249,20102 20108,20127 20031,20210 20126,20190 20055,20183|20210,30256 20081,20140 20183,20026 20209,20129 20051,20189 30255,20126 20058,20108 30117,20179 20080,20055 20127,20187 20037,20103 20101,20027 20186,20128 20057,20030 20078,30249 20076,20031 20102,30254 20190,20180|20080,20030 20058,20078 20027,20126 20210,20127 20031,20108 20101,20179 20128,20209 20076,20057 20189,30249 20140,30117 20055,30255 30256,20190 20051,20187 20037,30254 20081,20129 20102,20026 20183,20180 20103,20186|20057,20189 30254,20026 20078,20102 20187,20210 20186,20055 20027,20081 20108,20051 20126,30256 20209,20103 20127,20037 30249,20058 20030,20180 20190,20101 30255,20128 30117,20076 20129,20080 20179,20183 20140,20031|20128,20102 20187,20140 20055,20190 30254,20108 20179,20189 20026,20210 30256,20209 20103,30255 20183,20186 20037,20081 20101,20080 20127,20058 20180,20027 20076,20126 20051,20030 20031,20078 20129,30249 30117,20057|20080,20183 20078,20140 20186,20187 20210,20055 20126,20051 20180,20076 20209,30254 20102,20129 20026,20128 20081,20103 20189,20027 30255,30117 20057,20037 20058,30256 20108,20179 30249,20031 20190,20127 20030,20101|20209,20186 30255,30249 30254,20180 20108,20140 20128,30117 20189,20080 20126,20183 20027,20076 20055,20026 20210,20051 20179,20078 20031,20190 30256,20030 20102,20057 20187,20101 20037,20129 20058,20081 20103,20127|20190,20058 20080,30256 20078,20037 20140,20210 20051,20031 20076,30255 20183,20128 20101,20055 20180,20187 30249,20179 20057,20209 30117,20102 20186,20126 20127,20027 20030,20108 20129,20189 20026,20103 20081,30254
20190,20058 20057,20029 20181,20053 20083,20128 20126,20081 20077,20178 20208,30194 30195,20030 20027,20101 20204,20211 20028,20106 20103,30254 20129,30118 20183,20080 20051,20198 20102,20052 30250,20140 20127,20249|30194,20181 20106,20083 30118,20126 20053,20204 20140,20051 20128,20077 20030,20057 20081,20183 30254,30250 20029,20208 20080,20027 20101,20129 20211,20102 20058,20028 20198,20190 20052,20103 20178,20127 20249,30195|20208,20027 20126,20181 20030,30250 20249,20128 20081,20052 20103,20051 20083,20101 30254,20053 30195,30118 30194,20028 20080,20057 20178,20102 20204,20183 20127,20190 20077,20198 20106,20058 20129,20029 20140,20211|20127,20103 20190,20077 20052,20198 20129,30195 20101,20053 20102,20030 20051,20178 20029,20083 20211,20249 20126,30194 20028,20140 20057,20081 20058,30254 20128,20204 30118,20080 20027,20106 20183,30250 20181,20208|20178,20057 20106,30254 30118,20208 20249,20101 20083,30195 20198,20103 30250,20051 20058,20129 20080,20127 20077,20028 20183,20029 20128,20181 20027,20211 20204,20030 20053,20126 20081,20102 20052,20140 20190,30194|30195,20183 20181,20027 30250,20204 20211,20106 20051,20126 20028,30118 20140,20178 20053,20190 20029,20058 30194,20129 30254,20083 20102,20080 20030,20077 20101,20127 20208,20052 20103,20128 20057,20249 20198,20081|30194,20198 20077,20129 20183,20053 20140,20106 20029,20102 20058,20181 20080,20211 20126,20027 20127,20081 20083,20208 30118,20057 20101,20204 20051,20028 20249,30254 30195,20052 20128,20030 20178,30250 20103,20190|20106,20051 20027,20140 20129,20183 20052,20080 20198,30118 20028,20126 30254,20029 20211,20058 30250,20077 20204,20178 20190,20101 20102,20249 20030,20103 20057,30195 20081,30194 20181,20083 20053,20128 20208,20127
20178,20133 20080,20187 20248,20079 20103,20126 20128,20101 20030,20058 20027,20180 20028,30255 20250,30258 20051,20078 30259,30257 20077,20026 20109,20193 20052,20211 20129,20106 20182,20190 20083,20055 20037,20195|20190,20051 20058,20248 20195,20077 20079,20128 20026,20080 20101,20129 20187,20028 20133,30259 30255,20109 30257,20250 20106,20030 20126,20052 20078,20027 20055,20182 30258,20037 20193,20083 20180,20103 20211,20178|20106,20180 20079,20051 20193,20187 20078,20109 20077,20133 20027,20101 20250,20211 20129,20030 20128,30258 30255,20178 30259,20248 20028,20126 20103,20055 20037,20182 20080,20190 20052,20083 20195,20026 30257,20058|20101,20083 20129,20195 20030,30259 20109,20027 20250,20080 20058,20026 20133,20078 20180,20128 20103,20187 20051,20037 20028,20052 20211,20106 20190,20193 20248,30257 30258,20182 20126,20079 20055,30255 20178,20077|20101,20250 20078,30257 20190,20037 30259,20079 20128,20248 20106,20058 20055,20030 20052,20180 20193,20133 30255,20027 20182,20080 20211,20126 20026,20051 20077,20109 20178,20103 20083,20028 30258,20129 20187,20195|20195,20052 20248,20101 20109,20178 20180,20190 20058,20128 20182,20250 20126,20193 20030,20103 20133,20028 20027,20077 20051,30255 20083,30259 20026,30258 20080,20129 20187,20055 20079,20211 30257,20106 20037,20078|20126,20026 20078,20248 20080,20106 20211,20187 20129,20178 30258,20193 20190,20058 20037,20083 30255,30259 20051,20133 20103,20028 20030,20128 20195,20180 20077,20250 20079,30257 20052,20027 20101,20182 20055,20109|20178,30258 20109,20037 30257,20051 20187,20126 20193,20078 20128,20077 20248,20052 20083,20103 20027,20211 20180,30255 20028,20080 30259,20101 20106,20079 20250,20030 20058,20195 20182,20129 20026,20190 20133,20055
20190,20029 20076,30194 20101,20211 20077,20207 20194,20128 20195,20179 20248,20030 20129,20053 20031,20078 30253,30254 20133,30255 20026,20081 20108,20051 20126,20058 20052,20103 20109,30118 20181,20131 20196,20055|30255,20248 20179,20109 20058,20026 20053,20181 30118,30253 20078,20190 30254,20031 20211,20129 20081,20194 20131,20196 20103,20077 20128,20101 20207,20108 20029,20133 20051,20076 20055,20126 20030,20052 30194,20195|20077,20128 20129,20109 20195,20052 20131,20031 30118,20126 20190,20194 20053,20078 20108,30255 20248,20058 20211,20133 20030,20055 20179,20029 20026,20207 30194,20081 30254,20103 20196,20101 30253,20076 20051,20181|20129,20030 20101,20026 20055,30254 20076,20196 20029,20108 30253,20133 20195,20051 20103,20179 20126,20248 20181,20077 20052,20211 20128,20058 20194,30255 20078,30118 20081,20109 20190,30194 20207,20131 20031,20053|20179,20211 30255,20196 20248,30118 20026,20126 20133,20190 20077,20129 20128,30254 20181,20207 20194,20053 20030,20078 20103,20131 30194,20101 20109,20055 20108,20081 20031,20195 20029,20051 20052,20076 20058,30253|20207,20194 20078,20103 20058,20190 20053,20179 20133,20026 20101,20031 20131,20248 20051,20129 30118,20181 30254,30194 20076,20108 20109,20052 20211,30253 20081,20029 30255,20030 20055,20128 20196,20077 20126,20195|20076,20126 20081,20133 20207,20129 20078,20128 20248,20055 20030,20194 20029,20196 20051,30254 20181,20103 20052,20179 30118,20058 30253,20026 20101,30255 20211,20109 30194,20053 20108,20131 20031,20077 20195,20190|20103,20029 20128,20181 20026,30194 20058,20031 20109,20030 20055,20211 20077,20248 20129,30253 20133,20052 30254,20195 20194,20078 20126,20101 20196,20207 20179,30118 30255,20081 20053,20108 20131,20051 20190,20076
20080,20211 20187,20204 20195,20127 20057,20188 20371,20133 20131,20193 20210,20058 20101,20178 20126,20079 30257,20181 20189,20030 20607,20102 20028,20248 20108,20129 20031,20051 20103,20078 20083,20026 20052,30256|20051,20108 20211,20028 20188,20126 20133,20189 20078,30257 20129,20031 20102,20083 20204,20101 20193,20607 20030,20103 20178,20057 20026,20371 20058,20131 30256,20080 20079,20210 20127,20052 20181,20195 20248,20187|20187,20083 20101,20028 20051,20248 20204,20131 30256,20371 20188,20052 20103,20195 20108,20080 20058,20079 20133,20210 20211,20078 20181,20102 30257,20031 20193,20030 20607,20189 20126,20026 20178,20129 20057,20127|20030,20187 20210,30256 20052,20607 20189,20058 20031,20083 20131,20078 20129,20188 20371,30257 20079,20178 20057,20248 20108,20181 20195,20051 20080,20028 20026,20211 20102,20193 20127,20204 20103,20133 20101,20126|20204,20195 20133,20051 30256,20129 30257,20211 20127,20101 20078,20181 20083,20108 20079,20607 20189,20131 20210,20057 20028,20058 20030,20080 20026,20102 20126,20052 20248,20178 20187,20103 20193,20188 20031,20371|20129,20057 20051,20030 20178,20204 20607,30256 20083,30257 20248,20026 20080,20133 20131,20079 20058,20193 20188,20108 20102,20189 20211,20187 20078,20127 20371,20126 20028,20103 20181,20031 20052,20101 20195,20210|20133,20028 20058,20078 20131,20181 20178,20083 20193,20248 20052,20371 20079,20030 20188,30257 20101,30256 20031,20195 20607,20127 20080,20126 20210,20026 20057,20103 20102,20129 20189,20211 20051,20204 20108,20187|20026,20058 30256,20193 20078,20101 20195,20133 30257,20102 20030,20131 20129,20051 20211,20178 20126,20210 20187,20189 20083,20057 20204,20079 20371,20080 20028,20188 20181,20052 20127,20031 20248,20108 20103,20607
30250,30254 20051,20080 20127,20029 20031,20180 20140,20102 30194,20030 20078,20209 20057,20129 20101,20198 20189,30259 20190,20028 20027,20211 20128,20182 20076,20109 20083,20371 20178,20055 20058,20195 20193,20126|20055,20193 20028,20101 20080,20190 20209,20127 20109,30250 30254,20031 20211,20058 20180,20057 20195,20140 20029,20078 20182,20076 20126,20189 20030,20128 20129,20178 20198,20083 30259,20027 20371,20051 20102,30194|20182,20180 20190,30194 20102,20029 20051,30254 20211,20030 30250,20128 20080,20127 20140,20371 20058,20109 20028,30259 20031,20076 20198,20189 20193,20195 20057,20209 20178,20126 20101,20129 20027,20083 20078,20055|20189,20027 20083,20102 20078,20101 20127,20211 20371,20128 20178,20031 20109,20057 20030,30250 20126,20180 30194,20080 20076,20198 20195,20051 30254,20058 20140,20182 30259,20190 20129,20028 20209,20193 20055,20029|20128,20078 20076,20140 20029,20195 30259,20109 20198,30250 20180,20028 20209,20101 20051,20030 20058,20189 20211,20083 20031,20055 20129,20102 20182,20057 20080,20193 20127,30254 20126,20027 20371,30194 20190,20178|20030,20190 30250,20078 20193,20178 20102,20182 20195,20076 20128,20031 20109,20126 30194,30259 20083,20209 20180,20129 20189,20140 30254,20198 20055,20211 20057,20127 20027,20051 20101,20058 20029,20371 20028,20080|20189,20080 20057,20190 20055,20128 20076,20027 20083,20058 20030,20126 20140,30250 20193,20371 20195,20180 30254,20102 20028,20178 20182,20051 20198,20029 30194,20211 20078,20109 30259,20209 20031,20129 20101,20127|20127,20083 20128,20195 20029,20057 20190,20101 20129,30259 20102,20031 20126,20076 20180,30194 20080,20030 20211,30254 20371,20189 20178,20198 20109,20028 20058,20078 20027,20193 20051,20140 30250,20182 20209,20055
20186,20101 20248,20057 20128,30118 20127,20058 20031,20053 20182,30194 20030,20207 20184,20129 20198,20027 20080,20190 20607,20078 20178,30250 20085,20102 20126,20052 20108,20250 20076,30117 20081,20026 20060,20106|20102,20198 20058,20031 30118,20080 20053,20030 20129,20085 20057,20186 20207,20182 30117,20108 20027,20248 20101,20060 20026,20076 20106,20178 30250,20081 20052,20127 20078,20184 20190,20607 20250,20126 30194,20128|20076,20058 20126,30194 20078,20027 20080,20182 20102,20053 30250,20101 20128,20248 20060,20190 20026,20057 20108,20607 20030,20186 20129,20106 20127,20081 20178,20052 20250,30118 30117,20198 20031,20184 20207,20085|30118,20127 20053,20081 20182,20128 30194,20184 20106,20080 20058,20102 20085,20060 20198,20178 20607,20076 20248,20078 20190,30250 20030,20129 20027,20108 20057,20250 20031,20126 20052,30117 20101,20026 20186,20207|20184,20248 20129,20102 20607,20060 20085,20031 20027,20101 20190,20126 20052,20182 30194,20053 20057,20128 20081,20108 20058,30250 20207,30117 20080,20198 20250,20106 20076,20186 20127,20078 20026,30118 20178,20030|20184,20250 20078,20190 20060,20129 20053,20076 30250,20207 20248,20058 20108,20127 20081,30194 20106,20052 20198,20031 30117,20026 20101,20178 30118,20057 20182,20085 20186,20080 20128,20027 20102,20607 20126,20030|20026,20127 20060,20178 30117,20186 20248,30118 20198,20190 20057,20027 20102,20126 20129,20250 20607,20207 20058,20081 20053,20184 20030,20182 20052,20085 30194,20078 20031,20108 30250,20076 20128,20106 20080,20101|20184,20058 20081,20248 20178,20607 20101,20128 20078,20031 20106,20030 20027,30250 20182,20026 20076,20129 20126,20080 20250,20060 20127,30117 20207,20102 20190,20052 20108,20057 30118,30194 20186,20053 20085,20198
20079,20055 20126,20195 20193,20030 20077,20102 20183,20607 20052,20210 20078,20140 20053,20127 20029,30253 20178,20198 20027,20129 20103,20248 20190,20128 30259,20031 30250,20101 30117,20028 30257,20080 20106,20058|20607,20079 20030,30250 20031,20183 30253,20027 20210,20053 20127,20078 20140,20029 20101,20052 20195,20178 20102,20126 20055,30117 20248,20193 20128,30257 20198,30259 20028,20103 20080,20106 20058,20190 20129,20077|20195,20128 20178,20102 20126,20027 20030,20058 30117,20607 20080,20190 20029,20183 20052,20103 20248,20028 20053,20140 20210,20079 20127,20077 30257,20078 20031,20101 20193,20055 20198,20106 20129,30259 30250,30253|20055,20607 20190,20178 20079,20126 20128,20030 30250,20183 20140,20080 20078,20210 30259,30117 20077,20031 20102,20198 20029,20053 20058,20129 30253,20195 20106,20027 20101,20193 20028,20127 20103,30257 20052,20248|20128,20079 30257,20058 20129,20029 20183,30259 20028,20210 20080,30253 20078,20103 20106,20193 20190,20126 20030,20127 20077,30250 20195,20102 20140,20052 20607,20053 20248,20101 20027,30117 20178,20055 20031,20198|30259,20052 20101,20078 20607,30250 20183,20080 20058,20031 20126,20106 20103,20128 20027,20190 20127,20178 20055,20030 20102,20028 20079,20195 20198,20140 30253,20248 30117,20129 20210,20029 20053,30257 20193,20077|20248,20058 20140,30253 30257,20210 20178,20077 20079,20028 20080,20029 20052,20183 30259,20103 20190,20195 20129,20607 20030,20101 20193,30250 20127,30117 20102,20055 20106,20128 20078,20031 20198,20126 20053,20027|20126,20178 20101,20080 30253,20127 20128,20052 20058,30259 20195,30257 30117,20198 20028,20140 20103,20030 20210,20193 20055,20106 20607,20078 30250,20190 20031,20248 20029,20102 20077,20053 20027,20079 20183,20129
20248,20057 20051,20184 20103,30254 20195,20078 20026,20127 20029,30255 20190,20101 20128,30249 20037,20179 20030,20058 20027,20133 20129,20183 20126,20371 20211,20178 20076,20187 30259,20188 20052,20080 20077,20106|30249,20076 20371,20029 20133,20051 20058,20103 20127,20052 20080,20248 20178,20126 20101,20077 20106,30259 20187,20129 20057,20027 20188,20030 20078,20190 20183,20211 30254,20026 20184,20128 20179,20195 30255,20037|20026,20211 20127,20101 20027,20076 20195,20106 20078,20128 30255,20133 20187,20058 20051,20126 20077,20178 20248,20030 30249,30254 20052,20129 20184,20371 20103,20080 20190,20037 30259,20057 20188,20179 20029,20183|20126,20026 20178,30249 30254,30255 20129,20195 20030,30259 20183,20103 20133,20179 20101,20051 20211,20127 20080,20128 20076,20029 20057,20184 20027,20187 20248,20106 20190,20052 20371,20078 20037,20058 20077,20188|20080,30254 20133,20183 20058,20211 20128,20027 20037,20129 20371,20178 20184,20026 20101,30255 20179,20051 20187,30259 20127,20077 20188,20248 20106,20126 20052,20195 20029,20078 30249,20190 20076,20057 20030,20103|20183,20190 20128,20371 20195,20184 30259,20101 20211,20027 20126,20029 20058,20133 20103,20248 20051,20037 20078,30249 20178,20076 30255,20187 20179,20080 20057,20188 20129,20030 20026,20052 20106,20127 30254,20077|20184,30259 20078,20129 20178,20058 20127,20195 20052,20248 20126,20179 20037,20080 20030,20106 20211,30249 20057,20077 20103,20027 20190,30255 30254,20371 20029,20133 20026,20101 20051,20188 20187,20128 20183,20076|20077,20030 20076,20051 30259,20029 20058,20127 20179,20052 20188,20183 20129,20178 20027,20078 30255,20103 30249,20126 20371,20187 20101,20057 20080,20026 20133,20190 20248,30254 20106,20184 20128,20037 20195,20211
30118,20053 20178,20055 30259,20102 20028,20181 20031,20076 20133,20209 20103,20080 20026,20194 20079,20195 20078,20101 20058,20030 20108,20081 20128,20248 20210,30254 20187,30249 20051,20127 20249,20129 20126,20186|20127,20026 20129,20079 30254,20126 20055,20210 20195,20187 20209,20031 20181,20178 20076,20051 20102,20078 30249,20108 20081,20103 20030,20133 20194,20128 20053,20028 20080,20249 20186,30259 20101,30118 20248,20058|20249,20081 20079,20186 20209,20102 20181,20129 20080,20030 20078,30259 20195,20026 20053,20133 20108,20058 20210,20028 20103,30249 20187,20076 20126,20051 20127,20055 20031,30118 20101,20248 20194,20178 20128,30254|30259,20209 20081,20194 20026,20053 20030,20129 20128,20078 20031,20102 20210,20248 30118,20195 20178,20101 20249,20058 30254,20079 20028,30249 20133,20103 20076,20127 20051,20181 20055,20126 20186,20080 20108,20187|30118,20030 20058,20128 20080,20133 20076,20210 20178,20079 30254,20055 20101,20031 20078,20028 20102,20195 20248,20051 20186,20026 20194,20103 20209,20249 20127,30259 20129,20187 20081,20053 20126,20108 30249,20181|20187,20186 20053,20078 20129,20178 20055,20108 20102,20128 20195,20080 20026,20081 20181,20127 20133,30118 20103,20209 20030,20210 20058,20194 30259,20031 20248,20076 30249,20249 20079,20126 20028,20101 20051,30254|20181,20195 20079,20031 20127,20080 20133,20081 20209,20248 20128,20028 20051,20102 20055,20186 20108,20129 20078,20058 20053,20187 20030,20076 20210,20101 20178,30249 30259,30118 20126,20249 30254,20194 20026,20103|20129,20026 20080,20108 20031,20178 20101,20126 30249,20078 20103,20030 20186,20053 20081,20128 20058,20181 20102,20055 20195,20133 20249,30259 30118,20127 20194,20210 20187,20051 20028,20079 20076,20209 20248,30254
20183,20184 20189,20053 30117,20193 30258,20248 20080,30194 20106,20026 20027,20103 20081,20181 20128,20051 20052,30259 20127,20102 20037,20078 20195,20129 20030,30257 20126,20079 20085,20178 20101,20058 20211,20108|20058,20081 20184,20101 20051,20211 20193,20052 20181,20189 20178,20080 20248,20106 20079,20128 20103,20126 20078,20027 30194,30258 20053,20127 30259,20183 20102,20037 30257,20195 20108,20030 20129,20085 20026,30117|20181,20126 20106,20195 20058,20183 30258,20103 20128,20081 20085,20051 20211,30194 20108,20193 20080,20248 20052,20079 20189,20026 20101,20127 20030,20129 20027,20102 20078,30259 30257,20184 30117,20037 20178,20053|20081,30257 30259,30117 20248,20129 20079,20053 20102,30258 20026,20128 20183,20027 20195,20181 20103,20080 20051,20108 20126,30194 20193,20106 20037,20189 20030,20184 20127,20058 20085,20052 20211,20078 20101,20178|30194,20128 20103,30259 30258,20030 20037,30257 20051,20081 20108,20181 20053,20248 20127,20178 20184,20085 20129,20183 20189,20080 20058,30117 20026,20126 20102,20078 20106,20052 20195,20211 20079,20101 20193,20027|20078,20106 20126,20051 20183,20127 30257,20079 20128,20103 20027,20195 20184,30258 20248,20193 20178,20026 20053,20030 30117,20189 20081,20037 30259,20085 30194,20058 20080,20108 20181,20211 20052,20102 20129,20101|20058,20078 20051,20026 20037,20106 20079,30258 20080,20129 20195,20127 20178,30257 20126,20248 20108,20183 20052,20184 20189,30194 20101,20030 20211,20081 30117,20102 20027,20053 20181,20128 20103,20085 20193,30259|20081,20027 20183,30117 30258,20178 20078,20181 30257,20051 20102,20189 30259,20126 20129,20193 20128,20211 20053,20195 20248,20058 30194,20101 20026,20052 20106,20079 20030,20080 20127,20037 20184,20103 20085,20108
30255,30249 20179,20057 20027,20248 20108,30258 20194,20198 20026,20102 30257,20076 20031,20078 20183,20128 20140,20190 30252,20103 20077,20051 30253,20133 20058,20080 20127,20030 20129,20052 20101,30117 20085,20607|20076,20058 20133,20027 20052,20031 20190,30257 20102,20140 30117,20026 20080,20127 30249,30252 20078,20108 20057,20183 20030,20077 20607,20129 20103,30255 20198,20101 20128,20179 20248,20085 20051,30253 30258,20194|20108,20607 30257,20129 20076,20248 20128,20031 20080,20133 30253,20102 30117,20198 20052,20140 30258,20078 20026,20190 20057,20194 20027,20127 20101,30249 20179,30255 20085,20051 20103,20030 20077,20183 20058,30252|20190,20101 20030,20085 30255,20026 20051,20607 20102,20031 20078,20057 20127,20077 20248,20108 20183,20103 20198,20052 20140,20058 20194,30117 20179,20027 30257,30253 20133,20076 30252,20080 20129,30258 30249,20128|20183,30253 30255,20190 20052,20078 20194,20108 20101,20058 20026,20179 20129,20076 20085,30258 20077,20140 20607,30252 20051,20128 30117,20127 30249,20030 20080,20027 20102,20198 20248,20103 20031,30257 20057,20133|30258,20248 20078,20194 20127,20057 30252,20179 20133,30249 20607,20052 20190,30117 20030,30257 20108,20129 20058,20102 20076,20101 20031,20085 20027,20051 20198,20183 30253,20077 20128,20026 20103,20080 20140,30255|30117,20057 30255,20031 20140,20030 20027,30252 20051,20103 20179,20127 20085,20128 20190,20080 20108,20076 20133,20248 30258,20058 20101,20129 30249,20607 20026,20183 20077,20194 20198,30257 20052,30253 20102,20078|20194,20051 20030,20101 30253,30258 30257,20140 20031,20108 20128,30117 20129,20026 20127,20198 20103,20133 30252,20085 20248,20179 20080,30249 20078,20027 20607,20077 20057,20102 20183,20052 20076,30255 20058,20190
20186,20126 20188,20207 20080,20057 20029,20060 20109,20249 30256,20129 20211,20108 20081,20106 20078,20182 30251,20196 20076,20189 20127,20102 20128,20195 20053,20101 20607,20051 20027,20178 20039,20248 20026,20058|20058,20186 20060,20078 20196,20053 20057,20029 20248,30251 20178,20211 20207,20026 20102,20039 20249,20076 20051,30256 20108,20188 20182,20081 20101,20128 20195,20127 20189,20607 20106,20027 20129,20080 20126,20109|20188,20186 20078,20106 20029,20196 30251,20080 20102,20026 20128,20607 20109,20182 20060,20039 20057,20248 20108,20129 20053,20076 20178,20081 20211,20195 20126,20051 30256,20189 20101,20207 20249,20027 20127,20058|20129,20249 20186,20057 20027,20076 20053,20182 20058,20195 20039,20051 20128,20078 20196,20178 20211,20101 20189,20127 20607,20188 30251,20102 20080,20207 20029,20108 20026,20126 20248,20109 20106,30256 20081,20060|20129,20248 20207,20058 20027,20057 20188,20106 20051,20189 20109,20080 20186,20128 20108,20053 20195,20078 20039,20196 20182,30256 20126,20211 20081,30251 20076,20101 20060,20249 20102,20607 20178,20029 20026,20127|20051,20081 30256,20188 20607,20053 20195,20060 20127,20211 20189,20026 20101,20186 20076,20178 20196,20109 20106,20128 20249,30251 20248,20027 20078,20029 20058,20129 20182,20102 20207,20039 20057,20108 20080,20126|20081,20026 20249,20057 20129,20027 20053,20207 20196,20126 20188,20051 20178,20248 20102,20195 30256,20128 30251,20182 20101,20078 20060,20189 20039,20108 20058,20080 20211,20607 20109,20029 20106,20186 20127,20076|20029,20129 20076,20109 20051,20102 20195,30256 20182,20060 20080,20039 20078,20188 20189,20178 20607,20106 20026,30251 20248,20058 20186,20211 20207,20249 20057,20196 20108,20127 20126,20053 20128,20081 20027,20101
20182,20128 20080,20101 20210,20030 30195,30258 20058,20140 20028,20211 20027,20209 20106,20037 30250,20051 20129,20250 20178,20078 20102,20076 20055,20127 20077,20195 20187,20031 20053,20108 20026,20207 20189,30118|20250,20058 20101,30250 20209,20187 20108,20077 30118,20129 20128,20178 20051,20210 20030,20106 30258,20055 20140,20080 20195,20026 20211,20189 20031,20182 20207,20053 20078,20027 20037,30195 20127,20102 20076,20028|20058,30250 20027,20129 30195,20102 20209,20127 20108,20140 20028,30118 20195,20128 20178,20210 20037,20187 20101,20026 20189,20055 20182,20051 20211,20076 20106,20207 20031,20250 20080,20053 30258,20078 20077,20030|20055,20195 30250,30258 20026,20189 20129,20058 20076,20209 20207,20108 20102,20030 20210,20211 20127,20037 20080,20106 20178,20031 20078,30118 20051,20077 20187,30195 20028,20128 20250,20101 20027,20182 20140,20053|20058,20106 20102,20211 20078,30195 20030,20051 20108,30258 20101,20031 20189,20129 20026,20080 20053,20027 20127,20187 20128,20076 20140,20209 20210,20195 30250,20037 20182,20207 20250,20077 20055,20028 30118,20178|30258,20250 20195,20140 20207,30250 20106,20127 30118,20210 20211,20101 20053,20178 20187,20102 20209,20189 20128,20026 20129,20028 20051,20078 30195,20182 20076,20027 20030,20055 20031,20080 20037,20108 20077,20058|20187,20207 20195,30118 20178,20211 30195,20077 20027,20108 20210,20106 20127,20053 20129,20101 20189,20037 20250,20209 30250,20182 20031,20102 30258,20080 20076,20055 20140,20030 20028,20051 20078,20128 20058,20026|20102,30258 20207,20027 20182,20058 20055,30195 20101,20140 20037,20078 30118,20076 20077,20031 20026,20127 20211,20250 20128,30250 20106,20189 20209,20028 20080,20210 20030,20195 20051,20178 20108,20129 20053,20187
30256,20027 20179,30117 20029,20051 20030,20052 20184,20129 20076,20126 20060,20128 20198,30255 20108,20183 20079,20194 20080,20039 30257,20103 20106,20127 20193,20078 20248,20211 20058,20140 20101,30249 20077,20249|20127,20077 20039,20184 20140,20179 20103,20029 20052,20198 20194,20076 30255,20058 20211,20060 30249,30257 20027,20193 20183,20080 20078,20248 20249,20030 20126,20108 20051,20079 20128,20106 30117,20101 20129,30256|30255,30117 20051,20194 20248,20183 20060,20193 20058,20027 20198,20129 20126,20249 30249,20080 20077,20128 30256,20184 20078,20106 20079,20052 20108,20140 20076,20179 20039,20101 20211,20030 20103,20127 20029,30257|20194,20029 30257,20106 20030,20076 20128,20058 20127,20211 20140,20051 20060,20078 20080,20103 20193,20183 20052,30255 20179,20039 20249,20198 20184,20108 20248,30249 20101,20126 30117,20079 20129,20027 30256,20077|20058,20249 20140,20248 20077,30255 20080,20052 20030,20129 20128,20078 20039,20076 20106,20193 20079,20101 20027,20184 30117,30249 20183,20198 20108,20029 30257,20179 20127,30256 20194,20211 20126,20060 20051,20103|20179,20126 20027,20128 20211,30256 20129,20080 20052,20039 20076,20248 20101,20140 20198,20194 20029,20077 20249,20108 20078,20030 20184,30257 20103,30117 30249,20051 20106,20060 20193,20058 30255,20127 20183,20079|20103,30255 30117,20128 20079,20106 30257,20248 20194,30256 20029,20058 20101,20183 30249,20052 20126,20078 20076,20108 20193,20249 20060,20184 20051,20039 20198,20127 20077,20027 20129,20211 20140,20080 20030,20179|20058,20077 20039,30257 20184,20079 20211,20076 20027,20101 20183,20129 20078,20198 20249,20140 20080,30117 20052,20126 30256,20193 30255,20029 20127,20030 20108,30249 20248,20103 20128,20194 20179,20060 20106,20051
20129,20051 30117,20058 20190,30259 20076,20028 30194,20108 30118,20128 20195,20078 20126,20250 20083,20127 20209,20101 20055,20030 20077,30256 20180,20131 20106,20026 20027,20102 20607,20053 20052,20182 20189,20193|20058,30118 30256,30117 30259,20209 20182,20055 20078,20180 20108,20076 20026,20129 20250,20077 20127,20106 20193,20027 20128,20607 20051,30194 20053,20190 20102,20195 20030,20126 20028,20083 20131,20052 20101,20189|20058,20078 30118,30259 20055,20077 20127,20030 20607,20083 20128,20027 20189,20126 30117,20250 30256,20026 20190,20101 20131,20195 20028,30194 20129,20076 20108,20052 20182,20102 20209,20193 20106,20053 20180,20051|20051,20127 20026,20083 20027,20108 20077,20131 20101,20030 20055,20189 20053,30117 20126,20028 20193,20195 20250,30256 20052,20128 20180,20058 30259,20106 20102,20190 30194,30118 20129,20182 20209,20076 20607,20078|20058,20189 30259,20182 20083,20102 20026,30118 20053,20028 20101,30117 20195,20180 20190,20127 20131,20106 20030,20193 20078,20209 20250,20607 20108,20126 20027,20055 20077,20128 30194,20129 20076,20051 20052,30256|20182,20108 20083,30259 20126,20053 20030,20077 20078,20101 20076,20180 30256,20055 20128,20209 20028,20129 20127,20250 20195,30194 20102,20026 20106,20058 30118,20190 30117,20131 20193,20052 20051,20027 20189,20607|20126,20078 20193,20083 30118,20102 20190,20180 20028,20182 30259,20030 20127,20055 20131,20027 20058,20077 20106,20195 20129,30256 20052,20026 20189,20076 20607,20209 20108,30117 30194,20053 20101,20128 20250,20051|20083,20190 20027,30259 20195,20028 20076,20193 20030,20052 20026,20131 20077,20101 30256,20127 20182,30194 20128,20108 20051,20607 20053,20129 20180,30118 20078,20106 20209,20189 20055,20250 20102,20058 30117,20126
20027,20079 20178,20127 30253,20250 20129,20198 20029,20077 20102,20058 20101,30257 20030,20078 20128,20055 20208,20080 20207,20103 20140,20193 20182,20053 20057,20109 20209,20028 20195,20181 20211,20051 20189,20133|20028,20178 20079,20182 20077,20102 30257,20195 20127,20211 20109,20209 20058,20189 20103,20030 20133,20027 20055,20029 20198,30253 20080,20129 20193,20057 20181,20208 20078,20207 20051,20101 20250,20140 20053,20128|20109,20058 20182,20128 20103,20195 20029,20250 20127,20079 20030,20209 20193,20208 20055,20181 20078,20102 20129,20057 20198,20211 20077,20207 20053,20140 30253,20027 20101,20133 20189,20080 20028,20051 20178,30257|20207,30257 30253,20077 20128,20101 20208,20178 20029,20053 20140,20102 20079,20057 20030,20109 20250,20127 20195,20129 20133,20182 20051,20193 20058,20078 20209,20055 20027,20103 20080,20198 20181,20189 20211,20028|20102,20181 20250,20030 20189,20207 30257,20029 20078,20128 20077,20109 20140,20079 20028,20127 20198,20101 20182,20027 20178,20129 20058,20080 20208,20051 20195,20193 20053,30253 20133,20211 20057,20209 20103,20055|20109,20140 20128,20077 20079,20030 20129,20028 20127,20103 30257,20053 20181,20058 20051,20189 20057,20178 20102,30253 20193,20078 20027,20208 20055,20195 20207,20182 20209,20198 20101,20029 20080,20133 20211,20250|20250,20207 20133,20198 20103,20182 20027,20211 20101,20080 20055,20077 20209,20102 20178,20053 20127,20208 20181,20078 20128,30257 20079,20195 20189,20030 20109,20029 20129,20051 20028,20193 20058,30253 20140,20057|20029,20129 20211,20055 20053,20103 20057,20101 20207,20133 30257,20079 20078,20140 20030,20178 30253,20189 20080,20028 20208,20209 20193,20128 20182,20250 20051,20127 20195,20109 20198,20058 20077,20181 20102,20027
20126,20102 20051,20103 30195,20076 20060,20026 20029,20053 20027,20078 30252,20607 20109,30255 20058,20101 20183,20057 20030,30251 20128,20080 20184,30258 30250,20083 20190,20127 20077,20129 30118,30254 20178,20248|20102,30195 20026,20126 20057,20184 30254,20027 20127,30118 20248,20058 20083,20051 20103,20030 20053,30252 20607,20060 20078,20183 30255,30250 20129,20109 20076,20128 30258,20029 20101,20077 30251,20190 20080,20178|20178,30251 20184,20126 20030,20053 20102,20027 20128,20051 20057,20080 20109,20078 20248,20029 30250,20077 20127,20026 30252,20129 20076,20058 20183,20103 20607,30254 20060,20083 20190,30258 30195,30255 30118,20101|20058,30250 20129,20030 20027,20109 30252,20102 30251,20184 20026,20057 30255,20127 20128,20248 20101,20060 20083,20178 20078,20607 20103,30258 30195,20053 30118,20076 20051,20190 20029,20077 30254,20183 20126,20080|20080,20029 20053,20248 30258,20078 20058,30195 20026,30250 20077,20190 20101,20184 30254,20057 20027,30252 20102,30118 20129,20607 20083,20109 20183,20076 20103,20127 20126,30255 20051,20178 20060,30251 20030,20128|20029,20101 30258,20058 30250,30252 20078,30254 30251,20026 30255,20051 20109,20060 20248,30118 20127,20083 20607,20183 20184,30195 20057,20103 20053,20129 20077,20102 20178,20128 20076,20126 20190,20030 20080,20027|20184,20080 30250,20103 30251,20109 30255,20053 20129,30258 20083,20190 30254,20178 20102,20029 20128,30252 30195,20126 20027,20248 20058,20077 20078,20101 20057,20607 20127,20183 20026,20076 30118,20060 20030,20051|20101,20026 20183,20184 20248,20102 20077,30254 30252,30255 20051,20129 30258,30118 20126,20058 20060,20128 20076,30251 20178,20030 20053,20078 20029,30250 20190,20057 20080,30195 20103,20083 20607,20027 20109,20127
20131,20083 20210,20080 20182,20189 20204,20060 20077,20178 20195,20053 20109,20078 20079,20051 20607,20140 20126,30117 20058,30258 20027,20371 20102,20029 20108,30194 20129,20248 20030,20207 20026,20198 20039,20194|20198,20039 20248,20204 20029,20079 20194,20108 30194,20058 20207,20182 20140,20077 20053,20126 20371,20210 30258,20607 20083,20102 20051,20030 20178,20195 20189,20129 20060,20026 30117,20131 20080,20109 20078,20027|20194,20030 20210,20204 20108,20077 20207,20126 20109,20058 20027,20140 20248,20182 20178,20080 20079,20039 20102,20607 20026,20189 20029,20060 20129,30258 30117,20051 20083,20053 20198,20078 20131,30194 20195,20371|20078,20058 20371,20079 20026,20077 20182,20029 20607,20109 20060,20131 30194,20207 20080,20198 20051,20210 20030,20129 20102,20194 30258,20027 20140,20248 20126,20178 20204,20195 20039,20083 20189,30117 20053,20108|20058,20026 20140,20078 20607,20198 20083,20108 20248,20039 20077,20371 20129,20051 20027,20204 30194,20102 20030,20053 20080,20189 20079,20195 20182,20210 20029,20126 20131,20178 20207,30258 30117,20109 20060,20194|20058,20080 20109,20207 20178,20102 20189,20060 20204,20079 20194,20140 20039,20129 20053,20607 20210,20029 20078,20182 20371,20248 20198,30117 20051,20131 30258,30194 20195,20026 20126,20083 20108,20030 20077,20027|20210,20248 20078,20195 20189,20371 20051,20039 20126,20026 20029,30194 20140,30258 20108,20060 20178,20053 20083,30117 20102,20080 20182,20058 20204,20129 20079,20131 20030,20109 20607,20027 20207,20077 20194,20198|30258,20083 20060,20079 20026,20078 20077,20204 20109,20140 20131,20030 20027,20102 20039,20182 20195,20194 30194,20178 20129,20108 20248,20051 20198,20189 20371,20126 20053,20207 20058,20607 20080,20029 30117,20210
20207,20103 30252,20190 20026,20127 30256,20129 20058,20083 20195,20189 20108,20076 20060,20078 30251,20037 20181,20133 20055,30250 20178,20051 20209,30259 20027,20101 20030,30117 20128,20052 20187,20080 20371,20079|30250,20371 20051,30256 30117,30252 20076,20026 20052,20178 20103,20030 20078,20128 20133,20108 30259,30251 20101,20209 20190,20058 20079,20027 20037,20187 20127,20195 20129,20181 20189,20207 20083,20060 20080,20055|20079,30117 30259,20030 20371,30256 20187,30252 20037,20190 20209,20052 20055,20127 20101,20129 20189,20080 20058,20133 20078,20178 20207,20060 20076,20128 20026,20108 20051,20027 20195,20083 30251,30250 20181,20103|20052,20076 20058,20195 20128,20051 20129,20026 20178,20083 30117,20101 20030,20079 20190,30259 20127,20078 30252,20209 20371,20189 20080,20207 20060,20037 20027,20133 30256,20108 20103,30250 20187,20181 30251,20055|20189,20027 20207,20079 20178,20190 20083,20037 20133,20030 20051,20371 20101,20080 20055,20181 30252,20127 20103,20058 20060,30117 20195,20187 20052,30256 20129,30251 20209,20128 30259,20076 30250,20026 20108,20078|20076,30251 20128,30259 20190,20055 20030,20051 20108,20178 20037,20101 30256,20195 20027,30252 30117,20052 20026,20187 20080,20129 20127,20060 30250,20207 20083,20209 20181,20371 20133,20189 20079,20058 20078,20103|20128,20108 20060,20187 20027,20083 30256,20133 20127,20076 30252,20058 20181,30251 20178,20195 20103,20052 20030,20207 30259,30117 20051,20189 20026,20055 20129,20037 20101,20190 20209,20078 20079,30250 20080,20371|30250,20178 20187,20101 20133,20209 20058,20030 20371,20127 20207,30256 30117,20128 20108,30252 30251,20027 20189,20060 20055,20079 20052,20129 20195,20051 20078,30259 20037,20080 20083,20103 20190,20026 20076,20181
20209,20207 20126,20211 20607,30195 20248,20076 20190,20181 30250,20196 20051,20195 20080,20129 20178,20060 20077,20031 20057,20106 20052,20102 20078,20101 20210,20030 20058,20133 20026,20103 20081,20128 30259,20027|20027,20052 20030,20248 20211,20178 20196,20081 20207,20190 20195,20209 20181,20058 20101,20607 20076,30250 20103,20051 20106,20077 20133,20026 20031,30259 20129,20078 20102,20210 30195,20080 20060,20126 20128,20057|20027,20078 20031,20607 20101,30259 20030,20196 20080,20181 20211,20102 20057,20210 20207,20128 20106,20060 20052,20133 20051,30195 20076,20126 20129,20209 20248,30250 20190,20195 20077,20103 20081,20178 20058,20026|30195,20052 20078,20106 30250,20058 20607,20051 20126,20031 20196,20181 20026,20190 20178,20210 20080,20207 20057,20030 20102,20133 20195,20129 20103,20209 20081,20101 30259,20076 20060,20248 20128,20027 20077,20211|20209,20248 30195,20207 20181,20078 20607,20128 20058,20195 20102,20080 20210,30250 20031,20076 20178,20051 20027,20077 20196,20103 20101,20026 20060,20211 30259,20057 20129,20106 20133,20190 20052,20081 20030,20126|20128,20080 20126,20102 20195,30195 20106,20030 20211,20031 20190,20129 20248,20057 20026,20178 20181,30259 30250,20607 20078,20060 20207,20101 20209,20077 20076,20058 20103,20081 20210,20052 20133,20196 20051,20027|20080,20051 20081,20248 20077,20190 20027,30250 20076,30195 20103,20057 20106,20196 20207,30259 20026,20129 20195,20078 20052,20209 20102,20030 20607,20178 20211,20133 20060,20031 20128,20210 20126,20181 20101,20058|30259,20211 20058,20081 20129,20052 20030,20076 20190,20101 20196,20195 30250,20026 20209,20126 20078,20207 20210,20106 20181,20060 20248,20027 20051,20128 20178,20080 20057,20607 30195,20103 20031,20102 20133,20077
20188,30251 20081,20190 20052,20103 20129,20037 20127,20027 30117,20051 20195,20249 20106,20183 30249,20248 20077,20178 20140,30254 20078,20128 20026,20210 20030,20126 20187,20109 20204,20053 20058,20101 20080,20108|20108,20077 20210,20195 20248,20080 20126,20052 20190,20030 20128,30117 20051,20140 20101,20187 20037,30249 20178,20204 20103,20129 30254,20026 20109,20078 20183,20127 20027,20081 20053,20188 20249,20058 30251,20106|20101,20026 20126,20109 20106,30254 20058,20128 20052,20108 30117,20249 20248,20081 20210,20103 20127,20195 20140,20037 20077,20188 30249,20183 20051,20080 20204,20078 30251,20027 20187,20030 20178,20053 20129,20190|20108,20053 20249,20101 20078,30254 20103,20077 20128,20109 20187,20204 20027,20106 30117,20140 20190,20210 20081,30249 20030,20178 20195,20080 20183,20248 20129,30251 20188,20126 20127,20052 20026,20058 20037,20051|30251,20140 20026,20103 20030,20108 20081,20183 20190,20052 20178,20078 20204,20037 20249,20077 20027,20051 20101,20127 20195,20129 20106,20126 20053,20248 20210,30117 30254,30249 20188,20128 20080,20187 20109,20058|20140,20026 30249,20187 20109,30251 20248,20129 20053,20106 20052,20178 30254,20127 20037,20081 20128,20204 20108,20249 20077,20030 20126,20027 20080,20190 20183,20210 20078,20101 20058,20195 20051,20188 20103,30117|20140,20058 20027,20195 20101,20248 30251,20210 20081,20126 20037,20106 20026,20183 20188,20178 20128,20103 20204,30254 20108,20129 30249,20051 20078,20053 20190,20109 20127,20080 20187,20052 30117,20077 20030,20249|20051,20078 20077,20128 20109,20037 20106,20140 20183,20101 20052,30251 20195,20190 20053,20027 20058,30117 20210,20108 20126,20204 20129,20030 20249,20188 20103,30249 20178,20127 20080,20026 30254,20081 20248,20187
30117,20053 20109,30258 20060,20085 20179,20079 20127,30257 20183,20076 20058,20078 20102,20126 20030,30253 20248,20195 20028,20101 20194,20187 20051,20198 20103,20607 20129,20249 20027,20080 20128,20052 20189,20026|20080,20051 30257,20103 20079,20194 30258,20028 20026,20129 20101,20128 20607,20102 20249,20127 20195,20058 20078,30117 20053,20189 20126,20179 20187,20030 20198,20183 20052,20109 20085,20248 30253,20027 20076,20060|20187,20195 20189,20052 20198,20101 30257,20128 20027,20194 20026,20103 30117,20076 20079,20028 20102,20053 20126,20030 30253,20179 20248,20127 20078,20109 20085,20051 20080,20129 20249,30258 20058,20183 20607,20060|20183,20195 20102,30257 20129,20058 20128,20027 20194,20026 20189,20080 20179,20198 20076,20187 20109,30117 20030,20079 20053,30253 20060,20249 20101,20085 20051,20248 30258,20126 20052,20607 20103,20078 20028,20127|20026,20058 20030,20102 20195,30257 20187,30117 20198,20060 20079,20126 20052,20179 20080,30253 20085,20028 20051,20101 20053,20128 20248,20027 20249,20078 20076,20103 20129,20183 20607,20194 20127,20109 30258,20189|20179,20102 20127,20607 20183,20085 20060,20129 30257,20053 20058,20187 20028,20189 20128,20079 20103,30258 30117,20198 20194,20248 20109,20030 20078,20026 20126,20076 20101,20249 20195,20080 20027,20051 30253,20052|20128,20198 20028,20179 20053,20101 30253,20076 20051,20183 20103,20127 20026,20187 20129,20102 20027,20060 30258,20194 30117,20126 20078,20195 20189,30257 20248,20058 20249,20085 20030,20052 20109,20080 20607,20079|30257,30253 20085,30258 20179,20607 20058,30117 20076,20128 20126,20189 20079,20248 20187,20129 20195,20051 20198,20249 20194,20109 20183,20026 20052,20103 20127,20078 20060,20030 20102,20028 20101,20027 20080,20053
30195,30259 20102,20031 20030,20060 20109,30117 20183,20079 20126,20053 20027,30257 20204,20195 20131,20248 20058,20078 20085,20371 20179,20080 20207,20101 20051,30258 20140,20190 30251,20128 30252,20077 20026,20129|20101,20085 30257,20102 20190,20027 30117,20051 20129,20030 20080,30251 20078,20109 20195,20126 20079,20179 30259,30252 20060,30195 20371,20204 20031,20058 20077,20131 30258,20183 20248,20026 20128,20207 20053,20140|30117,20179 20027,30195 20026,20077 20204,20058 30258,20248 20126,30259 20030,20183 20207,20031 20079,20102 20195,20053 20140,20078 20131,30251 20371,20128 20109,30252 30257,20060 20101,20080 20051,20190 20085,20129|20183,20190 20078,20026 20053,20102 20077,20051 20179,20207 30259,20371 20031,30257 20128,20101 20140,20079 20058,20109 30252,30258 20129,30117 20080,20027 20248,20085 30251,20204 20060,20126 20030,20195 30195,20131|20204,20026 20131,20101 20077,30259 20078,20248 20080,20060 20109,20129 20031,20140 20085,30117 20058,30258 30252,20027 20051,20079 20126,20371 20183,20195 30195,20128 20179,20030 20102,20207 30257,30251 20190,20053|20195,30257 20026,30252 20079,30195 20248,20109 20128,20085 20207,20140 30251,20051 20027,20126 30258,20179 20129,20058 20101,20204 30259,20078 20190,20031 20102,20131 20060,20077 30117,20183 20371,20030 20053,20080|30252,30117 20058,20248 20080,20371 30258,20129 20053,30257 20085,20207 20179,20131 20126,20078 20051,20102 20060,20204 20030,20101 30251,30195 20109,20077 20183,20026 20140,20195 20079,20031 30259,20190 20027,20128|20195,20079 20101,20051 20102,20027 20031,20126 30117,20060 20131,20058 20077,20183 20248,30252 20190,30258 20204,20085 20207,30259 20371,20053 20078,30251 20129,20179 30257,20109 20128,20080 30195,20030 20026,20140
20079,20190 20126,30259 20211,30253 20037,20103 30249,20052 20129,20028 20249,30252 20195,20051 30255,20102 20101,20031 20183,30251 20030,20178 20080,20058 20186,20026 20053,20081 20106,30195 20127,20083 20128,20076|20026,20128 20031,30255 20081,20126 20058,20195 30253,30249 30195,20053 30252,20037 20178,20129 20051,20080 20028,20249 20103,20079 20102,20127 30251,20106 20076,20183 20190,20186 30259,20211 20052,20101 20083,20030|20031,20079 20081,20211 20106,20026 30249,20128 20083,30252 30259,20101 20102,20058 20076,20051 20127,20103 20126,20053 30195,20037 20249,20030 20052,30251 20129,20195 20186,20080 20178,30253 20190,30255 20028,20183|20058,20076 20030,30255 30253,20031 20037,20178 20079,20106 30251,20028 20101,20126 20080,30259 20129,20102 20127,20190 20026,20052 30252,20081 20183,20083 20053,30249 20051,20186 20211,20103 20128,20249 20195,30195|20079,20127 20051,30251 20211,20083 20249,20058 20102,20037 20076,30249 20186,20028 30255,20183 30195,30252 20031,20052 20103,20026 20080,20129 30253,20053 20178,20190 20128,20101 20126,20030 20081,20106 20195,30259|20101,20211 20183,20102 20030,20076 20106,30253 20053,20031 20083,20186 30259,20079 20037,20080 30255,20249 30252,20126 20058,20178 20028,20127 30249,20129 30251,20195 20052,30195 20026,20051 20190,20128 20103,20081|20211,20186 20026,30253 20083,20037 20178,20079 20195,20080 30195,20030 20106,20128 20031,20126 20081,20052 30259,20190 20051,20101 30252,30255 20076,20028 20058,20103 20129,20183 20053,20102 20127,20249 30249,30251|20186,30259 20028,20058 20079,20195 20190,20051 20030,20129 30251,20026 20103,30249 20052,20083 20101,30195 20128,20081 20080,20031 20126,20106 20037,20211 30255,20178 20183,20053 30253,20127 20249,20076 20102,30252
20128,30258 30255,20189 20210,20101 20126,20029 20077,30254 20195,30194 20027,20103 20129,20208 20108,20030 20102,20211 20028,20204 20053,20133 20127,20181 20052,20178 20058,20078 20076,20183 20026,20080 20051,20248|20178,20126 20101,20052 20080,20128 20211,20127 30194,20102 20189,20053 20030,20058 30254,20026 20133,20027 20103,20195 20183,20129 20208,20077 30258,20076 20248,20028 20078,20108 20204,20051 20029,20210 20181,30255|30258,20103 30254,20181 20028,20053 20076,20026 20030,20078 20101,30255 20126,20102 20128,20178 20108,20133 20027,30194 20195,20183 20211,20058 20051,20210 20052,20080 20129,20189 20029,20127 20077,20248 20204,20208|20189,20128 20181,20103 20127,30194 20208,30258 20053,20210 20248,20204 20078,20027 20129,20101 20183,20211 20102,20030 20133,20076 20052,20195 20026,20051 20080,20058 20178,20108 20077,20029 20028,20126 30255,30254|20029,20102 20195,20078 20026,20133 20103,20189 20210,20204 20127,20077 20208,20030 20178,20183 30254,20080 20076,20129 20211,20027 30194,20108 20058,20248 30255,20126 20128,20028 30258,20053 20051,20101 20181,20052|20102,20077 20101,20026 20204,20052 20103,20129 20210,20028 20183,20051 20058,20029 20080,30255 20053,20127 20189,30254 20248,20181 20108,20195 30194,20211 20078,20178 20027,20128 20126,20208 20030,20076 20133,30258|20204,20128 20133,20058 20051,20127 20126,20181 30255,20029 20178,30194 20211,20210 20101,20028 30254,20195 20189,20102 20077,20103 20053,20030 20108,20076 20027,20183 20052,20026 20129,20080 20208,20248 20078,30258|20195,20129 20080,20027 20026,20204 20028,20108 20248,20101 30258,30255 20058,20208 20127,20078 20210,20178 30194,20133 20030,30254 20102,20053 20181,20077 20103,20126 20076,20211 20183,20189 20029,20052 20128,20051
20187,20026 20031,20102 20076,20127 20128,20028 20179,20210 20106,20080 20182,20057 20126,20077 30249,20188 20053,20198 20211,30255 20058,30250 20190,20078 20030,20101 20051,20079 20129,20027 30258,20103 20248,20607|20028,20051 20077,20190 20102,20211 20198,20031 20026,20106 20127,30249 20101,20182 20103,20030 20079,30258 30255,20076 20188,20053 20607,20179 30250,20187 20080,20129 20057,20128 20027,20058 20210,20126 20078,20248|20102,20187 20188,20078 20182,30249 20031,30250 20126,30255 20077,20103 20128,20053 20101,20051 20210,30258 20607,20190 20076,20057 20106,20079 20058,20129 20179,20027 20248,20028 20080,20026 20127,20211 20198,20030|20079,20026 20028,20058 20031,20182 20057,20210 20187,20077 20211,20076 20051,20080 30255,20190 20078,20198 20179,20129 20053,20101 20027,30249 20030,20607 20248,20188 20103,20127 30258,20128 20106,20126 30250,20102|20028,20106 20211,20027 20079,20031 20128,20210 20080,20248 30250,20127 20026,20126 20190,20058 30249,20051 20103,20188 20053,20077 30255,20101 20102,20078 20187,20057 20076,20179 20182,20030 30258,20198 20129,20607|20057,20248 20129,20076 20210,20211 20190,20187 20026,20053 20101,30250 20188,30255 20607,20080 20027,20102 20058,20079 20030,20179 30249,20106 20051,30258 20198,20182 20077,20128 20126,20103 20127,20031 20078,20028|20127,20078 20179,20248 30255,30249 20057,20102 20128,20101 20053,20182 20188,20080 20198,30250 20079,20211 20027,20076 20106,20187 20031,20077 20030,20129 20210,20028 20103,20190 30258,20058 20051,20026 20607,20126|20102,20128 20058,20103 20248,20051 20126,20057 20182,20106 20101,20031 20129,30255 20077,20198 20028,20188 20078,20027 20190,20127 30250,20607 20187,20179 20076,20030 20211,20053 20026,20210 30249,20079 20080,30258
30258,20060 20053,20183 20029,20126 20607,20058 30254,30257 20055,20194 20248,20102 20078,20106 30252,20103 20077,30250 20140,20101 20250,20128 20081,20179 30117,20052 20027,20127 20198,20080 20195,20030 20026,20079|20128,20055 20183,20081 20079,20250 30250,30117 20194,20607 20127,30258 20106,20198 20030,30254 20060,20078 20102,20027 20179,20140 20058,30252 20080,20053 20101,20195 20126,20026 20052,20248 20103,20029 30257,20077|20127,20078 20183,30254 30258,20079 30257,20053 30117,20029 20026,20102 20052,30250 20106,20030 20126,20607 20198,20055 20128,20027 20103,20140 20077,20058 20101,20250 20060,20179 30252,20194 20081,20195 20248,20080|20077,20607 20029,20179 20195,20060 20026,30117 20079,20183 20078,20052 20058,20102 20194,20081 20030,20103 20080,20128 20053,20198 30252,20127 20055,20106 20140,30257 30254,20248 20027,20101 30258,20126 30250,20250|20127,20248 20607,20027 20195,30252 20183,20052 30254,20058 20126,20080 20081,20106 20079,30117 30257,20029 30250,20101 20179,20198 20102,20060 20053,20026 20078,30258 20128,20194 20055,20103 20140,20077 20250,20030|20060,20079 20194,30254 20198,30250 20029,20128 30117,20081 20250,20195 20030,20053 20102,20183 20248,30258 20103,20077 20179,20026 20106,20127 20052,20126 20058,20140 20607,20055 20027,30252 20101,20078 20080,30257|20106,20060 30257,30252 20194,20027 20029,20055 30258,20179 20140,20607 30250,20183 20077,20026 20103,20198 20078,20030 20058,20080 20195,20127 20081,20101 20079,20126 30117,20250 30254,20102 20248,20053 20052,20128|20198,20078 20080,20103 20027,20248 20126,20194 20030,20081 20102,30257 20053,30117 20607,30254 20179,20106 20128,20077 20055,20195 20183,20029 20127,20079 20250,30258 20101,20058 20060,20140 30252,20052 20026,30250
20129,20083 20103,20190 20128,20076 20078,20102 20030,20051 20108,30255 20101,20027 20127,20196 20210,20211 20053,20077 20057,20195 20204,20182 20189,30256 30258,30259 20026,20126 20039,20207 20081,20106 20178,20058|30256,20103 20190,30258 20195,20026 20196,20204 20126,20189 30259,20081 20058,20127 20083,20178 20211,20128 20077,20129 20106,20053 20076,20108 20102,20057 20027,20078 20207,20030 30255,20039 20182,20210 20051,20101|30259,30256 20081,20189 20106,20078 20026,20210 20053,20182 20102,20129 20077,20190 20204,20207 20195,20058 20039,20051 20127,20027 20057,20083 30258,20126 20128,20101 20178,20108 20211,20196 20030,30255 20103,20076|20103,20030 20058,30259 20207,20178 20190,20081 20108,20026 20101,30258 20127,20106 20076,20211 20051,20204 20078,20128 20182,20057 20196,20102 30255,20195 20129,20189 30256,20210 20053,20027 20083,20126 20039,20077|20058,20211 20210,20077 20195,30258 20126,20103 20081,20207 20196,20076 20102,20026 20108,20127 30255,20101 20030,20106 20057,20190 20083,20039 20128,30259 20189,20053 20027,30256 20078,20182 20129,20204 20051,20178|20106,20128 30258,20057 30259,20127 20076,20030 20210,20196 20204,20078 20207,30255 20190,20129 20026,20053 20189,20039 20211,20051 20101,20081 20182,20103 20126,20108 30256,20083 20178,20102 20027,20058 20077,20195|20211,20178 20106,20210 20057,20126 20083,30258 20129,20103 20026,20077 20101,20039 20128,20058 20051,20127 20102,20207 30259,20027 20078,20196 20195,20108 20182,20076 30256,20190 20053,20204 30255,20189 20081,20030|20204,20128 20077,20102 20127,20081 20058,20026 30258,20106 20126,20195 20030,20211 20210,20051 20196,20053 20027,20083 20178,30255 20108,20057 20103,30259 20207,20129 20189,20078 20039,20182 20190,20101 20076,30256
20102,20058 20189,20184 20108,20078 20126,20060 20079,20248 20076,20127 20131,20101 30195,20183 20187,20077 20051,20026 20249,20182 20053,20028 30117,20030 20037,20103 30257,20195 20178,20210 20129,20055 20204,20027|20182,20051 20058,20079 20101,20037 20127,20204 20055,30257 20103,20189 20078,20126 20026,20108 20248,20187 20077,20053 20183,20102 20195,30195 20060,20129 20210,30117 20030,20178 20028,20131 20184,20076 20027,20249|20249,20037 20248,20103 20051,20077 20079,20101 20126,20030 20058,30117 20108,30195 20028,20195 20183,20184 20076,20178 20182,20131 20129,20027 20210,20060 20204,20053 30257,20189 20055,20026 20078,20127 20187,20102|20126,20028 20077,20210 20102,20079 30195,20249 20060,20204 20101,20078 20027,20183 20103,20051 20195,20108 20026,20248 20037,20129 20131,20058 30117,20187 20184,30257 20189,20076 20178,20055 20030,20053 20127,20182|20051,30257 20101,30195 20027,20103 20189,20055 20078,20182 20129,30117 20127,20037 20079,20249 20131,20077 20076,20126 20195,20204 20210,20183 20248,20060 20108,20028 20184,20026 20030,20102 20053,20178 20187,20058|20053,20078 20178,20129 20103,20195 20183,20076 20026,20101 30195,20126 20055,20248 20037,20187 20028,20079 20058,20030 20182,20210 20060,20189 20249,20051 30257,20127 30117,20131 20204,20184 20102,20027 20077,20108|20182,20037 20249,20178 20127,20030 20055,20108 20077,20026 20195,20126 20183,20058 20102,20210 20076,20060 30257,20101 20078,20187 20189,20027 20103,20129 20184,20248 20051,20131 20204,20028 30117,20079 30195,20053|20060,20102 20028,20051 20058,30195 20037,20189 20126,20184 20178,20103 20053,20182 20108,30257 20129,20077 20026,30117 20210,20078 20187,20249 20079,20183 20131,20195 20248,20127 20027,20055 20030,20076 20101,20204
30195,20208 20198,20051 20031,20127 20248,30259 20053,20129 20039,20210 20103,20030 20179,20106 20101,30250 20190,20183 20078,20195 20102,20207 20079,20371 20184,20083 20052,20080 20076,20058 20128,20027 30117,20133|20080,20128 20083,20102 20027,20053 20127,20101 30259,20190 20129,20103 20133,20248 20371,20078 20207,20052 20195,30195 20183,20179 30250,20184 20051,20039 20030,20079 20106,20076 20058,20031 20210,30117 20208,20198|20053,30117 20051,20133 20103,20184 20079,20039 20198,20371 20179,20127 20083,20207 20030,20052 20078,20106 20102,20248 20128,30250 20031,30259 20195,20183 20210,20058 20190,20027 20129,20076 30195,20101 20208,20080|20039,20078 20179,20053 30259,20102 20127,20183 20079,20103 20184,20051 20101,20058 20207,20128 20248,30195 20080,20129 30117,20031 20027,20083 20198,20195 20133,30250 20371,20210 20106,20208 20052,20190 20076,20030|20371,20039 20052,20102 30195,20106 20127,30259 20031,20080 20076,20195 20183,20083 20078,20190 20103,20198 20128,20079 20030,20179 20208,20248 20051,30117 20207,20129 20184,20053 20101,20027 20058,20133 30250,20210|20248,20079 20083,20031 20106,20052 20027,20078 20129,20371 20210,20103 20053,20128 20102,20051 30250,20030 20039,30195 30259,20179 20183,20101 20080,20198 30117,20208 20195,20207 20058,20127 20190,20184 20133,20076|20127,30195 20052,20198 20080,20053 20083,20190 20179,30250 20208,20101 20133,20103 20371,20058 20076,20183 20031,20184 20210,20079 20248,20030 20039,20106 20195,20027 20102,20128 30117,20078 20207,30259 20051,20129|20198,20076 20030,20102 20103,20080 20101,20031 20106,20051 20129,20210 20079,30117 20183,20133 20078,20127 20128,20248 30195,20052 20053,20371 20184,20207 20027,20208 30250,20083 30259,20039 20058,20195 20190,20179
20076,20029 20027,20103 20193,20051 20248,20026 20133,30256 20060,30195 20108,20198 20079,20131 20057,20127 20078,20109 20126,20181 30258,30194 20080,20210 20189,20055 20101,30255 20129,20179 20030,30117 20083,20195|20026,20078 30256,20083 30255,20060 20029,20080 20131,20101 30194,20248 20198,20027 20179,20193 20055,20108 20051,20189 20103,20133 30117,20129 20210,20030 20195,20126 20109,20079 20181,20076 20127,30258 30195,20057|20030,20101 20080,20248 20109,20193 20126,20027 20189,20195 20055,20181 20133,20051 30194,20198 20129,20060 30195,20078 20026,30256 30258,20057 20083,20108 20103,20029 20210,20127 30117,20131 30255,20079 20179,20076|20057,20101 20029,30255 20129,20030 20189,20079 20027,30195 20248,30117 30258,20103 20060,20083 20051,30194 20127,20109 20131,20055 20193,20195 20076,30256 20080,20026 20198,20133 20108,20126 20181,20179 20078,20210|20127,20060 20101,20051 30256,20179 20109,20057 20195,30195 20126,20198 20181,20027 30194,20131 30117,20189 20133,20080 20083,20129 20079,20030 20076,20103 20248,20029 20193,20108 20026,20055 30255,20078 20210,30258|30256,20181 20195,20210 20103,20129 20029,20189 20078,20126 20055,30194 20198,30255 20060,20193 20108,20076 20051,20080 20079,30117 20030,20127 20179,20026 20057,20133 20027,30258 20101,20248 30195,20109 20131,20083|30117,30258 30194,20101 30255,30256 20083,30195 20027,20076 20198,20109 20133,20248 20026,20131 20078,20057 20181,20060 20129,20108 20103,20195 20080,20127 20210,20189 20030,20193 20179,20055 20029,20051 20126,20079|20101,20083 30258,20029 20079,30194 20127,20078 20193,30117 20051,20026 20131,20179 20195,20080 20109,20027 20060,20030 20108,20181 20189,20103 20076,20133 20057,30255 20055,20126 30195,20210 20248,20198 30256,20129
20058,20198 20371,20127 20078,20195 20109,20190 30252,20102 20106,20248 20080,20178 20026,20209 20076,20133 20101,20052 20187,30117 30253,20051 20188,20129 20030,20186 20607,20128 20053,20027 20057,20028 20077,20183|20198,20077 20028,20058 20209,20057 20190,30253 20183,20026 20027,20080 20133,30252 20248,20030 20052,20109 30117,20101 20128,20106 20102,20188 20186,20371 20195,20187 20127,20078 20129,20053 20051,20076 20178,20607|20195,20080 20371,30117 20102,20028 20057,20026 20109,20076 20051,20027 20198,20188 20101,20127 20030,20106 20183,30253 20178,20209 30252,20052 20077,20607 20187,20128 20078,20248 20058,20133 20053,20186 20190,20129|20127,20190 20080,20109 20026,20102 20188,20371 20128,20057 20028,20078 30117,20248 20187,20053 20209,20198 20076,20030 20133,20051 20052,20195 20058,20183 20106,20077 20607,20101 30252,30253 20186,20178 20027,20129|20188,20195 30117,30252 20101,20183 20078,20026 20186,20052 20027,20133 20077,20209 20190,20053 30253,20058 20106,20198 20102,20057 20129,20109 20371,20080 20248,20076 20051,20607 20178,20030 20028,20128 20127,20187|30253,20178 20026,20058 20128,20102 20183,20371 20053,20077 20248,20188 20057,20187 20080,20186 20198,20190 20129,30252 20076,20028 20209,20078 20030,20101 20195,20027 20052,20127 20133,20106 20607,30117 20109,20051|20058,20078 20057,20190 30117,20183 20051,20178 20371,20053 20133,20607 20128,20195 20030,20198 20106,20027 20209,20028 20101,30253 20052,20248 20187,20026 20076,20188 20186,20102 20127,20077 20109,30252 20080,20129|20026,20128 30253,20109 20198,20127 20129,20030 20028,20187 20190,20080 20195,20186 20178,20106 20183,20052 20027,30117 20102,20051 20078,20371 20248,20057 20053,20209 20077,20101 20607,20058 20188,20133 30252,20076
20108,20211 20204,20052 20371,30256 20183,30195 20207,20077 20196,20055 20178,20081 20102,20031 20101,20128 20198,20189 30259,30118 20140,20078 20190,20030 20058,20129 20127,20079 20195,20026 20131,20076 20051,20027|30118,20190 20076,20140 20189,20102 20027,20207 20077,20051 20052,20371 30195,20101 20031,20127 20081,20058 20055,20108 20026,20183 20030,20198 20078,20131 20079,30259 30256,20204 20211,20196 20128,20195 20129,20178|30256,20131 20183,20128 20195,20211 20207,20129 20030,20077 30118,20198 20371,20190 20026,20127 20102,20081 20027,20058 20108,20078 20196,30259 20079,20178 20031,20052 20101,20055 20051,20140 30195,20189 20076,20204|20052,30195 20131,20196 20128,20102 20371,20031 20078,20030 20190,20077 20189,30256 20204,20207 20127,20195 20129,20108 20101,30118 20140,20183 20211,20076 20058,20079 20178,20026 20081,20027 30259,20051 20055,20198|20102,20026 20030,20129 20183,20027 20207,20178 20055,20127 20190,20204 20131,20051 20078,20371 20076,20101 20211,20140 20128,20081 20058,20189 20079,20108 20031,30118 30259,30195 20052,20195 20077,20196 20198,30256|20051,20076 20196,20079 20140,30259 20195,20058 20026,20052 20127,20102 30195,20207 20081,20190 20198,20371 20178,20211 20027,20078 30118,20183 20108,20131 20129,20101 20189,20128 20077,20055 30256,20031 20204,20030|20078,20204 20189,20131 20129,30256 20108,20058 20081,30118 20196,20027 20207,20195 20128,20077 20127,20190 20102,30259 30195,20079 20101,20051 20055,20178 20026,20211 20183,20198 20371,20030 20031,20076 20140,20052|20195,20081 20027,30195 30118,20102 20131,20055 20058,20207 30256,20101 20030,20189 20190,20140 20076,20183 20204,20108 20211,20078 30259,20128 20079,20026 20052,20129 20051,20196 20178,20031 20198,20127 20077,20371
20026,20127 20182,20055 20102,20080 20101,20052 20027,20076 20190,20060 20126,20078 30257,20028 20106,20079 20077,20184 20189,30252 30250,30194 20103,20128 20030,20129 20211,30254 20196,20187 30253,20109 20178,20058|20080,20211 20184,20030 20127,20027 20109,20126 30252,30257 30194,20190 20052,20102 20060,20189 20028,20106 20055,20178 30254,20103 20079,20196 20187,30250 20128,20077 20078,20026 20058,20182 20129,20101 20076,30253|20076,20102 20101,20030 30257,20184 20058,20077 20028,20060 20103,20196 20106,20055 30254,20080 20126,20182 30253,20129 20027,20211 20189,20128 20187,20078 30194,30252 20026,20178 20079,20127 20190,20109 20052,30250|20055,20079 20060,30194 20126,20028 20178,30253 20102,20027 20182,20103 20129,20189 20184,20211 20030,20190 20080,20052 30252,20026 20106,30257 20078,30254 20127,20058 20109,20187 20128,20101 20196,20076 20077,30250|20127,30194 20101,30252 20103,20126 20028,20078 30250,20128 20190,20196 20077,20129 30253,20182 20211,20102 20030,20079 20189,20052 20109,20178 20060,20076 20184,20106 20080,20026 30254,20055 20058,20187 30257,20027|20055,30257 20128,30254 20027,20058 20129,20109 30250,20126 20076,20190 20182,20080 20211,20189 20102,20184 30252,20060 20187,20077 20026,30253 30194,20101 20052,20028 20078,20106 20196,20030 20178,20127 20079,20103|20190,20026 30252,20127 30253,20211 20080,20028 20060,20027 20077,20109 20076,20128 20189,20101 20126,20187 20058,20078 20106,20030 30194,20079 20052,20184 20102,30250 20196,20178 20182,30254 20129,30257 20103,20055|20187,20052 20128,20182 20184,20190 20079,20189 30254,30253 20127,20076 30257,20196 20026,20102 20101,20077 20027,20103 20030,30194 20211,20106 20028,30252 20055,20129 30250,20058 20109,20080 20178,20126 20078,20060
20026,20078 20030,20129 20371,20057 20102,20052 20128,20248 20188,20058 20182,20103 20080,20211 20108,20198 20209,20060 20077,20127 20250,20178 20195,20126 30195,20051 20194,20076 20027,20140 20031,20184 30253,30117|20060,20026 20051,20195 20178,20030 20248,20080 20052,20027 20211,20371 20140,20182 30117,20194 20127,20102 20129,20031 20076,30195 20103,20250 20057,20108 20198,30253 20126,20188 20184,20209 20058,20077 20078,20128|20026,20076 20102,20030 20078,30117 20051,20184 20178,20057 20188,20140 30253,20127 20209,20077 20129,20103 20371,20027 20108,20128 20058,20182 30195,20195 20250,20031 20080,20060 20052,20198 20248,20126 20194,20211|20076,20126 20195,20209 20250,20030 20103,20058 30117,20052 20188,20198 20077,20140 20128,20080 20027,20051 20026,20248 20031,20078 20184,20178 20108,20129 20182,30253 20211,20102 20057,30195 20060,20194 20127,20371|20248,20211 20058,20250 20052,20127 30195,20184 20126,20371 20140,20102 30253,20129 20030,20057 20209,20078 20178,20128 20060,20031 20027,20077 20195,20182 20198,20103 20076,20188 30117,20051 20194,20026 20080,20108|20078,30195 20057,20250 20051,20026 20211,20188 20198,20248 20030,20108 20102,20080 20129,20060 20140,20076 20077,20195 20031,30117 20126,20027 20371,30253 20182,20052 20184,20058 20103,20178 20128,20194 20127,20209|30195,20371 20178,20188 20209,20250 20031,20076 20103,20126 20027,30253 20128,20026 20060,20140 20184,20078 30117,20108 20211,20057 20051,20127 20058,20030 20195,20080 20102,20194 20129,20198 20182,20077 20052,20248|20140,30117 20194,20184 20250,20195 20077,20103 20108,20052 20371,20031 20057,20129 20248,20060 20076,20058 20198,20128 20080,20051 20078,20102 30253,30195 20030,20211 20188,20027 20026,20209 20127,20178 20126,20182
20183,20101 20248,20080 20178,30253 20129,20108 20196,20026 20077,20103 20053,20127 20039,30250 20208,30117 20102,20027 20126,20029 20078,20193 20030,20128 20190,20060 20076,20052 20211,20057 20180,30259 20051,20209|30259,20030 20060,20178 20209,20183 30250,20211 20027,20126 20108,20190 20103,20180 20128,20077 20127,20248 20101,20078 30253,20076 20080,20053 20057,20129 20193,20039 20029,20102 20026,20051 20052,20208 30117,20196|20051,20127 20076,30250 20030,20103 20190,20102 20077,30117 20029,20060 20026,30259 20039,20101 20178,20052 20248,20209 20080,20129 20128,20196 20180,20126 20053,20027 20211,20108 30253,20078 20193,20208 20183,20057|30117,20080 20196,20057 20248,20053 20039,20211 20052,20183 20078,20129 20077,20178 20208,20029 20030,20190 20126,20101 20103,20026 20108,20027 20051,20102 30250,20180 20060,20128 20209,20193 20127,20076 30259,30253|30253,20052 20129,20039 20026,20108 20208,20103 20078,20030 20102,20076 30117,20060 20211,20051 20101,20077 20057,20248 20178,20029 30250,20128 20180,20053 20080,20126 20027,20196 20183,20193 20209,20190 30259,20127|20076,20026 20029,20209 20103,20183 20126,30250 20127,20208 20193,20051 20190,30117 20052,20030 20101,20178 20060,20180 20057,20078 20102,20248 20196,20077 20129,30253 20128,20211 20027,20080 20108,30259 20053,20039|30117,20102 20030,30253 20127,20078 20039,20077 20178,20026 20211,20196 20029,20080 20052,20190 20076,20183 20060,20103 30250,20027 20126,20057 20128,20051 20193,20129 20208,20248 20180,20108 20053,30259 20209,20101|20051,20039 20027,20060 20101,30117 20248,20126 20077,20029 20078,20053 30259,20178 20026,20052 20080,20180 20108,20128 20057,20193 30253,30250 20190,20076 20196,20209 20103,20211 20102,20208 20129,20030 20183,20127
20195,20051 20607,20057 20190,20031 20027,20101 20129,20179 20186,20131 20182,20208 20058,20037 20371,20193 20126,20029 20248,30250 20030,20080 20078,20127 20209,20108 20211,20187 20102,20128 20081,20198 20053,20077|20077,20211 20193,20195 20080,20102 20029,20053 30250,20129 20128,20248 20198,20058 20179,20190 20208,20126 20037,20186 20187,20030 20101,20209 20131,20078 20051,20182 20057,20371 20031,20607 20127,20027 20108,20081|20029,20208 20037,20127 20607,20101 20080,20053 20198,20077 20126,20108 20186,20051 20211,20081 20078,20187 20030,20195 20031,20128 20057,20209 30250,20179 20248,20182 20193,20102 20027,20058 20371,20131 20190,20129|20127,20080 20182,20058 20190,20607 20053,20198 20208,20248 20108,20057 20187,30250 20128,20030 20186,20211 20051,20126 20179,20193 20195,20371 20081,20037 20077,20029 20209,20078 20129,20031 20101,20131 20102,20027|20077,20108 20029,20371 30250,20186 20211,20053 20193,20031 20078,20057 20126,20198 20127,20179 20131,20080 20051,20037 20101,20129 20030,20190 20195,20607 20248,20081 20208,20209 20058,20102 20187,20128 20182,20027|20128,20077 20053,20186 20057,20190 20129,20030 20080,20187 20131,20195 20209,20182 20198,20029 20102,20211 20081,20126 20371,20051 20037,30250 20108,20208 20607,20127 20179,20101 20058,20248 20027,20193 20031,20078|20053,20126 20193,20057 20029,20102 20187,20131 20211,20027 20030,20078 20198,20208 20037,20101 20031,20195 20081,20058 20051,30250 20127,20190 20080,20371 20077,20182 20607,20179 20186,20108 20129,20248 20128,20209|30250,20080 20102,20186 20190,20193 20101,20077 20195,20198 20179,20037 20371,20031 20248,20030 20182,20128 20131,20053 20208,20127 20057,20029 20078,20051 20209,20211 20027,20081 20108,20129 20058,20187 20126,20607
20195,20080 20190,20076 20053,20031 20102,20055 20078,20027 20180,20182 20081,20209 20052,20204 20026,20109 20103,20126 20127,30251 20210,20079 20051,20083 20189,20133 20187,30194 20037,30253 20211,20106 30256,20128|20133,20190 20083,20195 30251,20078 20204,20187 20128,20026 20209,20051 20031,20210 20079,20189 30194,20211 20109,30256 20106,20053 30253,20103 20080,20180 20027,20127 20076,20052 20126,20102 20182,20037 20055,20081|20187,20026 20195,20027 20204,20076 20037,20052 20083,20128 20080,20031 20102,20209 20053,20126 20189,20078 20190,30194 20210,30251 30256,30253 20182,20081 20051,20133 20211,20055 20103,20180 20109,20127 20106,20079|20127,20189 20026,20210 20078,20128 20027,30253 20180,20051 20187,20190 20052,20080 20055,20083 20133,20102 20031,20182 30194,20195 30251,20106 20079,20109 20076,30256 20209,20204 20103,20037 20126,20081 20053,20211|20055,20127 20180,20053 20182,30194 20079,20027 20081,20037 20210,20126 30253,20083 20128,20187 20211,20103 30256,20102 20189,20109 20190,20052 20106,20204 20026,20078 20195,20209 20076,20051 20080,30251 20031,20133|20078,20187 20027,20106 20126,20195 20109,20190 20128,20055 20127,20103 30253,20210 20133,20079 20052,20189 20083,20211 20081,20180 20051,20026 20204,20182 20102,20076 20037,20080 30194,20031 20209,20053 30251,30256|20187,20037 20055,30253 20083,20126 20127,20079 20080,20103 20106,20076 20026,20053 30256,20189 20209,20109 20182,20078 20051,30194 20031,20102 20180,30251 20204,20081 20190,20128 20211,20195 20210,20133 20052,20027|20079,20209 20081,20026 20195,20055 30194,20127 20027,20211 20053,30256 20128,20106 30251,20052 20109,20083 20037,20051 30253,20180 20133,20187 20189,20210 20103,20204 20102,20080 20076,20031 20126,20182 20078,20190
20195,20248 30255,20180 20127,20081 20079,20129 20055,20030 20181,30252 20102,20077 20106,20026 20109,20027 20184,20198 20211,20103 20078,20052 20126,20607 20209,30259 30195,20189 20039,20051 20058,20080 20057,20128|20081,20109 20030,20079 30259,20126 20077,20195 20129,20039 20180,20181 20198,20102 20080,20106 20248,20058 20027,20184 30252,20055 20026,20078 20189,30255 20607,20057 20103,30195 20051,20211 20052,20127 20128,20209|20127,20078 20079,30259 30195,20198 30252,20081 20103,20189 20057,20180 20184,20051 20052,20248 20211,30255 20128,20080 20102,20030 20126,20026 20055,20109 20027,20129 20209,20607 20058,20195 20181,20106 20039,20077|20211,20184 30255,20058 20195,20209 30259,20109 20077,20128 20129,20055 20180,30195 20127,20189 20051,20126 20607,20039 20078,20027 20079,20052 20026,20081 20030,20103 20057,20181 20080,20198 20248,20102 20106,30252|20184,20055 20052,20027 30252,20211 20030,20057 20180,20128 20209,20079 20189,20026 20081,20126 20080,20181 20129,30259 20078,20106 20039,30255 20248,20077 20109,30195 20102,20058 20607,20103 20198,20195 20051,20127|20198,20052 20109,20057 20027,20180 20081,20211 20106,20127 20026,20248 20181,20078 30195,20039 20077,20184 20189,20079 20103,20080 30255,20051 20055,20607 20058,20129 20126,20209 30259,30252 20128,20102 20195,20030|20077,20103 30252,20027 20058,20189 20128,20248 20030,20198 20209,20026 20106,20607 20195,20127 20079,20039 20180,20078 20129,20102 20184,20081 30259,20057 20052,30195 30255,20080 20126,20109 20051,20181 20055,20211|20103,20051 20057,20126 20080,20030 20248,20209 20189,20052 20081,20058 20127,20180 20026,30255 20027,20128 30195,20129 20181,20184 20102,30252 20211,20106 20039,20055 20078,20195 20109,20079 20607,30259 20198,20077
20126,20101 20031,20076 20190,20053 20078,20051 20085,20189 20198,20194 20129,20077 30255,20248 20060,20109 20058,20180 30250,20026 30118,20182 20102,20030 20128,20103 20029,20127 30195,20027 20209,20080 20195,30253|20248,20031 20189,20129 20027,20078 20194,20029 20109,30195 20051,20102 20103,20190 20030,30255 20053,30118 20080,20060 20026,20126 20076,20198 20182,20128 30253,20209 20101,20058 20077,30250 20127,20195 20180,20085|20129,30118 20051,30250 20102,20180 20103,20027 20026,30253 20076,20053 20182,20058 20189,20060 30255,20101 20030,20248 20077,20031 20198,20109 20126,20029 20128,20190 30195,20195 20209,20078 20127,20085 20080,20194|20031,20102 20078,20128 20101,20026 20198,20103 20058,20127 30118,20077 20194,20030 20060,20182 20126,20209 20085,30255 20190,30253 20195,20027 20109,20180 30250,20076 20029,20189 20053,20080 20129,20051 30195,20248|30253,20128 20031,20182 20103,20076 20209,30118 20195,20058 20051,20109 20077,20030 20026,20189 20053,20101 20248,20194 20085,20029 20060,20102 20127,20080 20190,20078 30250,30195 30255,20198 20027,20129 20180,20126|20080,20026 20101,20031 20030,20103 20248,20085 20194,20195 20182,20198 20180,20127 30253,20060 20189,30250 20076,20129 30118,20051 20102,20077 20109,20126 20027,20053 20078,30195 20058,20190 20029,30255 20128,20209|20058,20030 20077,20248 20051,20085 20198,20189 20053,30195 20102,20182 30255,20129 20126,20060 30250,20180 20078,20194 20080,20128 20076,20027 20031,30253 20026,20127 20209,20190 20103,20195 20101,30118 20109,20029|20085,20103 20060,20209 20127,20101 20128,20109 20030,20080 20194,20053 30195,20077 30253,20102 20129,20058 20195,20031 20189,20051 20029,20078 20180,30255 20248,20126 20027,20198 20182,20026 30118,30250 20190,20076
20030,30259 20188,30118 20080,20178 20029,20103 20102,20127 20051,20194 20101,20058 20108,30195 20248,20126 20055,20076 20181,20190 20079,20195 20077,30254 20109,20026 30251,20027 20133,20371 20189,20060 20182,20128|20128,20102 20103,20079 20060,20108 20076,20051 20026,20133 20190,20077 20371,20181 30254,20182 30195,20109 20127,20101 30118,20055 20194,20188 20126,20030 30259,20029 20178,20189 20195,20248 20027,20080 20058,30251|20195,30195 20109,20190 30251,30254 20079,20058 20133,20051 30259,20060 20182,20188 20126,20055 20030,20101 20077,20108 20029,20248 20181,30118 20027,20102 20127,20189 20194,20103 20080,20371 20026,20076 20178,20128|20077,20060 20133,20109 20103,20027 30118,20030 20101,20126 30251,20181 20058,20127 30254,20102 20051,20029 30195,20026 20248,20194 20128,20080 20055,20182 20108,20076 20188,20079 20189,20195 20190,20178 20371,30259|20127,20077 30259,20058 20371,20030 20027,20195 20055,30195 20181,20029 20178,20194 20248,20133 20102,20188 30254,20080 20060,30251 20126,20108 20189,20079 20109,30118 20026,20051 20103,20190 20076,20128 20182,20101|20108,20248 20128,30259 30118,20178 20101,20189 20029,30254 20051,20371 20195,20126 30195,30251 20188,20133 20080,20109 20190,20055 20194,20127 20102,20026 20079,20181 20076,20182 20030,20077 20058,20027 20060,20103|20194,20371 20103,20178 20248,20080 30195,20190 20181,20127 20188,20101 20030,20060 30254,30259 20079,20126 20027,20182 20189,20102 20195,20077 20051,20109 30251,20108 20055,20026 30118,20076 20058,20133 20029,20128|20182,20189 20178,20051 20060,20248 20128,20055 20371,20058 20026,30251 20190,20027 20109,20079 20127,20188 20080,20030 20101,30118 20102,20181 20126,30195 20076,20194 20133,30254 20108,20029 30259,20195 20077,20103
20194,20127 20198,20031 30194,20080 20189,20053 20058,20183 20057,20126 20079,20102 20026,20101 20248,20204 20051,20133 20106,20182 20178,20131 20027,20103 20030,30258 20078,20211 20077,30255 20076,30250 20190,20128|30255,20030 30258,20051 20128,20076 20133,20194 30250,20178 20031,20079 20103,20198 20053,20026 20126,20106 20182,20057 20080,20190 20204,20078 20211,20189 20101,20077 20127,20058 20131,20248 20102,20027 20183,30194|20077,20127 20190,20178 20106,20204 20080,20128 20026,20182 20078,20131 20076,20248 20058,20211 20133,20103 20057,20189 20053,30250 20101,30194 20194,20027 20198,20126 30255,20079 20051,20030 30258,20183 20102,20031|20131,20079 20127,20106 20211,20198 20058,20101 20051,20194 20103,20078 20183,20077 30250,20133 20031,20126 20030,20057 20182,20076 20027,20190 20189,30258 20128,20053 20026,20080 20178,30255 20204,30194 20248,20102|20102,30255 30194,20058 20183,20131 20027,20204 20182,20030 20101,20051 20126,30250 20189,20127 20076,20103 20078,20026 20053,20080 30258,20211 20057,20077 20031,20194 20079,20133 20128,20178 20198,20190 20248,20106|20194,20182 20080,30258 20106,20078 20131,20027 20126,20248 20133,20031 30255,20057 20211,20128 30194,20102 20127,20101 20178,20076 20079,20198 20190,20051 30250,20026 20030,20183 20077,20189 20204,20053 20103,20058|20103,20128 20189,20078 20058,20133 20102,20053 20106,20080 20030,20126 20183,20026 20182,30194 20077,20051 20027,20079 30255,20204 20127,20211 20190,20131 20178,20101 20076,20031 20057,20198 30258,20248 20194,30250|20078,20127 20204,20077 20131,30255 20133,20182 20128,20027 30250,20106 20079,20183 20198,30258 20051,20076 20248,20058 20101,20189 20126,20102 30194,20194 20053,20190 20026,20178 20031,20057 20080,20030 20211,20103
20198,20190 20026,20126 20194,20058 30195,20180 20102,20079 20060,20031 20607,20187 20077,20055 20128,20078 20076,30252 20210,20195 20182,20127 20027,20101 20248,20211 20081,20051 20188,20129 20103,20029 20106,20030|20029,20102 20051,20248 20127,20103 20195,20607 20211,20081 30252,20198 20180,20060 20129,20182 20126,30195 20078,20106 20101,20026 20030,20077 20187,20076 20055,20027 20058,20128 20031,20210 20079,20188 20190,20194|20079,20126 20211,20031 20026,20060 20029,20129 20180,20187 20210,20106 20103,20051 20128,20077 20101,20055 20076,30195 20102,30252 20198,20194 20127,20195 20182,20190 20188,20027 20030,20081 20058,20078 20248,20607|30195,20103 20126,20180 20027,20128 20195,20030 20026,20127 20076,20029 20187,20182 20051,20211 20031,20248 30252,20101 20106,20198 20188,20210 20077,20194 20081,20058 20129,20079 20078,20190 20060,20102 20607,20055|20058,20188 20079,20031 20190,20060 20198,20127 20126,20103 20051,20076 20106,20128 20027,20182 20078,20210 20194,20102 20055,20248 20030,20187 20101,20129 20195,20180 30252,20077 30195,20081 20029,20211 20607,20026|20055,20198 20190,20101 20103,20058 20077,20106 20248,20126 20210,20026 20031,20051 20129,20027 20194,20029 20060,30195 20128,20607 20182,20030 20211,20188 20180,20079 20081,20195 20127,20076 20187,30252 20102,20078|30252,20055 20081,20029 20077,20101 20195,20128 20129,20187 20210,20248 20031,20127 20058,20182 20198,20126 20180,20078 20102,20607 20106,20190 20051,20030 20211,20103 20079,20060 20027,20194 20076,20026 20188,30195|20187,20051 20182,20210 20029,20058 20127,20081 20026,20195 30195,20106 20607,20129 20030,20102 20078,20027 20248,20076 20194,20211 20126,20031 20060,30252 20190,20077 20103,20188 20101,20198 20055,20079 20128,20180
20079,20053 20371,20026 20051,20196 20030,20106 20127,20078 20076,20195 20128,20193 20109,20037 20028,30253 20129,30258 30117,20204 20077,20102 20060,30255 20190,20187 20126,20211 20101,20052 20180,20027 20250,20182|20106,20127 30258,20060 20026,20190 20196,20126 20027,20051 30253,20371 20204,20109 20052,20076 20193,20250 20078,20101 20195,20128 20187,20077 20182,30117 30255,20180 20053,20129 20211,20028 20037,20079 20102,20030|20109,20211 20101,20204 20180,20106 20371,20182 20030,30253 20195,20187 20126,20193 20052,20078 20060,20102 30117,20028 20196,30255 30258,20051 20027,20127 20128,20076 20053,20190 20026,20077 20129,20079 20250,20037|20102,20128 20127,30117 20180,20053 20371,20195 20037,30258 20079,20250 30253,20106 20060,20196 20193,20027 20077,20204 20051,20026 20076,20109 20182,20052 20028,20129 20190,20101 20211,20030 30255,20126 20187,20078|20190,20128 20052,20211 20109,20026 20079,20028 20037,20101 20053,20193 20204,20196 20195,20180 30253,30117 20106,20187 30258,20127 20078,20371 20126,20027 20030,20129 20102,20250 20077,20060 20076,30255 20182,20051|20129,20102 20187,30253 20101,20126 20250,30258 20028,20052 20196,20079 30117,20053 30255,20109 20027,20060 20026,20195 20078,20037 20211,20371 20193,20076 20106,20182 20128,20030 20204,20190 20051,20180 20127,20077|20051,20076 30255,20250 20027,20187 20037,20190 20030,20182 20052,20204 30117,20102 20371,20079 20126,20109 20195,20101 20053,20077 20028,20106 20060,20127 20211,30258 20026,20078 20128,20180 30253,20129 20196,20193|20250,20026 20079,20126 20077,20128 20127,20371 20129,30255 20182,20037 20101,20028 30258,20195 20102,20053 20193,20052 20187,20211 20078,30117 20190,20060 20180,30253 20106,20051 20076,20027 20109,20196 20204,20030
20129,20198 20108,30118 20102,20027 20030,20126 20080,20211 20189,20103 20109,20076 20051,20026 20079,30249 20208,30256 30255,20029 20039,20194 20181,20248 20128,30195 20028,20060 20058,20180 20127,20077 20052,20188|30195,20208 20027,20129 30249,20028 20103,20181 20248,20051 20076,20108 20060,20127 20188,20102 30256,20030 20029,20080 20194,20058 20198,20079 20026,20128 20211,20109 30118,20189 20126,20052 20180,30255 20077,20039|20052,20102 20058,30249 20180,20028 20181,30256 20189,20077 20051,20194 20079,20029 30118,20026 30255,20127 20248,20211 20188,20076 20208,20129 20027,20060 20126,20103 20039,20108 20080,20128 30195,20030 20109,20198|20128,20188 20029,20189 20028,20127 20058,20126 20181,20027 20103,30255 30256,20108 20060,30118 20109,20052 20129,30195 20211,20180 20208,20077 20102,20079 20194,20080 30249,20198 20030,20248 20076,20026 20051,20039|20102,20058 20077,20109 30249,20039 20029,20208 20030,30118 20189,20181 20194,20211 20026,20188 20108,20027 20129,20051 20060,20128 30256,30195 20052,20079 20198,20103 20080,20126 20028,30255 20127,20180 20248,20076|20108,20058 20026,20189 20126,20029 20127,20030 20077,30256 20188,20248 30255,20181 30118,20208 20079,20051 20128,20102 20198,20052 20027,20080 20039,20129 20103,20028 20180,20060 30195,20109 20076,20194 20211,30249|30256,20194 30118,20128 20189,20198 20060,30195 20027,20211 20129,20108 20079,20248 20030,20076 20103,20127 30255,20188 20028,20077 20181,20029 20039,20052 20180,20026 30249,20126 20058,20080 20051,20109 20102,20208|20208,20060 20052,20189 20109,20030 20126,30256 20077,20129 20198,30255 20076,20181 20128,20028 20026,20102 20211,20051 20080,20180 20029,20103 20127,30249 30195,20058 20108,20079 20188,30118 20194,20027 20248,20039
20607,20211 20190,20055 20029,20057 20181,20207 20039,20103 20079,30249 20208,20189 20102,30252 20109,20078 20081,20126 20076,20178 20182,20194 20030,20127 20080,20051 30255,20128 20058,20026 20108,30118 20027,20129|20051,20030 30252,20080 20127,20029 30118,20182 20128,20208 20178,20607 20194,20190 20126,20102 20078,20027 30249,20058 20026,20181 20129,30255 20207,20076 20211,20079 20057,20108 20189,20109 20055,20039 20103,20081|20102,20057 20211,30249 20026,30118 20027,20058 20081,20029 30255,20103 20128,20076 20607,20030 20109,20127 20039,20182 20194,20108 20178,30252 20126,20079 20078,20055 20181,20189 20190,20208 20129,20080 20051,20207|20607,20190 20027,30249 20029,20126 20208,20127 20181,20129 20207,20081 20080,20058 20103,20051 20057,20078 20079,20030 20109,20194 20055,20178 20182,20076 20189,30255 30118,20039 30252,20211 20108,20128 20102,20026|30249,20029 20207,20178 30252,20057 20079,20109 20030,20126 20026,20108 20081,20182 20078,20208 20076,20607 20080,20039 20129,20103 20189,20027 30255,20181 20127,20102 20058,20128 30118,20194 20190,20051 20211,20055|20055,20181 20128,20026 20108,20027 30249,30255 20057,20081 20051,20607 20103,20211 20194,20078 20182,20102 20058,30118 20208,20207 20126,20189 20030,20190 20178,20109 20039,20079 20029,20080 20127,30252 20076,20129|30255,30118 20055,20103 20189,20058 20211,20026 20194,20208 20190,20080 20129,20182 20126,20178 20078,20128 20108,20081 30252,20030 20027,20076 20029,20207 20102,20039 20607,20079 20057,30249 20181,20127 20051,20109|20030,20194 20079,20190 20127,20055 20128,20189 30249,20126 20076,20108 20178,20051 20103,20029 20026,20078 20080,20211 20207,20129 30118,20102 20039,30255 20081,30252 20109,20181 20182,20057 20058,20607 20208,20027
20126,20208 20129,20052 20026,20195 20078,20029 30117,20102 20053,20371 20607,20180 20083,20186 20198,20101 20079,20133 20127,20076 20190,20060 20051,20182 20027,20184 20058,20030 20108,30195 20189,20188 20103,20193|20102,20058 20184,30117 20371,20078 20076,20108 20186,20126 20060,20103 20101,20190 20193,20027 20030,20129 20182,20189 20133,20607 20052,20198 20208,20051 20180,20079 30195,20026 20195,20127 20029,20083 20188,20053|20027,20133 20079,20127 20190,20182 20184,20052 20076,20026 20102,20198 20060,20188 20180,20030 20371,20607 20051,20101 20208,20029 20058,20129 20193,20083 20078,20189 20053,30195 20103,20186 30117,20195 20126,20108|20127,20102 20052,20186 20053,20193 20101,20076 20103,20026 20129,20371 20607,20190 20195,20180 20029,20189 20083,20058 20133,20051 20078,20030 30195,20184 20198,20208 20079,20060 20108,20027 20188,20126 20182,30117|20190,20083 20027,20103 20182,20078 20186,20195 20030,20607 20026,20052 20051,20180 20208,20060 20129,20101 20102,20126 20371,20079 20189,20133 20188,20193 20198,20058 30195,20076 20127,20053 20184,20108 20029,30117|20193,20198 20052,20127 20133,20208 20026,20051 20189,20129 20083,20103 20607,20079 20186,20053 20126,20027 20076,20182 30117,30195 20195,20078 20030,20102 20101,20188 20058,20190 20060,20371 20180,20184 20108,20029|20127,20188 30195,20052 20101,20078 20182,20058 20607,20102 30117,20129 20108,20193 20190,20103 20184,20026 20053,20030 20208,20186 20060,20133 20029,20126 20371,20195 20076,20198 20027,20079 20051,20083 20180,20189|20026,20371 20079,20051 20188,20076 20030,30117 20198,20182 20052,20027 20083,20208 20103,20127 20186,20029 20078,20060 20195,20190 20058,20184 20102,30195 20133,20108 20193,20607 20189,20101 20129,20180 20126,20053
20080,20181 20028,20051 20209,20102 20077,20101 20103,20129 20188,20178 30253,20126 20060,20186 20026,20052 20208,20248 30249,20127 20027,20081 20128,20030 20108,30254 20249,30117 30257,20083 20029,20076 20057,20204|20101,20028 20102,20027 20081,20060 20204,20080 20186,20209 20051,20188 20181,30257 20126,20077 20129,20026 20052,20208 20083,20128 20030,20057 30117,30253 20076,20108 20248,30249 30254,20029 20127,20103 20178,20249|30253,20249 20027,20051 20028,20248 20181,20129 20060,30254 20102,20076 30257,20186 20178,20108 20030,20204 20083,30117 20127,20029 20057,20081 20188,30249 20080,20209 20052,20077 20128,20208 20126,20101 20026,20103|20080,20026 30117,20128 20208,30253 20057,20127 20129,20083 20249,20188 20077,30249 20186,20030 20028,30257 20051,20102 20108,20126 20204,20027 20209,30254 20248,20178 20081,20029 20103,20060 20101,20181 20076,20052|30249,20209 30253,20052 20081,20188 20077,20186 20051,20080 20026,20127 30254,30257 20029,20057 20076,20129 20248,20083 20027,20128 20204,20208 20181,20028 20102,30117 20101,20030 20103,20249 20108,20060 20126,20178|30254,20101 20052,20248 20249,20026 20178,20181 20129,30253 20127,20081 30257,20204 20128,20077 20083,20027 20188,20028 20029,20102 20060,20076 20186,20080 20030,20126 20209,20108 30249,20057 20208,20103 30117,20051|20181,20052 20027,30254 20208,20077 30257,20030 20081,20102 30117,20057 30253,20076 20026,30249 20127,20188 20126,20209 20178,20101 20204,20060 20051,20248 20028,20083 20129,20186 20249,20128 20108,20080 20103,20029|20248,20126 20186,30117 20077,20028 20052,20027 20060,20026 20128,20178 20030,20108 20076,20204 20188,20129 20101,30257 20057,20103 20209,20181 20080,20127 20029,20249 30249,20051 30254,20081 20083,30253 20102,20208
20204,20178 20026,30254 30117,20078 20195,20102 20051,20211 20133,20058 20052,20127 20031,20196 20190,20101 20126,20189 20109,20140 20027,20080 20077,20103 20076,30255 30259,30194 30249,20183 20057,20037 20028,20128|20178,20126 20102,30249 20196,20133 20183,20195 20128,20109 20058,20027 20103,20076 20037,20052 30194,20028 20189,20026 20140,20031 30254,20077 20078,30259 30255,20190 20080,30117 20211,20204 20127,20057 20101,20051|30259,20037 20077,20133 20080,20101 20109,20204 20178,30117 20189,20052 20026,20140 20126,20102 20128,30194 20127,20183 20028,20057 20076,20211 30255,20031 20103,20190 20027,20078 30249,20058 20051,20195 30254,20196|20109,20078 20140,20051 20204,20080 20101,30255 20211,20189 30194,20127 20037,30254 20052,20178 20195,30117 20183,20027 20133,20102 30259,20126 20058,20128 20076,20028 20196,20026 20077,30249 20031,20190 20057,20103|20189,20076 20102,20027 20190,20028 20178,20183 20051,20126 20204,30259 20037,20127 20078,20128 20196,30255 30249,30254 20058,20211 20133,20080 30194,20195 20031,20077 20026,20103 20101,20052 20057,20140 30117,20109|20052,20077 20140,30249 20126,20037 20128,20026 20211,20109 30117,20057 20127,20204 20102,20031 20195,20076 20028,30259 20103,20196 20183,20189 30254,20101 30255,20051 20078,20178 20027,20133 20190,30194 20080,20058|20140,20190 20178,20057 20076,20102 20026,20077 20126,30117 30194,20052 20211,20078 20051,20109 20189,30259 30249,20027 20133,30254 20183,20037 20101,20028 30255,20204 20058,20195 20080,20031 20196,20128 20103,20127|20127,20101 30259,20211 20037,20076 20195,20140 20109,20080 20190,20133 20078,20026 20057,30255 20027,30194 20031,20126 20102,20058 20052,20196 20028,20051 30117,30249 30254,20189 20204,20103 20077,20183 20128,20178
30249,20079 20129,20039 20029,20194 20027,20102 20193,20077 20051,20133 20186,20371 20080,20128 20053,20190 20189,20052 20127,20101 20180,20181 30194,20211 20103,20126 20178,20198 20060,20083 20030,20249 20026,20195|20128,20029 20133,20080 20195,20051 20194,20180 20190,20129 20079,20026 20083,20030 20198,20193 20039,20103 20126,20053 20249,20127 20211,20186 20052,20027 20101,30249 20102,20189 20181,30194 20077,20060 20371,20178|20030,20051 20102,20127 20052,30249 20189,20128 20211,20083 20193,20053 20077,20039 20029,20129 20060,20194 20190,20079 20198,20080 20126,20026 20186,20181 20180,20195 20027,20371 20178,20133 20249,20101 20103,30194|20189,20193 20194,20103 20083,20181 20079,20052 20127,20195 20053,20102 20029,20080 20178,20126 20186,20180 20051,20211 20026,20101 20039,20198 30249,30194 20133,20249 20129,20060 20030,20190 20371,20077 20128,20027|20198,20126 20211,20129 20195,20029 20039,20133 20079,20249 20194,20052 20083,20180 20060,20030 20101,20186 20051,20027 30194,20371 20127,20053 20181,20103 20128,20190 20026,20178 20080,20189 20193,30249 20077,20102|20190,20186 20103,20029 20129,20194 20052,20127 30194,20030 20181,20039 30249,20189 20195,20060 20371,20211 20249,20178 20126,20079 20133,20026 20101,20083 20053,20077 20180,20128 20102,20198 20027,20193 20080,20051|20194,20039 20128,30194 20249,20198 20079,20127 20126,20180 20103,20052 20027,20181 20053,20211 20193,20026 20083,20371 20190,20195 20030,20080 20189,20101 20186,20051 20077,30249 20178,20029 20133,20060 20102,20129|20371,20126 20180,20102 20039,20079 20051,20128 20211,20194 20029,20186 30194,20133 20195,20249 20080,20193 20026,20077 20127,20083 20129,20103 20198,20190 30249,20027 20052,20178 20060,20189 20181,20053 20101,20030
20195,30117 30251,20055 30257,30252 30118,20053 20127,20209 20129,20031 20102,20057 20051,30194 20078,20178 20181,20080 20081,20128 20052,20027 20108,20248 20126,20189 20207,20026 20103,20029 20077,20109 20250,20076|20031,20078 20080,20108 30117,20052 20053,20103 20076,20127 20248,20126 20029,20129 20057,20250 20178,20102 20209,30118 20109,30251 30252,20195 20027,20181 20189,20051 30194,30257 20055,20081 20026,20077 20128,20207|20248,20055 20207,20250 30257,20108 20126,20051 20057,20129 20031,30252 20029,20053 20195,20209 20027,30118 30251,20127 30194,20052 20178,20076 20181,20026 20077,20102 20128,30117 20081,20189 20078,20109 20103,20080|20108,20081 20207,20178 20080,20195 30252,20102 20129,20103 20076,30194 20126,30257 20189,20128 20209,20057 20055,20029 30117,20078 30251,20027 20026,20250 30118,20109 20053,20248 20051,20127 20077,20181 20052,20031|20127,20053 20102,20207 30252,20080 20250,30251 30257,20189 20128,20103 30118,20078 20051,30117 20181,20057 20052,20178 20209,20126 20248,30194 20109,20129 20027,20081 20195,20077 20108,20029 20031,20076 20026,20055|20102,20026 20053,20195 20250,20181 20055,20209 20029,30252 20109,20031 20178,30118 20078,30251 20080,20051 30194,20128 20057,20108 20081,30257 30117,20077 20076,20126 20189,20207 20127,20027 20129,20052 20103,20248|30118,20207 20031,20178 20053,20109 20051,20027 20077,20250 30194,20029 20181,30257 20057,20189 20076,20055 20081,20026 20128,20080 20078,20102 20248,20127 20126,20108 20052,30251 20129,20195 30117,30252 20103,20209|30257,20129 20080,20057 20127,20077 20195,20103 20102,20128 20027,20078 20189,30117 20209,20081 20250,20051 30252,20248 20029,20076 20109,20052 20026,20126 20178,20053 20055,20181 20108,30118 20207,20031 30251,30194
20179,20195 20058,20126 20186,20031 20127,20106 20103,20080 30257,20190 20210,20187 20102,20129 20181,20053 20184,20029 20198,20189 30118,20026 20027,20076 20052,20077 20109,20051 30258,30117 20037,20078 20101,20128|20078,20127 20187,20184 20076,20181 20031,20101 20190,20027 20106,20037 20077,30118 20128,20210 20051,30258 20189,20186 20080,20109 30117,20058 20053,20179 20126,20102 20195,20198 20026,20103 20029,20052 20129,30257|20101,20078 20109,20077 20026,20053 20128,20029 20186,20102 20198,30257 20195,20027 20210,20126 20058,20106 20184,20037 20076,20187 20051,20190 20127,30117 20103,20189 20052,20181 20031,20080 30118,30258 20179,20129|20181,20026 20037,20052 20184,20103 20102,20031 20186,20058 20189,20051 20106,20128 20126,20198 20029,20076 20129,20077 30257,20210 30258,20078 20127,20027 30117,20179 20190,20109 20080,20195 20053,20101 20187,30118|20029,20102 20129,20037 20195,20106 20051,20026 20053,20076 20210,20052 30257,20101 20187,20103 20031,20198 20179,20186 20078,20126 30117,20109 20077,20058 20027,30118 20181,20128 30258,20080 20190,20184 20189,20127|20102,20179 20126,20029 20076,20127 20101,20187 20106,30258 20198,20051 20026,20195 30118,20053 20128,20189 20109,20184 20080,20186 20078,30117 20103,20210 20077,20031 20052,20129 20027,20181 20037,30257 20058,20190|20037,20080 20058,30258 20184,20210 20101,20052 20053,20189 20127,20190 20126,20186 30117,20102 20026,20109 20103,20027 20198,20128 20195,20181 20179,20031 20029,30257 20129,20051 20106,20078 20187,20077 30118,20076|20076,20129 20052,20198 20190,20187 20078,20184 20189,20195 20210,20029 20027,20101 20031,20053 20128,20026 20051,20106 30257,20127 20080,20126 30258,20037 20181,30117 20109,20179 20186,30118 20102,20058 20077,20103
20080,20140 30194,20030 20058,20103 20126,20027 20026,20101 20076,20178 30118,20102 20127,20077 20248,20106 20052,20180 20051,30250 30256,30252 30257,20055 20079,20183 20190,20109 20078,20208 20129,20186 20207,20031|20208,20079 20103,20080 20106,20058 20183,20207 20030,20190 20055,30118 20102,20129 20140,20051 20027,30257 20186,20052 20031,20127 20101,30194 20180,30256 30250,20126 20077,20248 20178,20078 30252,20026 20109,20076|20076,20129 30252,20208 30250,20207 20080,30194 20186,20079 20126,20058 20106,20027 20127,20190 20103,20030 20102,20140 30118,20178 30257,20183 20031,20052 20101,20248 20109,20180 30256,20077 20078,20051 20026,20055|20183,20101 20208,20103 20140,20055 20126,30252 20127,30118 20207,30256 20248,20031 30194,30250 20190,20186 20129,20079 20051,20106 20058,20080 20027,20180 20030,20102 20078,20052 20077,20109 20178,30257 20026,20076|20208,30194 20178,20127 20140,20183 20058,30257 20207,20186 30118,20076 20190,20078 20106,20077 20101,20126 20027,20103 20180,20026 20079,20030 20129,30256 20055,20248 20031,20051 30252,20080 20052,20102 30250,20109|20077,20027 20102,20078 20051,20026 20052,30250 20186,20178 30257,20101 20079,20106 30194,20129 20030,30118 20183,20058 20103,20207 20055,20127 20076,20126 20248,20208 20109,30252 20080,20031 20180,20140 30256,20190|20190,20207 20051,20109 20076,20055 20129,20103 20248,20126 20101,20079 20208,20180 20183,20080 30118,20106 30250,20140 20102,20178 30252,20052 20077,30257 20186,20030 30194,20058 20027,20127 20078,20031 20026,30256|20109,20026 20055,20101 20126,20183 20031,20208 20140,30252 20080,20102 20180,20129 20079,30250 20127,20078 20178,20248 20052,20076 20030,20077 20103,20186 20058,20190 20106,30194 20207,20027 30257,30118 30256,20051
20211,20196 30258,30117 20193,20209 20052,20127 20106,20053 20080,20027 20083,20060 20607,20031 20026,20179 30249,20077 20248,20078 20037,20101 20129,20079 20128,30257 20102,20140 20051,20181 20190,20103 20182,20108|20127,20026 20027,20193 20077,20051 30117,20083 20209,30249 30257,20211 20053,20248 20196,20607 20031,20182 20060,20128 20101,20080 20179,30258 20140,20190 20079,20102 20181,20106 20108,20129 20078,20052 20103,20037|20026,20108 20103,20248 20051,20027 20060,20607 30258,20080 20196,20037 20179,20127 20129,20182 20031,20079 20193,20128 30249,20053 20140,20077 20106,20078 20101,20190 20102,20211 30117,30257 20083,20209 20052,20181|20080,20179 30257,20103 20051,20106 20181,20140 20607,20182 20037,20211 20127,20031 20079,20193 20026,20060 20108,20196 20027,20101 20248,20052 20190,20083 20078,30117 20128,20077 20209,20129 20053,30258 30249,20102|20037,20248 20102,20083 20182,20101 20193,20051 20129,30257 30258,20052 20053,20026 20027,20607 20179,20031 20077,20181 20140,20196 20127,30249 20106,30117 20103,20078 20108,20080 20211,20079 20209,20060 20128,20190|20080,20037 20077,30258 20182,20179 20211,20140 20101,20051 20181,20129 20248,20209 30257,20108 20079,20106 20060,20027 30117,20026 20078,20128 20052,30249 20190,20053 20083,20127 20031,20103 20607,20102 20196,20193|20052,20037 20027,20077 20140,20051 20060,30257 20607,20211 20193,20182 20179,20181 20053,20080 20078,20129 20103,30258 20031,30249 20128,20026 20209,20106 20083,20108 20190,30117 20101,20196 20248,20079 20102,20127|20108,20140 20079,20607 20196,20027 30249,20179 30258,20101 20026,20102 20106,20128 20211,20078 20127,20053 20129,20103 20080,20052 30117,20248 20181,20193 20051,20209 20037,20083 20182,20060 30257,20190 20077,20031
20108,30253 20126,20198 20128,20057 20186,20085 20248,20183 20207,20077 20101,20078 30117,20194 20027,20109 20030,20052 20029,20195 20051,20102 20178,30254 20026,20131 20607,20055 20127,20080 30258,20129 20189,20053|20080,20607 30254,20101 20129,20030 20198,20207 20102,20128 30253,20186 20195,20189 20055,20248 20109,30117 20057,20108 20085,20127 20194,20051 20183,20027 20052,20178 20078,20029 20077,20026 20131,30258 20053,20126|20102,20053 20051,20127 30117,20026 20052,20128 20085,20129 20055,20195 30258,20108 30253,20198 20029,20101 20183,20178 20080,20131 20126,20077 20057,20189 20607,20109 20186,30254 20078,20027 20248,20194 20207,20030|20077,20186 20207,30253 20027,20129 20026,20080 20198,20085 20029,20183 20108,20248 20194,20128 20030,20607 20053,30117 20178,20055 30254,20195 20126,20051 20127,20102 20109,20189 30258,20052 20101,20057 20131,20078|20178,20029 20186,20109 20101,20183 20051,20085 30254,20057 20195,20127 20077,30258 20053,20080 20189,20207 20030,20126 20052,20131 30117,20248 30253,20027 20055,20026 20129,20108 20128,20078 20198,20102 20607,20194|20078,20055 20194,30258 20026,20101 20195,20178 20127,20053 20189,20607 20128,30254 20080,20051 20108,20030 20027,20207 20131,20029 20248,20052 20102,30117 20183,20077 20057,20198 20085,30253 20129,20186 20109,20126|20102,20026 20109,20128 20030,20194 20101,20195 20027,20248 20108,20127 20198,20183 20053,20186 20207,20131 20055,20077 20178,20078 20126,20189 30254,20080 30258,30117 20607,20129 20029,20052 20051,30253 20085,20057|30117,20607 20186,20051 20248,20102 20078,30254 20026,30258 20052,20101 20077,20108 20128,20029 20189,20030 20127,20207 20194,20053 20080,20198 20183,20085 20131,20055 20057,20027 20195,20126 20129,20178 30253,20109
20178,20106 20026,20193 20180,30255 20052,20039 30118,20028 20076,20129 20101,20126 30258,20080 20051,30251 20053,20209 20198,20057 30254,20027 20078,20102 20133,20190 20103,20195 20248,20128 20183,20140 20077,20030|20195,20051 30255,20198 20106,30118 20193,20053 20039,20133 20030,20178 20028,20103 20140,20076 20080,20248 30251,20026 20128,20077 20027,20101 20126,20052 20057,20183 20102,30254 20209,20078 20129,20180 20190,30258|20103,20209 20129,30251 20101,20053 20077,20039 30254,30255 20133,20051 20178,20140 20080,20195 20028,20076 30258,20193 20190,20106 20052,20102 20078,30118 20248,20057 20126,20026 20030,20128 20183,20198 20180,20027|20193,20195 20053,20178 20051,20030 30251,20052 20077,30258 20102,20028 20026,20180 20106,20126 20039,20080 20078,20129 20076,20190 20209,20140 20128,20057 20103,20183 30255,20248 30254,20133 20027,20198 30118,20101|20190,20030 20126,30258 20183,20078 20133,20028 20052,20193 20128,30254 20027,20080 20180,20077 20248,20026 20198,20178 20057,20103 30251,20039 20129,20102 20140,30118 20195,20209 20051,20076 20106,20053 20101,30255|20102,20133 20080,20101 20178,30251 20076,20027 20057,30254 30118,20190 30255,20183 20026,20106 20053,20126 20209,20129 20030,20103 20193,20078 30258,20180 20028,20052 20140,20248 20198,20128 20195,20077 20039,20051|20039,30255 20183,20028 20080,20128 30118,30254 20133,20198 20190,20053 20209,30251 20102,20027 20248,20195 20180,20052 20076,20193 20129,20106 20051,20140 20178,20126 20026,20078 30258,20103 20101,20077 20030,20057|20126,20039 20198,20102 20028,20178 20140,20101 20078,20190 30255,20030 20106,20183 20027,20248 20103,20051 30251,30118 20193,20129 20057,20180 20195,30258 20053,20080 20077,20209 30254,20076 20128,20026 20052,20133
20077,30253 20189,20204 20195,20198 20129,20078 20102,20190 20101,20178 20053,20184 20055,20248 20131,20076 30117,30257 20182,20051 20029,20058 20080,20028 20103,20037 20208,30256 20128,20027 20127,20026 20126,20109|20178,20208 20248,20128 20078,20103 30257,20101 20076,20029 30256,20053 20027,20126 20204,20182 20051,20131 20037,20129 20198,20055 30253,20102 20109,20080 20184,20189 20026,30117 20190,20195 20058,20127 20028,20077|20182,20208 20127,20204 20076,20102 20077,20101 20184,20027 20109,20198 20131,20053 30257,20195 30117,20058 20128,20190 20126,30256 20129,20189 20080,20103 20178,20037 20055,20078 20248,20026 30253,20029 20051,20028|20126,20184 20190,20131 20189,20029 20195,20129 20208,20109 20198,20128 20078,20053 30117,20127 20058,20178 20101,20248 20102,20027 20026,20080 30256,30253 20103,20051 20077,20037 20204,20076 20028,30257 20182,20055|20204,30117 30256,20080 20027,30257 20055,20077 20131,20102 20078,20127 20053,20198 20248,20182 20029,20178 20026,20058 20028,20126 20076,20195 20129,20208 20190,20103 20109,20051 20189,20101 30253,20184 20037,20128|20102,20077 20198,20026 20178,20189 20029,20078 20195,20028 20127,20055 20053,20109 20103,30253 20101,20129 20080,20131 20051,20204 20128,20076 20058,20126 20037,30117 20208,20248 30257,20190 20184,30256 20027,20182|20126,20102 30257,20077 20101,20128 20248,30117 20198,20204 20189,20058 20076,20053 20129,20029 30253,20178 20195,20131 20184,20028 20190,20037 20208,20027 30256,20078 20182,20080 20127,20109 20103,20055 20051,20026|20037,20189 20078,20195 20026,20101 20058,20190 20055,30257 20204,20103 20131,30253 20027,20076 20077,20248 20128,30256 30117,20051 20029,20127 20178,20126 20053,20129 20109,20184 20102,20198 20080,20208 20028,20182
20127,20037 20182,20026 20198,20077 20027,30258 20080,20052 20126,20109 20140,20083 30251,20030 20103,20207 20189,20055 20102,20076 20186,30117 20180,20051 20053,30195 20178,20081 20101,20204 30249,20129 20039,20190|30195,20140 20077,30251 20076,20178 20051,30249 20129,20180 20037,20198 20081,20189 20190,20053 30258,20080 30117,20102 20204,20039 20026,20101 20052,20182 20083,20127 20109,20186 20055,20126 20030,20103 20207,20027|20102,20051 30117,20052 30249,30258 20182,20204 20039,20077 20178,20103 20109,20083 20127,20081 20129,20026 20140,20027 30195,20101 20037,20189 20126,20030 20180,20055 20198,20207 20186,20076 20190,20080 30251,20053|20076,20101 20204,20140 20052,20081 20103,20027 30249,20190 20051,30195 20186,20030 20083,20180 20077,20109 20189,20102 20026,30117 20207,20037 20178,20198 20055,20127 30258,30251 20053,20129 20080,20182 20039,20126|20053,20198 20026,20083 20101,20140 20103,20182 20076,20039 20109,20129 20037,20080 20077,30195 20052,30249 20190,20180 20081,20051 20126,20186 20030,20178 20027,20102 20204,30117 20207,20189 20055,30251 20127,30258|20129,20039 20102,20055 20101,20077 20051,20126 20027,20052 20083,20053 20189,20204 20198,20186 30258,20026 20080,20103 20180,20109 30195,20207 30117,30249 20140,20190 30251,20178 20030,20127 20182,20076 20081,20037|20178,20127 20076,20140 20207,20180 20198,20101 20039,30117 20129,20190 20083,20027 20026,20081 20186,20052 20080,30249 20103,20053 20051,20037 20077,20030 20182,20055 20189,20109 20204,20126 30258,30195 20102,30251|30251,20083 20190,20103 20126,20198 30117,20076 20127,20051 20053,20077 20101,20129 20027,20080 20037,20102 20030,20189 20055,20186 20081,30258 20109,20207 20140,20178 20180,20204 30249,20182 30195,20039 20052,20026
20129,20607 20186,20128 20051,20039 30249,20204 20181,20140 20076,20030 20189,30256 20101,20052 20178,20026 20078,20029 20109,20127 20053,20249 20079,20060 20211,20184 20250,20196 20102,20080 20248,20103 20058,20028|20128,30249 20030,20079 20204,20211 30256,20102 20026,20058 20029,20051 20052,20248 20184,20189 20028,20076 20103,20178 20127,20250 20196,20129 20039,20053 20060,20181 20607,20109 20249,20186 20140,20078 20080,20101|20058,20204 20079,20026 20078,20184 20128,20189 20181,20039 20060,20030 20127,20248 30249,20029 20053,20101 20076,20178 20109,30256 20607,20051 20129,20028 20080,20249 20211,20103 20102,20196 20186,20052 20250,20140|20184,20129 20140,20060 20249,30249 20103,20078 20109,20186 20211,20079 20181,20250 20030,30256 20028,20196 20039,20102 20053,20076 20189,20080 20029,20128 20101,20026 20052,20127 20178,20607 20204,20051 20248,20058|20196,20109 20129,20030 20607,20181 20026,20102 20058,20140 20184,20178 20051,30249 20128,20079 20060,20076 20078,20204 20028,20103 20249,20039 20248,20186 20080,20052 30256,20127 20029,20250 20101,20211 20189,20053|20026,20060 20178,20080 20196,20053 20039,20109 20204,20128 30256,20249 20079,20058 20102,20129 20030,20101 20127,20078 20103,20189 20051,20181 20052,20029 20076,20607 20250,20028 20140,20184 30249,20248 20186,20211|20178,20060 20181,20026 20211,30256 20140,20028 20053,20607 20189,20030 20186,20102 20250,20078 20101,20127 30249,20058 20080,20039 20248,20204 20052,20196 20103,20076 20129,20249 20184,20079 20109,20029 20128,20051|30256,20052 20026,20140 20039,20211 20060,20250 20051,20103 20196,20178 20028,20184 20102,20053 20078,20109 20058,20129 20029,20248 20607,30249 20030,20186 20204,20189 20076,20128 20127,20080 20249,20101 20079,20181
20127,20186 20053,20126 20102,20077 20188,20178 20078,20031 20210,20190 30250,20101 20108,20129 20055,20187 20027,30117 20189,20103 20079,20207 20128,20180 20076,20058 30195,20030 20193,20083 20026,20140 20051,20183|20126,30195 20140,20102 20186,20128 20030,20055 20101,20026 20187,20193 20129,20189 30117,30250 20077,20210 20103,20078 20058,20188 20178,20127 20031,20051 20180,20027 20190,20079 20083,20108 20207,20053 20183,20076|20187,20183 20027,20101 20031,20077 20126,30250 20076,20026 20128,20078 20058,20129 20188,20102 20127,30117 20180,20108 20083,20055 20207,20103 20190,20051 20178,20079 20193,20030 20186,20053 20140,20210 30195,20189|20183,20140 30195,20083 20101,20193 20030,20178 20078,20190 30117,20129 20103,20058 30250,20187 20055,20026 20053,20180 20102,20186 20189,20031 20077,20128 20051,20188 20079,20027 20076,20127 20108,20126 20210,20207|20207,20188 20055,20076 30117,20058 20126,20027 20077,20101 20180,20210 20108,20178 20193,20189 20183,20103 20186,20078 20053,20140 20083,20102 20030,20128 20026,20127 20031,20190 20129,30250 20079,30195 20187,20051|20102,20187 20078,20030 20178,30117 20189,20055 20027,20108 20188,20076 20129,20183 20058,20186 20103,20180 20190,20193 20101,20053 20051,20079 20140,20077 30250,30195 20026,20207 20128,20031 20127,20083 20210,20126|20193,20180 30117,20026 20055,20190 20083,20207 20076,20187 20178,20078 20102,20126 20188,20186 20210,20031 20027,20189 20079,20183 30250,20077 20140,20058 20128,30195 20053,20108 20101,20129 20127,20030 20051,20103|20031,20188 20183,20193 20126,20083 20078,20210 20030,20051 20186,30250 20129,20027 20103,20076 20058,20101 20026,20102 20207,20128 20189,30117 20108,20079 20190,20127 20187,20140 30195,20178 20077,20053 20180,20055
30249,20030 20102,20248 30195,20052 20182,20026 20076,20128 20193,30259 30258,20039 20083,20109 30253,20078 20127,20055 20028,20077 20101,30256 20179,20186 20126,20189 20129,20194 20108,20058 20031,20053 20060,20211|20248,20060 30256,20193 20039,20127 20030,20179 20055,20102 20186,20101 20109,30195 20058,20028 20189,30249 20053,30258 20077,20129 20211,20031 20078,20126 20052,20182 30259,20076 20128,20108 20194,20083 20026,30253|20060,20108 20083,20102 20076,20030 30256,20127 20248,20194 20126,20028 20031,30258 20189,20053 20193,20101 20077,20182 20078,20039 30253,20128 20129,20058 30259,20055 20186,20109 20179,30249 20211,30195 20026,20052|20194,20026 30258,30253 20058,20186 20128,20248 20031,20101 20052,30259 20127,20108 20030,20129 20179,20077 20039,20211 30195,30256 20109,20076 20182,20193 30249,20060 20028,20078 20053,20083 20126,20102 20055,20189|20189,20129 30256,20058 20127,20193 20101,20077 20060,20126 20211,20179 20108,20194 20052,20076 30259,20028 20102,20078 20186,30253 30195,20030 20053,20248 20055,20031 20182,20128 20026,20083 30249,30258 20109,20039|20083,20055 20108,20026 20193,20053 20101,20060 20028,20179 20030,20109 20248,20127 20194,30256 20039,20052 20076,20186 30258,20126 20102,20211 20058,30249 20128,30259 30253,20189 20078,30195 20129,20182 20077,20031|20186,30195 20193,20108 30256,20248 30253,20211 20076,30258 20127,20026 20031,20083 30259,20194 20182,20055 20058,20126 20128,20030 30249,20109 20053,20078 20052,20077 20028,20060 20129,20101 20179,20102 20189,20039|20078,30259 20101,20127 20030,20053 30195,20058 20026,20076 20060,20186 20102,20031 20194,20052 20039,20128 20108,20189 30258,20182 20109,30256 20055,20179 20126,30249 20211,20129 20083,30253 20248,20028 20077,20193
20195,30252 20126,30257 20250,20101 20076,30118 20077,20103 20188,20210 20108,20026 20039,20109 20030,20058 20127,20183 20189,20052 20178,20190 20129,20051 20080,20607 20078,20055 20027,20208 20181,20028 20140,20053|20183,20140 20190,20188 20051,20126 20210,20178 20052,20080 20055,20108 20101,20078 30257,20189 20607,20039 20053,20030 20026,20129 20109,20250 20208,20195 20028,20076 30252,20077 20103,20027 20058,20181 30118,20127|20039,20190 20077,30257 30118,20126 20607,20178 20027,20053 20108,20080 20188,20058 20189,20183 20181,20210 20109,20051 20055,20129 20103,30252 20078,20026 20028,20208 20140,20250 20052,20195 20030,20127 20076,20101|20183,20030 20129,20080 20190,20058 30252,20053 20101,20189 30257,20027 20126,20108 20195,20607 20127,20078 20140,20077 20181,20055 20250,20052 20051,20028 20208,20076 20026,30118 20178,20103 20210,20109 20039,20188|20027,20077 20195,20030 20188,20051 20607,20026 20190,20109 20103,20076 30257,30118 20250,20028 20055,20140 20126,20181 20052,20078 20183,20108 20208,20129 20053,20189 20178,20039 20058,20101 20080,20210 20127,30252|20026,20183 20129,20190 20189,20126 20028,20052 20101,20178 20077,20181 20108,20195 20051,20607 20080,20027 30118,20250 20058,20208 20030,20103 20076,20039 20078,20188 20210,20140 30252,30257 20109,20055 20053,20127|20103,20052 20250,20188 30257,20080 30252,20078 20030,20210 20051,20195 20183,20178 30118,20055 20028,20126 20076,20053 20108,20189 20208,20181 20109,20077 20039,20129 20127,20058 20027,20101 20026,20140 20607,20190|20210,20026 20178,20208 20077,20127 20190,20051 20126,20030 20188,20108 20189,30118 20140,20103 20080,20028 20055,30252 20101,20039 20129,20250 20078,20109 20195,20183 20052,20607 20058,20076 20181,20027 20053,30257
20181,20058 20103,20250 20128,20026 20129,20080 20055,30195 20101,20085 30255,20248 20051,20140 30256,20106 20078,20179 20109,20079 30254,20210 20195,30117 20127,20194 20102,20037 20030,30118 30194,20126 20027,20052|20140,20055 30117,20101 20210,20078 20080,20102 30195,20051 30118,20127 20250,20129 20052,20128 20106,20181 20037,30255 20085,20195 20179,30254 20079,30256 20248,20109 20058,20030 20026,30194 20194,20103 20126,20027|20194,30256 30194,30254 20140,20026 20027,20103 20129,20248 20101,20195 20109,20179 20051,20030 20085,20052 30195,20250 20128,20106 20126,20058 30117,20080 20037,20078 20055,30118 20102,30255 20181,20210 20079,20127|30254,20026 20103,20051 20058,20109 20195,20140 20106,20080 20179,20079 20030,20128 30255,20129 20101,20127 30194,20085 30118,20126 30256,20052 20078,30195 20055,20037 20210,20194 20248,30117 20250,20181 20027,20102|20030,20129 20127,20058 20051,30117 20126,20055 20140,20194 20052,20179 30255,20079 20085,20027 20080,20195 20128,30254 20102,30256 20181,20101 20026,20210 20106,30118 20103,30195 20250,20037 20078,20109 20248,30194|30254,30255 20127,30194 20210,20128 30195,20140 20079,20101 20129,20078 30256,20027 20080,20055 20058,20085 30118,20248 30117,20250 20026,20106 20052,20181 20109,20126 20037,20103 20194,20102 20179,20030 20195,20051|30255,30256 20085,20127 20030,20181 20250,20179 20109,20052 20058,30117 20129,30254 20078,20026 20051,20079 20055,20102 20037,20210 30118,20195 30194,20106 20140,20103 20101,20126 20027,20194 20128,20248 30195,20080|20102,20051 30117,30194 20026,20101 20080,20037 20179,20055 20248,20030 20103,20128 30256,30118 20127,20027 20181,30255 20194,30195 30254,20058 20079,20140 20106,20129 20195,20109 20052,20078 20126,20250 20210,20085
20128,20039 20057,20248 20031,20189 20027,20106 20051,30256 20607,20085 20052,20126 20078,30117 20026,20180 20193,20076 20080,20108 20053,20195 20103,30250 20029,20178 20181,20079 20127,20102 20129,30257 20183,20198|20198,20026 30256,20031 20106,20051 30250,20127 20079,20607 20076,20029 20195,20078 20126,20080 20102,20027 30257,20103 20248,20181 20085,20052 30117,20129 20178,20193 20189,20053 20180,20128 20039,20183 20108,20057|20128,20198 20039,20126 20183,20106 20031,20129 20180,30250 30256,20248 20051,20079 20127,20085 20178,20080 20076,20195 20078,20057 30257,30117 20026,20108 20103,20189 20029,20053 20193,20027 20102,20052 20181,20607|20189,20026 20128,20053 20027,20051 20195,20178 20198,30257 20106,20248 20607,20193 20127,20076 20181,20102 20078,20039 20079,20180 20085,20031 20129,20183 20080,30256 20057,20103 30117,20108 20126,20029 20052,30250|20102,20193 30250,30256 20052,20127 20126,20198 20076,20181 20607,20129 30257,20039 20248,20051 20053,20183 20079,20031 20080,20027 20178,20085 20195,20106 20057,30117 20108,20078 20180,20029 20103,20026 20189,20128|30256,20102 20039,20080 20129,20103 20026,20181 20031,20127 30250,20189 20183,20057 20053,20076 20029,20078 20051,20126 20198,20052 30117,20180 20193,20195 20108,20128 20106,20079 20248,20178 20085,30257 20027,20607|20181,20180 20183,20029 20198,20079 20189,30256 20103,20031 20039,20178 20127,30117 20193,20053 20607,20108 20027,20195 20128,20026 20106,30250 30257,20057 20080,20052 20078,20102 20126,20248 20051,20085 20129,20076|20052,20189 20029,20127 30250,20051 20026,20129 20079,20103 20076,20106 30117,20181 20180,20607 20057,20080 20053,20078 20248,20039 20085,20027 20195,20183 20178,20126 20102,20128 30256,20198 20031,30257 20108,20193
20080,20052 20211,20128 20248,20133 20178,20077 20182,20193 20030,20051 20081,20108 30251,30254 20102,20607 20027,20101 20076,20127 20058,20131 30259,20195 20210,20053 20126,20109 20190,20026 30256,30249 20129,20029|20193,30256 20026,20126 20051,20182 20052,30259 30254,20210 20077,20129 20053,20102 20029,20211 30249,20190 20127,20030 20128,20081 20195,30251 20607,20178 20101,20058 20131,20248 20109,20076 20108,20080 20133,20027|20109,30254 20133,20053 20051,20127 20182,20131 20211,20607 20248,30256 20026,20193 20128,20210 20080,20102 20030,20108 20052,20081 20027,20195 20076,20101 20178,20190 20129,30259 20058,20029 20077,30249 30251,20126|20102,20027 20108,20133 30254,20058 30249,20127 20053,20607 30259,20182 30251,20077 20081,20248 20029,20128 20211,20026 20195,20101 20178,20129 20193,20051 20131,20109 30256,20080 20126,20030 20210,20076 20190,20052|20129,20076 20182,20030 20029,20178 20026,20133 20080,20128 20101,20210 20127,20077 20053,30249 30254,20102 20248,20051 30259,20109 20108,30256 20058,20193 20190,30251 20052,20126 20081,20027 20607,20195 20131,20211|20210,20211 20126,20190 30249,20129 20128,20182 20133,30254 20076,30259 20101,20248 20127,20178 20607,20029 20027,20080 20193,20108 20077,20058 20030,20053 30256,20131 20109,20026 20102,20081 20051,30251 20195,20052|20058,20109 20210,20029 30259,20030 20129,20052 20248,20076 20190,20127 20102,30249 20126,30254 20182,20108 30256,20027 20080,20195 20053,20128 20077,20607 20193,20133 20131,20101 20051,20026 20081,20211 30251,20178|20101,20129 20108,20126 20133,20080 20607,20058 20030,30256 20109,20053 20211,30259 20178,20210 20076,20190 20027,20131 20195,20081 30249,20193 30254,20248 20128,20051 20127,30251 20052,20182 20029,20102 20026,20077
20051,30259 20029,20077 20058,20180 20055,20181 20039,20106 20128,20210 20052,20109 20101,20080 30250,30258 20194,20078 20248,20076 20053,20198 20204,20030 20126,20026 20211,30255 20129,20102 20027,20127 20190,20187|20187,20211 20030,20190 20102,20051 30259,20204 20106,30250 20077,20053 20109,20027 30255,20194 20080,20029 20180,20129 20181,20126 20026,20101 30258,20052 20198,20248 20078,20058 20127,20039 20210,20055 20076,20128|30259,20181 20052,20211 20055,30258 30255,20058 20106,20127 20248,20051 30250,20029 20198,20101 20030,20078 20128,20180 20204,20053 20129,20076 20080,20187 20026,20194 20027,20126 20190,20039 20210,20102 20077,20109|20101,20027 20029,20129 20102,20198 20076,20181 20058,20026 20078,20106 20187,30259 30258,20210 20109,20055 20126,20211 20180,20248 20194,20077 20051,20030 30250,20190 20204,30255 20039,20052 20128,20080 20053,20127|20078,20129 20106,20030 20053,20190 20029,20248 20198,30250 20039,30258 20109,20076 30259,20027 20211,20055 20080,20126 20058,20210 20181,20194 20077,20102 30255,20026 20187,20128 20101,20052 20127,20051 20180,20204|20076,20198 20126,20204 20026,20077 20051,20039 30258,20080 20102,20029 20052,30259 20181,20058 20055,20106 20127,30255 20211,20078 20027,20053 20194,20180 20190,20101 20248,30250 20030,20128 20210,20109 20129,20187|20039,20078 20051,20180 20198,20127 20190,20052 20210,20187 20248,20053 20055,20030 20102,20181 20027,30255 20076,20101 20080,20058 20029,20194 30250,20126 20106,20211 30258,20129 20128,20026 20109,30259 20077,20204|20181,20077 20078,20210 20058,20128 20030,30250 20187,20051 20194,20198 20101,30258 20052,20027 30255,20106 20211,20029 20180,20080 20053,20102 20129,20055 20126,20109 30259,20039 20204,20076 20026,20248 20127,20190
20051,20102 20249,20031 20248,20026 30256,20039 20182,20196 20207,30249 20128,30195 30255,20186 20108,20140 20103,20028 20055,20078 20127,20178 20052,20126 20106,20129 20080,20194 20083,30117 20190,20076 20027,20058|20129,20207 20076,20103 30195,20248 20028,20055 20126,20108 20039,20249 20031,20051 20078,20106 30117,20128 20102,20027 20178,30256 20140,20190 20186,20083 20058,20182 20196,20080 30249,30255 20026,20052 20194,20127|20078,30195 20026,30117 20108,20083 20186,20249 20039,20248 20055,30255 20080,20058 20127,20051 20207,20028 20106,20190 20140,20103 20128,30256 20027,20129 20102,30249 20052,20031 20196,20178 20126,20182 20194,20076|20027,30255 20249,20194 20207,20140 20058,20039 20083,20126 30117,20055 20051,20196 20076,20052 20080,20026 20103,20127 20178,20108 30195,20102 30256,20248 20182,20106 30249,20078 20031,20186 20129,20190 20028,20128|20028,20078 20129,20080 20106,20207 20058,30256 20182,20055 20128,20102 20248,20108 20103,20186 30255,20083 20051,20140 20194,20196 30117,20249 20039,20127 20052,30195 20126,20026 20076,30249 20031,20178 20190,20027|20140,20028 20248,20052 20026,20103 20108,20027 20196,20129 20249,20182 30195,20080 20178,20058 20055,20128 20078,20126 30256,20207 20083,20039 20127,20076 30249,20106 30255,30117 20186,20051 20102,20031 20190,20194|30195,20178 20027,20083 20078,20249 30249,20190 20126,30256 20102,20055 20080,20106 20186,20058 20127,20248 20026,20128 20031,20076 20028,20196 20051,20039 20052,20207 20103,20194 20108,30255 20182,20129 20140,30117|20194,20052 20207,20103 20055,20140 20190,20186 20178,20126 20106,20031 20249,20051 20076,20028 30255,20102 30117,20027 20058,20127 20128,20080 20248,30249 20083,20182 20196,30195 20129,20078 30256,20026 20039,20108
20183,20106 20198,20081 30258,20053 20126,20184 20208,20026 20076,20127 20209,20128 20051,20085 20031,20077 20060,20078 20102,20189 20103,20179 20058,20030 20029,20248 20129,20211 20207,20178 20101,30195 30249,20037|20248,20031 20106,20209 20184,20208 20127,20060 20078,20102 20030,20198 30195,20103 20026,20051 20179,20183 20053,20129 20085,20126 20128,30249 20189,20207 20211,30258 20037,20076 20077,20029 20081,20058 20178,20101|20211,20102 20101,20077 20128,20078 20209,20030 20183,20085 20029,20179 20129,20060 20208,30249 20103,20126 20248,20053 20076,20178 20189,20026 20207,20031 20037,20081 20198,20106 20058,20127 30258,20051 30195,20184|30249,20248 20178,20209 20127,20207 20081,20211 20102,20029 20060,20198 20103,20128 20129,20037 20051,20101 20053,30195 20184,20085 20126,20031 20106,20026 20078,20058 20179,20189 20077,30258 20183,20030 20208,20076|20058,20189 20127,20183 20211,20029 20102,20129 20198,20179 20207,20184 20106,20037 20081,20051 20085,20128 20053,20076 20101,20208 20031,30195 20026,20209 20126,30258 20178,20077 20030,20103 20078,30249 20060,20248|20031,20198 20248,20102 20026,20081 20029,20103 30195,20178 20184,20101 20128,20058 20030,20053 20085,20060 20076,20129 30249,20207 20189,20106 30258,20127 20051,20183 20037,20211 20077,20126 20179,20078 20209,20208|20211,20060 20207,20129 20078,20106 20101,20030 20081,20183 20076,20189 30258,20198 20184,20029 20127,20102 20208,30195 20126,20026 20128,20031 30249,20103 20037,20051 20209,20085 20178,20058 20077,20053 20248,20179|20198,20126 20189,20081 20060,20037 20030,20127 20031,20101 20179,20211 20085,30258 20102,20178 20106,20184 20026,20076 20051,20207 20053,30249 20103,20248 20129,20078 20183,20208 30195,20077 20058,20209 20029,20128
20109,20030 20106,20055 20027,20129 20128,20077 30254,20060 20182,20076 20039,30195 20051,20180 20026,20189 30255,20208 20029,20186 20193,30252 20127,20058 20053,20195 20126,20248 20079,20371 20101,30117 30256,20081|20186,20051 20076,20106 20248,30256 20180,20027 20081,20109 30117,20193 30195,30254 30252,30255 20030,20128 20195,20182 20208,20079 20189,20126 20129,20053 20058,20029 20371,20127 20060,20026 20077,20101 20055,20039|20077,20039 20051,30195 20182,20030 20127,30256 20026,20195 20109,20079 20128,20029 20180,30254 20186,30252 20126,30255 20058,20371 20081,20248 20101,20060 20129,20193 20106,20027 30117,20076 20208,20053 20055,20189|30252,20127 20051,20029 30255,20077 20109,20189 20039,20208 30195,20079 20076,20186 20053,20248 20101,20081 20182,20180 20193,20058 20195,30117 20026,20371 30256,20129 20060,20128 20030,20055 20126,20106 20027,30254|30252,20128 20129,20109 20029,20208 30117,20030 20195,20126 20053,20106 20371,20076 20248,20101 20060,20182 30254,30256 20127,20027 20055,20193 20058,30195 20180,20039 20186,20081 20189,20077 20079,20026 30255,20051|20371,20060 20248,20055 30195,20186 20076,20051 30256,20195 20106,30255 20030,20127 20189,20058 20027,20182 20128,20180 20208,20101 20039,20129 20079,20053 30254,20026 20193,20109 20081,30252 20029,20126 20077,30117|20109,30254 30255,20189 20182,20053 20129,20051 20077,20058 20208,20180 30252,20248 20106,20128 20055,20127 20126,20026 20101,20030 20186,20060 20193,20029 20195,20371 20027,20079 30117,30195 20076,30256 20039,20081|20026,20101 20248,20109 20060,30117 20081,20126 20058,30255 20053,20027 20189,20208 20079,20195 30256,20186 20371,20193 20029,20076 20128,20182 20030,30252 30254,20106 30195,20129 20180,20055 20051,20039 20127,20077
20031,20184 30252,20248 20210,30251 20180,20190 20060,20078 20128,20058 30259,20183 20129,20182 20211,20103 20131,20052 20051,20102 20101,20080 30257,20195 20077,20108 20026,20127 20126,20189 20076,20030 20053,20027|20030,30259 20027,20126 20184,30252 20108,20053 20103,20210 30251,20077 20182,20128 20127,20101 20195,20211 20058,20031 20052,30257 20190,20076 20080,20129 20102,20131 20183,20051 20078,20026 20248,20180 20189,20060|20051,20195 20248,20053 20210,20102 20027,20183 20184,20026 20189,20129 20077,20126 20076,30251 30257,20127 20190,20058 20101,20030 20078,20031 30252,30259 20180,20080 20052,20108 20211,20128 20060,20182 20131,20103|20211,20058 20195,20030 20126,20184 20031,20248 20182,20189 20129,20077 20103,20060 30259,20052 20101,30252 20108,20078 20128,20027 20102,20076 20080,20131 20026,20051 20053,20190 20183,20180 20127,20210 30251,30257|20077,20190 30257,20060 20183,20189 30252,20078 20058,20131 20108,20127 20052,20248 20053,20080 30259,20184 20180,20210 20030,20129 20126,20101 20103,20027 20051,20182 20026,20211 20102,30251 20195,20076 20031,20128|20027,20180 20248,20126 20190,20102 20129,20026 20184,20108 20080,30252 20127,20031 20128,30257 20189,20195 20131,20211 20060,20077 20030,20103 30251,20051 20210,20053 20076,20183 20182,30259 20078,20052 20058,20101|20052,20030 20027,20058 20051,20077 20053,30251 20080,20103 20248,20127 20180,20126 20026,20190 20131,20183 20060,20210 20031,20102 20108,20211 20128,20076 30259,20101 30252,20129 20184,20189 20078,30257 20195,20182|20126,20108 20103,20128 20182,20026 20183,20080 20076,20052 20030,20053 20129,20195 20077,30259 20189,20051 20190,20184 20058,30252 20210,20031 20127,20060 20102,20078 20211,20180 30251,20131 30257,20027 20101,20248
20102,20057 20208,20055 20196,20081 20183,20028 30256,20103 20193,20027 20195,20133 20039,30249 20207,20129 20211,20127 20188,20026 20076,20184 20053,20128 20080,20248 20178,20078 20126,20051 20052,20371 20189,20106|20055,30256 20027,20052 20129,20039 20371,20196 20057,20189 20081,20126 20106,20211 20103,20188 30249,20178 20133,20053 20026,20208 20128,20080 20127,20193 20051,20102 20078,20195 20028,20207 20184,20183 20248,20076|20028,20053 20129,20055 20184,20193 20208,20051 20178,20052 20128,20057 20196,20078 20026,20076 30256,20039 20027,30249 20126,20248 20080,20127 20207,20183 20211,20371 20133,20081 20195,20102 20188,20106 20103,20189|20078,20133 20127,20026 20055,20184 20076,20103 20371,20027 20102,20129 20081,20052 20106,20183 20053,20248 20207,30256 20057,20080 20189,20208 20193,20028 30249,20126 20196,20188 20211,20195 20039,20128 20051,20178|20184,20178 20126,30256 20128,20026 20076,20371 20103,20127 20051,20207 30249,20080 20081,20195 20078,20106 20055,20028 20248,20057 20053,20196 20129,20027 20183,20208 20039,20189 20052,20188 20133,20102 20193,20211|20106,20051 30256,20193 20208,30249 20195,20128 20178,20207 20026,20078 20057,20126 20189,20055 20248,20211 20028,20076 20371,20081 20127,20184 20183,20129 20188,20053 20080,20039 20052,20133 20027,20103 20102,20196|20189,20026 20128,20193 20057,20195 20196,20184 20371,20178 30256,20052 20055,20027 20081,20106 20051,20183 20129,20211 20207,20248 20039,20102 20133,30249 20127,20028 20053,20103 20078,20126 20080,20188 20208,20076|20106,20133 20193,20189 20178,20039 20076,30256 20026,20053 20126,20371 20184,20051 20188,20208 30249,20196 20027,20081 20052,20127 20183,20055 20211,20057 20103,20128 20248,20129 20028,20078 20102,20080 20195,20207
20060,20190 20209,20204 20081,20102 20026,20129 20058,20196 20106,30250 30257,20077 20126,20030 20371,20039 20057,20078 20052,20133 20109,20127 20183,20076 20027,30194 20189,20051 20186,20178 20128,30251 20211,20607|20196,30257 20039,20081 20102,20052 20078,20058 20030,20189 20178,20026 20076,20371 30194,20126 20204,20027 20190,20183 20127,20060 20607,20209 30251,20109 20129,20057 20077,20106 20051,20128 30250,20186 20133,20211|20081,20058 20128,20057 20211,20127 30250,20371 20078,30251 20026,20196 30257,20051 20076,20190 20060,20030 20133,20102 20077,20204 30194,20106 20039,20129 20109,20209 20178,20052 20183,20027 20126,20607 20189,20186|20129,20076 20052,20081 20102,20026 20060,30194 20209,20039 20186,20109 20051,20211 30257,20057 20183,20133 20607,20077 20189,20128 30251,30250 20190,20126 20371,20196 20058,20027 20030,20204 20127,20178 20106,20078|30194,20058 20211,20183 20204,20081 20057,20607 20052,20127 20371,20186 30251,20189 20190,30257 20129,20051 20196,20060 20026,20109 20133,20039 20076,20178 20030,20106 20102,20209 20128,20077 20027,20078 20126,30250|20051,20102 20027,20133 20607,20129 20039,20211 20078,20126 20081,30257 30250,20030 20106,20060 20209,20190 20077,20052 20178,20128 20109,20183 20058,20189 20196,20076 20057,30251 20186,20026 20204,30194 20127,20371|30194,20196 20127,20027 20052,30250 20607,20058 20081,20109 20076,20051 20211,30251 20077,20030 20371,20126 20133,20060 20189,20204 20129,30257 20106,20128 20186,20057 20026,20190 20078,20183 20178,20209 20102,20039|20027,20081 20109,20189 20039,20607 30251,20102 20060,20076 20196,20078 20209,20129 20183,30194 20057,20106 20190,20052 30250,20211 20204,20133 20128,20026 20058,20371 20126,20077 30257,20178 20030,20127 20051,20186
20108,20128 20085,20029 20188,20127 20060,20129 30117,20198 20027,30254 20080,20109 20195,20079 20078,20607 20053,20102 20077,20039 30195,20051 20250,20193 20101,20179 20248,20183 20207,20028 20058,20030 20126,20190|20028,20195 30254,20207 20179,20250 20129,20027 20607,20101 20029,30195 20190,20078 20183,20077 20079,20053 20030,20060 20198,20058 20193,20108 20102,20085 20051,30117 20109,20188 20128,20248 20039,20126 20127,20080|20028,20079 20080,30195 20102,20030 20179,20039 20248,20027 20077,20101 20127,20607 20108,30254 20085,20058 20078,20195 20060,20193 20029,20128 20250,20109 20129,20053 20198,20183 20190,30117 20188,20051 20126,20207|20193,20190 30254,20129 20058,20080 20060,20127 20109,20028 20030,20188 20039,20079 20183,20102 20250,20027 20128,20198 20195,20179 20101,20078 30195,20248 30117,20126 20607,20108 20053,20077 20051,20029 20207,20085|20183,20193 20028,20060 20030,20129 20607,20053 20077,20127 20080,20250 20198,30254 20079,20108 20188,30117 20058,20190 30195,20109 20085,20128 20101,20248 20207,20195 20179,20029 20051,20039 20078,20126 20027,20102|20126,20051 20195,20030 20027,20058 20127,20207 20109,20078 30254,20077 20053,30195 20079,20179 20129,20198 20128,20183 20248,20060 20193,20188 30117,20080 20102,20250 20108,20085 20190,20028 20039,20607 20029,20101|20195,20060 20127,20030 20129,20109 20126,20079 20077,30117 20248,20179 20108,20051 20058,20188 20128,20027 20085,30254 20080,20029 20190,20039 20250,20607 20101,20183 20193,20102 20053,20198 30195,20207 20078,20028|20183,20058 20207,20101 20607,20195 20029,20193 20198,20078 20179,20128 20188,20248 20060,20085 20030,20080 20079,20129 20051,20127 20109,20190 20039,20250 30254,20053 20027,20108 30117,30195 20102,20077 20028,20126
20053,20030 20211,20189 20106,20083 20607,20060 30259,20182 20027,20193 20102,30250 20209,20127 20190,20101 30257,20140 20051,30249 30258,20058 20108,20129 20029,20126 20078,20055 20076,20109 20250,20026 20080,20178|30249,20250 20060,30259 20026,30258 20182,20607 30250,20051 20129,20211 20101,20209 20178,20106 20127,20108 20109,20078 20055,20080 20058,30257 20193,20190 20030,20076 20126,20053 20140,20102 20083,20029 20189,20027|20055,20126 20030,20101 20211,30250 20083,20140 20178,20209 20109,30259 20127,20189 20190,30257 20193,30249 20076,20250 20058,20106 20129,20029 30258,20607 20078,20027 20060,20026 20108,20053 20182,20051 20080,20102|20106,20182 20189,20055 20102,20083 20029,20190 20101,20080 20053,20127 30249,20060 20140,20058 30250,20109 30257,20108 20209,20211 20607,20129 20250,20178 20051,20030 30259,20076 20027,20126 20026,20078 30258,20193|20083,20211 30257,20030 20051,20108 20193,20029 20129,20182 20607,30249 20250,30259 20080,20058 20209,20055 20027,20140 20053,30258 20101,20060 20126,20102 20190,20076 20189,30250 20109,20127 20026,20106 20178,20078|20211,20080 30250,20053 20182,20083 20030,20250 20126,20109 30249,20101 20060,20178 20106,20209 20029,30258 20127,20026 20058,20607 20108,20193 30259,20129 20076,20027 20140,20189 20102,20051 20055,20190 20078,30257|20129,20026 20076,20060 20127,30250 20607,20108 20250,20083 20140,20193 20053,20182 30249,20106 20029,20080 20109,20055 20211,20126 20058,20101 20102,20190 20030,20189 20209,20027 30259,30257 30258,20078 20051,20178|20189,20109 20190,20053 20055,20211 20178,20140 20193,20102 20108,20076 20080,30249 20182,20250 20083,20051 20101,20129 20026,20607 20078,20127 30250,20209 20027,20058 30257,30258 20060,20029 20106,20030 20126,30259
30252,20126 20030,20131 20101,20183 20085,20026 20128,20106 20051,20190 20204,30249 20103,20179 20028,20078 20193,20077 20208,30258 20027,20248 20102,20058 30250,20186 30194,20052 20029,20080 20127,20211 20057,20081|20179,20208 20106,20085 20211,30252 20248,20057 20183,30194 30249,20128 20080,20103 30258,20193 20126,20028 20052,20102 20058,20101 20190,20204 20026,20051 20131,20027 20078,20029 20077,20127 20186,20030 20081,30250|20077,30252 20051,20106 20057,20131 20126,20211 20186,20058 20029,20052 30250,20028 20081,20026 20103,20030 20128,20027 20193,20101 30258,20078 20183,20190 20179,20080 30194,20204 20208,20085 20127,20102 30249,20248|20131,20208 20127,20179 30252,20057 20106,20126 20029,30258 20190,20103 20078,30194 20193,20058 20027,20077 20211,20051 20028,20183 20030,20081 20026,20128 20052,20186 20204,20102 20085,20248 20101,30250 20080,30249|20126,20026 20101,20078 20131,20077 20204,20183 20102,20027 30249,20103 20186,20029 30250,20030 20190,20085 20052,20179 20058,20211 20208,20106 20081,20128 20051,20193 30252,20127 20057,30258 20248,30194 20080,20028|20058,30250 20085,20193 20102,30249 20103,20127 20030,20204 20027,20101 20026,30252 20248,20126 20179,20190 20028,20208 30194,20029 20128,20057 20106,20081 20078,20052 20077,20186 20183,20051 30258,20131 20211,20080|20208,20027 30258,20081 20030,20102 20028,20058 20101,20085 20051,20126 20080,20248 20211,20190 20057,20078 20103,20186 30249,30194 20106,20204 20183,20077 20127,20029 20179,20026 30252,30250 20131,20052 20128,20193|20058,20183 20081,20131 30194,20051 20077,20030 20029,20101 20204,20211 20186,30249 20102,20080 20052,20106 20190,20127 20085,20128 20126,20208 20027,30258 20248,20028 20078,20103 30250,20179 20026,20057 20193,30252
20080,20108 20189,20129 20211,30258 20183,20109 20053,20039 20178,20126 30254,20058 20051,20248 20077,20194 20076,20101 30257,20078 20027,30250 20127,30251 20052,20030 20133,30253 20037,30117 30195,20106 20128,20102|20101,30195 20248,20211 20039,30254 20108,20037 30250,20051 20058,30257 30253,20128 20078,20052 20129,20183 20106,20189 30251,20076 20126,20027 30258,20178 20102,20077 20109,20080 20194,20053 20030,20127 30117,20133|20080,30257 30195,20194 20183,20052 20133,20076 30117,20129 30251,20101 20037,20126 20108,20078 20128,20077 20030,20106 20189,30258 20248,20058 20211,20039 20127,20051 30254,20109 30253,20027 20102,20053 20178,30250|20109,20133 30195,20053 20101,20128 20027,20108 30257,30251 30254,20127 20058,20189 20078,20039 20051,20102 20106,30253 20183,30117 20077,20030 30250,20248 20129,20080 20076,20178 20037,20052 30258,20126 20194,20211|20109,20051 20039,20129 20194,20030 20058,20128 20211,20189 20076,30250 20027,20078 20102,30258 20127,20037 20077,20106 20178,20248 30253,30195 30117,20080 20101,30257 20052,20133 20126,30254 20108,20183 20053,30251|20129,20101 20248,20102 20078,30253 20128,20211 20106,20127 20080,20027 20189,20183 20039,20058 20133,30195 30257,20108 20051,20076 30250,20077 20030,30117 20052,30254 20126,20109 30251,20194 30258,20037 20053,20178|30257,20052 20058,20101 20127,20189 20027,20178 20128,20248 20051,20211 30250,30253 20030,20133 20080,30195 20037,20076 20109,30251 20106,20039 20183,20078 20108,30258 20129,20194 20102,20126 20077,20053 30117,30254|20248,20108 20053,20027 30195,20127 30254,30250 20178,20077 20076,20128 20194,20106 20039,20109 20052,20080 20101,20030 20078,20129 30251,20183 30253,30257 20211,20102 20133,20051 30258,30117 20189,20037 20126,20058
30250,20076 20031,20078 30251,20193 20051,20371 20030,20126 20102,20190 20109,20058 20209,20250 20129,20028 20080,20127 20211,20077 20128,20181 20052,20081 20108,20029 20103,20053 20178,20183 30258,20607 20194,20180|20028,20103 20607,30251 20077,20109 20029,30250 20053,20030 20190,20052 20127,20031 20076,20108 20193,20178 20371,20211 20058,30258 20181,20194 20126,20102 20081,20128 20078,20051 20250,20129 20183,20080 20180,20209|20031,20077 20076,20250 20607,20058 20078,20109 20183,20081 30258,20080 20051,20194 20371,20028 20127,20029 20126,20052 20211,20103 30250,20181 20129,20193 30251,20108 20190,20180 20209,20128 20053,20178 20102,20030|20181,20076 20029,20129 20080,20371 20058,20077 20030,20607 20180,20109 20081,20053 20103,20078 20193,20126 20052,20031 20102,20183 30250,30251 20108,20178 20250,20028 30258,20051 20209,20190 20194,20127 20128,20211|20077,20102 20607,20051 20211,20081 20053,20108 20183,20126 20178,20209 20181,20371 20076,20129 20103,30251 20030,30258 20127,20058 20031,20194 20250,30250 20180,20029 20190,20078 20028,20052 20080,20193 20109,20128|20371,20607 20194,20053 20193,20031 20028,20076 20128,20183 20078,20180 20051,20127 20178,20190 20108,20209 30251,20030 20129,20103 20058,20181 20081,20250 20126,20211 20052,20102 20109,30250 20077,30258 20029,20080|20031,20190 20127,20209 30251,20058 20607,20109 20103,20128 20211,30258 20080,20028 20194,20183 20051,20108 20030,20077 20078,20181 20180,20371 20126,20076 20029,20178 20129,20081 20053,30250 20102,20250 20052,20193|20058,20103 20250,20052 20028,30251 20108,20031 20209,20102 20193,20211 20081,20029 20076,20607 30258,20194 20181,20126 20371,20129 20183,20180 30250,20078 20178,20127 20190,20080 20109,20030 20128,20051 20077,20053
20183,20081 20027,20178 20078,20126 20103,20180 30250,20189 20030,20079 20101,20060 20248,20053 20058,20108 20077,20129 20026,20210 20080,20055 20193,30117 20102,20194 20140,20209 20051,20190 30257,30195 20127,20029|20079,20051 30195,20183 20180,20058 20053,20103 20108,30257 20060,20140 20055,20248 20209,20102 20210,20027 20190,20127 20178,20030 20129,20080 20189,20193 20081,20026 30117,20101 20029,20078 20126,20077 20194,30250|30250,20209 20060,20079 20140,20051 20248,20126 20189,20101 20077,20178 20058,20078 20053,20129 20127,20103 20180,20210 20194,20055 20027,20081 20102,20029 20193,20026 20080,20108 30195,20030 20183,20190 30117,30257|20081,20209 20101,30250 20178,20140 20078,20248 20210,20129 30257,20180 20183,20126 20030,20053 20029,30117 20027,20189 20102,20026 20190,20194 20051,20108 20079,30195 20080,20193 20127,20060 20103,20058 20055,20077|20210,20053 20209,20194 20026,30195 20108,20027 20055,30250 20060,20180 20051,20102 20101,20078 30257,20103 20029,20058 20077,20030 20126,30117 20189,20080 20129,20248 20081,20127 20140,20190 20178,20193 20079,20183|20129,20102 30250,20051 20053,20189 30195,20178 20030,20101 20248,20081 20193,20183 20108,20140 20078,30257 20194,20029 20026,20080 30117,20079 20126,20055 20103,20027 20190,20060 20180,20127 20058,20210 20209,20077|20080,20101 20079,20180 20055,20102 20078,20127 20053,30257 20060,20026 20193,20190 20058,30195 20178,20108 20194,20126 20027,20051 20140,20029 20103,20129 30250,20081 20030,20209 20248,30117 20183,20210 20077,20189|20209,20248 20180,20078 20129,30250 20108,20079 20189,20058 20126,20030 20127,20194 30195,20055 20190,20027 30117,20060 20102,20140 20029,20077 20081,20053 30257,20080 20210,20178 20051,20193 20101,20183 20026,20103
30194,20196 20194,20126 20190,20076 20029,20078 20102,20080 20052,20101 30252,20184 20178,20127 20108,20248 20027,20128 20131,20181 20103,20058 20607,20051 20026,20060 20031,20195 20077,20211 20028,20249 20030,30254|20248,20030 20195,30194 20080,20031 30254,20028 20211,20190 20126,20052 20051,30252 20060,20131 20058,20027 20128,20077 20196,20029 20181,20108 20101,20178 20076,20102 20249,20103 20078,20607 20127,20194 20184,20026|30254,30252 20077,20028 20027,20051 20103,20029 20078,20249 20195,20030 20184,20248 20607,20190 20128,20101 20131,30194 20181,20058 20026,20102 20060,20196 20052,20211 20076,20127 20031,20126 20108,20080 20178,20194|20190,20052 20058,20178 20102,30194 20028,20128 20080,20060 20029,20131 20027,20181 20194,30254 20108,20030 20607,20195 20051,20031 30252,20211 20249,20076 20196,20026 20127,20184 20101,20248 20103,20078 20126,20077|20060,20029 20058,20077 30194,20108 20131,20103 20178,20078 20190,20194 20030,20126 20211,20249 20080,20196 20195,20128 20102,20027 20028,20607 20026,20127 20248,30254 20076,20052 20181,30252 20051,20101 20184,20031|20030,20190 20127,20051 20211,20080 20029,20108 20078,20026 20194,20607 20128,20058 30252,20102 30254,20131 20031,20076 30194,20027 20077,20181 20248,20060 20101,20028 20126,20103 20052,20184 20196,20178 20249,20195|20080,20027 20131,20028 20128,30194 20051,20184 20060,20126 20026,20211 20103,20196 20249,20181 20195,20052 20178,20248 20127,20029 30252,20077 20190,20102 20058,20607 20194,20031 20078,20108 20101,20030 20076,30254|20211,20101 20030,20076 20031,20190 20126,20195 20027,20194 20077,20026 20184,20249 20102,20131 20248,20080 20052,20127 20181,20078 20196,20058 20607,20128 30194,20060 20029,20178 20108,30252 30254,20051 20028,20103
20129,20080 20194,30117 20058,20026 20190,20103 20127,20078 20195,20053 20030,20076 20109,20193 30256,20179 20207,20128 20181,30194 20031,20371 30259,20101 20039,20051 30251,20126 20057,30258 20029,20077 20108,20189|20179,20194 20051,20195 20078,20207 20101,20127 20026,30256 20193,20190 20126,20108 20077,20030 20053,20031 20189,20109 30194,20057 20103,20039 30117,30259 20080,20181 20371,20029 30258,30251 20128,20058 20076,20129|20194,20039 20181,30251 20193,20129 20031,30258 20077,20057 20109,30194 20026,20128 20127,20179 20195,20076 30117,20053 20058,20190 30259,20371 20126,20029 20080,20101 20051,20078 20030,20103 20207,20189 20108,30256|30194,20051 20109,20029 20078,20101 20179,20108 20128,20080 30251,20058 20190,20077 30256,20031 20039,30117 20057,20030 20076,30259 20053,20193 20194,20207 20103,20126 20189,20129 20195,20026 30258,20181 20371,20127|20128,20195 20029,30259 30258,20109 20030,20179 20058,20194 20127,20039 20031,20076 30117,20078 30256,20051 20101,20193 20129,20181 30251,20077 20126,20189 20103,20053 30194,20207 20057,20080 20190,20371 20108,20026|20181,20128 20076,20108 20101,20057 20189,20058 20193,30256 20026,20190 20053,20126 20080,20194 20371,20195 20039,30251 20029,30117 20051,20109 20129,20030 30259,30258 20078,20031 20179,30194 20207,20103 20077,20127|20181,20101 30117,20108 20103,30258 20058,20076 20195,30259 20078,30194 20051,20371 20031,20126 20039,20128 30256,20057 20179,20029 20026,20129 20077,20207 20194,20030 20080,20109 20127,20190 20053,20189 30251,20193|20371,30117 20029,20051 20126,20194 20190,30256 20128,20103 20193,20127 30259,20080 30194,20039 20030,20058 20076,20053 20109,20031 20129,30251 20101,20026 20057,20181 30258,20078 20207,20195 20189,20179 20108,20077
20109,20080 30194,20249 20027,20057 20078,20030 20083,20179 20102,20128 20126,30254 30251,20248 20129,20101 30250,20060 20052,30255 20055,30195 20076,20051 20127,20190 20195,20077 20031,20106 20181,20039 30118,30258|20057,20031 20051,20127 20030,20129 20190,20052 30254,20076 20249,20195 30195,20083 20080,30250 20101,20126 20248,20109 20128,20027 20077,20102 30258,20078 20179,30118 20106,30194 20039,20055 20060,20181 30255,30251|20179,20106 20181,30118 30194,20039 20190,20102 20195,30195 20109,20060 30254,20030 20031,30255 20076,20128 20077,20057 20127,30251 20055,20101 20126,20083 30250,20051 20078,20249 20080,20129 20052,30258 20248,20027|20051,20195 20039,20126 30255,20128 20102,20078 30251,30254 30118,20109 20060,20076 20055,30194 20181,20248 20057,20127 20129,20179 20106,20190 20052,20030 20083,20101 20249,20080 20027,20077 30258,20031 30195,30250|30195,20129 20128,30118 30250,30194 20039,20083 20031,20127 20060,20249 20190,20195 20080,20181 20109,30251 20248,20057 20077,30254 30255,20055 20101,20076 20106,20078 20027,20051 20126,20052 20030,30258 20179,20102|20195,20126 30258,20181 30254,30250 20249,20055 20083,20031 20127,20109 30118,20190 30194,20052 20078,30195 20102,20060 20129,20039 20076,20248 20057,20179 20030,20106 20128,20077 20101,30255 30251,20027 20051,20080|20027,30194 20055,20106 30118,20127 30254,20057 30251,20083 20129,20181 20076,30258 20249,20101 30195,20060 20052,20077 20109,20030 20190,20080 20051,20248 20179,30255 20078,20031 20039,20195 20126,20102 30250,20128|30194,20129 20080,20039 20030,20055 20101,30250 30255,20126 20031,20249 20102,30118 20128,30195 20181,20051 20057,20190 20106,20076 20077,20109 20083,20052 30258,30251 20195,20179 20248,30254 20060,20078 20127,20027
20026,20208 20101,20184 20190,20057 20180,20055 20183,20128 20204,20078 30256,20102 20027,20186 20108,30194 20129,20060 20081,20178 20029,20103 30249,20030 20058,30257 20053,20189 30117,20126 20077,20131 20371,20080|20184,20190 30194,20204 20102,20029 20208,30117 20080,20058 20126,30256 20189,20081 20131,20053 20030,20101 20078,20108 20186,20077 30257,20129 20128,20180 20055,30249 20178,20026 20060,20371 20103,20027 20057,20183|20053,20078 20030,20204 20027,30194 30249,30257 20108,20077 30117,20183 20186,20126 20102,20190 20208,20103 20029,20081 20128,20057 20080,20055 20129,20026 20189,20178 20371,20184 20180,30256 20058,20101 20060,20131|20126,20077 20053,20208 20108,20030 30249,20128 20078,20131 30257,20371 20055,20101 20026,20102 30117,20189 30194,20029 20129,20180 20184,20058 20057,20186 20204,20060 20103,20081 30256,20178 20183,20027 20190,20080|20128,20108 20186,20204 20131,20029 20080,30256 20183,30249 30194,20053 20190,30257 20126,20103 20189,20055 20180,20027 20060,20026 20208,20184 20101,20129 20030,20058 20178,20057 20081,20371 20077,30117 20102,20078|30257,20186 20101,30117 20058,20183 20029,20208 20184,20180 20371,20126 20103,20189 20178,20080 20057,20129 20077,20102 20078,20030 30256,20190 20131,30194 20081,20060 20204,30249 20027,20128 20055,20108 20026,20053|20128,20078 30117,20180 20129,20371 20060,30256 20102,30257 20103,20178 20184,20027 20208,20081 20029,20053 20108,20186 20030,20057 30194,20101 30249,20131 20183,20189 20204,20077 20080,20026 20058,20190 20126,20055|20186,20060 20053,20128 20178,20208 20131,20030 20189,20102 20078,30249 20371,20204 20101,20080 20077,20029 30257,30194 20081,20129 20026,20183 20180,20108 20027,20126 20057,30117 30256,20058 20190,20103 20055,20184
20030,20102 30253,20058 20026,20101 20127,20204 20128,20031 20052,20178 20028,20180 30251,20080 20078,20106 20076,20057 20103,20027 20248,20051 20195,30117 20129,30195 20109,30252 20181,20211 20187,20126 20190,20077|20101,30251 20126,20103 20077,20052 20106,20028 20204,30253 30195,20190 30117,20181 20051,20026 20080,20128 20057,20248 20178,20127 20211,20195 20102,20078 20180,20187 20031,20109 30252,20129 20027,20076 20058,20030|20181,30195 20248,20080 20031,20126 20076,20101 20077,20026 20103,30253 20178,20058 20028,20051 20106,20027 20187,20057 20078,20204 20128,20211 30251,20180 20195,20127 20109,20190 20129,20102 20052,30117 20030,30252|20127,20058 20190,20052 20101,20129 20027,30195 30253,20211 20028,20076 20102,20031 20051,20195 20187,30251 20080,30117 20204,20248 20109,20030 30252,20178 20026,20181 20128,20103 20180,20106 20057,20078 20126,20077|20080,20106 30117,20030 20180,20128 20026,20127 30251,20103 20204,20027 20248,20195 20077,20028 30253,20051 20181,20101 20058,20129 20057,20031 20211,20190 30252,20078 20102,20178 20076,20187 30195,20109 20126,20052|20051,20109 20178,30253 20190,20204 20027,20180 20078,20128 20129,20080 30195,20126 20031,30251 20058,20181 20052,20076 20106,20187 30117,30252 20030,20248 20103,20028 20101,20057 20127,20077 20211,20026 20195,20102|20180,20101 30251,20052 20126,20211 20077,30253 20031,20248 20078,20030 20109,20127 20195,30195 20128,20178 20076,20129 20028,20181 30252,20204 20102,20187 20026,30117 20051,20190 20103,20058 20080,20027 20106,20057|20178,20103 20052,20102 30253,20031 20030,20080 20027,20126 30117,20077 20181,20128 30195,20180 20057,30251 20190,20026 20058,30252 20101,20051 20187,20028 20129,20195 20204,20076 20127,20078 20248,20106 20211,20109
20182,20058 20193,20129 20194,30258 20108,20028 20128,30195 20189,20051 20101,20027 20079,20026 20102,20031 30117,20055 20037,20249 20106,20126 20083,20053 20210,30194 30249,20190 20080,20178 20103,20077 30255,20127|20055,20108 30195,20182 20178,20083 20058,20210 20126,20080 20249,20101 20127,20079 20053,20189 20077,20102 20028,20128 20031,30255 30194,20193 20129,20103 30258,30117 20027,20194 20051,30249 20190,20037 20026,20106|20128,20077 20127,20058 20027,20102 30195,20080 20101,20083 20129,20190 30117,20194 20108,20037 20182,20106 20026,20051 30194,20053 20028,30258 20031,20103 20189,20079 20193,30255 20126,20055 20249,20210 20178,30249|20190,30194 20101,20053 20055,20129 30255,20189 20210,20028 20077,20031 20051,20108 20083,20106 30258,30195 20037,20127 30249,20249 20058,20026 20079,20193 20080,20128 20102,20178 30117,20027 20103,20126 20194,20182|20108,30117 30258,20079 20194,20083 20031,20182 20126,20210 20051,20129 30195,30255 30249,20026 20080,20101 20193,20077 20127,30194 20053,20102 20055,20178 20106,20190 20027,20128 20037,20058 20103,20249 20189,20028|20249,20080 20083,20027 30194,20103 20190,20055 20079,20108 20128,20051 20053,20193 20058,30195 20106,20194 20028,20126 20102,20127 20077,20189 20178,20101 20182,30117 30255,30249 20026,30258 20210,20031 20129,20037|20051,30195 20108,20129 20031,20080 20026,20189 20182,20103 20127,20101 30117,20128 20194,20126 30255,20037 30249,20106 20249,20178 20193,20058 20083,30194 20190,20027 20079,20055 30258,20102 20028,20053 20077,20210|20055,20249 30195,20127 30194,20108 20106,20079 20129,30117 20126,20026 20058,20077 20027,20182 20128,30249 20101,30255 20189,20194 20178,20190 20037,20083 20080,30258 20210,20051 20053,20031 20102,20193 20103,20028
