id,name,area
1,Álvarez,1
2,Álves,1
3,Antolínez,1
4,Antúñez,1
5,Benítez,1
6,Bermúdez,1
7,Bernal,1
8,Díaz,1
9,Domínguez,1
10,Enríquez,1
11,Estévez,1
12,Fernández,1
13,Flores,1
14,Froilan,1
15,Galíndez,1
16,Gálvez,1
17,González,1
18,Garcia,1
19,Gil,1
20,Giménez,1
21,Godínez,1
22,Gómez,1
23,Güemes,1
24,Gutierres,1
25,Enríquez,1
26,Hernández,1
27,Ibañez,1
28,iniguez,1
29,Jiménez,1
30,Juárez,1
31,Juanes,1
32,Láinez,1
33,López,1
34,Márquez,1
35,Martínez,1
36,Matamoros,1
37,Medel,1
38,Menéndez,1
39,Méndez,1
40,Miguens,1
41,Muñoz,1
42,Nuñes,1
43,Nuñez,1
44,Ordoñez,1
45,Ortiz,1
46,Peláez,1
47,Pérez,1
48,Ramírez,1
49,Rodríguez,1
50,Ruiz,1
51,Sánchez,1
52,Silva,1
53,Suárez,1
54,Valdés,1
55,Vásquez,1
56,Velázquez,1
57,Vélez,1
58,Yagüe,1
59,Isabel,1
60,Aguas,1
61,Agüilar,1
62,Alameda,1
63,Altamirano,1
64,Ángles,1
65,Aragonés,1
66,Aranda,1
67,Arriaga,1
68,Arroyo,1
69,Arrua,1
70,Asturias,1
71,Artigas,1
72,Avellaneda,1
73,Ávila,1
74,Avilés,1
75,Bailen,1
76,Bruto,1
77,Barceló,1
78,Bilbao,1
79,Bonilla,1
80,Bosco,1
81,Cádiz,1
82,Calle,1
83,Cárdenas,1
84,Carpio,1
85,Carranza,1
86,Castañeda,1
87,Catalán,1
88,Cava,1
89,Cepeda,1
90,Celís,1
91,Cervántes,1
92,Cornejo,1
93,Cozar,1
94,Cuellar,1
95,Cuenca,1
96,Davila,1
97,De Frias,1
98,De la Calle,1
99,De la Costa,1
100,De la Cruz,1
101,De la Fuente,1
102,De la Parra,1
103,De la Pena,1
104,De la Plaza,1
105,De la Rivera,1
106,De los Riscos,1
107,De la Rosa,1
108,De la Rua,1
109,De la Sierra,1
110,De la Torre,1
111,De la Vega,1
112,De Lono,1
113,Del Barco,1
114,Del Cabral,1
115,Del Campo,1
116,Del Castillo,1
117,Del Castro,1
118,Del Hoyo,1
119,De Leiva,1
120,Delmonte,1
121,Del Pilar,1
122,Del Pozo,1
123,Del Río,1
124,De Torres,1
125,Del Valle,1
126,Del Villar,1
127,Escobar,1
128,España,1
129,Estrada,1
130,Evia,1
131,Franco,1
132,Frontera,1
133,Fuentes,1
134,Gallego,1
135,Giró,1
136,Hevia,1
137,Huertas,1
138,Islas,1
139,Jerez,1
140,Jaime,1
141,Lagunas,1
142,Linares,1
143,Lono,1
144,Madrid,1
145,Málaga,1
146,Mansilla,1
147,Manzanares,1
148,Manzano,1
149,Mares,1
150,Marín,1
151,Marroquí,1
152,Miranda,1
153,Molina,1
154,Monclús,1
155,Monroy,1
156,Monroe,1
157,Montes,1
158,Montilla,1
159,Morata,1
160,Mendoza,1
161,Nápoles,1
162,Navarra,1
163,Ocana,1
164,Obregón,1
165,Olmos,1
166,Orellana,1
167,Palmar,1
168,Ocampo,1
169,Pineda,1
170,Pozo,1
171,Prado,1
172,PrenafetaPacheco,1
173,Riancho,1
174,Rivadavia,1
175,Rivas,1
176,Sangüesa,1
177,Salazar,1
178,Santander,1
179,Saucedo,1
180,Serrano,1
181,Sevilla,1
182,Silveira,1
183,Soler,1
184,Soria,1
185,Soto,1
186,Tarrago,1
187,Tarragona,1
188,Tabares,1
189,Toledo,1
190,Tormo,1
191,Torquemada,1
192,Torrente,1
193,Taboada,1
194,Torres,1
195,Tortajada,1
196,Troncoso,1
197,Urraca,1
198,Uribe,1
199,Valderrama,1
200,Valdovinos,1
201,Valenzuela,1
202,Valle,1
203,Valpuesta,1
204,Valverde,1
205,Vargas,1
206,Viera,1
207,Villa,1
208,Villalba,1
209,Villanueva,1
210,Villas,1
211,Villena,1
212,Viñas,1
213,Vicoria,1
214,Zamorano,1
215,Cerro,1
216,Colina,1
217,Cuevas,1
218,Herrera,1
219,Lagos,1
220,Alberdi,1
221,Montemayor,1
222,Nieves,1
223,Alcalde,1
224,Alférez,1
225,Ballester,1
226,Batanero,1
227,Barbero,1
228,Botero,1
229,Caballero,1
230,Camarero,1
231,Casanova,1
232,Cantero,1
233,Carpintero,1
234,Carnicero,1
235,Carreiro,1
236,Cabanilla,1
237,Castillero,1
238,Castaña,1
239,Cillero,1
240,Correa,1
241,Escobar,1
242,Exposito,1
243,Escriba,1
244,Ferrer,1
245,Guerrero,1
246,Hidalgo,1
247,Jurado,1
248,Labrador,1
249,Marinero,1
250,Merino,1
251,Mejia,1
252,Molinero,1
253,Ovejero,1
254,Panadero,1
255,Pastor,1
256,Rueda,1
257,Sacristan,1
258,Suetonio,1
259,Sastre,1
260,Sillero,1
261,Soldado,1
262,Trejo,1
263,Tejedor,1
264,Tornero,1
265,Vaquero,1
266,Verdugo,1
267,Guerra,1
268,Zapatero,1
269,Aguado,1
270,Alegre,1
271,Barriga,1
272,Bello,1
273,Blanco,1
274,Bazán,1
275,Brabucón,1
276,Bravo,1
277,Bueno,1
278,Castro,1
279,Cabeza,1
280,Cabezón,1
281,Cabrera,1
282,Calvo,1
283,Cano,1
284,Cejas,1
285,Claro,1
286,Colorado,1
287,Cortés,1
288,Crespo,1
289,Cisneros,1
290,Delgado,1
291,Descalzo,1
292,Gallo,1
293,Garrido,1
294,Gordo,1
295,Grande,1
296,Garrido,1
297,Hermoso,1
298,Hurtado,1
299,Laso,1
300,Leal,1
301,Lozano,1
302,Manso,1
303,Machuca,1
304,Moreno,1
305,Negrete,1
306,Negrón,1
307,Nino,1
308,Pellón,1
309,Pinto,1
310,Prieto,1
311,Redondo,1
312,Rojo,1
313,Rubio,1
314,Sánchez,1
315,Seco,1
316,Sordo,1
317,Aguirre,1
318,Alpuín,1
319,Banon,1
320,Cadena,1
321,Becerra,1
322,Cainzos,1
323,Calderó,1
324,Calderón,1
325,Camaño,1
326,Cascajo,1
327,Centeno,1
328,Farré,1
329,Guzmán,1
330,Galeno,1
331,Guardiola,1
332,Iraola,1
333,Mena,1
334,Olivas,1
335,Ortega,1
336,Osorio,1
337,Penate,1
338,Poveda,1
339,Piñera,1
340,Romero,1
341,Santamaría,1
342,Valladares,1
343,Rivero,1
344,Samuel,1
345,Martin,2
346,Bernard,2
347,Dubois,2
348,Thomas,2
349,Robert,2
350,Richard,2
351,Petit,2
352,Durand,2
353,Leroy,2
354,Moreau,2
355,Laurent,2
356,Lefebvre,2
357,Michel,2
358,Garcia,2
359,David,2
360,Roux,2
361,Vincent,2
362,Fournier,2
363,Morel,2
364,Girard,2
365,Andre,2
366,Lefevre,2
367,Mercier,2
368,Dupont,2
369,Lambert,2
370,Bonnet,2
371,Francois,2
372,Martinez,2
373,Legrand,2
374,Garnier,2
375,Faure,2
376,Rousseau,2
377,Blanc,2
378,Guerin,2
379,Muller,2
380,Henry,2
381,Roussel,2
382,Nicolas,2
383,Perrin,2
384,Paradis,2
385,Garrel,2
386,Grandperret,2
387,Biolay,2
388,Plamondon,2
389,Podalydes,2
390,Reno,2
391,Darmon,2
392,Morin,2
393,Mathieu,2
394,Clement,2
395,Gauthier,2
396,Dumont,2
397,Lopez,2
398,Fontaine,2
399,Chevalier,2
400,Robin,2
401,Masson,2
402,Sanchez,2
403,Gerard,2
404,Nguyen,2
405,Boyer,2
406,Denis,2
407,Lemaire,2
408,Duval,2
409,Joly,2
410,Gautier,2
411,Rossi,3
412,Russo,3
413,Ferrari,3
414,Esposito,3
415,Bianchi,3
416,Romano,3
417,Colombo,3
418,Ricci,3
419,Marino,3
420,Greco,3
421,Bruno,3
422,Gallo,3
423,Conti,3
424,De Luca,3
425,Radulovic,3
426,Basile,3
427,Galanda,3
428,Soragna,3
429,Marconato,3
430,De Pol,3
431,Righetti,3
432,Lamma,3
433,Bulleri,3
434,Graziani,3
435,Capossela,3
436,Celentano,3
437,Ferro,3
438,Tozzi,3
439,Endrigo,3
440,Berte,3
441,Bennato,3
442,Chiacig,3
443,Cittadini,3
444,Costa,3
445,Giordano,3
446,Mancini,3
447,Rizzo,3
448,Lombardi,3
449,Moretti,3
450,Tornatore,3
451,Bounaroti,3
452,Alighieri,3
453,Boccaccio,3
454,Machiavelli,3
455,Bruni,3
456,Buffon,3
457,Amelia,3
458,Grosso,3
459,Inzaghi,3
460,Iaquinta,3
461,Gilardino,3
462,Toni,3
463,Piero,3
464,Perrotta,3
465,Barone,3
466,Camoranesi,3
467,Totti,3
468,Gattuso,3
469,De Rossi,3
470,Fleischer,4
471,Muller,4
472,Fischer,4
473,Schneider,4
474,Terenzi,4
475,Schumacher,4
476,Kahn,4
477,Bucker,4
478,Wagner,4
479,Connor,4
480,Schmied,4
481,Richter,4
482,Schulze,4
483,Medlock,4
484,Lehmann,4
485,Meier,4
486,Hofmann,4
487,Wolf,4
488,Huth,4
489,Michael,4
490,Judith,4
491,Andreas,4
492,Peter,4
493,Nikolaus,4
494,Ballack,4
495,Christian,4
496,Clemens,4
497,Martin,4
498,Paul,4
499,Sebastian,4
500,Bierhoff,4
501,Frings,4
502,Bayer,4
503,Schwabe,4
504,Franke,4
505,Nurnberger,4
506,Altenburg,4
507,Auerbach,4
508,Hanke,4
509,Janke,4
510,Lubke,4
511,Adam,4
512,Friedrich,4
513,Gunther,4
514,Jakob,4
515,Konrad,4
516,Lorenz,4
517,Ludwig,4
518,Otto,4
519,Rudolf,4
520,Seifert,4
521,Stefan,4
522,Thomas,4
523,Ulrich,4
524,Walther,4
525,Heinrich,4
526,Smith ,5
527,Brown ,5
528,Wilson ,5
529,Campbell ,5
530,Westwood,5
531,Mcshane,5
532,Delaney,5
533,Stewart ,5
534,Thomson ,5
535,Robertson ,5
536,Anderson ,5
537,Macdonald ,5
538,Reid ,5
539,Murray ,5
540,Taylor ,5
541,Clark ,5
542,Ross ,5
543,Watson ,5
544,Morrison ,5
545,Paterson ,5
546,Young ,5
547,Mitchell ,5
548,Walker ,5
549,Fraser ,5
550,Miller ,5
551,Mcdonald ,5
552,Gray ,5
553,Henderson ,5
554,Hamilton ,5
555,Johnston ,5
556,Duncan ,5
557,Graham ,5
558,Ferguson ,5
559,Kerr ,5
560,Davidson ,5
561,Bell ,5
562,Cameron ,5
563,Kelly ,5
564,Martin ,5
565,Hunter ,5
566,Allan ,5
567,Mackenzie ,5
568,Grant ,5
569,Simpson ,5
570,MacKay ,5
571,Mclean ,5
572,MacLeod ,5
573,Black ,5
574,Russell ,5
575,Marshall ,5
576,Wallace ,5
577,Gibson,5
578,Clark ,5
579,Rodriguez ,5
580,Lewis ,5
581,Lee ,5
582,Hall ,5
583,Hernandez ,5
584,King ,5
585,Wright ,5
586,Lopez ,5
587,Hill ,5
588,Scott ,5
589,Green ,5
590,Adams ,5
591,Baker ,5
592,Gonzalez ,5
593,Nelson ,5
594,Carter ,5
595,Perez ,5
596,Roberts ,5
597,Turner ,5
598,Phillips ,5
599,Campbell ,5
600,Parker ,5
601,Evans ,5
602,Edwards ,5
603,Collins ,5
604,Sanchez ,5
605,Morris ,5
606,Rogers ,5
607,Reed ,5
608,Cook ,5
609,Morgan ,5
610,Murphy ,5
611,Bailey ,5
612,Rivera ,5
613,Cooper ,5
614,Richardson ,5
615,Cox ,5
616,Howard ,5
617,Ward ,5
618,Torres ,5
619,Peterson ,5
620,Ramirez ,5
621,James ,5
622,Brooks ,5
623,Sanders ,5
624,Price ,5
625,Bennett ,5
626,Wood ,5
627,Barnes ,5
628,Coleman ,5
629,Jenkins ,5
630,Perry ,5
631,Powell ,5
632,Long ,5
633,Patterson ,5
634,Hughes ,5
635,Flores ,5
636,Washington ,5
637,Butler ,5
638,Simmons ,5
639,Foster ,5
640,Gonzales ,5
641,Bryant ,5
642,Alexander ,5
643,Griffin ,5
644,Diaz ,5
645,Hayes,5
646,Silva,6
647,Rodrigues,6
648,Oliveira,6
649,Guedes,6
650,Sousa,6
651,Pinto,6
652,Alves,6
653,Paulista,6
654,Mattioni,6
655,Firmino,6
656,Gustavo,6
657,Santana,6
658,Antonio,6
659,Prado,6
660,De Melo,6
661,Novaes,6
662,Moura,6
663,Carlos,6
664,Ribeiro,6
665,Alexandre,6
666,Fabio,6
667,Rafael,6
668,Luiz,6
669,Paulinho,6
670,Diego,6
671,Leal,6
672,Pais,6
673,Mendes,6
674,Vivian,6
675,Castan,6
676,Bastos,6
677,Toloi,6
678,Avelar,6
679,Anderson,6
680,Dias,6
681,Costa,6
682,Santos,6
683,Albertazzi,6
684,Martinho,6
685,Farias,6
686,Luiz,6
687,Wallace,6
688,Felipe,6
689,Sidnei,6
690,Paulao,6
691,Cicinho,6
692,Jonas,6
693,Adriano,6
694,Casemiro,6
695,Miranda,6
696,Affelay,7
697,Maduro,7
698,Braafheid,7
699,Verhaegh,7
700,Dost,7
701,Elia,7
702,van der Vaart,7
703,Huntelaar,7
704,de Jong,7
705,Brouwers,7
706,Robben,7
707,Vorm,7
708,De Guzman,7
709,Tiendalli,7
710,Pieters,7
711,Hooiveld,7
712,Leroy Fer,7
713,Wolfswinkel,7
714,Krul,7
715,Anita,7
716,Persie,7
717,Buttner,7
718,Stekelenburg,7
719,Heitinga,7
720,Ginkel,7
721,Vlaar,7
722,Bacuna,7
723,Strootman,7
724,Emanuelson,7
725,van der Wiel,7
726,Boccara,7
727,Diakhate,8
728,Diop,8
729,Gomis,8
730,Diagne,8
731,Sane,8
732,Diouf,8
733,Cisse,8
734,Faye,8
735,Gueye,8
736,Ba,8
737,Mbaye,8
738,Konate,8
739,Drame,8
740,Bayal,8
741,Coulibaby,8
742,Diallo,8
743,Djilobodji,8
744,Cissokho,8
745,Saivet,8
746,Souare,8
747,Wade,8
748,Camara,8
749,Diawara,8
750,Diaye,8
751,Ciss,8
752,Camara,8
753,Lopy,8
754,Faty,8
755,Sougou,8
756,Seferovic,9
757,Senderos,9
758,Lustenberger,9
759,Hitz,9
760,Benaglio,9
761,Klose,9
762,Rodriguez,9
763,Djourou,9
764,Fernandes,9
765,Mehmedi,9
766,Nikci,9
767,Schwegler,9
768,Barnetta,9
769,Xhaka,9
770,Derdiyok,9
771,Drmic,9
772,Angha,9
773,Shaqiri,9
774,Rossi,9
775,Jakupovic,9
776,Kasami,9
777,Ziegler,9
778,Emeghara,9
779,Rossini,9
780,Inler,9
781,Behrami,9
782,Dzemaili,9
783,Lichtsteiner,9
784,Moubandje,9
785,Modric,10
786,Rakitic,10
787,Perisic,10
788,Olic,10
789,Pavlovic,10
790,Licevic,10
791,Badelj,10
792,Sliskovic,10
793,Lakic,10
794,Mandzukic,10
795,Lovren,10
796,Jelavic,10
797,Petkovic,10
798,Ostrek,10
799,Kelava,10
800,Bubnjic,10
801,Radosevic,10
802,Kovacic,10
803,Vrsaljko,10
804,Rebic,10
805,Livaja,10
806,Jedvaj,10
807,Subasic,10
808,Dehli,11
809,Andersen,11
810,Vestergaard,11
811,Kvist,11
812,Andreasen,11
813,Zimling,11
814,Svensson,11
815,Hojbjerg,11
816,Eriksen,11
817,Sorensen,11
818,Lindegaard,11
819,Agger,11
820,Cornelius,11
821,Okore,11
822,Helenius,11
823,Bendtner,11
824,Kjaer,11
825,Braithwaite,11
826,Alaek,11
827,Wass,11
828,Hansen,11
829,Anderson,12
830,Boka,12
831,Konan,12
832,Djakpa,12
833,Demel,12
834,Bony,12
835,Tiote,12
836,Toure,12
837,Sagbo,12
838,Kone,12
839,Gervinho,12
840,Gradel,12
841,Kalou,12
842,Tiene,12
843,Djedje,12
844,Romaric,12
845,Aurier,12
846,Angoua,12
847,Kone,12
848,Doubai,12
849,Tallo,12
850,Lacen,13
851,Yebda,13
852,Brahimi,13
853,Cadamuro,13
854,Feghouli,13
855,Bentalab,13
856,Guedioura,13
857,Mesbah,13
858,Belfodil,13
859,Ghoulam,13
860,Taider,13
861,Zeffane,13
862,Rouag,13
863,Harek,13
864,Boudebouz,13
865,Kadir,13
866,Medjani,13
867,Mandi,13
868,Ouali,13
869,Mostefa,13
870,Arrache,13
871,Moravek,14
872,Polak,14
873,Selassie,14
874,Jiracek,14
875,Drobny,14
876,Darida,14
877,Pilar,14
878,Krmas,14
879,Pospech,14
880,Kadlec,14
881,Hlousek,14
882,Pekhart,14
883,Vydra,14
884,Celustka,14
885,Cech,14
886,Kalas,14
887,Kozak,14
888,Rosicky,14
889,Rabusic,14
890,Plasil,14
891,Rozehnal,14
892,Boakye,15
893,Fatau,15
894,Boateng,15
895,Adu,15
896,Chibsah,15
897,Duncan,15
898,Badu,15
899,Barusso,15
900,Acquah,15
901,Asamoah,15
902,Cofie,15
903,Obeng,15
904,Essien,15
905,Muntari,15
906,Ayew,15
907,Boye,15
908,Waris,15
909,Ayaw,15
910,Mensah,15
911,Alexopoulos,16
912,Andreadis,16
913,Angelopoulos,16
914,Antoniou,16
915,Antonopoulos,16
916,Apostolou,16
917,Arvanitis,16
918,Athanasiou,16
919,Christodoulou,16
920,Christopoulos,16
921,Constantinides,16
922,Christou,16
923,Constantinou,16
924,Dimitriou,16
925,Demopoulos,16
926,Doukas,16
927,Economides,16
928,Fotopoulos,16
929,Galanos,16
930,Gekas,16
931,Georgiadis,16
932,Georgiou,16
933,Georgopoulos,16
934,Giannopoulos,16
935,Gikas,16
936,Gounaris,16
937,Halkias,16
938,Hatzis,16
939,Ioannou,16
940,Karahalios,16
941,Karalis,16
942,Karras,16
943,Katsaros,16
944,Kefalas,16
945,Kontos,16
946,Kostopoulos,16
947,Kritikos,16
948,Lagos,16
949,Lampros,16
950,Laskaris,16
951,Loukas,16
952,Makos,16
953,Maheras,16
954,Makris,16
955,Mangas,16
956,Maniatis,16
957,Manikas,16
958,Maragos,16
959,Marinos,16
960,Michaelides,16
961,Metaxas,16
962,Milonas,16
963,Moraitis,16
964,Nicolaides,16
965,Nicolaou,16
966,Pagonis,16
967,Panagopoulos,16
968,Papadakis,16
969,Papadopoulos,16
970,Papageorgiou,16
971,Pappas,16
972,Petrakis,16
973,Petrides,16
974,Petropoulos,16
975,Roussos,16
976,Samaras,16
977,Sideris,16
978,Sotiropoulos,16
979,Stathopoulos,16
980,Stavropoulos,16
981,Theodorou,16
982,Vallas,16
983,Vlachos,16
984,Xenos,16
985,Zografos,16
986,thomaidis,16
987,mouratidis,16
988,demertzidis,16
989,koutroulis,16
990,afthinos,16
991,efthimiou,16
992,sakavitis,16
993,savvadakis,16
994,rodakopoulos,16
995,touloumis,16
996,kokkinos,16
997,raptopoulos,16
998,kiroudis,16
999,mavromatis,16
1000,sotirakopoulos,16
1001,adamantiou,16
1002,papoutsis,16
1003,karamanlis,16
1004,papandreou,16
1005,mpantis,16
1006,amparis,16
1007,xenidis,16
1008,Perquis,17
1009,Pawlowski,17
1010,Piszczek,17
1011,Lewandowski,17
1012,Blaszczykowski,17
1013,Polanski,17
1014,Milik,17
1015,Sobiech,17
1016,Boenisch,17
1017,Boruc,17
1018,Szczesny,17
1019,Fabianski,17
1020,Zielinski,17
1021,Glik,17
1022,Wszolek,17
1023,Salamon,17
1024,Skorupski,17
1025,Grosicki,17
1026,Furman,17
1027,Krychowiak,17
1028,Mabashi,18
1029,Mabe,18
1030,Mabuchi,18
1031,Machida,18
1032,Machii,18
1033,Maehata,18
1034,Kaba,18
1035,Kabahara,18
1036,Kabasawa,18
1037,Kabata,18
1038,Jahana,18
1039,Jana,18
1040,Jibiki,18
1041,Jin,18
1042,Jinbe,18
1043,Jinbo,18
1044,Bandai,18
1045,Bando,18
1046,Bannai,18
1047,Banno,18
1048,Bansho,18
1049,Aromdee,19
1050,Atitarn,19
1051,Bunyasarn,19
1052,Chaiprasit,19
1053,Chaisurivirat,19
1054,Jetatikarn,19
1055,Jetjirawat,19
1056,Juntasa,19
1057,Kadesadayurat,19
1058,Kaewburesai,19
1059,Kaouthai,19
1060,Kasamsun,19
1061,Kitjakarn,19
1062,Kongkatitum,19
1063,Kongpaisarn,19
1064,Kongsangchai,19
1065,Kraiputra,19
1066,Kunakorn,19
1067,Kunchai,19
1068,Kurusarttra,19
1069,Leekpai,19
1070,Leelapun,19
1071,Lertkunakorn,19
1072,Maleenon,19
1073,Maneerattana,19
1074,Meesang,19
1075,Narkbunnum,19
1076,Narkhirunkanok,19
1077,Nimitwanitch,19
1078,Ornlamai,19
1079,Paowsong,19
1080,Parnpradub,19
1081,Parnthong,19
1082,Pornpipatpong,19
1083,Prasongsanti,19
1084,Puntasrima,19
1085,Punyawong,19
1086,Rojjanasukchai,19
1087,Rojumanong,19
1088,Saenamuang,19
1089,Sakda,19
1090,Sangsorn,19
1091,Shinawatra,19
1092,Sirisopa,19
1093,Somwan,19
1094,Songprawati,19
1095,Sripituksakul,19
1096,Srisati,19
1097,Sriwarunyu,19
1098,Sukbunsung,19
1099,Suntornnitikul,19
1100,Suppamongkon,19
1101,Suttirat,19
1102,Tawisuwan,19
1103,Thumying,19
1104,Tuntayakul,19
1105,Udomprecha,19
1106,Vipavakit,19
1107,Visalyaputra,19
1108,Wattanapanit,19
1109,Wattanasin,19
1110,Yongjaiyut,19
1111,Yuvaves,19
1112,Silva,28
1113,Santos,28
1114,Souza,28
1115,Oliveira,28
1116,Pereira,28
1117,Lima,28
1118,Carvalho,28
1119,Ferreira,28
1120,Rodrigues ,28
1121,Almeida,28
1122,Costa,28
1123,Gomes,28
1124,Martins,28
1125,Araújo,28
1126,Melo,28
1127,Barbosa,28
1128,Ribeiro,28
1129,Alves,28
1130,Cardoso,28
1131,Schmitz,28
1132,Rocha,28
1133,Correia,28
1134,Dias,28
1135,Teixeira,28
1136,Fernandes,28
1137,Azevedo,28
1138,Cavalcante,28
1139,Montes,28
1140,Morais,28
1141,Gonçalves,28
1142,Fernández,20
1143,Rodríguez,20
1144,González,20
1145,García,20
1146,López,20
1147,Martínez,20
1148,Pérez,20
1149,Álvarez,20
1150,Gómez,20
1151,Sánchez,20
1152,Díaz,20
1153,Vásquez,20
1154,Castro,20
1155,Romero,20
1156,Suárez,20
1157,Blanco,20
1158,Ruiz,20
1159,Alonso,20
1160,Torres,20
1161,Domínguez,20
1162,Gutiérrez,20
1163,Sosa,20
1164,Iglesias,20
1165,Giménez,20
1166,Ramírez,20
1167,Martín,20
1168,Varela,20
1169,Ramos,20
1170,Núnez,20
1171,Rossi,20
1172,Silva,20
1173,Méndez,20
1174,Hernández,20
1175,Flores,20
1176,Pereyra,20
1177,Ferrari,20
1178,Ortiz,20
1179,Medina,20
1180,Benítez,20
1181,Herrera,20
1182,Arias,20
1183,Acosta,20
1184,Moreno,20
1185,Aguirre,20
1186,Otero,20
1187,Cabrera,20
1188,Rey,20
1189,Rojas,20
1190,Vidal,20
1191,Molina,20
1192,Russo,20
1193,Paz,20
1194,Vega,20
1195,Costa,20
1196,Bruno,20
1197,Romano,20
1198,Morales,20
1199,Ríos,20
1200,Miranda,20
1201,Munoz,20
1202,Franco,20
1203,Castillo,20
1204,Campos,20
1205,Bianchi,20
1206,Luna,20
1207,Correa,20
1208,Ferreyra,20
1209,Navarro,20
1210,Quiroga,20
1211,Colombo,20
1212,Cohen,20
1213,Pereyra,20
1214,Vera,20
1215,Lorenzo,20
1216,Gil,20
1217,Santos,20
1218,Delgado,20
1219,Godoy,20
1220,Rivas,20
1221,Rivero,20
1222,Gallo,20
1223,Peralta,20
1224,Soto,20
1225,Figueroa,20
1226,Juárez,20
1227,Marino,20
1228,Ponce,20
1229,Calvo,20
1230,Ibánez,20
1231,Cáceres,20
1232,Carrizo,20
1233,Vargas,20
1234,Mendoza,20
1235,Aguilar,20
1236,Ledesma,20
1237,Guzmán,20
1238,Soria,20
1239,Villalba,20
1240,Prieto,20
1241,Maldonado,20
1242,Rey,21
1243,Rojas,21
1244,Vidal,21
1245,Molina,21
1246,Russo,21
1247,Paz,21
1248,Vega,21
1249,Costa,21
1250,Bruno,21
1251,Romano,21
1252,Morales,21
1253,Ríos,21
1254,Miranda,21
1255,Munoz,21
1256,Franco,21
1257,Castillo,21
1258,Campos,21
1259,Bianchi,21
1260,Luna,21
1261,Correa,21
1262,Ferreyra,21
1263,Navarro,21
1264,Quiroga,21
1265,Colombo,21
1266,Cohen,21
1267,Pereyra,21
1268,Vera,21
1269,Lorenzo,21
1270,Gil,21
1271,Santos,21
1272,Delgado,21
1273,Godoy,21
1274,Rivas,21
1275,Rivero,21
1276,Gallo,21
1277,Peralta,21
1278,Soto,21
1279,Figueroa,21
1280,Juárez,21
1281,Marino,21
1282,Ponce,21
1283,Calvo,21
1284,Ibánez,21
1285,Cáceres,21
1286,Carrizo,21
1287,Vargas,21
1288,Mendoza,21
1289,Aguilar,21
1290,Ledesma,21
1291,Guzmán,21
1292,Soria,21
1293,Villalba,21
1294,Prieto,21
1295,Maldonado,21
1296,Müller,21
1297,Schmidt,21
1298,Schneider,21
1299,Fischer,21
1300,Weber,21
1301,Meyer,21
1302,Wagner,21
1303,Becker,21
1304,Schulz,21
1305,Hoffmann,21
1306,Schäfer,21
1307,Koch,21
1308,Bauer,21
1309,Richter,21
1310,Klein,21
1311,Wolf,21
1312,Schröder,21
1313,Neumann,21
1314,Schwarz,21
1315,Zimmermann,21
1316,Braun,21
1317,Krüger,21
1318,Hofmann,21
1319,Hartmann,21
1320,Lange,21
1321,Schmitt,21
1322,Werner,21
1323,Schmitz,21
1324,Krause,21
1325,Meier,21
1326,Lehmann,21
1327,Schmid,21
1328,Schulze,21
1329,Maier,21
1330,Köhler,21
1331,Herrmann,21
1332,König,21
1333,Walter,21
1334,Mayer,21
1335,Huber,21
1336,Kaiser,21
1337,Fuchs,21
1338,Peters,21
1339,Lang,21
1340,Scholz,21
1341,Möller,21
1342,Weiß,21
1343,Jung,21
1344,Hahn,21
1345,Schubert,21
1346,Vogel,21
1347,Friedrich,21
1348,Keller,21
1349,Günther,21
1350,Müller,22
1351,Schmidt,22
1352,Schneider,22
1353,Fischer,22
1354,Weber,22
1355,Meyer,22
1356,Wagner,22
1357,Becker,22
1358,Schulz,22
1359,Hoffmann,22
1360,Schäfer,22
1361,Koch,22
1362,Bauer,22
1363,Richter,22
1364,Klein,22
1365,Wolf,22
1366,Schröder,22
1367,Neumann,22
1368,Schwarz,22
1369,Zimmermann,22
1370,Braun,22
1371,Krüger,22
1372,Hofmann,22
1373,Hartmann,22
1374,Lange,22
1375,Schmitt,22
1376,Werner,22
1377,Schmitz,22
1378,Krause,22
1379,Meier,22
1380,Lehmann,22
1381,Schmid,22
1382,Schulze,22
1383,Maier,22
1384,Köhler,22
1385,Herrmann,22
1386,König,22
1387,Walter,22
1388,Mayer,22
1389,Huber,22
1390,Kaiser,22
1391,Fuchs,22
1392,Peters,22
1393,Lang,22
1394,Scholz,22
1395,Möller,22
1396,Weiß,22
1397,Jung,22
1398,Hahn,22
1399,Schubert,22
1400,Vogel,22
1401,Friedrich,22
1402,Keller,22
1403,Günther,22
1404,Frank,22
1405,Berger,22
1406,Winkler,22
1407,Roth,22
1408,Beck,22
1409,Lorenz,22
1410,Baumann,22
1411,Franke,22
1412,Albrecht,22
1413,Schuster,22
1414,Simon,22
1415,Ludwig,22
1416,Böhm,22
1417,Winter,22
1418,Kraus,22
1419,Martin,22
1420,Schumacher,22
1421,Krämer,22
1422,Vogt,22
1423,Stein,22
1424,Jäger,22
1425,Otto,22
1426,Sommer,22
1427,Groß,22
1428,Seidel,22
1429,Heinrich,22
1430,Brandt,22
1431,Haas,22
1432,Schreiber,22
1433,Graf,22
1434,Schulte,22
1435,Dietrich,22
1436,Ziegler,22
1437,Kuhn,22
1438,Kühn,22
1439,Pohl,22
1440,Engel,22
1441,Horn,22
1442,Busch,22
1443,Bergmann,22
1444,Thomas,22
1445,Voigt,22
1446,Sauer,22
1447,Arnold,22
1448,Wolff,22
1449,Pfeiffer,22
1450,Gruber,23
1451,Huber,23
1452,Bauer,23
1453,Wagner,23
1454,Müller,23
1455,Pichler,23
1456,Steiner,23
1457,Moser,23
1458,Mayer,23
1459,Hofer,23
1460,Leitner,23
1461,Berger,23
1462,Fuchs,23
1463,Eder,23
1464,Fischer,23
1465,Schmid,23
1466,Winkler,23
1467,Weber,23
1468,Schwarz,23
1469,Maier,23
1470,Schneider,23
1471,Reiter,23
1472,Mayr,23
1473,Schmidt,23
1474,Wimmer,23
1475,Egger,23
1476,Brunner,23
1477,Lang,23
1478,Baumgartner,23
1479,Auer,23
1480,Binder,23
1481,Lechner,23
1482,Wolf,23
1483,Wallner,23
1484,Aigner,23
1485,Ebner,23
1486,Koller,23
1487,Lehner,23
1488,Haas,23
1489,Schuster,23
1490,Heilig,23
1491,Nagy,24
1492,Horváth,24
1493,Kovács,24
1494,Szabó,24
1495,Tóth,24
1496,Varga,24
1497,Kiss,24
1498,Molnár,24
1499,Németh,24
1500,Farkas,24
1501,Balogh,24
1502,Papp,24
1503,Takács,24
1504,Juhász,24
1505,Lakatos,24
1506,Mészáros,24
1507,Oláh,24
1508,Simon,24
1509,Rácz,24
1510,Fekete,24
1511,Bianchi,25
1512,Bernasconi,25
1513,Fontana,25
1514,Crivelli,25
1515,Galli,25
1516,Cereghetti,25
1517,Colombo,25
1518,Rossi,25
1519,Ferrari,25
1520,Cavadini,25
1521,Sante,25
1522,Ravelli,25
1523,Giovanni,25
1524,Piero,25
1525,Müller,25
1526,Meier,25
1527,Schmid,25
1528,Keller,25
1529,Weber,25
1530,Huber,25
1531,Meyer,25
1532,Schneider,25
1533,Steiner,25
1534,Fischer,25
1535,Brunner,25
1536,Baumann,25
1537,Gerber,25
1538,Frei,25
1539,Moser,25
1540,Nowak,26
1541,Kowalski,26
1542,Wiśniewski,26
1543,Wójcik,26
1544,Kowalczyk,26
1545,Kamiński,26
1546,Lewandowski,26
1547,Zieliński,26
1548,Szymański,26
1549,Woźniak,26
1550,Dąbrowski,26
1551,Kozłowski,26
1552,Jankowski,26
1553,Mazur,26
1554,Kwiatkowski,26
1555,Wojciechowski,26
1556,Krawczyk,26
1557,Kaczmarek,26
1558,Piotrowski,26
1559,Grabowski,26
1560,Silva,27
1561,Santos,27
1562,Ferreira,27
1563,Pereira,27
1564,Oliveira,27
1565,Costa,27
1566,Rodrigues,27
1567,Martins,27
1568,Jesus,27
1569,Sousa,27
1570,Fernandes,27
1571,Gonçalves,27
1572,Gomes,27
1573,Lopes,27
1574,Marques,27
1575,Alves,27
1576,Almeida,27
1577,Ribeiro,27
1578,Pinto,27
1579,Carvalho,27
1580,Teixeira,27
1581,Moreira,27
1582,Correia,27
1583,Mendes,27
1584,Nunes,27
1585,Soares,27
1586,Vieira,27
1587,Monteiro,27
1588,Cardoso,27
1589,Rocha,27
1590,Neves,27
1591,Coelho,27
1592,Cruz,27
1593,Cunha,27
1594,Pires,27
1595,Ramos,27
1596,Reis,27
1597,Simões,27
1598,Antunes,27
1599,Matos,27
1600,Fonseca,27
1601,Machado,27
1602,Araújo,27
1603,Barbosa,27
1604,Tavares,27
1605,Lourenço,27
1606,Castro,27
1607,Figueiredo,27
1608,Azevedo,27
1609,Freitas,27
1610,García,29
1611,Fernández,29
1612,González ,29
1613,Rodríguez,29
1614,López,29
1615,Martínez,29
1616,Sánchez,29
1617,Pérez,29
1618,Martín,29
1619,Gómez,29
1620,Ruiz,29
1621,Hernández,29
1622,Jiménez,29
1623,Díaz,29
1624,Álvarez,29
1625,Moreno,29
1626,Munoz,29
1627,Alonso,29
1628,Gutiérrez,29
1629,Romero,29
1630,Navarro,29
1631,Torres,29
1632,Domínguez,29
1633,Gil,29
1634,Vázquez,29
1635,Serrano,29
1636,Ramos,29
1637,Blanco,29
1638,Sanz,29
1639,Castro,29
1640,Suárez,29
1641,Ortega,29
1642,Rubio,29
1643,Molina,29
1644,Delgado,29
1645,Ramírez,29
1646,Morales,29
1647,Ortiz,29
1648,Marín,29
1649,Iglesias,29
1650,González,29
1651,Rodríguez,29
1652,Hernández,29
1653,Pérez,29
1654,García,29
1655,Martín,29
1656,Santana,29
1657,Díaz,29
1658,Suárez,29
1659,Sánchez,29
1660,López,29
1661,Cabrera,29
1662,Ramos,29
1663,Medina,29
1664,Fernández,29
1665,Morales,29
1666,Delgado,29
1667,Marrero,29
1668,León,29
1669,Alonso,29
1670,Herrera,29
1671,Cruz,29
1672,Domínguez,29
1673,Gutiérrez,29
1674,Reyes,29
1675,Torres,29
1676,Alvarez,29
1677,Rivero,29
1678,Armas,29
1679,Trujillo,29
1680,González,30
1681,Munoz,30
1682,Rojas,30
1683,Díaz,30
1684,Pérez,30
1685,Soto,30
1686,Contreras,30
1687,Silva,30
1688,Martínez,30
1689,Sepúlveda,30
1690,Morales,30
1691,Rodríguez,30
1692,López,30
1693,Fuentes,30
1694,Hernández,30
1695,Torres,30
1696,Araya,30
1697,Flores,30
1698,Espinoza,30
1699,Valenzuela,30
1700,Castillo,30
1701,Ramírez,30
1702,Reyes,30
1703,Gutiérrez,30
1704,Castro,30
1705,Vargas,30
1706,Álvarez,30
1707,Vásquez,30
1708,Tapia,30
1709,Fernández,30
1710,Sánchez,30
1711,Carrasco,30
1712,Gómez,30
1713,Cortés,30
1714,Herrera,30
1715,Núnez,30
1716,Jara,30
1717,Vergara,30
1718,Rivera,30
1719,Figueroa,30
1720,Riquelme,30
1721,García,30
1722,Miranda,30
1723,Bravo,30
1724,Vera,30
1725,Molina,30
1726,Vega,30
1727,Campos,30
1728,Sandoval,30
1729,Orellana,30
1730,Zúniga,30
1731,Olivares,30
1732,Alarcón,30
1733,Gallardo,30
1734,Ortiz,30
1735,Garrido,30
1736,Salazar,30
1737,Guzmán,30
1738,Henríquez,30
1739,Saavedra,30
1740,Navarro,30
1741,Aguilera,30
1742,Parra,30
1743,Romero,30
1744,Aravena,30
1745,Pizarro,30
1746,Godoy,30
1747,Pena,30
1748,Cáceres,30
1749,Leiva,30
1750,Escobar,30
1751,Yánez,30
1752,Valdés,30
1753,Vidal,30
1754,Salinas,30
1755,Cárdenas,30
1756,Jiménez,30
1757,Ruiz,30
1758,Lagos,30
1759,Maldonado,30
1760,Bustos,30
1761,Medina,30
1762,Pino,30
1763,Palma,30
1764,Moreno,30
1765,Sanhueza,30
1766,Carvajal,30
1767,Navarrete,30
1768,Sáez,30
1769,Alvarado,30
1770,Donoso,30
1771,Poblete,30
1772,Bustamante,30
1773,Toro,30
1774,Ortega,30
1775,Venegas,30
1776,Guerrero,30
1777,Paredes,30
1778,Farías,30
1779,San Martín,30
1780,Rodriguez,31
1781,Perez,31
1782,Gonzalez,31
1783,Hernandez,31
1784,Garcia,31
1785,Martinez,31
1786,Diaz,31
1787,Fernandez,31
1788,Lopez,31
1789,Alvarez,31
1790,Sanchez,31
1791,Cuba,31
1792,Suarez,31
1793,Torres,31
1794,Gomez,31
1795,Cruz,31
1796,Valdes,31
1797,Reyes,31
1798,Herrera,31
1799,Morales,31
1800,Ramirez,31
1801,Gonzales,31
1802,Ramos,31
1803,Cabrera,31
1804,Alfonso,31
1805,Ruiz,31
1806,Acosta,31
1807,Jimenez,31
1808,Guerra,31
1809,Delgado,31
1810,Leon,31
1811,Vazquez,31
1812,Gutierrez,31
1813,Rivero,31
1814,Alonso,31
1815,Dominguez,31
1816,Castro,31
1817,Romero,31
1818,Castillo,31
1819,Rojas,31
1820,Martin,31
1821,Leyva,31
1822,Marrero,31
1823,Batista,31
1824,Miranda,31
1825,Blanco,31
1826,Nunez,31
1827,Pena,31
1828,Moreno,31
1829,Fuentes,31
1830,Medina,31
1831,Molina,31
1832,Santana,31
1833,Fonseca,31
1834,Espinosa,31
1835,Rodrguez,31
1836,Arias,31
1837,Abreu,31
1838,Mendez,31
1839,Montero,31
1840,Pupo,31
1841,Roque,31
1842,Hernndez,31
1843,Ortiz,31
1844,Iglesias,31
1845,Garca,31
1846,Mesa,31
1847,Zamora,31
1848,Machado,31
1849,Sosa,31
1850,Gil,31
1851,Benitez,31
1852,Lorenzo,31
1853,Ortega,31
1854,Santos,31
1855,Ferrer,31
1856,Vega,31
1857,Hidalgo,31
1858,Velazquez,31
1859,Castellanos,31
1860,Estrada,31
1861,Tamayo,31
1862,Morejon,31
1863,Bravo,31
1864,Mora,31
1865,Rivera,31
1866,Aguilar,31
1867,Silva,31
1868,Soto,31
1869,Padron,31
1870,Borges,31
1871,Caballero,31
1872,Menendez,31
1873,Quintana,31
1874,Aguilera,31
1875,Bermudez,31
1876,Guevara,31
1877,Oliva,31
1878,Avila,31
1879,Marquez,31
1880,Estevez,31
1881,Navarro,31
1882,Guzman,31
1883,Quesada,31
1884,Cardenas,31
1885,Toledo,31
1886,Betancourt,31
1887,Quintero,31
1888,Brito,31
1889,Crespo,31
1890,Chavez,31
1891,Matos,31
1892,Serrano,31
1893,Guerrero,31
1894,Perdomo,31
1895,Vidal,31
1896,Munoz,31
1897,Pedroso,31
1898,Ricardo,31
1899,Linares,31
1900,Naranjo,31
1901,Capote,31
1902,Salazar,31
1903,Rosales,31
1904,Viera,31
1905,Mendoza,31
1906,Martnez,31
1907,Mederos,31
1908,Hechavarria,31
1909,Escalona,31
1910,Santiesteban,31
1911,Montes,31
1912,Llanes,31
1913,Luis,31
1914,Prieto,31
1915,Figueredo,31
1916,Falcon,31
1917,Barrios,31
1918,Paz,31
1919,Cordero,31
1920,Pino,31
1921,Izquierdo,31
1922,Bello,31
1923,Moya,31
1924,Escobar,31
1925,Perera,31
1926,Verdecia,31
1927,Labrada,31
1928,Rivas,31
1929,Bernal,31
1930,Trujillo,31
1931,Carbonell,31
1932,Echevarria,31
1933,Sotolongo,31
1934,Fernndez,31
1935,Smith,31
1936,Duran,31
1937,Vargas,31
1938,Sierra,31
1939,Carballo,31
1940,Arencibia,31
1941,Ojeda,31
1942,Zayas,31
1943,Aguila,31
1944,Otero,31
1945,Aleman,31
1946,Armas,31
1947,Macias,31
1948,Napoles,31
1949,Soler,31
1950,Flores,31
1951,Mena,31
1952,Fundora,31
1953,Snchez,31
1954,Marin,31
1955,Borroto,31
1956,Campos,31
1957,Barrera,31
1958,Pereira,31
1959,Triana,31
1960,Noa,31
1961,Calderon,31
1962,Chacon,31
1963,Infante,31
1964,Lara,31
1965,Rey,31
1966,Duarte,31
1967,Rios,31
1968,Calderín,31
1969,Ponce,31
1970,Salas,31
1971,Carrillo,31
1972,Valle,31
1973,Monteagudo,31
1974,Baez,31
1975,Rosa,31
1976,Lima,31
1977,Zaldivar,31
1978,Figueroa,31
1979,Calvo,31
1980,Martin,32
1981,Durand,32
1982,Bernard,32
1983,Dubois,32
1984,Dupont,32
1985,Michel,32
1986,Petit,32
1987,Thomas,32
1988,Richard,32
1989,Robert,32
1990,Laurent,32
1991,Moreau,32
1992,Nguyen,32
1993,Garcia,32
1994,Simon,32
1995,David,32
1996,Lefebvre,32
1997,Leroy,32
1998,Roux,32
1999,Lambert,32
2000,Bertrand,32
2001,Morel,32
2002,Fournier,32
2003,Vincent,32
2004,Blanc,32
2005,Rousseau,32
2006,Girard,32
2007,Martinez,32
2008,Jean,32
2009,Bonnet,32
2010,Garnier,32
2011,Mercier,32
2012,Legrand,32
2013,Faure,32
2014,Perrin,32
2015,Marie,32
2016,Muller,32
2017,Gauthier,32
2018,Lopez,32
2019,Gautier,32
2020,Cohen,32
2021,Pierre,32
2022,Nicolas,32
2023,Perez,32
2024,Chevalier,32
2025,Fontaine,32
2026,Morin,32
2027,Philippe,32
2028,Duval,32
2029,Boyer,32
2030,Henry,32
2031,Lefevre,32
2032,Francois,32
2033,Mathieu,32
2034,Sanchez,32
2035,Roussel,32
2036,Dumont,32
2037,Meyer,32
2038,Guerin,32
2039,Andre,32
2040,Masson,32
2041,Denis,32
2042,Marchand,32
2043,Levy,32
2044,Robin,32
2045,Dufour,32
2046,Paris,32
2047,Brun,32
2048,Olivier,32
2049,Lemaire,32
2050,Vidal,32
2051,Blanchard,32
2052,Renaud,32
2053,Null,32
2054,Clement,32
2055,Meunier,32
2056,Fabre,32
2057,Roche,32
2058,Joly,32
2059,Arnaud,32
2060,Giraud,32
2061,Gerard,32
2062,Fernandez,32
2063,Lucas,32
2064,Brunet,32
2065,Leroux,32
2066,Barbier,32
2067,Dumas,32
2068,Gaillard,32
2069,Roy,32
2070,Picard,32
2071,da Silva,32
2072,Renard,32
2073,Lacroix,32
2074,Diallo,32
2075,Aubert,32
2076,Roger,32
2077,Rodriguez,32
2078,Colin,32
2079,Noel,32
2080,Schmitt,32
2081,Rolland,32
2082,Leclerc,32
2083,Lemoine,32
2084,Gilbert,32
2085,Louis,32
2086,Dupuis,32
2087,Berger,32
2088,Guillaume,32
2089,Tran,32
2090,Bourgeois,32
2091,Benoit,32
2092,Caron,32
2093,Rey,32
2094,Pereira,32
2095,Gonzalez,32
2096,Daniel,32
2097,Riviere,32
2098,Ferreira,32
2099,Hubert,32
2100,Deschamps,32
2101,Charles,32
2102,Dupuy,32
2103,Leclercq,32
2104,Moulin,32
2105,Baron,32
2106,Pascal,32
2107,Julien,32
2108,Marchal,32
2109,Klein,32
2110,Adam,32
2111,Jacquet,32
2112,Fleury,32
2113,Guillot,32
2114,Gomez,32
2115,Paul,32
2116,Huet,32
2117,Jacques,32
2118,Millet,32
2119,Carpentier,32
2120,Germain,32
2121,Renault,32
2122,Bouvier,32
2123,Leblanc,32
2124,Lecomte,32
2125,Guyot,32
2126,Charpentier,32
2127,Ait,32
2128,Schneider,32
2129,Aubry,32
2130,Bertin,32
2131,Boucher,32
2132,Wang,32
2133,Rodrigues,32
2134,Maillard,32
2135,Langlois,32
2136,Weber,32
2137,Breton,32
2138,Antoine,32
2139,Bailly,32
2140,Royer,32
2141,Perrier,32
2142,Cousin,32
2143,Collet,32
2144,Poirier,32
2145,Lebrun,32
2146,Pons,32
2147,Besson,32
2148,Leger,32
2149,Perrot,32
2150,Li,32
2151,Thierry,32
2152,Pelletier,32
2153,Didier,32
2154,Remy,32
2155,Le,32
2156,Marty,32
2157,Alexandre,32
2158,Costa,32
2159,Martins,32
2160,Hamon,32
2161,Etienne,32
2162,dos Santos,32
2163,Chevallier,32
2164,Fernandes,32
2165,le Gall,32
2166,Herve,32
2167,Mallet,32
2168,Ruiz,32
2169,Jacob,32
2170,Menard,32
2171,Michaud,32
2172,Saint,32
2173,Perret,32
2174,Maman,32
2175,Gillet,32
2176,Chauvin,32
2177,le Roux,32
2178,Vasseur,32
2179,Lamy,32
2180,Smith,33
2181,Brown,33
2182,Tremblay,33
2183,Martin,33
2184,Lee,33
2185,Roy,33
2186,Wilson,33
2187,Gagnon,33
2188,Macdonald,33
2189,Johnson,33
2190,Taylor,33
2191,Campbell,33
2192,Jones,33
2193,Anderson,33
2194,Williams,33
2195,Miller,33
2196,Thompson,33
2197,Cote,33
2198,Wong,33
2199,White,33
2200,Gauthier,33
2201,Leblanc,33
2202,Young,33
2203,Morin,33
2204,Scott,33
2205,Stewart,33
2206,Bouchard,33
2207,Moore,33
2208,Chan,33
2209,Robinson,33
2210,Pelletier,33
2211,Singh,33
2212,Lavoie,33
2213,Li,33
2214,Reid,33
2215,Ross,33
2216,Belanger,33
2217,Levesque,33
2218,Clark,33
2219,Fortin,33
2220,Johnston,33
2221,Walker,33
2222,Thomas,33
2223,King,33
2224,Wang,33
2225,Murphy,33
2226,Wright,33
2227,Murray,33
2228,Mitchell,33
2229,Landry,33
2230,Bergeron,33
2231,Gagne,33
2232,Boucher,33
2233,McDonald,33
2234,Clarke,33
2235,Chen,33
2236,Poirier,33
2237,Richard,33
2238,Davis,33
2239,Kelly,33
2240,Lewis,33
2241,Fraser,33
2242,Graham,33
2243,Jackson,33
2244,Girard,33
2245,Patel,33
2246,Baker,33
2247,Simard,33
2248,Hall,33
2249,Hill,33
2250,Wood,33
2251,Caron,33
2252,Harris,33
2253,Zhang,33
2254,Green,33
2255,Roberts,33
2256,Bell,33
2257,Fournier,33
2258,Beaulieu,33
2259,Nguyen,33
2260,Kennedy,33
2261,Allen,33
2262,Watson,33
2263,Robertson,33
2264,Liu,33
2265,Khan,33
2266,Hamilton,33
2267,Grant,33
2268,Lapointe,33
2269,Adams,33
2270,Ouellet,33
2271,Morrison,33
2272,Evans,33
2273,Cameron,33
2274,Cloutier,33
2275,Kim,33
2276,Lefebvre,33
2277,Armstrong,33
2278,Phillips,33
2279,Turner,33
2280,Peters,33
2281,Edwards,33
2282,Cook,33
2283,Gill,33
2284,Dube,33
2285,Desjardins,33
2286,Nadeau,33
2287,Cooper,33
2288,Ferguson,33
2289,Marshall,33
2290,Michaud,33
2291,Bennett,33
2292,Gray,33
2293,Nelson,33
2294,Simpson,33
2295,Poulin,33
2296,Hebert,33
2297,Collins,33
2298,Cormier,33
2299,St-Pierre,33
2300,McLean,33
2301,Harvey,33
2302,Ward,33
2303,Martel,33
2304,Russell,33
2305,Morris,33
2306,Shaw,33
2307,Boudreau,33
2308,Paquette,33
2309,Parker,33
2310,Couture,33
2311,Bedard,33
2312,Leclerc,33
2313,Lambert,33
2314,Davidson,33
2315,Henderson,33
2316,Hunter,33
2317,Arsenault,33
2318,Lessard,33
2319,Lalonde,33
2320,Grenier,33
2321,James,33
2322,Cyr,33
2323,Gilbert,33
2324,Carter,33
2325,Gallant,33
2326,Walsh,33
2327,Bernier,33
2328,Elliott,33
2329,Harrison,33
2330,Proulx,33
2331,Richardson,33
2332,Mackenzie,33
2333,Foster,33
2334,Blais,33
2335,Lam,33
2336,Gordon,33
2337,Fisher,33
2338,Hughes,33
2339,Dupuis,33
2340,Lemieux,33
2341,Gibson,33
2342,Demers,33
2343,Morgan,33
2344,Friesen,33
2345,Rogers,33
2346,Ryan,33
2347,Lachance,33
2348,Turcotte,33
2349,Wu,33
2350,Beaudoin,33
2351,Patterson,33
2352,Gosselin,33
2353,Bailey,33
2354,Leung,33
2355,Thomson,33
2356,Theriault,33
2357,Tran,33
2358,Black,33
2359,Langlois,33
2360,McLeod,33
2361,Perron,33
2362,Rose,33
2363,Savard,33
2364,Mercier,33
2365,Maclean,33
2366,MacLeod,33
2367,Bernard,33
2368,McKay,33
2369,Davies,33
2370,Mills,33
2371,Thibault,33
2372,Fortier,33
2373,Ng,33
2374,Schmidt,33
2375,Yang,33
2376,Perreault,33
2377,Robert,33
2378,Stevens,33
2379,Villeneuve,33
2380,Peeters,34
2381,Janssens,34
2382,Maes,34
2383,Jacobs,34
2384,Mertens,34
2385,Willems,34
2386,Goossens,34
2387,Wouters,34
2388,Claes,34
2389,Vermeulen,34
2390,Hermans,34
2391,de Smet,34
2392,Pauwels,34
2393,Aerts,34
2394,Martens,34
2395,Michiels,34
2396,Dubois,34
2397,Desmet,34
2398,de Vos,34
2399,Dupont,34
2400,Janssen,34
2401,Smets,34
2402,Claeys,34
2403,van Damme,34
2404,Hendrickx,34
2405,Lambert,34
2406,Stevens,34
2407,van de Velde,34
2408,Devos,34
2409,Coppens,34
2410,Segers,34
2411,de Clercq,34
2412,Lemmens,34
2413,Smet,34
2414,de Backer,34
2415,Wauters,34
2416,Verhoeven,34
2417,van den Broeck,34
2418,Cools,34
2419,Dumont,34
2420,Declercq,34
2421,Timmermans,34
2422,Moens,34
2423,Verstraete,34
2424,Lauwers,34
2425,de Meyer,34
2426,de Smedt,34
2427,Leroy,34
2428,Martin,34
2429,Vandenberghe,34
2430,Verheyen,34
2431,de Wilde,34
2432,de Ridder,34
2433,Vermeiren,34
2434,Baert,34
2435,Lenaerts,34
2436,Jansen,34
2437,Thys,34
2438,Geerts,34
2439,Lambrechts,34
2440,Cornelis,34
2441,de Pauw,34
2442,van den Bossche,34
2443,Bauwens,34
2444,Verbeke,34
2445,Verlinden,34
2446,Bogaert,34
2447,Pieters,34
2448,Bogaerts,34
2449,Leclercq,34
2450,Michel,34
2451,Verschueren,34
2452,Verstraeten,34
2453,Lejeune,34
2454,Denis,34
2455,Bosmans,34
2456,Laurent,34
2457,Petit,34
2458,de Cock,34
2459,De,34
2460,Vandamme,34
2461,Beckers,34
2462,Somers,34
2463,Claessens,34
2464,Verhaeghe,34
2465,Vermeersch,34
2466,Renard,34
2467,Gerard,34
2468,Christiaens,34
2469,Goethals,34
2470,Simon,34
2471,van Dyck,34
2472,Verbruggen,34
2473,Simons,34
2474,Heylen,34
2475,Lemaire,34
2476,Francois,34
2477,Wuyts,34
2478,Lefebvre,34
2479,Thomas,34
2480,Marchal,34
2481,Vos,34
2482,Verbeeck,34
2483,Carlier,34
2484,Callens,34
2485,Verhaegen,34
2486,Bertrand,34
2487,Ceulemans,34
2488,Smeets,34
2489,Thijs,34
2490,Roels,34
2491,Raes,34
2492,Lievens,34
2493,Dierckx,34
2494,Nijs,34
2495,Lefevre,34
2496,Charlier,34
2497,Deprez,34
2498,van Acker,34
2499,D'Hondt,34
2500,Vercruysse,34
2501,Moreau,34
2502,Gielen,34
2503,de Groote,34
2504,Vandevelde,34
2505,Verhelst,34
2506,de Bruyn,34
2507,van Hoof,34
2508,Legrand,34
2509,Matthys,34
2510,de Winter,34
2511,Mortier,34
2512,Nys,34
2513,Delvaux,34
2514,Daems,34
2515,van den Bergh,34
2516,Verhulst,34
2517,de Coninck,34
2518,de Witte,34
2519,van Hecke,34
2520,Fontaine,34
2521,Leemans,34
2522,Vercauteren,34
2523,de Coster,34
2524,Jans,34
2525,Huybrechts,34
2526,de Wit,34
2527,Mathieu,34
2528,Andries,34
2529,Verdonck,34
2530,Vandewalle,34
2531,Meert,34
2532,Swinnen,34
2533,Marien,34
2534,van Hove,34
2535,Deckers,34
2536,Cuypers,34
2537,Smits,34
2538,de Bock,34
2539,de Decker,34
2540,Dierickx,34
2541,Bernard,34
2542,Adam,34
2543,Evrard,34
2544,Declerck,34
2545,Jacques,34
2546,Vercammen,34
2547,Luyten,34
2548,Vanneste,34
2549,Coenen,34
2550,Peters,34
2551,Geens,34
2552,Dewulf,34
2553,van den Berghe,34
2554,de Bruyne,34
2555,Mahieu,34
2556,Vervoort,34
2557,Goris,34
2558,Engels,34
2559,de Keyser,34
2560,Parmentier,34
2561,Meeus,34
2562,de Boeck,34
2563,Engelen,34
2564,Lambrecht,34
2565,de Wolf,34
2566,Vandeputte,34
2567,Verheyden,34
2568,de Clerck,34
2569,Robert,34
2570,Dhondt,34
2571,van Daele,34
2572,Vandendriessche,34
2573,Vermeire,34
2574,Bekaert,34
2575,Houben,34
2576,Herman,34
2577,Moons,34
2578,Luyckx,34
2579,Temmerman,34
2580,Meier,35
2581,Schmid,35
2582,Keller,35
2583,Miller,35
2584,Muller,35
2585,Meyer,35
2586,Weber,35
2587,Schneider,35
2588,Huber,35
2589,Fischer,35
2590,Steiner,35
2591,Mueller,35
2592,Baumann,35
2593,Zimmermann,35
2594,Brunner,35
2595,Gerber,35
2596,Moser,35
2597,Frei,35
2598,Graf,35
2599,Widmer,35
2600,Berger,35
2601,Roth,35
2602,Wyss,35
2603,Martin,35
2604,Suter,35
2605,Bachmann,35
2606,Frey,35
2607,Baumgartner,35
2608,Kaufmann,35
2609,Favre,35
2610,Studer,35
2611,Bucher,35
2612,Kunz,35
2613,Koch,35
2614,Lehmann,35
2615,Peter,35
2616,Hofer,35
2617,Michel,35
2618,Fuchs,35
2619,Maurer,35
2620,Pfister,35
2621,Marti,35
2622,Schmidt,35
2623,Hofmann,35
2624,Kohler,35
2625,Schweizer,35
2626,Vogel,35
2627,Garcia,35
2628,Christen,35
2629,Egli,35
2630,Gasser,35
2631,Furrer,35
2632,Wenger,35
2633,Koller,35
2634,Wagner,35
2635,Rey,35
2636,Schwarz,35
2637,Arnold,35
2638,Egger,35
2639,Hauser,35
2640,Lang,35
2641,Ammann,35
2642,Hess,35
2643,Hartmann,35
2644,Blanc,35
2645,Bernasconi,35
2646,Hug,35
2647,Weiss,35
2648,Leuenberger,35
2649,Sutter,35
2650,Vogt,35
2651,Stalder,35
2652,Rossi,35
2653,Kuhn,35
2654,Tanner,35
2655,Burri,35
2656,Nguyen,35
2657,Rochat,35
2658,Hunziker,35
2659,Senn,35
2660,Perez,35
2661,Wolf,35
2662,Sommer,35
2663,Blaser,35
2664,Rodriguez,35
2665,Lopez,35
2666,Zbinden,35
2667,Seiler,35
2668,Schuler,35
2669,Kaiser,35
2670,Martinez,35
2671,Beck,35
2672,Lüthi,35
2673,Schumacher,35
2674,Pereira,35
2675,Braun,35
2676,Gonzalez,35
2677,Jost,35
2678,Silva,35
2679,Santos,35
2680,Herzog,35
2681,Bieri,35
2682,Ferreira,35
2683,Fernandez,35
2684,Scherrer,35
2685,Hasler,35
2686,Haas,35
2687,Ackermann,35
2688,Smith,35
2689,Staub,35
2690,Zehnder,35
2691,Imhof,35
2692,Schwab,35
2693,Richard,35
2694,Bauer,35
2695,Lutz,35
2696,Schaller,35
2697,Thomas,35
2698,Walter,35
2699,Ernst,35
2700,Mayer,35
2701,Costa,35
2702,Pittet,35
2703,Bianchi,35
2704,Stucki,35
2705,Perret,35
2706,Kessler,35
2707,Haller,35
2708,Weibel,35
2709,Stocker,35
2710,Buhler,35
2711,Schenk,35
2712,Steiger,35
2713,Ziegler,35
2714,Perrin,35
2715,Lee,35
2716,Hofstetter,35
2717,Simon,35
2718,Maier,35
2719,Rohner,35
2720,Bosshard,35
2721,Blum,35
2722,Portmann,35
2723,Scheidegger,35
2724,Dubois,35
2725,Gross,35
2726,Schnyder,35
2727,Giger,35
2728,Brugger,35
2729,Hoffmann,35
2730,Shaqiri,35
2731,Ulrich,35
2732,Sigrist,35
2733,Clerc,35
2734,Ferrari,35
2735,Meister,35
2736,Walther,35
2737,Sieber,35
2738,Gloor,35
2739,Zaugg,35
2740,Ritter,35
2741,Rossier,35
2742,Lichtsteiner,35
2743,Wirth,35
2744,Winkler,35
2745,Krebs,35
2746,Liechti,35
2747,Benz,35
2748,Siegenthaler,35
2749,Knecht,35
2750,Gisler,35
2751,Da Silva,35
2752,Herrmann,35
2753,Eichenberger,35
2754,Sanchez,35
2755,Steffen,35
2756,Ott,35
2757,Jaggi,35
2758,Grob,35
2759,Bolliger,35
2760,Siegrist,35
2761,Stutz,35
2762,Reymond,35
2763,Wild,35
2764,Probst,35
2765,Kuster,35
2766,Tobler,35
2767,Gaillard,35
2768,Locher,35
2769,Maillard,35
2770,Kern,35
2771,Lanz,35
2772,Forster,35
2773,Odermatt,35
2774,Brun,35
2775,Rohrer,35
2776,Merz,35
2777,Stauffer,35
2778,Morel,35
2779,Stettler,35
2780,Rossi,36
2781,Russo,36
2782,Esposito,36
2783,Ferrari,36
2784,Bianchi,36
2785,Romano,36
2786,Colombo,36
2787,Ricci,36
2788,Marino,36
2789,Franco,36
2790,Giordano,36
2791,Greco,36
2792,Gallo,36
2793,Bruno,36
2794,Conti,36
2795,Mancini,36
2796,Rizzo,36
2797,Costa,36
2798,de Luca,36
2799,Lombardi,36
2800,Moretti,36
2801,Ferrara,36
2802,Mariani,36
2803,Fontana,36
2804,Barbieri,36
2805,Leone,36
2806,Santoro,36
2807,Caruso,36
2808,Rinaldi,36
2809,Galli,36
2810,Longo,36
2811,Martini,36
2812,Villa,36
2813,Conte,36
2814,Marini,36
2815,Gentile,36
2816,Serra,36
2817,Sala,36
2818,Vitale,36
2819,Monti,36
2820,Bianco,36
2821,Martinelli,36
2822,Gatti,36
2823,Messina,36
2824,D'Angelo,36
2825,Coppola,36
2826,Ferri,36
2827,Parisi,36
2828,Amato,36
2829,Fiore,36
2830,Lombardo,36
2831,Marchetti,36
2832,Morelli,36
2833,Grassi,36
2834,Null,36
2835,Pellegrini,36
2836,Fabbri,36
2837,Palumbo,36
2838,de Angelis,36
2839,Grasso,36
2840,Ferraro,36
2841,de Santis,36
2842,Testa,36
2843,Riva,36
2844,Farina,36
2845,Mazza,36
2846,Silvestri,36
2847,Valentini,36
2848,Dalla,36
2849,Sanna,36
2850,Rizzi,36
2851,Neri,36
2852,Rossetti,36
2853,Martino,36
2854,Giuliani,36
2855,Cattaneo,36
2856,Benedetti,36
2857,Caputo,36
2858,Basile,36
2859,Barone,36
2860,Orlando,36
2861,Carbone,36
2862,Romeo,36
2863,Castelli,36
2864,Bernardi,36
2865,Palmieri,36
2866,Sorrentino,36
2867,Piras,36
2868,Brambilla,36
2869,Pellegrino,36
2870,Valente,36
2871,D'Amico,36
2872,Bruni,36
2873,Pozzi,36
2874,Poli,36
2875,Battaglia,36
2876,Montanari,36
2877,Bellini,36
2878,Ruggiero,36
2879,Fusco,36
2880,Perrone,36
2881,Catalano,36
2882,Calabrese,36
2883,Pagano,36
2884,Milani,36
2885,Ferro,36
2886,Donati,36
2887,Ferretti,36
2888,de Rosa,36
2889,Spinelli,36
2890,de Simone,36
2891,Vitali,36
2892,Costantini,36
2893,Piazza,36
2894,Monaco,36
2895,Negri,36
2896,Ventura,36
2897,Santini,36
2898,Pace,36
2899,Papa,36
2900,Meloni,36
2901,Bassi,36
2902,Leonardi,36
2903,Pinna,36
2904,Berti,36
2905,Ruggeri,36
2906,Fumagalli,36
2907,Guerra,36
2908,Sartori,36
2909,Ferrante,36
2910,D'Agostino,36
2911,Grimaldi,36
2912,Moro,36
2913,Mantovani,36
2914,Mauro,36
2915,Volpe,36
2916,Molinari,36
2917,Olivieri,36
2918,Arena,36
2919,Pagani,36
2920,Marchi,36
2921,Basso,36
2922,Viola,36
2923,Napolitano,36
2924,Mele,36
2925,Carta,36
2926,Stella,36
2927,Rosa,36
2928,Salerno,36
2929,Napoli,36
2930,Garofalo,36
2931,Marinelli,36
2932,Baldi,36
2933,Angelini,36
2934,Antonelli,36
2935,Leoni,36
2936,Giorgi,36
2937,Manca,36
2938,D'Alessandro,36
2939,Aiello,36
2940,Guidi,36
2941,Alberti,36
2942,Cavallo,36
2943,Marchese,36
2944,Pepe,36
2945,Rossini,36
2946,Melis,36
2947,Zanetti,36
2948,Maggi,36
2949,Bianchini,36
2950,Proietti,36
2951,Grossi,36
2952,Valenti,36
2953,di Stefano,36
2954,Sacco,36
2955,Rota,36
2956,Motta,36
2957,Grillo,36
2958,Tosi,36
2959,Orlandi,36
2960,Villani,36
2961,Mosca,36
2962,Locatelli,36
2963,Giannini,36
2964,Pugliese,36
2965,Nardi,36
2966,Rosso,36
2967,Marra,36
2968,Piccolo,36
2969,Agostini,36
2970,Mancuso,36
2971,Bevilacqua,36
2972,Serafini,36
2973,Rosati,36
2974,Landi,36
2975,Forte,36
2976,Gatto,36
2977,D'Ambrosio,36
2978,Spina,36
2979,Beretta,36
2980,Mohamed,37
2981,Abdi,37
2982,Hussein,37
2983,Jama,37
2984,Abdullahi,37
2985,Mohamud,37
2986,Osman,37
2987,Ibrahim,37
2988,Mohamoud,37
2989,Omar,37
2990,Farah,37
2991,Cabdi,37
2992,Maxamed,37
2993,Dahir,37
2994,Yusuf,37
2995,Cali,37
2996,Warsame,37
2997,Xasan,37
2998,Elmi,37
2999,Ismail,37
3000,Aden,37
3001,Abdulahi,37
3002,Muse,37
3003,Sheikh,37
3004,Adan,37
3005,Haji,37
3006,Nur,37
3007,Abdilahi,37
3008,Maxamuud,37
3009,Axmed,37
3010,Abdirahman,37
3011,Adam,37
3012,Yuusuf,37
3013,Yare,37
3014,Hashi,37
3015,Mahamed,37
3016,Bashir,37
3017,Said,37
3018,Hersi,37
3019,Ibraahim,37
3020,Abdulle,37
3021,Abukar,37
3022,Aadan,37
3023,Isse,37
3024,Nuur,37
3025,Abdillahi,37
3026,Abdalla,37
3027,Xuseen,37
3028,Omer,37
3029,Mahamud,37
3030,Muuse,37
3031,Barre,37
3032,Shire,37
3033,Salad,37
3034,Yousuf,37
3035,Jaamac,37
3036,Ciise,37
3037,Cumar,37
3038,Mukhtar,37
3039,Cismaan,37
3040,Salah,37
3041,Suleiman,37
3042,Mire,37
3043,Guled,37
3044,Yussuf,37
3045,Faarax,37
3046,Hasan,37
3047,Abdulkadir,37
3048,Sharif,37
3049,Awil,37
3050,Nor,37
3051,Daahir,37
3052,Mohammed,37
3053,Dirie,37
3054,Duale,37
3055,Amiin,37
3056,Saed,37
3057,Issa,37
3058,Awale,37
3059,Jibril,37
3060,Yassin,37
3061,Roble,37
3062,Hirsi,37
3063,Abshir,37
3064,Sahal,37
3065,Moalim,37
3066,Abuukar,37
3067,Macalin,37
3068,Cade,37
3069,Mahdi,37
3070,Bile,37
3071,Rooble,37
3072,Xaaji,37
3073,Abdilaahi,37
3074,Daud,37
3075,Mursal,37
3076,Dualeh,37
3077,Musse,37
3078,Khalif,37
3079,Jimale,37
3080,Cabdilaahi,37
3081,Hamud,37
3082,Musa,37
3083,Essa,37
3084,Askar,37
3085,Maxamud,37
3086,Samatar,37
3087,Cilmi,37
3088,Muhumed,37
3089,Husein,37
3090,Jamac,37
3091,Khaliif,37
3092,Nour,37
3093,Ibraahin,37
3094,Addow,37
3095,Arab,37
3096,Hassan,37
3097,Ali,37
3098,Ahmed,37
3099,Singh,37
3100,Magan,37
3101,Samater,37
3102,Gure,37
3103,Hagi,37
3104,Isak,37
3105,Amin,37
3106,Abdikadir,37
3107,Egal,37
3108,Shariif,37
3109,Egeh,37
3110,Salaad,37
3111,Siciid,37
3112,Hared,37
3113,Abdallah,37
3114,Noor,37
3115,Osmaan,37
3116,Cabdulaahi,37
3117,Abdinur,37
3118,Mahad,37
3119,Aideed,37
3120,Madar,37
3121,Mustafa,37
3122,Olad,37
3123,Artan,37
3124,Xassan,37
3125,Kassim,37
3126,Arahman,37
3127,Saciid,37
3128,Mo'alim,37
3129,Abdukadir,37
3130,Aadam,37
3131,Mayow,37
3132,Tahlil,37
3133,Kahin,37
3134,Yasin,37
3135,Sagal,37
3136,Faarah,37
3137,Geedi,37
3138,Muumin,37
3139,Weheliye,37
3140,Abas,37
3141,Abokor,37
3142,Iman,37
3143,Gedi,37
3144,Cadde,37
3145,Saleebaan,37
3146,Awed,37
3147,Gutale,37
3148,Moallim,37
3149,Kasim,37
3150,Aidarus,37
3151,Siyad,37
3152,Ugaas,37
3153,Billow,37
3154,Cabdiraxmaan,37
3155,Saeed,37
3156,Awad,37
3157,Olow,37
3158,Rage,37
3159,Ahmad,37
3160,Som,37
3161,Ismael,37
3162,Gelle,37
3163,Bashiir,37
3164,Xaashi,37
3165,Abdinoor,37
3166,Siad,37
3167,Alasow,37
3168,Cige,37
3169,Abdikarim,37
3170,Diriye,37
3171,Khadar,37
3172,Abdulrahman,37
3173,Sheik,37
3174,Gulaid,37
3175,Botan,37
3176,Iimaan,37
3177,Kaariye,37
3178,Qalinle,37
3179,Cabdalla,37
3180,Ivanov,38
3181,Ivanov,38
3182,Petrov,38
3183,Smirnov,38
3184,Petrov,38
3185,Smirnov,38
3186,Kuznetsov,38
3187,Kuznetsov,38
3188,Popov,38
3189,Popov,38
3190,Volkov,38
3191,Novikov,38
3192,Romanov,38
3193,Vasilev,38
3194,Vasilev,38
3195,Andreev,38
3196,Sokolov,38
3197,Morozov,38
3198,Volkov,38
3199,Pavlov,38
3200,Mikhaylov,38
3201,Sokolov,38
3202,Novikov,38
3203,Morozov,38
3204,Makarov,38
3205,Romanov,38
3206,Pavlov,38
3207,Mikhaylov,38
3208,Sergeev,38
3209,Nikolaev,38
3210,Andreev,38
3211,Makarov,38
3212,Egorov,38
3213,Nikolaev,38
3214,Stepanov,38
3215,Shevchenko,38
3216,Orlov,38
3217,Sergeev,38
3218,Nikitin,38
3219,Lebedev,38
3220,Egorov,38
3221,Alekseev,38
3222,Kozlov,38
3223,Zakharov,38
3224,Stepanov,38
3225,Kotova,38
3226,Mironov,38
3227,Yakovlev,38
3228,Zaytsev,38
3229,Orlov,38
3230,Nikitin,38
3231,Belov,38
3232,Kozlov,38
3233,Zakharov,38
3234,Frolov,38
3235,Alekseev,38
3236,Belov,38
3237,Frolov,38
3238,Aleksandrov,38
3239,Lebedev,38
3240,Yakovlev,38
3241,Kuzmin,38
3242,Zaytsev,38
3243,Borisov,38
3244,Fedorov,38
3245,Dmitriev,38
3246,Semenov,38
3247,Antonov,38
3248,Antonov,38
3249,Matveev,38
3250,Melnikov,38
3251,Medvedev,38
3252,Maksimov,38
3253,Kuzmin,38
3254,Kotov,38
3255,Mironov,38
3256,Borisov,38
3257,Dmitriev,38
3258,Semenov,38
3259,Fedorov,38
3260,Medvedev,38
3261,Tarasov,38
3262,Vlasov,38
3263,Bondarenko,38
3264,Sidorov,38
3265,Kovalenko,38
3266,Kim,38
3267,Grigorev,38
3268,Bogdanov,38
3269,Ilin,38
3270,Matveev,38
3271,Kravchenko,38
3272,Grigorev,38
3273,Polyakov,38
3274,Zhukov,38
3275,Sorokin,38
3276,Filippov,38
3277,Abramov,38
3278,Danilov,38
3279,Tarasov,38
3280,Kalinin,38
3281,Aleksandrov,38
3282,Melnikov,38
3283,Timofeev,38
3284,Zhukov,38
3285,Osipov,38
3286,Gusev,38
3287,Maksimov,38
3288,Sidorov,38
3289,Bogdanov,38
3290,Sorokin,38
3291,Titov,38
3292,Karpov,38
3293,Vlasov,38
3294,Aliev,38
3295,Karpov,38
3296,Danilov,38
3297,Kulikov,38
3298,Kolesnikov,38
3299,Efimov,38
3300,Nazarov,38
3301,Belyaev,38
3302,Gusev,38
3303,Denisov,38
3304,Vinogradov,38
3305,Davydov,38
3306,Filippov,38
3307,Korolev,38
3308,Chernov,38
3309,Abramov,38
3310,Timofeev,38
3311,Markov,38
3312,Fomin,38
3313,Polyakov,38
3314,Fyodorov,38
3315,Osipov,38
3316,Nazarov,38
3317,Titov,38
3318,Fyodorov,38
3319,Semyonov,38
3320,Tkachenko,38
3321,Chernov,38
3322,Baranov,38
3323,Semyonov,38
3324,Isaev,38
3325,Fomin,38
3326,Kolesnikov,38
3327,Isaev,38
3328,Tikhonov,38
3329,Kazakov,38
3330,Gavrilov,38
3331,Efimov,38
3332,Kulikov,38
3333,Kovalev,38
3334,Vasilyev,38
3335,Baranov,38
3336,Sergeevich,38
3337,Filatov,38
3338,Kalinin,38
3339,Aleksandrovich,38
3340,Fedotov,38
3341,Gerasimov,38
3342,Gavrilov,38
3343,Markov,38
3344,Belyaev,38
3345,Goncharov,38
3346,Denisov,38
3347,Malyshev,38
3348,Tikhonov,38
3349,Ilin,38
3350,Konovalov,38
3351,Ermakov,38
3352,Komarov,38
3353,Klimov,38
3354,Kiselev,38
3355,Fedotov,38
3356,Davydov,38
3357,Efremov,38
3358,Magomedov,38
3359,Maltsev,38
3360,Konovalov,38
3361,Gerasimov,38
3362,Naumov,38
3363,Kazakov,38
3364,Krylov,38
3365,Scherbakov,38
3366,Naumov,38
3367,Aliev,38
3368,Lazarev,38
3369,Filatov,38
3370,Golubev,38
3371,Trofimov,38
3372,Savchenko,38
3373,Nikiforov,38
3374,Vinogradov,38
3375,Komarov,38
3376,Vladimirovich,38
3377,Boyko,38
3378,Akhmetov,39
3379,Akhmetov,39
3380,Ivanov,39
3381,Li,39
3382,Ivanov,39
3383,Omarov,39
3384,Pak,39
3385,Aliev,39
3386,Tsoy,39
3387,Ospanov,39
3388,Aliev,39
3389,Omarov,39
3390,Iskakov,39
3391,Ospanov,39
3392,Kim,39
3393,Kaliev,39
3394,Petrov,39
3395,Karimov,39
3396,Ibragimov,39
3397,Karimov,39
3398,Iskakov,39
3399,Smagulov,39
3400,Kaliev,39
3401,Abdrakhmanov,39
3402,Sadykov,39
3403,Ibraev,39
3404,Ibragimov,39
3405,Suleymenov,39
3406,Petrov,39
3407,Sultanov,39
3408,Sadykov,39
3409,Sultanov,39
3410,Muratov,39
3411,Smagulov,39
3412,Serikov,39
3413,Muratov,39
3414,Askarov,39
3415,Ten,39
3416,Serikov,39
3417,Popov,39
3418,Abdrakhmanov,39
3419,Kuznetsov,39
3420,Askarov,39
3421,Shevchenko,39
3422,Khan,39
3423,Nurgaliev,39
3424,Popov,39
3425,Ismailov,39
3426,Ibraev,39
3427,Suleymenov,39
3428,Aubakirov,39
3429,Nurgaliev,39
3430,Kuznetsov,39
3431,Kusainov,39
3432,Isaev,39
3433,Ismailov,39
3434,Isaev,39
3435,Mukanov,39
3436,Kasymov,39
3437,Abishev,39
3438,Asanov,39
3439,Smirnov,39
3440,Kasymov,39
3441,Kan,39
3442,Ramazanov,39
3443,Sharipov,39
3444,Aubakirov,39
3445,Tulegenov,39
3446,Sharipov,39
3447,Ramazanov,39
3448,Asanov,39
3449,Kusainov,39
3450,Abishev,39
3451,Bondarenko,39
3452,Kovalenko,39
3453,Tulegenov,39
3454,Mukashev,39
3455,Serik,39
3456,Zhunusov,39
3457,Zhumabaev,39
3458,Syzdykov,39
3459,Smirnov,39
3460,Abdullaev,39
3461,Amirov,39
3462,Musin,39
3463,Zhumabaev,39
3464,Volkov,39
3465,Rakhimov,39
3466,Mukanov,39
3467,Kasenov,39
3468,Amirov,39
3469,Musaev,39
3470,Kadyrov,39
3471,Yusupov,39
3472,Mamedov,39
3473,Romanov,39
3474,Morozov,39
3475,Yusupov,39
3476,Bolatov,39
3477,Serikbaev,39
3478,Nazarov,39
3479,Musaev,39
3480,Maratov,39
3481,Serikbaev,39
3482,Mukashev,39
3483,Zhakupov,39
3484,Mustafin,39
3485,Andreev,39
3486,Volkov,39
3487,Rakhimov,39
3488,Utegenov,39
3489,Ilyasov,39
3490,Abdullaev,39
3491,Bolatov,39
3492,Kravchenko,39
3493,Sultan,39
3494,Kasenov,39
3495,Kadyrov,39
3496,Zhumabekov,39
3497,Zhunusov,39
3498,Nazarov,39
3499,Amanzholov,39
3500,Musin,39
3501,Morozov,39
3502,Syzdykov,39
3503,Maratov,39
3504,Amanzholov,39
3505,Amangeldy,39
3506,Novikov,39
3507,Tkachenko,39
3508,Utegenov,39
3509,Nurzhanov,39
3510,Ilyasov,39
3511,Sokolov,39
3512,Sarsenbaev,39
3513,Sarsenov,39
3514,Sarsenbaev,39
3515,Saparov,39
3516,Sokolov,39
3517,Saparov,39
3518,Pavlov,39
3519,Erzhanov,39
3520,Abenov,39
3521,Bolat,39
3522,Zhumabekov,39
3523,Zhusupov,39
3524,Bazarbaev,39
3525,Pavlov,39
3526,Nurzhanov,39
3527,Kurbanov,39
3528,Novikov,39
3529,Kozhakhmetov,39
3530,Romanov,39
3531,Abenov,39
3532,Erzhanov,39
3533,Ahmetov,39
3534,Mustafin,39
3535,Sadvakasov,39
3536,Khasenov,39
3537,Rakhmetov,39
3538,Alibekov,39
3539,Zhakupov,39
3540,Sarsenov,39
3541,Makarov,39
3542,Sabitov,39
3543,Sergeev,39
3544,Boyko,39
3545,Makarov,39
3546,Akhmetzhanov,39
3547,Ismagulov,39
3548,Alimov,39
3549,Sabitov,39
3550,Adilov,39
3551,Khamitov,39
3552,Zhusupov,39
3553,Ahmetov,39
3554,Umarov,39
3555,Amangeldyev,39
3556,Amangeldyev,39
3557,Andreev,39
3558,Amanov,39
3559,Kurbanov,39
3560,Amanov,39
3561,Kolesnikov,39
3562,Abilov,39
3563,Abilov,39
3564,Alimov,39
3565,Orlova,39
3566,Bazarbaev,39
3567,Zhumagaliev,39
3568,Smailov,39
3569,Stepanov,39
3570,Kolesnikov,39
3571,Ergaliev,39
3572,Vasilev,39
3573,Zhumagulov,39
3574,Nikitin,39
3575,Suleimenov,39
3576,Kudaybergenov,39
3577,Dauletov,39
3578,Ivanov,40
3579,Ivanov,40
3580,Petrov,40
3581,Novik,40
3582,Zhuk,40
3583,Novikov,40
3584,Kotov,40
3585,Petrov,40
3586,Volkov,40
3587,Moroz,40
3588,Novikov,40
3589,Kravchenko,40
3590,Kovalenko,40
3591,Smirnov,40
3592,Volkov,40
3593,Makarevich,40
3594,Kovalchuk,40
3595,Kotov,40
3596,Shevchenko,40
3597,Karpovich,40
3598,Romanov,40
3599,Smirnov,40
3600,Klimovich,40
3601,Kozlov,40
3602,Mironov,40
3603,Morozov,40
3604,Morozov,40
3605,Pashkevich,40
3606,Kot,40
3607,Bondarenko,40
3608,Kozlov,40
3609,Zaytsev,40
3610,Stankevich,40
3611,Zaytsev,40
3612,Marchenko,40
3613,Kovalyov,40
3614,Tarasevich,40
3615,Savchenko,40
3616,Andreev,40
3617,Lukashevich,40
3618,Melnikov,40
3619,Boyko,40
3620,Kovalyov,40
3621,Romanov,40
3622,Kuznetsov,40
3623,Sokolov,40
3624,Korol,40
3625,Pinchuk,40
3626,Savitsky,40
3627,Bogdanovich,40
3628,Petrovich,40
3629,Melnik,40
3630,Melnikov,40
3631,Kuznetsov,40
3632,Sokolov,40
3633,Kuzmich,40
3634,Kovalev,40
3635,Sergeev,40
3636,Borisevich,40
3637,Sidorenko,40
3638,Orlov,40
3639,Pavlovich,40
3640,Bondar,40
3641,Zayats,40
3642,Mironov,40
3643,Abramovich,40
3644,Kovalev,40
3645,Matskevich,40
3646,Frolov,40
3647,Kazak,40
3648,Orlov,40
3649,Sinkevich,40
3650,Vasilevsky,40
3651,Pavlov,40
3652,Kovalevich,40
3653,Makarenko,40
3654,Pavlov,40
3655,Drozd,40
3656,Markevich,40
3657,Frolov,40
3658,Kozlovsky,40
3659,Malinovsky,40
3660,Dashkevich,40
3661,Lis,40
3662,Goncharov,40
3663,Borisenko,40
3664,Makarov,40
3665,Lebedev,40
3666,Kholod,40
3667,Romanenko,40
3668,Andreev,40
3669,Yushkevich,40
3670,Belov,40
3671,Rusak,40
3672,Adamovich,40
3673,Vorobey,40
3674,Popov,40
3675,Mikhaylov,40
3676,Makarov,40
3677,Poznyak,40
3678,Sergeev,40
3679,Nikitin,40
3680,Vasilevsky,40
3681,Nikitin,40
3682,Golub,40
3683,Romanovich,40
3684,Vishnevsky,40
3685,Bely,40
3686,Ignatovich,40
3687,Murashko,40
3688,Savchuk,40
3689,Shevchuk,40
3690,Khomich,40
3691,Goncharov,40
3692,Filatov,40
3693,Sakovich,40
3694,Yurchenko,40
3695,Vasilevich,40
3696,Kisel,40
3697,Romanyuk,40
3698,Dubovik,40
3699,Akulich,40
3700,Mikhaylov,40
3701,Volk,40
3702,Kravtsov,40
3703,Kravchuk,40
3704,Vasilenko,40
3705,Baranov,40
3706,Zhukov,40
3707,Kozlovsky,40
3708,Timoshenko,40
3709,Belov,40
3710,Bely,40
3711,Vashkevich,40
3712,Vasilev,40
3713,Kozel,40
3714,Kulik,40
3715,Yurkevich,40
3716,Solovey,40
3717,Sokolovsky,40
3718,Yaroshevich,40
3719,Gavrilenko,40
3720,Matusevich,40
3721,Titov,40
3722,Koval,40
3723,Nikolaev,40
3724,Kravtsov,40
3725,Medvedev,40
3726,Lebedev,40
3727,Sergeevich,40
3728,Nesterovich,40
3729,Prokopovich,40
3730,Gurinovich,40
3731,Fedorovich,40
3732,Zhdanovich,40
3733,Vysotsky,40
3734,Demidovich,40
3735,Zhukov,40
3736,Zhukovsky,40
3737,Novitsky,40
3738,Nikolaev,40
3739,Titov,40
3740,Alexandrovich,40
3741,Kovalevsky,40
3742,Aleksandrovich,40
3743,Vasilev,40
3744,Kasperovich,40
3745,Gerasimovich,40
3746,Mitskevich,40
3747,Baranov,40
3748,Gorbach,40
3749,Aleksandrov,40
3750,Medvedev,40
3751,Prokopenko,40
3752,Stepanov,40
3753,Naumenko,40
3754,Davidovich,40
3755,Belyy,40
3756,Popov,40
3757,Zhukovsky,40
3758,Polyakov,40
3759,Shpak,40
3760,Bogdanov,40
3761,Burak,40
3762,Vasilyev,40
3763,Stepanov,40
3764,Kruk,40
3765,Matveev,40
3766,Nikitenko,40
3767,Ignatenko,40
3768,Korotkevich,40
3769,Kazakevich,40
3770,Prikhodko,40
3771,Nikolaevich,40
3772,Bogdanov,40
3773,Korzun,40
3774,Sidorovich,40
3775,Antonov,40
3776,Malinovsky,40
3777,Yaskevich,40
3778,Ismailov,41
3779,Ismailov,41
3780,Abdullaev,41
3781,Akmatov,41
3782,Akmatov,41
3783,Abdullaev,41
3784,Osmonov,41
3785,Isakov,41
3786,Sulaymanov,41
3787,Osmonov,41
3788,Ergeshov,41
3789,Isakov,41
3790,Ergeshov,41
3791,Sulaymanov,41
3792,Kadyrov,41
3793,Aliev,41
3794,Kadyrov,41
3795,Sydykov,41
3796,Sultanov,41
3797,Aliev,41
3798,Sydykov,41
3799,Karimov,41
3800,Karimov,41
3801,Sultanov,41
3802,Mamatov,41
3803,Mamatov,41
3804,Asanov,41
3805,Yuldashev,41
3806,Asanov,41
3807,Yuldashev,41
3808,Kim,41
3809,Musaev,41
3810,Musaev,41
3811,Abdyldaev,41
3812,Zhumabaev,41
3813,Mamytov,41
3814,Abdyldaev,41
3815,Mamytov,41
3816,Yusupov,41
3817,Zhumabaev,41
3818,Kasymov,41
3819,Yusupov,41
3820,Isaev,41
3821,Akhmedov,41
3822,Akhmedov,41
3823,Sadykov,41
3824,Kasymov,41
3825,Isaev,41
3826,Mambetov,41
3827,Sadykov,41
3828,Ibragimov,41
3829,Ibragimov,41
3830,Bakirov,41
3831,Mambetov,41
3832,Abdrakhmanov,41
3833,Bakirov,41
3834,Kurbanov,41
3835,Ibraimov,41
3836,Kurbanov,41
3837,Satybaldiev,41
3838,Umarov,41
3839,Satybaldiev,41
3840,Abdrakhmanov,41
3841,Umarov,41
3842,Zholdoshov,41
3843,Karabaev,41
3844,Zholdoshov,41
3845,Mamazhanov,41
3846,Ibraimov,41
3847,Imanaliev,41
3848,Zhoroev,41
3849,Zhoroev,41
3850,Omuraliev,41
3851,Nurmatov,41
3852,Abdurakhmanov,41
3853,Abdykadyrov,41
3854,Tagaev,41
3855,Abdykadyrov,41
3856,Mamazhanov,41
3857,Toktosunov,41
3858,Tagaev,41
3859,Zhusupov,41
3860,Aydarov,41
3861,Nurmatov,41
3862,Zhusupov,41
3863,Aydarov,41
3864,Osmonaliev,41
3865,Karabaev,41
3866,Toktosunov,41
3867,Abdurakhmanov,41
3868,Mambetaliev,41
3869,Taalaybek,41
3870,Tazhibaev,41
3871,Osmonaliev,41
3872,Omurzakov,41
3873,Abdiev,41
3874,Omuraliev,41
3875,Tazhibaev,41
3876,Orozaliev,41
3877,Omurzakov,41
3878,Omorov,41
3879,Imanaliev,41
3880,Rakhmanov,41
3881,Abdiev,41
3882,Egemberdiev,41
3883,Egemberdiev,41
3884,Saliev,41
3885,Mamadaliev,41
3886,Zhaparov,41
3887,Israilov,41
3888,Ergashev,41
3889,Muratov,41
3890,Mambetaliev,41
3891,Turgunbaev,41
3892,Zhaparov,41
3893,Baltabaev,41
3894,Ergashev,41
3895,Saliev,41
3896,Orozaliev,41
3897,Rakhmanov,41
3898,Baltabaev,41
3899,Usmanov,41
3900,Israilov,41
3901,Alymkulov,41
3902,Mamadaliev,41
3903,Turgunbaev,41
3904,Kurmanaliev,41
3905,Temirov,41
3906,Bazarbaev,41
3907,Azimov,41
3908,Azimov,41
3909,Anarbaev,41
3910,Zakirov,41
3911,Bazarbaev,41
3912,Zhunusov,41
3913,Kudayberdiev,41
3914,Nazarov,41
3915,Omorov,41
3916,Tashmatov,41
3917,Tashmatov,41
3918,Zhakypov,41
3919,Alymkulov,41
3920,Shermatov,41
3921,Orozbaev,41
3922,Muratov,41
3923,Zakirov,41
3924,Temirov,41
3925,Asanaliev,41
3926,Usmanov,41
3927,Kudayberdiev,41
3928,Alimov,41
3929,Zhunusov,41
3930,Zhakypov,41
3931,Ibraev,41
3932,Orozbaev,41
3933,Nazarov,41
3934,Zhumaliev,41
3935,Alimov,41
3936,Anarbaev,41
3937,Shermatov,41
3938,Turdubaev,41
3939,Khasanov,41
3940,Kubanychbek,41
3941,Sharipov,41
3942,Ibraev,41
3943,Kurmanaliev,41
3944,Turdubaev,41
3945,Mamataliev,41
3946,Mamataliev,41
3947,Abdyrakhmanov,41
3948,Khasanov,41
3949,Satarov,41
3950,Asanaliev,41
3951,Sheraliev,41
3952,Shamshiev,41
3953,Sharipov,41
3954,Ryskulov,41
3955,Zholdoshev,41
3956,Abdraimov,41
3957,Sabirov,41
3958,Zhumaliev,41
3959,Shakirov,41
3960,Zholdoshev,41
3961,Usenov,41
3962,Satarov,41
3963,Li,41
3964,Zhumaev,41
3965,Shakirov,41
3966,Abdraimov,41
3967,Sabirov,41
3968,Shamshiev,41
3969,Sheraliev,41
3970,Abdyrakhmanov,41
3971,Askarov,41
3972,Orunbaev,41
3973,Kambarov,41
3974,Askarov,41
3975,Tursunov,41
3976,Mirzaev,41
3977,Mirzaev,41
3978,Khan,42
3979,Mohammed,42
3980,Hussain,42
3981,Ahmad,42
3982,Abu,42
3983,Mohamed,42
3984,Saleh,42
3985,Abdul,42
3986,Ibrahim,42
3987,Abdullah,42
3988,Alghamdi,42
3989,Shaikh,42
3990,Alharbi,42
3991,Alam,42
3992,Siddiqui,42
3993,Iqbal,42
3994,Rahman,42
3995,Abbas,42
3996,Ansari,42
3997,Saad,42
3998,Saeed,42
3999,Mohammad,42
4000,Salem,42
4001,Shaik,42
4002,Alotaibi,42
4003,Khalil,42
4004,Alzahrani,42
4005,Al-Ghamdi,42
4006,Aziz,42
4007,Syed,42
4008,Alqahtani,42
4009,Mahmoud,42
4010,Sultan,42
4011,Uddin,42
4012,Saleem,42
4013,Omar,42
4014,Abd,42
4015,Ismail,42
4016,Hussein,42
4017,Khalid,42
4018,Anwar,42
4019,Mahmood,42
4020,Baig,42
4021,Alshehri,42
4022,Abo,42
4023,Amin,42
4024,Mansour,42
4025,Mirza,42
4026,Hasan,42
4027,Awad,42
4028,Sheikh,42
4029,Taha,42
4030,Islam,42
4031,Al-Harbi,42
4032,Akhtar,42
4033,Qureshi,42
4034,Osman,42
4035,Raza,42
4036,Mustafa,42
4037,Salah,42
4038,Rehman,42
4039,Kamal,42
4040,Hameed,42
4041,Othman,42
4042,Rasheed,42
4043,Farooq,42
4044,Nasser,42
4045,Muhammad,42
4046,Rana,42
4047,Ashraf,42
4048,Rashid,42
4049,Nair,42
4050,Al-Zahrani,42
4051,Al-Qahtani,42
4052,Aslam,42
4053,Al-Otaibi,42
4054,Ahamed,42
4055,Almalki,42
4056,Alshammari,42
4057,Basha,42
4058,Shahzad,42
4059,Abdallah,42
4060,Ramadan,42
4061,Javed,42
4062,Alamri,42
4063,Babu,42
4064,Abdel,42
4065,Yousef,42
4066,Varghese,42
4067,Hossain,42
4068,Pasha,42
4069,Mousa,42
4070,Habib,42
4071,Mostafa,42
4072,Soliman,42
4073,Fahad,42
4074,Abbasi,42
4075,Hamed,42
4076,Abdulaziz,42
4077,Alanazi,42
4078,Eid,42
4079,Jamal,42
4080,Butt,42
4081,Hamdan,42
4082,Ullah,42
4083,Sayed,42
4084,Bashir,42
4085,Imran,42
4086,Mehmood,42
4087,Gamal,42
4088,Suliman,42
4089,Shareef,42
4090,Patel,42
4091,Haider,42
4092,Elsayed,42
4093,Akbar,42
4094,Abou,42
4095,Almutairi,42
4096,Khaled,42
4097,Sulaiman,42
4098,Basheer,42
4099,Yousuf,42
4100,Mohiuddin,42
4101,Hashim,42
4102,Sharif,42
4103,Shaheen,42
4104,Jaber,42
4105,Zaki,42
4106,Mir,42
4107,Hamad,42
4108,Nawaz,42
4109,Amer,42
4110,Masood,42
4111,Said,42
4112,Faisal,42
4113,Afzal,42
4114,Bukhari,42
4115,Arif,42
4116,Zafar,42
4117,Abdo,42
4118,Al,42
4119,Maher,42
4120,Alali,42
4121,Adel,42
4122,Noor,42
4123,Saudi,42
4124,Alamoudi,42
4125,Salman,42
4126,Sami,42
4127,Khalifa,42
4128,Husain,42
4129,Badr,42
4130,Hashmi,42
4131,Salama,42
4132,Abdalla,42
4133,Nasr,42
4134,Akram,42
4135,Siddique,42
4136,Omer,42
4137,Saud,42
4138,Salim,42
4139,Al-Shehri,42
4140,Al Ali,42
4141,Awan,42
4142,Nassar,42
4143,Bhai,42
4144,Asiri,42
4145,Barakat,42
4146,Ameen,42
4147,Raj,42
4148,Alsayed,42
4149,Asif,42
4150,Radwan,42
4151,Shahid,42
4152,Bader,42
4153,Dawood,42
4154,Adam,42
4155,Sadiq,42
4156,Nadeem,42
4157,Hamza,42
4158,Darwish,42
4159,Alshahrani,42
4160,Riaz,42
4161,Pillai,42
4162,Hammad,42
4163,Hashem,42
4164,Hamdy,42
4165,Sa,42
4166,Alyami,42
4167,Aldossary,42
4168,Alharthi,42
4169,Majeed,42
4170,Al-Dossary,42
4171,Waheed,42
4172,Azam,42
4173,Yaseen,42
4174,Haddad,42
4175,Zaman,42
4176,Yousif,42
4177,Issa,42
4178,Khan,43
4179,Hussain,43
4180,Nair,43
4181,Mohamed,43
4182,Mohammed,43
4183,Shaikh,43
4184,Abu,43
4185,Ahmad,43
4186,Varghese,43
4187,Abdul,43
4188,Fernandes,43
4189,Ibrahim,43
4190,Abbas,43
4191,Dsouza,43
4192,Rahman,43
4193,Iqbal,43
4194,Babu,43
4195,Raj,43
4196,Menon,43
4197,Shetty,43
4198,Pillai,43
4199,Alam,43
4200,Krishnan,43
4201,Saeed,43
4202,Abraham,43
4203,Ahamed,43
4204,Ali,43
4205,Siddiqui,43
4206,Saleh,43
4207,Jacob,43
4208,Raza,43
4209,Sheikh,43
4210,Ansari,43
4211,Saleem,43
4212,Mahmood,43
4213,Rajan,43
4214,Kumar,43
4215,Rashid,43
4216,D'Souza,43
4217,Rehman,43
4218,Hameed,43
4219,Rao,43
4220,Khalil,43
4221,Ismail,43
4222,Anwar,43
4223,Mohan,43
4224,Ahmed,43
4225,Salem,43
4226,Bhatia,43
4227,Mohammad,43
4228,Syed,43
4229,Hasan,43
4230,Abdulla,43
4231,Rana,43
4232,Islam,43
4233,Amin,43
4234,Aziz,43
4235,Muhammad,43
4236,Khalid,43
4237,Shaik,43
4238,Hussein,43
4239,Ashraf,43
4240,Qureshi,43
4241,Mirza,43
4242,Chandran,43
4243,Sultan,43
4244,Shahzad,43
4245,Antony,43
4246,Abdullah,43
4247,Butt,43
4248,Mahmoud,43
4249,Rasheed,43
4250,Akhtar,43
4251,Haider,43
4252,Uddin,43
4253,Mustafa,43
4254,Pereira,43
4255,Farooq,43
4256,Javed,43
4257,Narayanan,43
4258,Baig,43
4259,Abou,43
4260,Pinto,43
4261,Aslam,43
4262,Basheer,43
4263,Mehmood,43
4264,Awad,43
4265,Kamal,43
4266,Philip,43
4267,Taha,43
4268,Omar,43
4269,Habib,43
4270,Saad,43
4271,Hossain,43
4272,Abdel,43
4273,Sayed,43
4274,Chacko,43
4275,Mansour,43
4276,Salim,43
4277,Al Ali,43
4278,Muhammed,43
4279,Jamal,43
4280,Haddad,43
4281,Bashir,43
4282,Osman,43
4283,Lobo,43
4284,Abd,43
4285,Cherian,43
4286,Alshamsi,43
4287,Raja,43
4288,Abbasi,43
4289,Joshi,43
4290,Akbar,43
4291,Basha,43
4292,Perera,43
4293,Nawaz,43
4294,Nambiar,43
4295,Yousuf,43
4296,Mehta,43
4297,Imran,43
4298,Kurian,43
4299,Ramachandran,43
4300,Riaz,43
4301,Samuel,43
4302,Rai,43
4303,Vijayan,43
4304,Afzal,43
4305,Hamdan,43
4306,Husain,43
4307,Salam,43
4308,Mani,43
4309,Subramanian,43
4310,Jain,43
4311,Salah,43
4312,Zafar,43
4313,Majeed,43
4314,Sebastian,43
4315,Fernando,43
4316,dela Cruz,43
4317,Koshy,43
4318,Hassan,43
4319,Arif,43
4320,Sulaiman,43
4321,Hamza,43
4322,Joy,43
4323,Abdallah,43
4324,Sharif,43
4325,Asif,43
4326,Issa,43
4327,Zaman,43
4328,Mir,43
4329,Khalifa,43
4330,Siddique,43
4331,Rizvi,43
4332,Balakrishnan,43
4333,Prakash,43
4334,Sadiq,43
4335,Krishnakumar,43
4336,Hashim,43
4337,Shahid,43
4338,Said,43
4339,Mathew,43
4340,Thomas,43
4341,Salman,43
4342,Raju,43
4343,Singh,43
4344,Kannan,43
4345,Krishna,43
4346,Masood,43
4347,Usman,43
4348,Tariq,43
4349,Suresh,43
4350,Kutty,43
4351,Naik,43
4352,Yousef,43
4353,Awan,43
4354,Alali,43
4355,Lal,43
4356,Zaidi,43
4357,Anand,43
4358,Arshad,43
4359,Darwish,43
4360,Noor,43
4361,Abdalla,43
4362,Jaber,43
4363,Faisal,43
4364,Dias,43
4365,Hashmi,43
4366,Nasser,43
4367,Shafi,43
4368,Alkaabi,43
4369,Iyer,43
4370,Sam,43
4371,Thapa,43
4372,Bhatti,43
4373,Kazi,43
4374,Karim,43
4375,Saif,43
4376,Nadeem,43
4377,Pasha,43
4378,Suzuki,44
4379,Sato,44
4380,Tanaka,44
4381,Takahashi,44
4382,Watanabe,44
4383,Nakamura,44
4384,Yamamoto,44
4385,Kobayashi,44
4386,Ito,44
4387,Yamada,44
4388,Saito,44
4389,Kato,44
4390,Yoshida,44
4391,Inoue,44
4392,Hayashi,44
4393,Matsumoto,44
4394,Sasaki,44
4395,Shimizu,44
4396,Yamaguchi,44
4397,Kimura,44
4398,Mori,44
4399,Ikeda,44
4400,Hashimoto,44
4401,Abe,44
4402,Ogawa,44
4403,Sakai,44
4404,Ishii,44
4405,Okada,44
4406,Ishikawa,44
4407,Yamashita,44
4408,Murakami,44
4409,Maeda,44
4410,Hasegawa,44
4411,Fujita,44
4412,Ono,44
4413,Sakamoto,44
4414,Aoki,44
4415,Kondo,44
4416,Nakajima,44
4417,Ueda,44
4418,Goto,44
4419,Yamazaki,44
4420,Fujii,44
4421,Nakagawa,44
4422,Arai,44
4423,Takeuchi,44
4424,Nishimura,44
4425,Takeda,44
4426,Kaneko,44
4427,Nakano,44
4428,Okamoto,44
4429,Fukuda,44
4430,Harada,44
4431,Endo,44
4432,Kikuchi,44
4433,Morita,44
4434,Matsuda,44
4435,Wada,44
4436,Tamura,44
4437,Nakayama,44
4438,Miura,44
4439,Kojima,44
4440,Hara,44
4441,Ishida,44
4442,Uchida,44
4443,Masuda,44
4444,Ando,44
4445,Shibata,44
4446,Shimada,44
4447,Imai,44
4448,Wang,44
4449,Takagi,44
4450,Fujiwara,44
4451,Miyazaki,44
4452,Ota,44
4453,Li,44
4454,Miyamoto,44
4455,Yokoyama,44
4456,Honda,44
4457,Ueno,44
4458,Kawamura,44
4459,Murata,44
4460,Sakurai,44
4461,Matsui,44
4462,Kubota,44
4463,Hirano,44
4464,Maruyama,44
4465,Sugiyama,44
4466,Nagai,44
4467,Kawai,44
4468,Kinoshita,44
4469,Sano,44
4470,Kubo,44
4471,Iwasaki,44
4472,Tsuchiya,44
4473,Nomura,44
4474,Hattori,44
4475,Koyama,44
4476,Adachi,44
4477,Fujimoto,44
4478,Mizuno,44
4479,Kawasaki,44
4480,Noguchi,44
4481,Yasuda,44
4482,Matsuo,44
4483,Akiyama,44
4484,Kitamura,44
4485,Takada,44
4486,Zhang,44
4487,Taniguchi,44
4488,Hamada,44
4489,San,44
4490,Sugimoto,44
4491,Ichikawa,44
4492,Seki,44
4493,Yoshikawa,44
4494,Iida,44
4495,Furukawa,44
4496,Fukushima,44
4497,Nakanishi,44
4498,Oda,44
4499,Takano,44
4500,Tsuji,44
4501,Nagata,44
4502,Otsuka,44
4503,Matsuoka,44
4504,Tomita,44
4505,Morimoto,44
4506,Kawaguchi,44
4507,Ishihara,44
4508,Kudo,44
4509,Hirose,44
4510,Nishida,44
4511,Nishikawa,44
4512,Yoshimura,44
4513,Hirata,44
4514,Asano,44
4515,Hoshino,44
4516,Chiba,44
4517,Kawakami,44
4518,Liu,44
4519,Ozawa,44
4520,Hori,44
4521,Higuchi,44
4522,Yano,44
4523,Kuroda,44
4524,Katayama,44
4525,Noda,44
4526,Taguchi,44
4527,Iwata,44
4528,Igarashi,44
4529,Araki,44
4530,Tanabe,44
4531,Komatsu,44
4532,Sawada,44
4533,Baba,44
4534,Yoshioka,44
4535,Koike,44
4536,Itoh,44
4537,Matsumura,44
4538,Kawashima,44
4539,Ohashi,44
4540,Oshima,44
4541,Ohno,44
4542,Minami,44
4543,Yamauchi,44
4544,Yamasaki,44
4545,Konishi,44
4546,Matsuura,44
4547,Yamanaka,44
4548,Koizumi,44
4549,Nakashima,44
4550,Hirai,44
4551,Naito,44
4552,Park,44
4553,Onishi,44
4554,Amano,44
4555,Mochizuki,44
4556,Ogura,44
4557,Yagi,44
4558,Nakata,44
4559,Ozaki,44
4560,Miyake,44
4561,Matsushita,44
4562,Okazaki,44
4563,Matsubara,44
4564,Oka,44
4565,Kitagawa,44
4566,Hayakawa,44
4567,Ohta,44
4568,Doi,44
4569,Iwamoto,44
4570,Kodama,44
4571,Fukui,44
4572,Yokota,44
4573,Okumura,44
4574,Ishibashi,44
4575,Ogata,44
4576,Takayama,44
4577,Okubo,44
4578,Park,45
4579,Choi,45
4580,Cho,45
4581,Kang,45
4582,Jung,45
4583,Shin,45
4584,Han,45
4585,Oh,45
4586,Yoon,45
4587,Song,45
4588,Kwon,45
4589,Hong,45
4590,Jang,45
4591,Lim,45
4592,Hwang,45
4593,Jeong,45
4594,Seo,45
4595,Ahn,45
4596,Chung,45
4597,Yoo,45
4598,Yang,45
4599,Jeon,45
4600,Son,45
4601,Chang,45
4602,Ko,45
4603,Nam,45
4604,Ryu,45
4605,Yun,45
4606,Ha,45
4607,Jin,45
4608,Shim,45
4609,Sung,45
4610,Baek,45
4611,Yu,45
4612,Jo,45
4613,Woo,45
4614,Min,45
4615,Cha,45
4616,An,45
4617,Yi,45
4618,Suh,45
4619,Kwak,45
4620,Won,45
4621,Koo,45
4622,Chun,45
4623,Noh,45
4624,Im,45
4625,Li,45
4626,Chae,45
4627,Na,45
4628,Joo,45
4629,Ji,45
4630,Sohn,45
4631,Jun,45
4632,Byun,45
4633,Bang,45
4634,Roh,45
4635,Koh,45
4636,Kim,45
4637,Hyun,45
4638,Rhee,45
4639,Sim,45
4640,Choe,45
4641,Hur,45
4642,Youn,45
4643,Kong,45
4644,Yeo,45
4645,Yim,45
4646,Lee,45
4647,Sun,45
4648,Ham,45
4649,Eom,45
4650,Wang,45
4651,Mun,45
4652,So,45
4653,Ju,45
4654,Baik,45
4655,Cheon,45
4656,Yong,45
4657,Do,45
4658,Pak,45
4659,Paik,45
4660,Choo,45
4661,Ku,45
4662,Seong,45
4663,Dong,45
4664,Ho,45
4665,Cheong,45
4666,Jong,45
4667,Yeom,45
4668,Chong,45
4669,Khan,45
4670,Seok,45
4671,Chu,45
4672,Jee,45
4673,Hahn,45
4674,Ma,45
4675,Zhang,45
4676,Soo,45
4677,Seol,45
4678,Chon,45
4679,Liu,45
4680,Pyo,45
4681,Ok,45
4682,Joung,45
4683,Paek,45
4684,Bak,45
4685,Ro,45
4686,Gu,45
4687,Ryoo,45
4688,Yeon,45
4689,Rho,45
4690,Maeng,45
4691,Ra,45
4692,Chin,45
4693,Suk,45
4694,Eun,45
4695,Ban,45
4696,Byeon,45
4697,Sin,45
4698,Shon,45
4699,Kweon,45
4700,Gil,45
4701,Ki,45
4702,Su,45
4703,Kil,45
4704,Gong,45
4705,Soh,45
4706,Myung,45
4707,Ye,45
4708,Gim,45
4709,Chi,45
4710,Kyung,45
4711,Hoon,45
4712,Goo,45
4713,Back,45
4714,Chai,45
4715,Hahm,45
4716,Eum,45
4717,Rim,45
4718,Keum,45
4719,Mo,45
4720,Whang,45
4721,Wu,45
4722,Lin,45
4723,Yum,45
4724,Pyun,45
4725,Kook,45
4726,Jeung,45
4727,Tran,45
4728,Tak,45
4729,Mok,45
4730,Bok,45
4731,Nah,45
4732,Goh,45
4733,Gwak,45
4734,Huang,45
4735,No,45
4736,Man,45
4737,Xu,45
4738,Uhm,45
4739,Choung,45
4740,Lyu,45
4741,Sang,45
4742,Kee,45
4743,Tan,45
4744,Gwon,45
4745,Wee,45
4746,Zhao,45
4747,Soon,45
4748,Bai,45
4749,Tae,45
4750,Sheen,45
4751,Che,45
4752,Jeoung,45
4753,Joh,45
4754,Hwa,45
4755,Doo,45
4756,Pham,45
4757,Pang,45
4758,Lu,45
4759,Le,45
4760,Hu,45
4761,Choy,45
4762,Yook,45
4763,Ryou,45
4764,Ka,45
4765,Sa,45
4766,Sul,45
4767,Leem,45
4768,Cui,45
4769,Se,45
4770,Bong,45
4771,Kye,45
4772,Shen,45
4773,La,45
4774,Eo,45
4775,Yee,45
4776,Pae,45
4777,Pan,45
4778,Kim,46
4779,Ri,46
4780,Pak,46
4781,Choe,46
4782,Kang,46
4783,Han,46
4784,Hong,46
4785,Jang,46
4786,Jong,46
4787,Jo,46
4788,Rim,46
4789,An,46
4790,Jon,46
4791,Cha,46
4792,O,46
4793,Song,46
4794,Jeong,46
4795,Ju,46
4796,Hwang,46
4797,Paek,46
4798,Mun,46
4799,Shin,46
4800,Lee,46
4801,Ro,46
4802,Li,46
4803,Baek,46
4804,Choi,46
4805,Heo,46
4806,Son,46
4807,Yun,46
4808,Jeon,46
4809,Ryu,46
4810,Go,46
4811,Cho,46
4812,Jung,46
4813,Hyon,46
4814,Ryang,46
4815,Gwon,46
4816,Seo,46
4817,Yang,46
4818,Hyeon,46
4819,Nam,46
4820,Park,46
4821,So,46
4822,Chang,46
4823,Chon,46
4824,Kwon,46
4825,Sin,46
4826,Ko,46
4827,Ahn,46
4828,Yu,46
4829,Jin,46
4830,Sim,46
4831,Ryeo,46
4832,Won,46
4833,Chae,46
4834,Ryeom,46
4835,Ji,46
4836,Byeon,46
4837,Chong,46
4838,Ham,46
4839,Wang,46
4840,Ha,46
4841,Bang,46
4842,Chu,46
4843,Sung,46
4844,Chol,46
4845,Oh,46
4846,Kwak,46
4847,Tae,46
4848,Ho,46
4849,Pang,46
4850,Gye,46
4851,Thae,46
4852,Lim,46
4853,Gu,46
4854,Phyo,46
4855,Sen,46
4856,Pae,46
4857,Tong,46
4858,Ryom,46
4859,Pyon,46
4860,Gil,46
4861,Ma,46
4862,Ra,46
4863,Tak,46
4864,Om,46
4865,Seok,46
4866,Ryo,46
4867,Sun,46
4868,Cheon,46
4869,Ung,46
4870,Eom,46
4871,Bae,46
4872,Sol,46
4873,Gwak,46
4874,Myong,46
4875,U,46
4876,Wong,46
4877,Chen,46
4878,Chin,46
4879,Woo,46
4880,Kye,46
4881,Kyong,46
4882,No,46
4883,Im,46
4884,Min,46
4885,Pyo,46
4886,Seung,46
4887,Hyang,46
4888,Ru,46
4889,Yeon,46
4890,Chi,46
4891,Jean-Baptiste,46
4892,Byol,46
4893,Ok,46
4894,Yon,46
4895,Myung,46
4896,Baik,46
4897,Maeng,46
4898,Yong,46
4899,Gong,46
4900,Hyun,46
4901,Masamori,46
4902,Hui,46
4903,Joo,46
4904,Oon,46
4905,Sop,46
4906,Yoon,46
4907,Koh,46
4908,Seong,46
4909,To,46
4910,Bin,46
4911,Dong,46
4912,Sok,46
4913,Yeom,46
4914,Gung,46
4915,Kong,46
4916,Gonzalez,47
4917,Munoz,47
4918,Rojas,47
4919,Diaz,47
4920,Perez,47
4921,Soto,47
4922,Silva,47
4923,Contreras,47
4924,Lopez,47
4925,Rodriguez,47
4926,Morales,47
4927,Martinez,47
4928,Fuentes,47
4929,Valenzuela,47
4930,Araya,47
4931,Sepulveda,47
4932,Espinoza,47
4933,Torres,47
4934,Castillo,47
4935,Reyes,47
4936,Ramirez,47
4937,Flores,47
4938,Castro,47
4939,Fernandez,47
4940,Alvarez,47
4941,Hernandez,47
4942,Herrera,47
4943,Vargas,47
4944,Gutierrez,47
4945,Gomez,47
4946,Tapia,47
4947,Vergara,47
4948,Carrasco,47
4949,Bravo,47
4950,Sanchez,47
4951,Garcia,47
4952,Vasquez,47
4953,Figueroa,47
4954,Cortes,47
4955,Jara,47
4956,Rivera,47
4957,Miranda,47
4958,Molina,47
4959,Riquelme,47
4960,Vera,47
4961,Olivares,47
4962,Vega,47
4963,Guzman,47
4964,Campos,47
4965,Ortiz,47
4966,Saavedra,47
4967,Orellana,47
4968,Sandoval,47
4969,Nunez,47
4970,Pizarro,47
4971,Salazar,47
4972,Godoy,47
4973,Gallardo,47
4974,Garrido,47
4975,Salinas,47
4976,Leiva,47
4977,Aguilera,47
4978,Escobar,47
4979,Henriquez,47
4980,Romero,47
4981,Alarcon,47
4982,Aravena,47
4983,Navarro,47
4984,Parra,47
4985,Moreno,47
4986,Valdes,47
4987,Vidal,47
4988,Bustos,47
4989,Donoso,47
4990,Lagos,47
4991,Jimenez,47
4992,Caceres,47
4993,Palma,47
4994,Ruiz,47
4995,Pino,47
4996,Zuniga,47
4997,Toro,47
4998,Correa,47
4999,Poblete,47
5000,Carvajal,47
5001,Medina,47
5002,Sanhueza,47
5003,Bustamante,47
5004,Pinto,47
5005,Venegas,47
5006,Acevedo,47
5007,Salas,47
5008,Cerda,47
5009,Ortega,47
5010,Arancibia,47
5011,Navarrete,47
5012,Cornejo,47
5013,Arriagada,47
5014,Acuna,47
5015,Quezada,47
5016,Maldonado,47
5017,Mora,47
5018,Cardenas,47
5019,Toledo,47
5020,Farias,47
5021,Alvarado,47
5022,Hidalgo,47
5023,Guerrero,47
5024,Troncoso,47
5025,Osorio,47
5026,Saez,47
5027,Cabrera,47
5028,Paredes,47
5029,Concha,47
5030,Rivas,47
5031,Pena,47
5032,Aguirre,47
5033,Arias,47
5034,Rios,47
5035,Ulloa,47
5036,Leon,47
5037,Ramos,47
5038,Mendez,47
5039,Yanez,47
5040,Villarroel,47
5041,Duran,47
5042,Barrera,47
5043,Ponce,47
5044,Gonzales,47
5045,Guerra,47
5046,Moya,47
5047,Cuevas,47
5048,Inostroza,47
5049,Calderon,47
5050,Marin,47
5051,Lara,47
5052,Cifuentes,47
5053,Gajardo,47
5054,Pacheco,47
5055,Aguilar,47
5056,Villalobos,47
5057,Galvez,47
5058,Burgos,47
5059,Ahumada,47
5060,Salgado,47
5061,Alfaro,47
5062,Meza,47
5063,Pavez,47
5064,san Martin,47
5065,Chavez,47
5066,Urrutia,47
5067,Jorquera,47
5068,Delgado,47
5069,Riveros,47
5070,Baeza,47
5071,Uribe,47
5072,Ojeda,47
5073,Lobos,47
5074,Astudillo,47
5075,Valdivia,47
5076,Velasquez,47
5077,Moraga,47
5078,Fuenzalida,47
5079,Neira,47
5080,Canales,47
5081,Zapata,47
5082,Becerra,47
5083,Cruz,47
5084,Catalan,47
5085,Araneda,47
5086,Abarca,47
5087,Avila,47
5088,Gaete,47
5089,Retamal,47
5090,Ibarra,47
5091,Varas,47
5092,Quiroz,47
5093,Gatica,47
5094,Mardones,47
5095,Cordova,47
5096,Andrade,47
5097,Guajardo,47
5098,Barra,47
5099,Valencia,47
5100,Barrientos,47
5101,Villegas,47
5102,Caro,47
5103,Zamora,47
5104,Cisternas,47
5105,Albornoz,47
5106,Manriquez,47
5107,Oyarzun,47
5108,Rebolledo,47
5109,Vallejos,47
5110,Mella,47
5111,Fuentealba,47
5112,Barraza,47
5113,Cid,47
5114,Zamorano,47
5115,Arenas,47
5116,Garcia,48
5117,Gonzalez,48
5118,Rodriguez,48
5119,Fernandez,48
5120,Lopez,48
5121,Martinez,48
5122,Sanchez,48
5123,Perez,48
5124,Gomez,48
5125,Martin,48
5126,Jimenez,48
5127,Ruiz,48
5128,Hernandez,48
5129,Diaz,48
5130,Moreno,48
5131,Alvarez,48
5132,Munoz,48
5133,Romero,48
5134,Alonso,48
5135,Gutierrez,48
5136,Navarro,48
5137,Torres,48
5138,Dominguez,48
5139,Vazquez,48
5140,Ramos,48
5141,Gil,48
5142,Ramirez,48
5143,Serrano,48
5144,Blanco,48
5145,Molina,48
5146,Suarez,48
5147,Morales,48
5148,Ortega,48
5149,Delgado,48
5150,Castro,48
5151,Ortiz,48
5152,Rubio,48
5153,Marin,48
5154,Sanz,48
5155,Iglesias,48
5156,Nunez,48
5157,Garrido,48
5158,Santos,48
5159,Castillo,48
5160,Cortes,48
5161,Lozano,48
5162,Guerrero,48
5163,Cano,48
5164,Prieto,48
5165,Mendez,48
5166,Calvo,48
5167,Vidal,48
5168,Gallego,48
5169,Cruz,48
5170,Herrera,48
5171,Leon,48
5172,Pena,48
5173,Marquez,48
5174,Cabrera,48
5175,Flores,48
5176,Campos,48
5177,Vega,48
5178,Diez,48
5179,Fuentes,48
5180,Carrasco,48
5181,Nieto,48
5182,Caballero,48
5183,Pascual,48
5184,Aguilar,48
5185,Herrero,48
5186,Reyes,48
5187,Ferrer,48
5188,Montero,48
5189,Lorenzo,48
5190,Santana,48
5191,Hidalgo,48
5192,Gimenez,48
5193,Duran,48
5194,Vicente,48
5195,Mora,48
5196,Arias,48
5197,Benitez,48
5198,Santiago,48
5199,Carmona,48
5200,Vargas,48
5201,Crespo,48
5202,Pastor,48
5203,Soto,48
5204,Roman,48
5205,Velasco,48
5206,Saez,48
5207,Soler,48
5208,Esteban,48
5209,Moya,48
5210,Bravo,48
5211,Parra,48
5212,Gallardo,48
5213,Pardo,48
5214,Rojas,48
5215,Franco,48
5216,Izquierdo,48
5217,Espinosa,48
5218,Lara,48
5219,Rivas,48
5220,Casado,48
5221,Rivera,48
5222,Arroyo,48
5223,Redondo,48
5224,Rey,48
5225,Silva,48
5226,Camacho,48
5227,Vera,48
5228,Otero,48
5229,Sierra,48
5230,Montes,48
5231,Luque,48
5232,Galan,48
5233,Segura,48
5234,Rios,48
5235,Marcos,48
5236,Carrillo,48
5237,Marti,48
5238,Vila,48
5239,Soriano,48
5240,Robles,48
5241,Bernal,48
5242,Mendoza,48
5243,Valero,48
5244,Palacios,48
5245,Benito,48
5246,Varela,48
5247,Andres,48
5248,Guerra,48
5249,Bueno,48
5250,Macias,48
5251,Mateo,48
5252,Roldan,48
5253,Exposito,48
5254,Villar,48
5255,Pereira,48
5256,Contreras,48
5257,Heredia,48
5258,Miranda,48
5259,Mateos,48
5260,Casas,48
5261,Guillen,48
5262,Escudero,48
5263,Aparicio,48
5264,Aguilera,48
5265,Menendez,48
5266,Rivero,48
5267,Beltran,48
5268,Gracia,48
5269,Rico,48
5270,Abad,48
5271,Padilla,48
5272,Estevez,48
5273,Conde,48
5274,Galvez,48
5275,Calderon,48
5276,Salas,48
5277,Roca,48
5278,Plaza,48
5279,Serra,48
5280,Quintana,48
5281,Jurado,48
5282,Aranda,48
5283,Costa,48
5284,Acosta,48
5285,Miguel,48
5286,Blazquez,48
5287,Santamaria,48
5288,Guzman,48
5289,Villanueva,48
5290,Salazar,48
5291,Bermudez,48
5292,Cuesta,48
5293,Manzano,48
5294,Rueda,48
5295,Hurtado,48
5296,Tomas,48
5297,Pons,48
5298,de la Fuente,48
5299,Avila,48
5300,Trujillo,48
5301,Sancho,48
5302,Lazaro,48
5303,Simon,48
5304,Pacheco,48
5305,Blasco,48
5306,Mesa,48
5307,del Rio,48
5308,Luna,48
5309,Escobar,48
5310,Salvador,48
5311,Millan,48
5312,Zamora,48
5313,Alarcon,48
5314,Bermejo,48
5315,Ballesteros,48
5316,Silva,49
5317,Santos,49
5318,Oliveira,49
5319,Souza,49
5320,Rodrigues,49
5321,Ferreira,49
5322,Alves,49
5323,Pereira,49
5324,Lima,49
5325,Gomes,49
5326,Costa,49
5327,Ribeiro,49
5328,Martins,49
5329,Carvalho,49
5330,Almeida,49
5331,Lopes,49
5332,Soares,49
5333,Fernandes,49
5334,Araujo,49
5335,Vieira,49
5336,Barbosa,49
5337,da Silva,49
5338,Rocha,49
5339,Dias,49
5340,Nascimento,49
5341,Andrade,49
5342,Marques,49
5343,Moreira,49
5344,Sousa,49
5345,Nunes,49
5346,Machado,49
5347,Mendes,49
5348,Freitas,49
5349,Cardoso,49
5350,Ramos,49
5351,Goncalves,49
5352,Santana,49
5353,dos Santos,49
5354,Teixeira,49
5355,Reis,49
5356,Melo,49
5357,Borges,49
5358,Junior,49
5359,Batista,49
5360,Moraes,49
5361,Campos,49
5362,Monteiro,49
5363,Castro,49
5364,Barros,49
5365,Moura,49
5366,Miranda,49
5367,Garcia,49
5368,de Oliveira,49
5369,Duarte,49
5370,Medeiros,49
5371,Pinheiro,49
5372,Rosa,49
5373,Brito,49
5374,Nogueira,49
5375,de Souza,49
5376,Cruz,49
5377,Cristina,49
5378,Tavares,49
5379,Cunha,49
5380,Henrique,49
5381,Silveira,49
5382,Leite,49
5383,Correa,49
5384,Fonseca,49
5385,Coelho,49
5386,Pires,49
5387,Azevedo,49
5388,Neves,49
5389,Amaral,49
5390,Menezes,49
5391,Braga,49
5392,Morais,49
5393,Macedo,49
5394,Viana,49
5395,Queiroz,49
5396,Maia,49
5397,Farias,49
5398,Matos,49
5399,Camargo,49
5400,Siqueira,49
5401,Carlos,49
5402,Amorim,49
5403,Xavier,49
5404,Bezerra,49
5405,Guimaraes,49
5406,Dantas,49
5407,Pinto,49
5408,Luiz,49
5409,Aguiar,49
5410,Jose,49
5411,Mello,49
5412,Faria,49
5413,Barreto,49
5414,Figueiredo,49
5415,Maciel,49
5416,Aparecida,49
5417,Paiva,49
5418,Torres,49
5419,Cavalcante,49
5420,Abreu,49
5421,Vasconcelos,49
5422,Bueno,49
5423,Sampaio,49
5424,Correia,49
5425,Gonalves,49
5426,Antonio,49
5427,Cabral,49
5428,Leal,49
5429,Prado,49
5430,Cordeiro,49
5431,Augusto,49
5432,Carneiro,49
5433,Albuquerque,49
5434,Franco,49
5435,Mota,49
5436,Bastos,49
5437,Neto,49
5438,Guedes,49
5439,Diniz,49
5440,Assis,49
5441,Jesus,49
5442,Lemos,49
5443,Antunes,49
5444,Chaves,49
5445,Sales,49
5446,Paula,49
5447,Cesar,49
5448,Freire,49
5449,Rezende,49
5450,Filho,49
5451,Magalhaes,49
5452,Pacheco,49
5453,de Paula,49
5454,Marinho,49
5455,Felix,49
5456,Roberto,49
5457,Ferraz,49
5458,França,49
5459,Francisco,49
5460,Dutra,49
5461,Lacerda,49
5462,Santiago,49
5463,Coutinho,49
5464,Muniz,49
5465,Mattos,49
5466,Arruda,49
5467,Mendonça,49
5468,Passos,49
5469,Mesquita,49
5470,Caetano,49
5471,Porto,49
5472,Pimentel,49
5473,Cavalcanti,49
5474,Peixoto,49
5475,Brasil,49
5476,Sena,49
5477,Pontes,49
5478,Alencar,49
5479,Rossi,49
5480,Chagas,49
5481,Alexandre,49
5482,Simoes,49
5483,Sanches,49
5484,Motta,49
5485,Trindade,49
5486,Couto,49
5487,Domingues,49
5488,de Lima,49
5489,Regina,49
5490,de Jesus,49
5491,Paulo,49
5492,Vaz,49
5493,Guimares,49
5494,Toledo,49
5495,Lira,49
5496,Fagundes,49
5497,Candido,49
5498,Peres,49
5499,Rangel,49
5500,de Almeida,49
5501,Mariano,49
5502,Guerra,49
5503,Luz,49
5504,Anderson,49
5505,Felipe,49
5506,Pessoa,49
5507,Vargas,49
5508,da Costa,49
5509,Aquino,49
5510,Ferrari,49
5511,Brandao,49
5512,Bispo,49
5513,Eduardo,49
5514,Lins,49
5515,Ricardo,49
5516,Silva,50
5517,Santos,50
5518,Ferreira,50
5519,Pereira,50
5520,Costa,50
5521,Oliveira,50
5522,Martins,50
5523,Rodrigues,50
5524,Sousa,50
5525,Fernandes,50
5526,Lopes,50
5527,Marques,50
5528,Ribeiro,50
5529,Gomes,50
5530,Carvalho,50
5531,Almeida,50
5532,Pinto,50
5533,Alves,50
5534,Dias,50
5535,Teixeira,50
5536,Correia,50
5537,Mendes,50
5538,Soares,50
5539,Vieira,50
5540,Monteiro,50
5541,Goncalves,50
5542,Moreira,50
5543,Cardoso,50
5544,Duarte,50
5545,Nunes,50
5546,Rocha,50
5547,Coelho,50
5548,Reis,50
5549,Neves,50
5550,Pires,50
5551,Cunha,50
5552,Matos,50
5553,Machado,50
5554,Fonseca,50
5555,Ramos,50
5556,Tavares,50
5557,Freitas,50
5558,Gonalves,50
5559,Cruz,50
5560,Antunes,50
5561,Figueiredo,50
5562,Barbosa,50
5563,Castro,50
5564,Azevedo,50
5565,Lima,50
5566,Faria,50
5567,Morais,50
5568,Andrade,50
5569,Henriques,50
5570,Mota,50
5571,Pinheiro,50
5572,Afonso,50
5573,Barros,50
5574,Miranda,50
5575,Simoes,50
5576,Baptista,50
5577,Melo,50
5578,Guerreiro,50
5579,Nogueira,50
5580,Abreu,50
5581,Borges,50
5582,Araujo,50
5583,Brito,50
5584,Campos,50
5585,Vaz,50
5586,Rosa,50
5587,Maia,50
5588,Esteves,50
5589,Batista,50
5590,Moura,50
5591,Amaral,50
5592,Gaspar,50
5593,Leite,50
5594,Jorge,50
5595,Neto,50
5596,Gouveia,50
5597,Branco,50
5598,Jesus,50
5599,Valente,50
5600,Pedro,50
5601,Pinho,50
5602,Magalhaes,50
5603,Loureiro,50
5604,Filipe,50
5605,Cabral,50
5606,Miguel,50
5607,Lourenço,50
5608,Rebelo,50
5609,Macedo,50
5610,Garcia,50
5611,Couto,50
5612,Nascimento,50
5613,Amorim,50
5614,Leal,50
5615,Vicente,50
5616,Paiva,50
5617,Bastos,50
5618,Vasconcelos,50
5619,Sa,50
5620,Luis,50
5621,Matias,50
5622,Bento,50
5623,Pacheco,50
5624,Carneiro,50
5625,Cordeiro,50
5626,Sequeira,50
5627,Domingues,50
5628,Mateus,50
5629,Guedes,50
5630,Saraiva,50
5631,Coutinho,50
5632,Sampaio,50
5633,Morgado,50
5634,Manuel,50
5635,Peixoto,50
5636,Lemos,50
5637,Madeira,50
5638,Aguiar,50
5639,Loureno,50
5640,Ramalho,50
5641,Simes,50
5642,Caetano,50
5643,Mesquita,50
5644,Serra,50
5645,Godinho,50
5646,Magalhes,50
5647,Paulo,50
5648,Francisco,50
5649,Torres,50
5650,Ventura,50
5651,Barata,50
5652,Guerra,50
5653,Domingos,50
5654,Viegas,50
5655,Braga,50
5656,Franco,50
5657,Pimenta,50
5658,Bernardo,50
5659,Raposo,50
5660,Pais,50
5661,Freire,50
5662,Trindade,50
5663,Martinho,50
5664,Palma,50
5665,Dinis,50
5666,Veiga,50
5667,Roque,50
5668,Alexandre,50
5669,Caldeira,50
5670,Vale,50
5671,Figueira,50
5672,Viana,50
5673,Barroso,50
5674,Carreira,50
5675,Carmo,50
5676,Albuquerque,50
5677,da Silva,50
5678,Felix,50
5679,Medeiros,50
5680,Botelho,50
5681,Arajo,50
5682,Pina,50
5683,Jose,50
5684,Lobo,50
5685,Nobre,50
5686,Carlos,50
5687,Amaro,50
5688,Guimaraes,50
5689,Xavier,50
5690,Gil,50
5691,Lucas,50
5692,Marinho,50
5693,Cerqueira,50
5694,Fontes,50
5695,Silveira,50
5696,Pimentel,50
5697,Antonio,50
5698,Teles,50
5699,Veloso,50
5700,Diogo,50
5701,Ferraz,50
5702,Leitao,50
5703,Resende,50
5704,Luz,50
5705,Abrantes,50
5706,Augusto,50
5707,Barreto,50
5708,Farinha,50
5709,Rego,50
5710,Calado,50
5711,Pedrosa,50
5712,Louro,50
5713,Meireles,50
5714,Chaves,50
5715,Coimbra,50
5716,Adamczyk,51
5717,Adamski,51
5718,Bak,51
5719,Baran,51
5720,Baranowski,51
5721,Bednarczyk,51
5722,Bednarek,51
5723,Bielecki,51
5724,Bik,51
5725,Borkowski,51
5726,Borowski,51
5727,Brzozowski,51
5728,Chmielewski,51
5729,Chojnacki,51
5730,Czarnecka,51
5731,Czarnecki,51
5732,Dabrowski,51
5733,Duda,51
5734,Dudek,51
5735,Dziedzic,51
5736,Gajda,51
5737,Gajewski,51
5738,Gorski,51
5739,Grabowski,51
5740,Grzelak,51
5741,Jakubowski,51
5742,Janik,51
5743,Jankowski,51
5744,Jankowski,51
5745,Jarosz,51
5746,Jasinski,51
5747,Jaworski,51
5748,Kaczmarczyk,51
5749,Kaczmarek,51
5750,Kalinowski,51
5751,Kaminski,51
5752,Kania,51
5753,Kasprzak,51
5754,Kasprzyk,51
5755,Klimek,51
5756,Konieczny,51
5757,Konopinski,51
5758,Kot,51
5759,Kowal,51
5760,Kowalczyk,51
5761,Kowalewski,51
5762,Kowalik,51
5763,Kowalski,51
5764,Kozak,51
5765,Kozlowski,51
5766,Krajewski,51
5767,Krajewski,51
5768,Krawczyk,51
5769,Krol,51
5770,Kruk,51
5771,Krupa,51
5772,Kubiak,51
5773,Kucharski,51
5774,Kulesza,51
5775,Kurek,51
5776,Kwiatkowski,51
5777,Laskowski,51
5778,Lech,51
5779,Lewandowski,51
5780,Lis,51
5781,Maciejewski,51
5782,Madej,51
5783,Maj,51
5784,Majchrzak,51
5785,Majewski,51
5786,Makowski,51
5787,Malinowski,51
5788,Marciniak,51
5789,Marczak,51
5790,Marek,51
5791,Markiewicz,51
5792,Markowski,51
5793,Marzec,51
5794,Mazur,51
5795,Mazurek,51
5796,Mazurkiewicz,51
5797,Michalak,51
5798,Michalik,51
5799,Michalski,51
5800,Mucha,51
5801,Nawrocki,51
5802,Nowacki,51
5803,Nowak,51
5804,Nowakowski,51
5805,Nowicki,51
5806,Olejniczak,51
5807,Olejnik,51
5808,Olszewski,51
5809,Ostrowski,51
5810,Owczarek,51
5811,Pawlak,51
5812,Pawlik,51
5813,Piasecki,51
5814,Pietrzak,51
5815,Piotr,51
5816,Piotrowski,51
5817,Polak,51
5818,Przybylski,51
5819,Rutkowski,51
5820,Sadowski,51
5821,Sawicki,51
5822,Szarmach,51
5823,Sienkiewicz,51
5824,Sikora,51
5825,Sikorski,51
5826,Skiba,51
5827,Sobczak,51
5828,Sobczyk,51
5829,Socha,51
5830,Sowa,51
5831,Stankiewicz,51
5832,Stasiak,51
5833,Stepien,51
5834,Szczepaniak,51
5835,Szewczyk,51
5836,Szulc,51
5837,Szymanski,51
5838,Szymczak,51
5839,Tomaszewski,51
5840,Tomczak,51
5841,Tomczyk,51
5842,Urban,51
5843,Urbaniak,51
5844,Walczak,51
5845,Wasilewski,51
5846,Wawrzyniak,51
5847,Wieczorek,51
5848,Wilk,51
5849,Winiewski,51
5850,Wisniewski,51
5851,Witek,51
5852,Witkowski,51
5853,Wojcik,51
5854,Wojciechowski,51
5855,Wojtowicz,51
5856,Wolski,51
5857,Woniak,51
5858,Wozniak,51
5859,Wrobel,51
5860,Wroblewski,51
5861,Wrona,51
5862,Wysocki,51
5863,Zajac,51
5864,Zakrzewski,51
5865,Zalewski,51
5866,Zaremba,51
5867,Zawadzki,51
5868,Zielinski,51
5869,Zych,51
5870,Krychowiak,51
5871,Glik,51
5872,Blaszczykowski,51
5873,Szczesny,51
5874,Boruc,51
5875,Dudek,51
5876,Smolarek,51
5877,Gadocha,51
5878,Deyna,51
5879,Boniek,51
5880,Zewlakow,51
5881,Lato,51
5882,Wasilewski,51
5883,Wojtyła,51
5884,Tusk,51
5916,Nagy,52
5917,Kovacs,52
5918,Szabo,52
5919,Kiss,52
5920,Varga,52
5921,Toth,52
5922,Horvath,52
5923,Farkas,52
5924,Molnar,52
5925,Balogh,52
5926,Papp,52
5927,Nemeth,52
5928,Horvth,52
5929,Fekete,52
5930,Takacs,52
5931,Juhasz,52
5932,Molnr,52
5933,Simon,52
5934,Nmeth,52
5935,Kocsis,52
5936,Mészáros,52
5937,Szucs,52
5938,Marton,52
5939,Antal,52
5940,Fodor,52
5941,László,52
5942,Kis,52
5943,Szilagyi,52
5944,Pal,52
5945,Sipos,52
5946,Katona,52
5947,Hegedus,52
5948,Magyar,52
5949,Biro,52
5950,Szalai,52
5951,Somogyi,52
5952,Bálint,52
5953,Kelemen,52
5954,Hajdu,52
5955,Feher,52
5956,Fazekas,52
5957,Boros,52
5958,Pinter,52
5959,Gal,52
5960,Balazs,52
5961,Racz,52
5962,Lengyel,52
5963,Orosz,52
5964,Vincze,52
5965,Lakatos,52
5966,Jakab,52
5967,Török,52
5968,Lukacs,52
5969,Sandor,52
5970,Gábor,52
5971,Olah,52
5972,Vass,52
5973,Peter,52
5974,Zoltán,52
5975,Tamás,52
5976,Mate,52
5977,Kiraly,52
5978,Pap,52
5979,Veres,52
5980,Takcs,52
5981,Nemes,52
5982,Barna,52
5983,Mszros,52
5984,Gulyas,52
5985,Kozma,52
5986,Szekely,52
5987,Juhsz,52
5988,Bognar,52
5989,Pataki,52
5990,Fulop,52
5991,István,52
5992,Kálmán,52
5993,Illes,52
5994,Major,52
5995,Szalay,52
5996,Balla,52
5997,Deak,52
5998,Dobos,52
5999,Attila,52
6000,Bakos,52
6001,Kerekes,52
6002,Gergely,52
6003,Szekeres,52
6004,Soos,52
6005,Katalin,52
6006,Barta,52
6007,Gaspar,52
6008,Halasz,52
6009,Kardos,52
6010,Novak,52
6011,Budai,52
6012,Bodnar,52
6013,Hegyi,52
6014,Szőke,52
6015,Szcs,52
6016,Vajda,52
6017,Mezei,52
6018,Orban,52
6019,Balog,52
6020,Bartha,52
6021,Szilgyi,52
6022,Eva,52
6023,Cseh,52
6024,Vörös,52
6025,Pasztor,52
6026,Szigeti,52
6027,Rózsa,52
6028,Csaba,52
6029,Andrea,52
6030,Kertesz,52
6031,Benedek,52
6032,Varadi,52
6033,Kadar,52
6034,Fabian,52
6035,Demeter,52
6036,Ferenc,52
6037,Va,52
6038,Sebestyen,52
6039,Dudas,52
6040,Imre,52
6041,Zsolt,52
6042,György,52
6043,Borbely,52
6044,Végh,52
6045,Erdei,52
6046,Szegedi,52
6047,Szasz,52
6048,Andras,52
6049,János,52
6050,Miklos,52
6051,Farago,52
6052,Szanto,52
6053,Schmidt,52
6054,Zsuzsanna,52
6055,Szabados,52
6056,Lorincz,52
6057,Kulcsár,52
6058,Tibor,52
6059,Vida,52
6060,Kun,52
6061,Ildikó,52
6062,Urban,52
6063,Elek,52
6064,József,52
6065,Kurucz,52
6066,Bence,52
6067,Erdélyi,52
6068,Ferenczi,52
6069,Koncz,52
6070,Mátyás,52
6071,Lazar,52
6072,Csizmadia,52
6073,David,52
6074,Gaal,52
6075,Krisztina,52
6076,Kalmar,52
6077,Adam,52
6078,Pintr,52
6079,Karpati,52
6080,Timar,52
6081,Seres,52
6082,Polgar,52
6083,Baranyai,52
6084,Mayer,52
6085,Ambrus,52
6086,Fehr,52
6087,Vigh,52
6088,Herczeg,52
6089,Hajnal,52
6090,Ferencz,52
6091,Hegeds,52
6092,Fejes,52
6093,Győri,52
6094,Szollosi,52
6095,Vas,52
6096,Beres,52
6097,Acs,52
6098,Puskás,52
6099,Mester,52
6100,Agnes,52
6101,Pusztai,52
6102,Balzs,52
6103,Csonka,52
6104,Turi,52
6105,Virag,52
6106,Peto,52
6107,Lévai,52
6108,Erdos,52
6109,Lászlóné,52
6110,Lovas,52
6111,Kollar,52
6112,Berta,52
6113,Sndor,52
6114,Jenei,52
6115,Benko,52
6116,Huber,53
6117,Gruber,53
6118,Bauer,53
6119,Wagner,53
6120,Mayer,53
6121,Berger,53
6122,Steiner,53
6123,Hofer,53
6124,Moser,53
6125,Pichler,53
6126,Fuchs,53
6127,Maier,53
6128,Fischer,53
6129,Leitner,53
6130,Schwarz,53
6131,Eder,53
6132,Schmid,53
6133,Schneider,53
6134,Weber,53
6135,Winkler,53
6136,Mayr,53
6137,Schmidt,53
6138,Reiter,53
6139,Lang,53
6140,Egger,53
6141,Baumgartner,53
6142,Wolf,53
6143,Brunner,53
6144,Wimmer,53
6145,Miller,53
6146,Weiss,53
6147,Auer,53
6148,Binder,53
6149,Lechner,53
6150,Graf,53
6151,Haas,53
6152,Koller,53
6153,Schuster,53
6154,Muller,53
6155,Aigner,53
6156,Ebner,53
6157,Wallner,53
6158,Koch,53
6159,Lehner,53
6160,Holzer,53
6161,Hofmann,53
6162,Strasser,53
6163,Lackner,53
6164,Winter,53
6165,Kaiser,53
6166,Mueller,53
6167,Fritz,53
6168,Wieser,53
6169,Kaufmann,53
6170,Kern,53
6171,Stadler,53
6172,Haider,53
6173,Schober,53
6174,Maurer,53
6175,Krenn,53
6176,Klein,53
6177,Unger,53
6178,Richter,53
6179,Austria,53
6180,Horvath,53
6181,Zimmermann,53
6182,Hackl,53
6183,Neubauer,53
6184,Ortner,53
6185,Frank,53
6186,Resch,53
6187,Hauser,53
6188,Seidl,53
6189,Hoffmann,53
6190,Rainer,53
6191,Fink,53
6192,Sommer,53
6193,Peter,53
6194,Strobl,53
6195,Mayrhofer,53
6196,Reisinger,53
6197,Ernst,53
6198,Riedl,53
6199,Novak,53
6200,Mair,53
6201,Grabner,53
6202,Hofbauer,53
6203,Lindner,53
6204,Kogler,53
6205,Schwaiger,53
6206,Riegler,53
6207,Hartl,53
6208,Walter,53
6209,Karner,53
6210,Kraus,53
6211,Kofler,53
6212,Posch,53
6213,Friedl,53
6214,Meier,53
6215,Baumann,53
6216,Friedrich,53
6217,Schweiger,53
6218,Herzog,53
6219,Langer,53
6220,Sturm,53
6221,Steininger,53
6222,Rauch,53
6223,Bruckner,53
6224,Braun,53
6225,Kurz,53
6226,Burger,53
6227,Kainz,53
6228,Pirker,53
6229,Hager,53
6230,Pfeiffer,53
6231,Martin,53
6232,Hutter,53
6233,Krammer,53
6234,Werner,53
6235,Mader,53
6236,Neumann,53
6237,Roth,53
6238,Brandstetter,53
6239,Brandl,53
6240,Ertl,53
6241,Meyer,53
6242,Heinrich,53
6243,Wiesinger,53
6244,Bayer,53
6245,Zauner,53
6246,Putz,53
6247,Mandl,53
6248,Prinz,53
6249,Haslinger,53
6250,Karl,53
6251,Franz,53
6252,Smith,53
6253,Beck,53
6254,Hafner,53
6255,Hauer,53
6256,Platzer,53
6257,Nagy,53
6258,Bacher,53
6259,Thaler,53
6260,Mayerhofer,53
6261,Hammer,53
6262,Nowak,53
6263,Rieder,53
6264,Fellner,53
6265,Angerer,53
6266,Ziegler,53
6267,Gross,53
6268,Ecker,53
6269,Pfeifer,53
6270,Holzinger,53
6271,Singer,53
6272,Gabriel,53
6273,Hahn,53
6274,Ritter,53
6275,Stangl,53
6276,Plank,53
6277,Gassner,53
6278,Rath,53
6279,Hartmann,53
6280,Rieger,53
6281,Oswald,53
6282,Deutsch,53
6283,Kastner,53
6284,Steindl,53
6285,Hermann,53
6286,Kovacs,53
6287,Huemer,53
6288,Schreiner,53
6289,Lee,53
6290,Lorenz,53
6291,Lenz,53
6292,Schwab,53
6293,Schubert,53
6294,Null,53
6295,Stockinger,53
6296,Gasser,53
6297,Brenner,53
6298,Zach,53
6299,Thurner,53
6300,Brugger,53
6301,Stocker,53
6302,Weinberger,53
6303,Feichtinger,53
6304,Schaffer,53
6305,Albrecht,53
6306,Konrad,53
6307,Wien,53
6308,Haller,53
6309,Pilz,53
6310,Schreiber,53
6311,Simon,53
6312,Knoll,53
6313,Knapp,53
6314,Holler,53
6315,Khan,53
6316,Schneider,54
6317,Fischer,54
6318,Weber,54
6319,Wagner,54
6320,Meyer,54
6321,Becker,54
6322,Hoffmann,54
6323,Bauer,54
6324,Schulz,54
6325,Mueller,54
6326,Klein,54
6327,Richter,54
6328,Koch,54
6329,Braun,54
6330,Meier,54
6331,Neumann,54
6332,Schwarz,54
6333,Mayer,54
6334,Maier,54
6335,Zimmermann,54
6336,Hartmann,54
6337,Werner,54
6338,Hofmann,54
6339,Schmitt,54
6340,Schmitz,54
6341,Lange,54
6342,Krause,54
6343,Lehmann,54
6344,Huber,54
6345,Kaiser,54
6346,Schmid,54
6347,Berger,54
6348,Walter,54
6349,Keller,54
6350,Lang,54
6351,Fuchs,54
6352,Schulze,54
6353,Herrmann,54
6354,Jung,54
6355,Vogel,54
6356,Friedrich,54
6357,Beck,54
6358,Frank,54
6359,Graf,54
6360,Hahn,54
6361,Scholz,54
6362,Schubert,54
6363,Roth,54
6364,Lorenz,54
6365,Weiss,54
6366,Stein,54
6367,Kraus,54
6368,Simon,54
6369,Baumann,54
6370,Kramer,54
6371,Kuhn,54
6372,Schaefer,54
6373,Schumacher,54
6374,Sommer,54
6375,Winkler,54
6376,Schuster,54
6377,Engel,54
6378,Albrecht,54
6379,Franke,54
6380,Ludwig,54
6381,Heinrich,54
6382,Haas,54
6383,Vogt,54
6384,Jansen,54
6385,Otto,54
6386,Ernst,54
6387,Schafer,54
6388,Gross,54
6389,Ziegler,54
6390,Dietrich,54
6391,Schreiber,54
6392,Schfer,54
6393,Brandt,54
6394,Kern,54
6395,Li,54
6396,Schroeder,54
6397,Hansen,54
6398,Busch,54
6399,Schulte,54
6400,Wang,54
6401,Bergmann,54
6402,Wolff,54
6403,Seidel,54
6404,Ritter,54
6405,Berg,54
6406,Horn,54
6407,Lutz,54
6408,Sauer,54
6409,Khan,54
6410,Hermann,54
6411,Pfeiffer,54
6412,Kraft,54
6413,Pohl,54
6414,Wilhelm,54
6415,Beyer,54
6416,Barth,54
6417,Nagel,54
6418,Kroger,54
6419,Lindner,54
6420,Franz,54
6421,Voigt,54
6422,Kaufmann,54
6423,Seifert,54
6424,Petersen,54
6425,Ott,54
6426,Mohr,54
6427,Lenz,54
6428,Kohler,54
6429,Michel,54
6430,Riedel,54
6431,Fritz,54
6432,Marx,54
6433,Grimm,54
6434,Wenzel,54
6435,Bayer,54
6436,Zimmer,54
6437,Schroder,54
6438,Schumann,54
6439,Zhang,54
6440,Fink,54
6441,Bock,54
6442,Maurer,54
6443,Kruse,54
6444,Kunz,54
6445,Gruber,54
6446,Sander,54
6447,Reuter,54
6448,Arndt,54
6449,Fiedler,54
6450,Heinz,54
6451,Steiner,54
6452,Langer,54
6453,Voss,54
6454,Adam,54
6455,Schilling,54
6456,Eckert,54
6457,Herzog,54
6458,Frey,54
6459,Reinhardt,54
6460,Thiel,54
6461,Walther,54
6462,Mann,54
6463,Hesse,54
6464,Hein,54
6465,Hoppe,54
6466,Weis,54
6467,Jahn,54
6468,Bach,54
6469,Bender,54
6470,Schrder,54
6471,Schindler,54
6472,Bachmann,54
6473,Brunner,54
6474,Haase,54
6475,Blum,54
6476,Janssen,54
6477,Thiele,54
6478,Stephan,54
6479,Khler,54
6480,Geiger,54
6481,Nowak,54
6482,Beckmann,54
6483,Konig,54
6484,Ebert,54
6485,Liu,54
6486,Hess,54
6487,Rudolph,54
6488,Behrens,54
6489,Stark,54
6490,Kremer,54
6491,Moser,54
6492,Scherer,54
6493,Koehler,54
6494,Koenig,54
6495,Reichert,54
6496,Stahl,54
6497,Schramm,54
6498,Schwab,54
6499,Witt,54
6500,Schiller,54
6501,Ulrich,54
6502,Brand,54
6503,Gerlach,54
6504,Dietz,54
6505,Rau,54
6506,Schultz,54
6507,Yilmaz,54
6508,Breuer,54
6509,Burger,54
6510,Kruger,54
6511,Kessler,54
6512,Hirsch,54
6513,Schenk,54
6514,Seitz,54
6515,Kurz,54
6516,Wang,55
6517,Zhang,55
6518,Li,55
6519,Liu,55
6520,Yang,55
6521,Wu,55
6522,Xu,55
6523,Huang,55
6524,Zhou,55
6525,Zhao,55
6526,Zhu,55
6527,Yu,55
6528,Sun,55
6529,Lu,55
6530,Lin,55
6531,Hu,55
6532,Jiang,55
6533,He,55
6534,Guo,55
6535,Zheng,55
6536,Gao,55
6537,Tang,55
6538,Wei,55
6539,Yan,55
6540,Shi,55
6541,Shen,55
6542,Song,55
6543,Luo,55
6544,Ma,55
6545,Xie,55
6546,Feng,55
6547,Liang,55
6548,Cheng,55
6549,Han,55
6550,Yuan,55
6551,Cao,55
6552,Xiao,55
6553,Jin,55
6554,Peng,55
6555,Fan,55
6556,Dong,55
6557,Pan,55
6558,Ye,55
6559,Cai,55
6560,Gu,55
6561,Yao,55
6562,Ding,55
6563,Fu,55
6564,Deng,55
6565,Fang,55
6566,Zeng,55
6567,Yin,55
6568,Du,55
6569,Tian,55
6570,Su,55
6571,Tan,55
6572,Xia,55
6573,Zhong,55
6574,Chang,55
6575,Cui,55
6576,Dai,55
6577,Qian,55
6578,Qin,55
6579,Jia,55
6580,Qiu,55
6581,Wen,55
6582,Meng,55
6583,Tao,55
6584,Qi,55
6585,Ji,55
6586,Xue,55
6587,Yi,55
6588,Gong,55
6589,Hong,55
6590,Zou,55
6591,Mao,55
6592,Liao,55
6593,Hou,55
6594,Hao,55
6595,Ren,55
6596,Bai,55
6597,Shao,55
6598,Xiong,55
6599,Lau,55
6600,Wan,55
6601,Xiang,55
6602,Tong,55
6603,Ge,55
6604,Guan,55
6605,Chu,55
6606,Lai,55
6607,Qu,55
6608,Duan,55
6609,Kong,55
6610,Bao,55
6611,Ni,55
6612,Hua,55
6613,Ling,55
6614,Cheung,55
6615,Ho,55
6616,Kang,55
6617,Xing,55
6618,Yue,55
6619,Hui,55
6620,Lan,55
6621,Sheng,55
6622,Chou,55
6623,Zhuang,55
6624,Lei,55
6625,Chao,55
6626,Miao,55
6627,Zhan,55
6628,Leung,55
6629,Chow,55
6630,An,55
6631,Qiao,55
6632,Pang,55
6633,Niu,55
6634,Yong,55
6635,Ke,55
6636,Tu,55
6637,Shu,55
6638,Shang,55
6639,Lam,55
6640,Nie,55
6641,Hsu,55
6642,Jiao,55
6643,Zhai,55
6644,Geng,55
6645,Mu,55
6646,Gan,55
6647,Woo,55
6648,Yun,55
6649,Weng,55
6650,Ou,55
6651,Zuo,55
6652,Teng,55
6653,Ouyang,55
6654,Bi,55
6655,Ting,55
6656,Lian,55
6657,Mo,55
6658,Jing,55
6659,Chai,55
6660,Pu,55
6661,Shan,55
6662,Bian,55
6663,Nan,55
6664,Xin,55
6665,Lou,55
6666,Xi,55
6667,Huo,55
6668,Quan,55
6669,Ying,55
6670,Mei,55
6671,Rao,55
6672,Ruan,55
6673,Kuang,55
6674,Law,55
6675,Lo,55
6676,Lim,55
6677,Sha,55
6678,Na,55
6679,Chi,55
6680,Chung,55
6681,Pei,55
6682,Tsai,55
6683,Fei,55
6684,Tse,55
6685,Dou,55
6686,Ning,55
6687,Choi,55
6688,Yeung,55
6689,Kwok,55
6690,Le,55
6691,Chiu,55
6692,Zhuo,55
6693,Chong,55
6694,Zong,55
6695,Sui,55
6696,Rong,55
6697,Chiang,55
6698,Fung,55
6699,Ju,55
6700,Yip,55
6701,Min,55
6702,Bu,55
6703,Che,55
6704,Tsang,55
6705,Zang,55
6706,Leng,55
6707,Man,55
6708,Lang,55
6709,Van,55
6710,Park,55
6711,Chun,55
6712,Tsui,55
6713,Tam,55
6714,Jian,55
6715,She,55
6716,Gonzalez,56
6717,Rodriguez,56
6718,Lopez,56
6719,Fernandez,56
6720,Garcia,56
6721,Perez,56
6722,Martinez,56
6723,Gomez,56
6724,Diaz,56
6725,Sanchez,56
6726,Alvarez,56
6727,Romero,56
6728,Sosa,56
6729,Ruiz,56
6730,Torres,56
6731,Suarez,56
6732,Castro,56
6733,Gimenez,56
6734,Vazquez,56
6735,Acosta,56
6736,Gutierrez,56
6737,Pereyra,56
6738,Ramirez,56
6739,Flores,56
6740,Benitez,56
6741,Aguirre,56
6742,Molina,56
6743,Ortiz,56
6744,Medina,56
6745,Herrera,56
6746,Dominguez,56
6747,Martin,56
6748,Moreno,56
6749,Rojas,56
6750,Blanco,56
6751,Quiroga,56
6752,Cabrera,56
6753,Ferreyra,56
6754,Peralta,56
6755,Alonso,56
6756,Silva,56
6757,Morales,56
6758,Luna,56
6759,Mendez,56
6760,Ramos,56
6761,Rios,56
6762,Arias,56
6763,Munoz,56
6764,Godoy,56
6765,Vega,56
6766,Rossi,56
6767,Navarro,56
6768,Juarez,56
6769,Vera,56
6770,Carrizo,56
6771,Hernandez,56
6772,Correa,56
6773,Ponce,56
6774,Paz,56
6775,Ledesma,56
6776,Cordoba,56
6777,Bustos,56
6778,Castillo,56
6779,Figueroa,56
6780,Lucero,56
6781,Ojeda,56
6782,Varela,56
6783,Caceres,56
6784,Rivero,56
6785,Miranda,56
6786,Maldonado,56
6787,Vargas,56
6788,Franco,56
6789,Villalba,56
6790,Soria,56
6791,Iglesias,56
6792,Moyano,56
6793,Roldan,56
6794,Guzman,56
6795,Nunez,56
6796,Coronel,56
6797,Ferrari,56
6798,Mansilla,56
6799,Cardozo,56
6800,Paez,56
6801,Romano,56
6802,Gonzales,56
6803,Farias,56
6804,Campos,56
6805,Olivera,56
6806,Vidal,56
6807,Soto,56
6808,Mendoza,56
6809,Avila,56
6810,Leiva,56
6811,Duarte,56
6812,Barrios,56
6813,Arce,56
6814,Gallardo,56
6815,Ayala,56
6816,Otero,56
6817,Aguero,56
6818,Costa,56
6819,Toledo,56
6820,Escobar,56
6821,Gil,56
6822,Palacios,56
6823,Bravo,56
6824,Acuna,56
6825,Rey,56
6826,Marquez,56
6827,Delgado,56
6828,Montenegro,56
6829,Oviedo,56
6830,Aguilar,56
6831,Gallo,56
6832,Cruz,56
6833,Ibarra,56
6834,Rivas,56
6835,Acevedo,56
6836,Baez,56
6837,Valdez,56
6838,Velazquez,56
6839,Heredia,56
6840,Bruno,56
6841,Russo,56
6842,Ibanez,56
6843,Contreras,56
6844,Funes,56
6845,Mercado,56
6846,Maidana,56
6847,Quintana,56
6848,Bianchi,56
6849,Zarate,56
6850,Salinas,56
6851,Oliva,56
6852,Fuentes,56
6853,Caballero,56
6854,Quinteros,56
6855,Vallejos,56
6856,Ortega,56
6857,Cabral,56
6858,Barrionuevo,56
6859,Zapata,56
6860,Salas,56
6861,Prieto,56
6862,Barrera,56
6863,Colombo,56
6864,Albornoz,56
6865,Lorenzo,56
6866,Nuez,56
6867,Guerrero,56
6868,Paredes,56
6869,Aranda,56
6870,Aguilera,56
6871,Calvo,56
6872,Pereira,56
6873,Bustamante,56
6874,Fernndez,56
6875,Alegre,56
6876,Burgos,56
6877,Nieto,56
6878,Santillan,56
6879,Garay,56
6880,Videla,56
6881,Santos,56
6882,Segovia,56
6883,Marino,56
6884,Leguizamon,56
6885,Reynoso,56
6886,Altamirano,56
6887,Chavez,56
6888,Bazan,56
6889,Zalazar,56
6890,Cuello,56
6891,Ocampo,56
6892,Gauna,56
6893,Pacheco,56
6894,Reyes,56
6895,Coria,56
6896,Montero,56
6897,Rosales,56
6898,Sandoval,56
6899,Villegas,56
6900,Diez,56
6901,Galvan,56
6902,Ferrero,56
6903,Garca,56
6904,Escudero,56
6905,Ceballos,56
6906,Robles,56
6907,Jara,56
6908,Lescano,56
6909,Cano,56
6910,Villanueva,56
6911,Montes,56
6912,Ochoa,56
6913,Aquino,56
6914,Guevara,56
6915,Jimenez,56
6916,Tan,57
6917,Lim,57
6918,Kung,57
6919,Chai,57
6920,Lin,57
6921,Lek,57
6922,Ja,57
6923,Tang,57
6924,Wang,57
6925,Jung,57
6926,Aung,57
6927,Su,57
6928,Na,57
6929,Narak,57
6930,Nong,57
6931,Li,57
6932,Khan,57
6933,Za,57
6934,Win,57
6935,Ka,57
6936,Bee,57
6937,Pong,57
6938,Bunnag,57
6939,Boon,57
6940,Ng,57
6941,Tong,57
6942,Yang,57
6943,San,57
6944,Suwan,57
6945,Sachdev,57
6946,Chang,57
6947,Jang,57
6948,Man,57
6949,Liu,57
6950,Pan,57
6951,Huang,57
6952,Siri,57
6953,Wan,57
6954,Ko,57
6955,Pattaya,57
6956,Zhang,57
6957,Tee,57
6958,Kan,57
6959,Park,57
6960,Moo,57
6961,Somboon,57
6962,Som,57
6963,Fon,57
6964,Sa,57
6965,Oo,57
6966,Mon,57
6967,Song,57
6968,Chin,57
6969,Boy,57
6970,Cha,57
6971,Kong,57
6972,Thong,57
6973,Zaa,57
6974,Naka,57
6975,Samui,57
6976,Pang,57
6977,Wu,57
6978,Noi,57
6979,Tun,57
6980,Ho,57
6981,Tum,57
6982,Han,57
6983,Charoensuk,57
6984,Sri,57
6985,Nok,57
6986,Narula,57
6987,Dang,57
6988,Hong,57
6989,Oh,57
6990,Poo,57
6991,Sun,57
6992,Ann,57
6993,Jain,57
6994,Tu,57
6995,Mam,57
6996,Srisawat,57
6997,Mee,57
6998,Chu,57
6999,Bank,57
7000,Jaidee,57
7001,Srisuwan,57
7002,Nan,57
7003,Krishnakumar,57
7004,Soe,57
7005,Nam,57
7006,Yu,57
7007,Chawla,57
7008,Mai,57
7009,Sethi,57
7010,Nana,57
7011,Lee,57
7012,Smile,57
7013,New,57
7014,Bird,57
7015,Sweet,57
7016,Tai,57
7017,Ying,57
7018,Rattana,57
7019,Rung,57
7020,Srisuk,57
7021,Mba,57
7022,Kwan,57
7023,Pu,57
7024,Ong,57
7025,Shrestha,57
7026,Siam,57
7027,Pop,57
7028,Ang,57
7029,Saelim,57
7030,Chong,57
7031,Boonmee,57
7032,Pa,57
7033,Por,57
7034,Ta,57
7035,Wattana,57
7036,Bell,57
7037,Choi,57
7038,Korn,57
7039,Lay,57
7040,Ku,57
7041,Jin,57
7042,Yong,57
7043,Koh,57
7044,Jan,57
7045,Joy,57
7046,Boonma,57
7047,Sae,57
7048,Than,57
7049,Chaiwong,57
7050,Shaik,57
7051,Udom,57
7052,Au,57
7053,Beer,57
7054,Lwin,57
7055,Wat,57
7056,Chiangmai,57
7057,Ball,57
7058,Maneerat,57
7059,Kob,57
7060,Ma,57
7061,Dao,57
7062,Chaimongkol,57
7063,Lovely,57
7064,Cho,57
7065,Tran,57
7066,Myint,57
7067,Tom,57
7068,Hansen,57
7069,Naja,57
7070,So,57
7071,Rat,57
7072,Saetang,57
7073,Suwannarat,57
7074,Ya,57
7075,Cheng,57
7076,Pim,57
7077,Jira,57
7078,Chaichana,57
7079,Ning,57
7080,Tuk,57
7081,Panya,57
7082,Bow,57
7083,Sang,57
7084,Suksawat,57
7085,Saelee,57
7086,Suriya,57
7087,Dee,57
7088,Lai,57
7089,Nui,57
7090,Kang,57
7091,Ton,57
7092,Lo,57
7093,Pee,57
7094,na Nakorn,57
7095,Lam,57
7096,Son,57
7097,Thongsuk,57
7098,Null,57
7099,Noon,57
7100,Tam,57
7101,Hongsakul,57
7102,Art,57
7103,Pom,57
7104,Noom,57
7105,Mohammed,57
7106,Panich,57
7107,Jong,57
7108,Top,57
7109,Sangthong,57
7110,Toy,57
7111,Srithong,57
7112,Sam,57
7113,Wee,57
7114,Da,57
7115,Chung,57
7116,Abay,58
7117,Acar,58
7118,Acun,58
7119,Akay,58
7120,Akel,58
7121,Akgün,58
7122,Akin,58
7123,Aktaç,58
7124,Aktan,58
7125,Ali̇ ,58
7126,Ali̇can,58
7127,Ali̇şan,58
7128,Alkan,58
7129,Alkin,58
7130,Alp,58
7131,Alpar,58
7132,Alpaslan,58
7133,Alptuğ,58
7134,Alper,58
7135,Alperen,58
7136,Alphan,58
7137,Alpteki̇n,58
7138,Altan,58
7139,Altay,58
7140,Altuğ,58
7141,Anil,58
7142,Andaç,58
7143,Aral,58
7144,Arcan,58
7145,Arel,58
7146,Arda,58
7147,Argun,58
7148,Argün,58
7149,Arikan,58
7150,Arin,58
7151,Ari̇f,58
7152,Arkan,58
7153,Arkut,58
7154,Arman,58
7155,Arslan,58
7156,Artun,58
7157,Ataberk,58
7158,Atacan,58
7159,Atak,58
7160,Atakan,58
7161,Atalay,58
7162,Ataman,58
7163,Atasoy,58
7164,Atay,58
7165,Ati̇lla,58
7166,Aybar,58
7167,Ayberk,58
7168,Aydin,58
7169,Ayhan,58
7170,Aykan,58
7171,Aykut,58
7172,Aytaç,58
7173,Aytek,58
7174,Ayteki̇n,58
7175,Aytunç,58
7176,Azi̇z,58
7177,Azmi̇,58
7178,Baha,58
7179,Bahi̇r,58
7180,Baler,58
7181,Balki,58
7182,Baran,58
7183,Baray,58
7184,Barbaros,58
7185,Barin,58
7186,Bariş,58
7187,Barkin,58
7188,Barkan,58
7189,Barlas,58
7190,Bars,58
7191,Bartu,58
7192,Başer,58
7193,Bati,58
7194,Batihan,58
7195,Baturalp,58
7196,Batiray,58
7197,Batuğ,58
7198,Batuhan,58
7199,Batur,58
7200,Bayar,58
7201,Baybars,58
7202,Baybora,58
7203,Baycan,58
7204,Bayhan,58
7205,Baykal,58
7206,Baysal,58
7207,Bayülken,58
7208,Bedi̇r,58
7209,Bedi̇rhan,58
7210,Berk,58
7211,Berkay,58
7212,Berke,58
7213,Berkan,58
7214,Berkant,58
7215,Berkay,58
7216,Berke,58
7217,Bi̇lgehan,58
7218,Bi̇lgi̇n,58
7219,Bi̇rant,58
7220,Boğaç,58
7221,Bora,58
7222,Boran,58
7223,Buğra,58
7224,Burak,58
7225,Burç,58
7226,Bülent,58
7227,Cabbar,58
7228,Cafer,58
7229,Cahi̇t,58
7230,Can,58
7231,Canalp,58
7232,Canberk,58
7233,Candaş,58
7234,Candemi̇r,58
7235,Candoğan,58
7236,Canel,58
7237,Caner,58
7238,Cankut,58
7239,Canteki̇n,58
7240,Cavi̇t,58
7241,Celal,58
7242,Celayi̇r,58
7243,Celi̇l,58
7244,Cem,58
7245,Cemal,58
7246,Cemi̇l,58
7247,Cemre,58
7248,Cenap,58
7249,Cengi̇z,58
7250,Cengi̇zhan,58
7251,Cenk,58
7252,Cevahi̇r,58
7253,Ceyhun,58
7254,Ci̇han,58
7255,Ci̇hangi̇r,58
7256,Ci̇hat,58
7257,Coşkun,58
7258,Cumhur,58
7259,Cüneyt,58
7260,Çağan,58
7261,Çağatay,58
7262,Çağdaş,58
7263,Çağin,58
7264,Çağkan,58
7265,Çağlar,58
7266,Çağman,58
7267,Çağri,58
7268,Çakar,58
7269,Çakin,58
7270,Çakir,58
7271,Çeli̇k,58
7272,Çeli̇ker,58
7273,Çeti̇n,58
7274,Çevi̇k,58
7275,Çiğir,58
7276,Çinar,58
7277,Dalan,58
7278,Dalay,58
7279,Darcan,58
7280,Demi̇r,58
7281,Demi̇ralp,58
7282,Demi̇rcan,58
7283,Demi̇rel,58
7284,Demi̇rhan,58
7285,Demi̇rkan,58
7286,Deni̇z,58
7287,Denktaş,58
7288,Dervi̇ş,58
7289,Derya,58
7290,Devran,58
7291,Devri̇m,58
7292,Di̇lmen,58
7293,Di̇nç,58
7294,Di̇nçer,58
7295,Doğa,58
7296,Doğan,58
7297,Doğu,58
7298,Doğuhan,58
7299,Doğukan,58
7300,Doğuş,58
7301,Doruk,58
7302,Dorukhan,58
7303,Duran,58
7304,Durukan,58
7305,Dündar,58
7306,Ecevi̇t,58
7307,Edi̇z,58
7308,Efe,58
7309,Efgan,58
7310,Ege,58
7311,Egehan,58
7312,Egemen,58
7313,Enes,58
7314,Eni̇s,58
7315,Emi̇r,58
7316,Emi̇rhan,58
7317,Emrah,58
7318,Emre,58
7319,Ender,58
7320,Ertuğ,58
7321,Ener,58
7322,Engi̇n,58
7323,Engi̇nsu,58
7324,Enver,58
7325,Eralp,58
7326,Eray,58
7327,Erbatur,58
7328,Erberk,58
7329,Ercan,58
7330,Ercüment,58
7331,Erdal,58
7332,Erdem,58
7333,Erden,58
7334,Erdi̇nç,58
7335,Eren,58
7336,Erdoğan,58
7337,Ergi̇n,58
7338,Ergun,58
7339,Ergün,58
7340,Erhan,58
7341,Fadil,58
7342,Fahi̇r,58
7343,Fahretti̇n,58
7344,Fahri̇,58
7345,Fai̇k,58
7346,Fati̇h,58
7347,Faruk,58
7348,Fati̇h,58
7349,Fazil,58
7350,Fehi̇m,58
7351,Ferdi̇,58
7352,Ferhat,58
7353,Ferhan,58
7354,Feri̇d,58
7355,Feri̇dun,58
7356,Feri̇t,58
7357,Ferkan,58
7358,Ferruh,58
7359,Fethi̇,58
7360,Fevzi̇,58
7361,Feyyaz,58
7362,Firat,58
7363,Fi̇kret,58
7364,Fuat,58
7365,Furkan,58
7366,Gali̇p,58
7367,Gani̇,58
7368,Gazanfer,58
7369,Gedi̇z,58
7370,Gencal,58
7371,Gencalp,58
7372,Gencay,58
7373,Gencer,58
7374,Gi̇ray,58
7375,Gi̇rGi̇n,58
7376,Gökalp,58
7377,Gökay,58
7378,Gökberk,58
7379,Gökcan,58
7380,Gökçe,58
7381,Gökçen,58
7382,Gökhan,58
7383,Gökmen,58
7384,Göksel,58
7385,Göktan,58
7386,Göktuğ,58
7387,Güçhan,58
7388,Güçlü,58
7389,Gülteki̇nı,58
7390,Günalp,58
7391,Görkay,58
7392,Güney,58
7393,Günkut,58
7394,Güntan,58
7395,Günteki̇n,58
7396,Güral,58
7397,Güralp,58
7398,Güray,58
7399,Gürcan,58
7400,Gürkan,58
7401,Gürol,58
7402,Gürtan,58
7403,Güven,58
7404,Güvenç,58
7405,Güzey,58
7406,Hafiz,58
7407,Hakan,58
7408,Haldun,58
7409,Hali̇t,58
7410,Hali̇l,58
7411,Hali̇m,58
7412,Hali̇s,58
7413,Haluk,58
7414,Hamdi̇,58
7415,Hami̇,58
7416,Hami̇t,58
7417,Harun,58
7418,Hasan,58
7419,Hasret,58
7420,Hazar,58
7421,Hazim,58
7422,Heper,58
7423,Hincal,58
7424,Hi̇dayet,58
7425,Hi̇kmet,58
7426,Hi̇ram,58
7427,Hulki̇,58
7428,Hulusi̇,58
7429,Hurşi̇t,58
7430,Hüray,58
7431,Hürel,58
7432,Hürcan,58
7433,Hürkal,58
7434,Hürkan,58
7435,Hürol,58
7436,Hüseyi̇n,58
7437,Hüsnü,58
7438,Ildir,58
7439,Ildiz,58
7440,Ilgar,58
7441,Ilgaz,58
7442,Ira,58
7443,Işikhan,58
7444,Işiner,58
7445,İbrahi̇m,58
7446,İdri̇s,58
7447,İhsan,58
7448,İlaydin,58
7449,İlbay,58
7450,İlbey,58
7451,İlcan,58
7452,İlgi̇n,58
7453,İlgü,58
7454,İlhami̇,58
7455,İlhan,58
7456,İlkan,58
7457,İlkay,58
7458,İlkcan,58
7459,İlke,58
7460,İlker,58
7461,İlkut,58
7462,İlteki̇n,58
7463,İlter,58
7464,İnal,58
7465,İnan,58
7466,İnanç,58
7467,İrfan,58
7468,İshak,58
7469,İslam,58
7470,İskender,58
7471,İsmai̇l,58
7472,İsmet,58
7473,İşçan,58
7474,İzzet,58
7475,Jari̇n,58
7476,Jeni̇n,58
7477,Jerfi̇,58
7478,Ji̇yan,58
7479,Kaan,58
7480,Kadem,58
7481,Kadi̇r,58
7482,Kadri̇,58
7483,Kağan,58
7484,Kahraman,58
7485,Kamer,58
7486,Kamuran,58
7487,Kandemi̇r,58
7488,Kaner,58
7489,Karabey,58
7490,Karacan,58
7491,Karahan,58
7492,Karatay,58
7493,Karan,58
7494,Karanalp,58
7495,Kartal,58
7496,Kartay,58
7497,Kaya,58
7498,Kayahan,58
7499,Kayhan,58
7500,Kemal,58
7501,Kenan,58
7502,Kerem,58
7503,Keremşah,58
7504,Keri̇m,58
7505,Kiliç,58
7506,Kiliçalp,58
7507,Kiliçhan,58
7508,Kirca,58
7509,Kirdar,58
7510,Kirhan,58
7511,Kivanç,58
7512,Koral,58
7513,Kolçak,58
7514,Koray,58
7515,Korcan ,58
7516,Korçak,58
7517,Korel,58
7518,Korhan,58
7519,Korkut,58
7520,Kortan,58
7521,Köker,58
7522,Köksal,58
7523,Kubat,58
7524,Kubi̇lay,58
7525,Kudret,58
7526,Kuntay,58
7527,Kunter,58
7528,Kutay,58
7529,Kurtbey,58
7530,Kutan,58
7531,Kutay,58
7532,Kutbay,58
7533,Kuter,58
7534,Kuthan,58
7535,Kutlay,58
7536,Kutlu,58
7537,Kürşat,58
7538,Laçi̇n,58
7539,Lami̇,58
7540,Lati̇f,58
7541,Lema,58
7542,Lemi̇,58
7543,Levent,58
7544,Lokman,58
7545,Lütfi̇,58
7546,Maci̇t,58
7547,Mahi̇r,58
7548,Mahmut,58
7549,Manço,58
7550,Mansur,58
7551,Mazhar,58
7552,Meci̇t,58
7553,Mecnun,58
7554,Mehmet,58
7555,Meli̇h,58
7556,Memduh,58
7557,Menderes,58
7558,Mengü,58
7559,Mensur,58
7560,Meri̇ç,58
7561,Meri̇h,58
7562,Mert,58
7563,Mesut,58
7564,Mete,58
7565,Meti̇n,58
7566,Mi̇that,58
7567,Mi̇rkelam,58
7568,Mi̇rza,58
7569,Muhammed,58
7570,Murat,58
7571,Murathan,58
7572,Müjdat,58
7573,Müşfi̇k,58
7574,Nadi̇,58
7575,Nadi̇r,58
7576,Nafi̇,58
7577,Nafi̇z,58
7578,Nahi̇t,58
7579,Nai̇l,58
7580,Nasuh,58
7581,Nasuhi̇,58
7582,Naşi̇t,58
7583,Nazim,58
7584,Nazi̇f,58
7585,Necat,58
7586,Necdet,58
7587,Nedi̇m,58
7588,Nedret,58
7589,Nehar,58
7590,Nejat,58
7591,Nesi̇m,58
7592,Neşat,58
7593,Neşet,58
7594,Neyzen,58
7595,Ni̇da,58
7596,Ni̇hat,58
7597,Noyan,58
7598,Nuh,58
7599,Nurkan,58
7600,Nüzhet,58
7601,Ogün,58
7602,Oğan,58
7603,Oğul,58
7604,Oğulcan,58
7605,Oğur,58
7606,Oğuz,58
7607,Oğuzhan,58
7608,Okan,58
7609,Okay,58
7610,Okbay,58
7611,Okcan,58
7612,Oker,58
7613,Oktar,58
7614,Oktay,58
7615,Olcay,58
7616,Olgun,58
7617,Omaç,58
7618,Omay,58
7619,Onat,58
7620,Onay,58
7621,Ongar,58
7622,Ongun,58
7623,Onur,58
7624,Onural,58
7625,Onuralp,58
7626,Onurhan,58
7627,Orçun,58
7628,Orhan,58
7629,Orhun,58
7630,Orkan,58
7631,Orkun,58
7632,Orkut,58
7633,Ortaç,58
7634,Ortun,58
7635,Osman,58
7636,Ortunç,58
7637,Oytun,58
7638,Ozan,58
7639,Ozgan,58
7640,Ozan,58
7641,Öcal,58
7642,Ödül,58
7643,Öğday,58
7644,Öğün,58
7645,Öğünç,58
7646,Öğüt,58
7647,Öker,58
7648,Ökmen,58
7649,Öktem,58
7650,Ökten,58
7651,Ömer,58
7652,Ömür,58
7653,Önay,58
7654,Önder,58
7655,Önel,58
7656,Öner,58
7657,Örsan,58
7658,Örsel,58
7659,Övül,58
7660,Öymen,58
7661,Özal,58
7662,Özalp,58
7663,Özay,58
7664,Özcan,58
7665,Özdemi̇r,58
7666,Özden,58
7667,Özen,58
7668,Özer,58
7669,Özgün,58
7670,Özgür,58
7671,Özhan,58
7672,Özkan,58
7673,Özmen,58
7674,Öztan,58
7675,Pakel,58
7676,Paker,58
7677,Paksoy,58
7678,Pami̇r,58
7679,Pars,58
7680,Paydaş,58
7681,Payi̇dar,58
7682,Pekay,58
7683,Pekcan,58
7684,Pekel,58
7685,Peker,58
7686,Peki̇n,58
7687,Perker,58
7688,Pertev,58
7689,Peyam,58
7690,Peykan,58
7691,Peyman,58
7692,Polat,58
7693,Poyraz,58
7694,Pozan,58
7695,Rafet,58
7696,Rauf,58
7697,Ramazan,58
7698,Rami̇m,58
7699,Rami̇m,58
7700,Rabsi̇n,58
7701,Rauf,58
7702,Recep,58
7703,Refi̇k,58
7704,Reha,58
7705,Reki̇n,58
7706,Renan,58
7707,Ridvan,58
7708,Riza,58
7709,Ruhi̇,58
7710,Rüçhan,58
7711,Rüstem,58
7712,Rüştü,58
7713,Sabri̇,58
7714,Saci̇t,58
7715,Sadri̇,58
7716,Sai̇t,58
7717,Sai̇m,58
7718,Sakip,58
7719,Sali̇h,58
7720,Sali̇m,58
7721,Samet,58
7722,Sami̇,58
7723,Sami̇h,58
7724,Sami̇m,58
7725,Sanberk,58
7726,Sancar,58
7727,Saner,58
7728,Sargin,58
7729,Sarp,58
7730,Sarper,58
7731,Savaş,58
7732,Seçki̇n,58
7733,Sedat,58
7734,Selcan,58
7735,Selçuk,58
7736,Seli̇m,58
7737,Semi̇h,58
7738,Semi̇n,58
7739,Sercan,58
7740,Serdar,58
7741,Sergen,58
7742,Serhan,58
7743,Serhat,58
7744,Serkan,58
7745,Serkut,58
7746,Sermet,58
7747,Sertaç,58
7748,Sertuğ,58
7749,Server,58
7750,Sezai̇,58
7751,Sezer,58
7752,Sezgi̇n,58
7753,Sitki,58
7754,Si̇mavi̇,58
7755,Si̇nan,58
7756,Sömer,58
7757,Soner,58
7758,Songur,58
7759,SoySal,58
7760,Sökmen,58
7761,Suavi̇,58
7762,Sunar,58
7763,Süheyl,58
7764,Süleyman,58
7765,Sümer,58
7766,Şahan,58
7767,Şayan,58
7768,Şafak,58
7769,Şahi̇n,58
7770,Şansal,58
7771,Şanver,58
7772,Şehzade,58
7773,Şenel,58
7774,Şener,58
7775,Şenol,58
7776,Şensoy,58
7777,Şeref,58
7778,Şeri̇f,58
7779,Şevket,58
7780,Şükrü,58
7781,Taha,58
7782,Talay,58
7783,Tali̇p,58
7784,Tamay,58
7785,Tamer,58
7786,Tan,58
7787,Tanay,58
7788,Tanberk,58
7789,Taner,58
7790,Tanju,58
7791,Tankut,58
7792,Tansel,58
7793,Tarcan,58
7794,Tarhan,58
7795,Tarik,58
7796,Tarkan,58
7797,Taşkin,58
7798,Tayfun,58
7799,Tayfur,58
7800,Taygün,58
7801,Taykut,58
7802,Taylan,58
7803,Taylan,58
7804,Tekay,58
7805,Tekcan,58
7806,Teki̇n,58
7807,Tercan,58
7808,Teoman,58
7809,Tevfi̇k,58
7810,Ti̇muçi̇n,58
7811,Ti̇mur,58
7812,Tolay,58
7813,Tolga,58
7814,Toprak,58
7815,Toygar,58
7816,Tufan,58
7817,Tugay,58
7818,Tuğrul,58
7819,Tuna,58
7820,Tuncay,58
7821,Tuncer,58
7822,Tunç,58
7823,Turan,58
7824,Turgay,58
7825,Turgut,58
7826,Turhan,58
7827,Türker,58
7828,Uçar,58
7829,Ufuk,58
7830,Uğur,58
7831,Uğuralp,58
7832,Uğurcan,58
7833,Ulaç,58
7834,Ulaş,58
7835,Uluç,58
7836,Uluğ,58
7837,Umur,58
7838,Umut,58
7839,Ural,58
7840,Utkan,58
7841,Utku,58
7842,Uygur,58
7843,Uzay,58
7844,Ülker,58
7845,Ülgen,58
7846,Ümi̇tcan,58
7847,Ümi̇t,58
7848,Ünal,58
7849,Ünalp,58
7850,Ünkan,58
7851,Üner,58
7852,Ünay,58
7853,Vaha,58
7854,Varol,58
7855,Vasfi̇,58
7856,Vedat,58
7857,Vefa,58
7858,Veli̇t,58
7859,Volkan,58
7860,Vural,58
7861,Yağiz,58
7862,Yağin,58
7863,Yahya,58
7864,Yakut,58
7865,Yakup,58
7866,Yalçin,58
7867,Yalman,58
7868,Yaman,58
7869,Yasi̇n,58
7870,Yaşar,58
7871,Yavuz,58
7872,Yekta,58
7873,Yener,58
7874,Yildiray,58
7875,Yildirim,58
7876,Yilmaz,58
7877,Yi̇ği̇t,58
7878,Yusuf,58
7879,Yücel,58
7880,Zafer,58
7881,Zahi̇t,58
7882,Zahi̇r,58
7883,Zekai̇,58
7884,Zekeri̇ya,58
7885,Zeki̇,58
7886,Zeynel,58
7887,Zi̇hni̇,58
7888,Zi̇ya,58
7889,Korhonen,59
7890,Virtanen,59
7891,Nieminen,59
7892,Laine,59
7893,Heikkinen,59
7894,Koskinen,59
7895,Lehtonen,59
7896,Lehtinen,59
7897,Saarinen,59
7898,Salminen,59
7899,Heinonen,59
7900,Niemi,59
7901,Kinnunen,59
7902,Salonen,59
7903,Turunen,59
7904,Salo,59
7905,Laitinen,59
7906,Tuominen,59
7907,Rantanen,59
7908,Karjalainen,59
7909,Jokinen,59
7910,Mattila,59
7911,Savolainen,59
7912,Lahtinen,59
7913,Ahonen,59
7914,Ojala,59
7915,Hiltunen,59
7916,Leinonen,59
7917,Miettinen,59
7918,Kallio,59
7919,Aaltonen,59
7920,Manninen,59
7921,Hakala,59
7922,Anttila,59
7923,Koivisto,59
7924,Laaksonen,59
7925,Hirvonen,59
7926,Lehto,59
7927,Laakso,59
7928,Toivonen,59
7929,Mustonen,59
7930,Rantala,59
7931,Aalto,59
7932,Nurmi,59
7933,Peltonen,59
7934,Moilanen,59
7935,Pulkkinen,59
7936,Lappalainen,59
7937,Partanen,59
7938,Kettunen,59
7939,Saari,59
7940,Kauppinen,59
7941,Kemppainen,59
7942,Lahti,59
7943,Koskela,59
7944,Salmi,59
7945,Ahola,59
7946,Huttunen,59
7947,Suominen,59
7948,Ikonen,59
7949,Aho,59
7950,Pesonen,59
7951,Halonen,59
7952,Mikkonen,59
7953,Koponen,59
7954,Peltola,59
7955,Oksanen,59
7956,Vainio,59
7957,Heiskanen,59
7958,Niskanen,59
7959,Mikkola,59
7960,Koski,59
7961,Immonen,59
7962,Honkanen,59
7963,Nurminen,59
7964,Vuorinen,59
7965,Harju,59
7966,Kokkonen,59
7967,Rissanen,59
7968,Karppinen,59
7969,Laukkanen,59
7970,Rajala,59
7971,Juntunen,59
7972,Heino,59
7973,Rautiainen,59
7974,Parviainen,59
7975,Kangas,59
7976,Hartikainen,59
7977,Paananen,59
7978,Leino,59
