Id_,EN,FR,IT,DE,ES,JA,PT,RU,ZH_CN,ZH_TW,ZH_HK,KO,AR,NL,TR,ID,TH,VI,EN_GB,FA,PL,SV,HI
Pass_1,GOOD,BIEN,BENE,GUT,BIEN,いいね,BOM,ХОРОШО,好球,喂波,喂波,좋음,كرة رائعة,GOED,Iyi,BAIK,ดี,TỐT,,,dobrze,,
Pass_2,COOL,COOL,FANTASTICO,COOL,INTERESANTE,かっこいい,MUITO BOM,ЗДОРОВО,优秀,傳波,傳波,멋있음,عظيم,GAAF,Güzel,KEREN,เจ๋ง,KHÁ,,,świetnie,,
Pass_3,GREAT,TRÈS BIEN,GRANDE,GROSSARTIG,GENIAL,すごい,ÓTIMO,ОТЛИЧНО,起飞,校炮,校炮,훌륭함,رائع,SUPERGOED,harika,Hebat,เยี่ยม,TUYỆT,,,wyśmienicie,,
Pass_4,NICE,JOLI,BUONO,NETT,FANTÁSTICO,ナイス,SATISFATÓRIO,ХОРОШО,太棒了,波到人到,波到人到,괜찮음,ممتاز,MOOI HOOR,mükemmel,BAGUS,ดี,HAY,,,Ładnie,,
YoungmanPass_1,YOUNG MAN,JEUNE HOMME,RAGAZZO,JUNGER MANN,HOMBRE JOVEN,ヤングマン,HOMEM JOVEM,МОЛОДОЙ ЧЕЛОВЕК,年青人,生咕仔,生咕仔,영 맨,شاب,JONGE MAN,genç adam,PEMUDA,เยาวชน,CHÀNG TRAI TRẺ,,,młody człowiek,,
NormalShot_1,PERFECT,PARFAIT,PERFETTO,PERFEKT,PERFECTO,完璧,PERFEITO,ИДЕАЛЬНО,球进了,入波,入波,완벽,هدف رائع,PERFECT,Efsane,SEMPURNA,สมบูรณ์แบบ,HOÀN HẢO,,,perfekcyjnie,,
NormalShot_2,POWERFUL,PUISSANT,POTENTE,STARK,PODEROSO,パワフル,PODEROSO,МОЩНО,爆射,勁射,勁射,강력한,ضربة قوية,KRACHTIG,Güclü,BERTENAGA,ทรงพลัง,UY LỰC,,,potężny,,
NormalShot_3,AWESOME,DINGUE,ECCEZIONALE,GENIAL,ASOMBROSO,びっくり,ESPETACULAR,КРУТО,帅气,入咗波,入咗波,대박,جميل,GEWELDIG,harika,MENGAGUMKAN,ยอดมาก,TUYỆT VỜI,,,niesamowicie,,
LongShot_1,UNBELIEVABLE,INCROYABLE,INCREDIBILE,KAUM ZU GLAUBEN,INCREIBLE,信じられない,INACREDITÁVEL,НЕВЕРОЯТНО,世界波,世界波,世界波,믿을 수 없는,لا يصدق,ONGELOOFLIJK,İnanılmaz,LUAR BIASA,เหลือเชื่อ,KHÔNG THỂ TIN NỔI,,,nie do wiary,,
LongShot_2,IMPOSSIBLE,IMPOSSIBLE,IMPOSSIBILE,UNMÖGLICH,IMPOSIBLE,あり得ない,IMPOSSÍVEL,НЕВОЗМОЖНО,天外飞仙,重炮,重炮,불가능한,مستحيل,ONMOGELIJK,İmkansız,MUSTAHIL,ไม่น่าเชื่อ,KHÔNG THỂ NÀO,,,niemożliwe,,
Heading_1,HEADER,COUP DE TÊTE,INTESTAZIONE,HEADER,CABEZAZO,ヘディング,CABECEADOR,УДАР ГОЛОВОЙ,头球,頭槌,頭槌,헤더,ضربة رأس,HEADER,Başlık,SUNDULAN,โหม่ง,ĐÁNH ĐẦU,,,główka,,
OneTouchShot_1,CHANCE,CHANCE,CHANCE,CHANCE,OCASIÓN,チャンス,OPORTUNIDADE,ШАНС,机会来了,拉弓,拉弓,찬스,فرصة جيدة,KANS,Şans,KESEMPATAN,โอกาส,CƠ HỘI,,,szansa,,
OneTouchShot_2,SHOOT,TIR,TIRO,SCHIESSEN,CHUTAR,シュート,REMATE,УДАР,来一脚,起腳掹,起腳掹,슛,إركلها,SCHIETEN,Şu,MENEMBAK,ยิง,SÚT,,,Strzelaj,,
Tackle_1,TACKLE,TACLE,TACKLE,ZWEIKAMPF,ENTRADA,タックル,CORTE,СТОЛКНОВЕНИЕ,球丢了,交失,交失,태클,تدخّل,TACKLE,Çelme,MENJEGAL,สกัด,CẢN BÓNG,,,Wślizg,,
Woodwork_1,OH,SUR LE POTEAU,FUORI DAI PALI,PFOSTEN,SALIÓ DE LA NADA,残念,INFELIZMENTE,КАК ОТ ДЕРЕВА,呀,中柱,中柱,골포스트를 맞음,آوه,OP DE LAT,Doğaçlama,OUH,นอกกรอบ,Ồ,,,Och,,
MissNear_1,SO CLOSE,PRESQUE,QUASI VICINO,SO NAH,MUY CERCA,惜しい,QUASE,ОЧЕНЬ БЛИЗКО,只差一点点,近磅,近磅,너무 가까움,قريبة للغاية,ZO DICHTBIJ,Çok Yakın,SANGAT DEKAT,ใกล้เคียง,SUÝT GHI BÀN,,,tak blisko,,
MissFar_1,MISSED,RATÉ,MANCATO,DANEBEN,FALLADO,ミス,FALHOU,МИМО,射飞了,打飛機,打飛機,놓침,ضائعة,GEMIST,Kaçırdı,MELESET,พลาด,BỎ LỠ,,,Pudło,,
SaveNormal_1,SAVE,SAUVÉ,PARATO,SPEICHERN,PARADA,セーブ,DEFENDEU,СЕЙВ,扑出,打手搥,打手搥,세이브,تم صدها,REDDING,Kurtardı,DISELAMATKAN,ป้องกันไว้ได้,CỨU THUA,,,Obrona,,
SaveSpecial_1,WHAT A SAVE,QUEL SAUVETAGE,CHE SALVATAGGIO,GUT GEHALTEN,¡QUE PARADA!,なんというセーブ,QUE DEFESA,КАКОЙ СЕЙВ,没收,撲到盡,撲到盡,멋진 세이브에요,صدّة رائعة,WAT EEN REDDING,O nasıl kurtarış,PENYELAMATAN YANG BAGUS,เซฟได้เยี่ยม,PHA CỨU THUA,,,Co za obrona,,
Owngoal_1,OWN GOAL,CONTRE SON CAMP,AUTOGOAL,EIGENTOR,AUTOGOL,オウンゴール,AUTO GOLO,АВТОГОЛ,乌龙球,擺烏龍,擺烏龍,자책골,هدف ذاتي,EIGEN DOELPUNT,Kendi kalesine gol atmak,GOL BUNUH DIRI,ยิงเข้าประตูตัวเอง,PHẢN LƯỚI NHÀ,,,Samobòj,,
KickOut_1,OUT,SORTIE,FUORI DAI PALI,AUS,FUERA,アウト,FORA,АУТ,出界,射出界,射出界,아웃,الكرة خارج الملعب,UIT,Dışarı,KELUAR,ออก,BÓNG RA NGOÀI,,,aut,,
Offside_1,OFFSIDE,HORS-JEUX,FUORIGIOCO,ABSEITS,FUERA DE JUEGO,オフサイド,FORA DE JOGO,ОФФСАЙД,越位,恰西,恰西,오프사이드,تسلل,BUITENSPEL,Offside,OFFSIDE,ล้ำหน้า,VIỆT VỊ,,,spalony,,
Intercepted,INTERCEPTED,INTERCEPTÉ,INTERCETTATO,ABGEFANGEN,INTERCEPTADO,インターセプト,INTERCEPTADO,ПЕРЕХВАЧЕНО,拦截,斷纜,斷纜,인터셉트,إعتراض للكرة,ONDERSCHEPT,Yakalandı,Dicegat,สกัด,CẮT BÓNG,,,Przechwycenie,,
EnglishC_Rotherham,Rotherham,Rotherham,Rotherham,Rotherham,Rotherham,ロザラム,Rotherham,Ротерхэм,罗瑟勒姆,洛達咸,洛達咸,로더 럼,روثرهام,Rotherham,Rotherham,Rotherham,โรเธอร์แฮม,Rotherham,,,Rotterdam,,
EnglishC_Bolton,Bolton,Boulonner,Bolton,Bolton,Bolton,ボルトン,Bolton,Болтон,博尔顿,保頓,保頓,볼튼,بولتون,Bolton,Bolton,Bolton,โบลตัน,Bolton,,,Bolton,,
EnglishC_Ipswich,Ipswich,Ipswich,Ipswich,Ipswich,Ipswich,イプスウィッチ,Ipswich,Ипсвич,伊普斯维奇,伊普斯維奇,伊普斯維奇,입 스위치,إبسويتش,Ipswich,Ipswich,Ipswich,อิปสวิช,Ipswich,,,Ipswich,,
EnglishC_Portsmouth,Portsmouth,Portsmouth,Portsmouth,Portsmouth,Portsmouth,ポーツマス,Portsmouth,Портсмут,朴茨茅斯,樸茨茅夫,樸茨茅夫,포츠머스,بورتسموث,Portsmouth,Portsmouth,Portsmouth,พอร์ตสมัธ,Portsmouth,,,Portsmouth,,
EnglishC_Sunderland,Sunderland,Sunderland,Sunderland,Sunderland,Sunderland,サンダーランド,Sunderland,Сандерленд,桑德兰,新特蘭,新特蘭,선더랜드,سندرلاند,Sunderland,Sunderland,Sunderland,ซันเดอร์แลนด์,Sunderland,,,Sunderland,,
EnglishC_Doncaster,Doncaster,Doncaster,Doncaster,Doncaster,Doncaster,ドンカスター,Doncaster,Донкастер,唐克斯特,唐卡斯特,唐卡斯特,돈 캐스터,دونكاستر,Doncaster,Doncaster,Doncaster,ดอนคาสเตอร์,Doncaster,,,Doncaster,,
EnglishC_Peterborough,Peterborough,Peterborough,Peterborough,Peterborough,Peterborough,ピーターバラ,Peterborough,Питерборо,彼得伯勒,彼得堡,彼得堡,피터 버러,بيتربورو,Peterborough,Peterborough,Peterborough,ปีเตอร์โบโรห์,Peterborough,,,Peterborough,,
EnglishC_Coventry,Coventry,Coventry,Coventry,Coventry,Coventry,コベントリー,Coventry,Ковентри,考文垂,高雲地利,高雲地利,코번 트리,كوفنتري,Coventry,Coventry,Coventry,โคเวนทรี,Coventry,,,Coventry,,
EnglishC_Burton,Burton,Burton,Burton,Burton,Burton,バートン,Burton,Бертон,特伦特河畔伯顿,特倫特河畔伯頓,特倫特河畔伯頓,버턴,برتون,Burton,Burton,Burton,เบอร์ตัน,Burton,,,Burton,,
EnglishC_Blackpool,Blackpool,Blackpool,Blackpool,Blackpool,Blackpool,ブラックプール,Blackpool,Блэкпул,布莱克浦,布拉克普耳,布拉克普耳,블랙 풀,بلاكبول,Blackpool,Blackpool,Blackpool,แบล็คพูล,Blackpool,,,Blackpool,,
EnglishC_Fleetwood,Fleetwood,Fleetwood,Fleetwood,Fleetwood,Fleetwood,フリートウッド,Fleetwood,Флитвуд,弗利特伍德,費列活特,費列活特,플리트우드,فليتوود,Fleetwood,Fleetwood,Fleetwood,ฟลีตวูด,Fleetwood,,,Fleetwood,,
EnglishC_Oxford,Oxford,Oxford,Oxford,Oxford,Oxford,オックスフォード,Oxford,Оксфорд,牛津,牛津,牛津,옥스퍼드,أكسفورد,Oxford,Oxford,Oxford,ออกซ์ฟอร์ด,Oxford,,,Oxford,,
EnglishC_Gillingham,Gillingham,Gillingham,Gillingham,Gillingham,Gillingham,ジリンガム,Gillingham,Гиллинхем,吉林汉姆,吉林漢姆,吉林漢姆,질링엄,جيلينجهام,Gillingham,Gillingham,Gillingham,จิลลิ่งแฮม,Gillingham,,,Gillingham,,
EnglishB_Cardiff,Cardiff,Cardiff,Cardiff,Cardiff,Cardiff,カーディフ,Cardiff,Кардифф,卡迪夫,卡迪夫,卡迪夫,카디프,كارديف,Cardiff,Cardiff,Cardiff,คาร์ดิฟฟ์,Cardiff,,,Cardiff,,
EnglishB_Huddersfield,Huddersfield,Huddersfield,Huddersfield,Huddersfield,Huddersfield,ハダーズフィールド,Huddersfield,Хаддерсфилд,哈德斯菲尔德,哈德斯菲爾德,哈德斯菲爾德,허더즈필드,هيدرسفيلد,Huddersfield,Huddersfield,Huddersfield,ฮัดเดอร์สฟิลด์,Huddersfield,,,Huddersfield,,
EnglishB_Leeds,Leeds,Leeds,Leeds,Leeds,Leeds,リーズ,Leeds,Лидс,利兹,列斯,列斯,리즈,ليدز,Leeds,Leeds,Leeds,ลีดส์,Leeds,,,Leeds,,
EnglishB_WestBromwich,WestBromwich,WestBromwich,WestBromwich,WestBromwich,WestBromwich,ウェストブロムウィッチ,WestBromwich,Вест Бромвич,西布罗米奇,西布朗,西布朗,웨스트브로미치,وست بروميتش,WestBromwich,WestBromwich,WestBromwich,เวสต์บรอมวิช,WestBromwich,,,WestBromwich,,
EnglishB_Derbyshire,Derbyshire,Derbyshire,Derbyshire,Derbyshire,Derbyshire,ダービーシャー,Derbyshire,Дербишир,德比郡,打比郡,打比郡,더비셔,ديربيشاير,Derbyshire,Derbyshire,Derbyshire,เดอร์บี้เชียร์,Derbyshire,,,Derbyshire,,
EnglishB_Middlesbrough,Middlesbrough,Middlesbrough,Middlesbrough,Middlesbrough,Middlesbrough,ミドルスブラ,Middlesbrough,Мидлсбро,米德尔斯伯勒,米杜士堡,米杜士堡,미들즈브러,ميدلسبره,Middlesbrough,Middlesbrough,Middlesbrough,มิดเดิลสโบรห์,Middlesbrough,,,Middlesbrough,,
EnglishB_Bristol,Bristol,Bristol,Bristol,Bristol,Bristol,ブリストル,Bristol,Бристоль,布里斯托,布里斯托,布里斯托,브리스톨,بريستول,Bristol,Bristol,Bristol,บริสตอล,Bristol,,,Bristol,,
EnglishB_Nottingham,Nottingham,Nottingham,Nottingham,Nottingham,Nottingham,ノッティンガム,Nottingham,Ноттингем,诺丁汉,諾定咸,諾定咸,노팅엄,نوتنغهام,Nottingham,Nottingham,Nottingham,น็อตติงแฮม,Nottingham,,,Nottingham,,
EnglishB_Swansea,Swansea,Swansea,Swansea,Swansea,Swansea,スウォンジー,Swansea,Суонси,斯旺西,斯旺西,斯旺西,스완 지,سوانزي,Swansea,Swansea,Swansea,สวอนซี,Swansea,,,Swansea,,
EnglishB_Brentford,Brentford,Brentford,Brentford,Brentford,Brentford,ブレントフォード,Brentford,Брентфорд,宾福特,賓福特,賓福特,브렌트퍼드,برينتفورد,Brentford,Brentford,Brentford,เบรนท์ฟอร์ด,Brentford,,,Brentford,,
EnglishB_Sheffield,Sheffield,Sheffield,Sheffield,Sheffield,Sheffield,シェフィールド,Sheffield,Шеффилд,谢菲尔德,謝菲爾德,謝菲爾德,셰필드,شيفيلد,Sheffield,Sheffield,Sheffield,เชฟฟิลด์,Sheffield,,,Sheffield,,
EnglishB_Hull,Hull,coque,Scafo,Rumpf,Hull,ハルシティ,Hull,Халл,赫尔,赫爾,赫爾,선체,هال,Romp,Hull,Hull,ฮัลล์,Thân tàu,,,Hull,,
EnglishB_Preston,Preston,Preston,Preston,Preston,Preston,プレストン,Preston,Престон,普雷斯顿,普雷斯頓,普雷斯頓,프레스턴,بريستون,Preston,Preston,Preston,เพรสตัน,Preston,,,Preston,,
PortugueseA_Benfica,Lisboa Red,Rouge Lisboa,Lisboa Red,Lisboa Rot,Lisboa Rojo,リスボンレッド,Lisboa Vermelho,Лиссабон Красный,里斯本 红,賓菲加,賓菲加,리스 보아 레드,لشبونة ريد,Lisboa Red,Lisboa Kırmızı,Lisboa Merah,ลิสบัวแดง,Lisboa đỏ,,,Lizbona Czerwień,,
PortugueseA_Porto,Porto Blue,Bleu Porto,Porto Blue,Porto Blau,Porto Azul,ポルトブルー,Porto Azul,Порту Синий,波尔图 蓝,波圖,波圖,포르토 블루,بورتو الأزرق,Porto Blauw,Porto Mavisi,Porto biru,ปอร์โต้บลู,Xanh Porto,,,Porto Błękit,,
PortugueseA_SportingClubedePortugal,Lisboa Green,Lisboa Green,Lisboa Green,Lisboa Green,Lisboa Verde,リスボングリーン,Lisboa Verde,Лиссабон Зеленый,里斯本 绿,士砵亭,士砵亭,리스 보아 그린,لشبونة جرين,Lisboa Green,Lisboa Yeşil,Lisboa Hijau,ลิสบัวเขียว,Lisboa Green,,,Lizbona Zieleń,,
PortugueseA_SportingClubedeBraga,Braga,Braga,Braga,Braga,Braga,ブラガ,Braga,Брага,布拉加,布拉加,布拉加,브라가,براغا,Braga,Braga,Braga,บรากา,Braga,,,Braga,,
PortugueseA_VitóriadeGuimarães,Guimaraes White,Guimaraes Blanc,Guimaraes White,Guimaraes Weiß,Blanco Guimaraes,ギマランイスホワイト,Guimarães Branco,Гимарайнш Белый,吉马良斯 白,吉馬良斯 白,吉馬良斯 白,기마랑이스 화이트,غيماراس ريد,Guimaraes White,Guimaraes Beyaz,Guimares Putih,กุยมาเรสขาว,Guimaraes trắng,,,Guimaraes Biel,,
PortugueseA_MoreirenseF.C.,Guimaraes Green,Vert Guimaraes,Guimaraes Green,Guimaraes Grün,Verde Guimaraes,ギマランイスグリーン,Verde de Guimarães,Гимарайнш Зеленый,吉马良斯 绿,吉馬良斯 綠,吉馬良斯 綠,기마랑이스 그린,غيماراس الأخضر,Guimaraes Green,Guimaraes Yeşil,Guimares Hijau,กุยมาเรสเขียว,Guimaraes Green,,,Guimaraes Zieleń,,
PortugueseA_Conde,Conde,Condé,Conde,Conde,Conde,コンデ,Conde,Конде,孔迪镇,康德,康德,콩드,كوندي,Conde,Conde,Conde,คอนเด้,Conde,,,Conde,,
PortugueseA_BoavistaF.C.,Porto BW,Porto BW,Porto BW,Porto BW,Porto BW,ポルトBW,Porto Preto e branco,Порту Черно-Синий,波尔图 黑白,波圖 黑白,波圖 黑白,포르토 BW,بورتو بي دبليو,Porto BW,Porto BW,Porto Biru Putih,ปอร์โต,Porto BR,,,Porto BW,,
PortugueseA_B-SAD,Lisboa Blue,Bleu Lisboa,Lisboa Blue,Lisboa Blue,Lisboa Azul,リスボンブルー,Lisboa Azul,Лиссабон Белый,里斯本 蓝,里斯本 藍,里斯本 藍,리스 보아 블루,لشبونة بلو,Lisboa Blue,Lisboa Mavisi,Lisboa Biru,ลิสบัวน้ำเงิน,Lisboa Blue,,,Lizbona Błekit,,
PortugueseA_Marítimo,Ponta Delgada,Ponta Delgada,Ponta Delgada,Ponta Delgada,Ponta Delgada,ポンタデルガダ,Ponta Delgada,Понта-Делгада,蓬塔德尔加达,蓬塔德爾加達,蓬塔德爾加達,폰타 델 가다,بونتا ديلجادا,Ponta Delgada,Ponta Delgada,Ponta Delgada,ปอนตาเดลกาดา,Ponta Delgada,,,Ponta Delgada,,
PortugueseA_C.S.Marítimo,Funchal RG,Funchal RG,Funchal RG,Funchal RG,Funchal RG,フンシャルRG,Funchal RG,Фуншал RG,丰沙尔RG,豐沙爾RG,豐沙爾RG,펀샬 RG,فونشال RG,Funchal RG,Funchal RG,Funchal RG,ฟุงชาล RG,Funchal RG,,,Funchal RG,,
PortugueseA_PortimonenseS.C.,Portimao,Portimao,Portimao,Portimao,Portimao,ポルティマン,Portimão,Портимао,波尔蒂芒,樸迪莫倫斯,樸迪莫倫斯,포르티망,بورتيماو,Portimao,Portimao,Portimao,ปอร์ติเมา,Portimao,,,Portimao,,
PortugueseA_Setubal,Setubal,Setubal,Setubal,Setubal,Setúbal,セトゥーバル,Setúbal,Сетубал,塞图巴尔,塞圖巴爾,塞圖巴爾,세 투발,سيتوبال,Setubal,Setubal,Setubal,เซตูบัล,Setubal,,,Setubal,,
PortugueseA_GilVicenteFutebolClube,Barcelos,Barcelos,Barcelos,Barcelos,Barcelos,バルセロス,Barcelos,Барселуш,巴塞卢什,巴塞盧什,巴塞盧什,바르셀루스,بارسيلوس,Barcelos,Barcelos,Barcelos,บาร์เซโล,Barcelos,,,Barcelos,,
PortugueseA_CDSantaClara,Azores,Açores,Azzorre,Azoren,Açores,アゾレス,Açores,Азорские,亚速尔,亞速爾,亞速爾,아소르스 제도,الأزور,Azoren,Azorlar,Azores,อะโซร์ส,Açores,,,Azory,,
PortugueseA_F.C.Famalicão,Vila Nova de Famalicão,Vila Nova de Famalicão,Vila Nova de Famalicão,Vila Nova de Famalicão,Vila Nova de Famalicão,ヴィラ ノヴァ デ ファマリカン,Vila Nova de Famalicão,Вила-Нова-ди-Фамаликан,法马利康,法馬利康,法馬利康,빌라 노바 데 파말리카오,فيلا نوفا دي فاماليكاو,Vila Nova de Famalicão,Vila Nova de Famalicão,Vila Nova de Famalicão,วีลาโนวา เจ ฟามาลีเกา,Vila Nova de Famalicão,,,Vila Nova de Famalicão,,
PortugueseA_G.D.EstorilPraia,Estoril,Estoril,Estoril,Estoril,Estoril,エストリル,Estoril,Эшторил,埃什托里尔,埃什托里爾,埃什托里爾,이스토릴,إستوريل,Estoril,Estoril,Estoril,เอสโตริล,Estoril,,,Estoril,,
PortugueseA_F.C.PaçosdeFerreira,Ferreiras,Ferreiras,Ferreira,Ferreiras,Ferreira,フェレイラス,Ferreira,Феррейрас,费雷拉斯,費雷拉斯,費雷拉斯,페레이라스,فيريراس,Ferreiras,Ferreiralar,Ferreiras,เฟอร์ไรราส,Ferreiras,,,Ferreiras,,
PortugueseA_F.C.Vizela,Vizela,Vizela,Vizela,Vizela,Vizela,ビゼラ,Vizela,Визела,维泽拉,維澤拉,維澤拉,비젤라,فيزيلا,Vizela,Vizela,Vizela,วิเซลา,Vizela,,,Vizela,,
PortugueseA_F.C.Arouca,Arouca,Arouca,Arouca,Arouca,Arouca,アロウカ,Arouca,Арока,阿罗卡,阿羅卡,阿羅卡,아로카,أروكا,Arouca,Arouca,Arouca,อะรัวค่า,Arouca,,,Arouca,,
PortugueseA_C.D.Tondela,Tondela,Tondela,Tondela,Tondela,Tondela,トンデラ,Tondela,Тондела,通德拉,通德拉,通德拉,톤델라,تونديلا,Tondela,Tondela,Tondela,ทอนเดลา,Tondela,,,Tondela,,
FrenchA_Paris,Paris,Paris,Parigi,Paris,París,パリ,Paris,Париж,巴黎,巴黎,巴黎,파리,باريس,Parijs,Paris,Paris,ปารีส,Paris,,,Paryż,,
FrenchA_Lille,Lille,Lille,Lille,Lille,Lille,リール,Lille,Лилль,里尔,里爾,里爾,릴,ليل,Lille,Lille,Lille,ลีลล์,Lille,,,Lille,,
FrenchA_Lyon,Lyon,Lyon,Lione,Lyon,Lyon,リヨン,Lyon,Лион,里昂,里昂,里昂,리옹,ليون,Lyon,Lyon,Lyon,ลียง,Lyon,,,Lyon,,
FrenchA_SaintEtienne,Saint Etienne,Saint-Étienne,Saint Etienne,Saint Etienne,Saint Etienne,サンテティエンヌ,Saint Etienne,Сент-Этьен,圣埃蒂安,聖伊天,聖伊天,생테티엔,سانت إتيان,Saint Etienne,Saint Etienne,Saint Etienne,แซงต์เอเตียน,Thánh địa Etienne,,,Saint Etienne,,
FrenchA_Marseille,Marseille,Marseille,Marsiglia,Marseille,Marsella,マルセイユ,Marselha,Марсель,马赛,馬賽,馬賽,마르세유,مرسيليا,Marseille,Marsilya,Marseille,มาร์กเซย,Marseille,,,Marsylia,,
FrenchA_Montpellier,Montpellier,Montpellier,Montpellier,Montpellier,Montpellier,モンペリエ,Montpellier,Монпелье,蒙彼利埃,蒙彼利埃,蒙彼利埃,몽펠리에,مونبلييه,Montpellier,Montpellier,Montpellier,มงต์เปลลิเยร์,Montpellier,,,Montpellier,,
FrenchA_Nice,Nice,Nice,Nizza,Nizza,Niza,ニース,Nice,Ницца,尼斯,尼斯,尼斯,니스,نيس,Nice,Nice,Nice,นิส,Nice,,,Nicea,,
FrenchA_Monaco,Monaco,Monaco,Monaco,Monaco,Mónaco,モナコ,Mónaco,Монако,摩纳哥,摩納哥,摩納哥,모나코,موناكو,Monaco,Monako,Monaco,โมนาโก,Reims,,,Monako,,
FrenchA_Nimes,Nimes,Nîmes,Nimes,Nimes,Nimes,ニーム,Nimes,Ним,尼姆,尼姆,尼姆,님,نيم,Nimes,Nimes,Nimes,นีม,Nimes,,,Nimes,,
FrenchA_Rennes,Rennes,Rennes,Rennes,Rennes,Rennes,レンヌ,Rennes,Ренн,雷恩,雷恩,雷恩,렌,رين,Rennes,Rennes,Rennes,แรนส์,Rennes,,,Rennes,,
FrenchA_Strasbourg,Strasbourg,Strasbourg,Strasburgo,Straßburg,Estrasburgo,ストラスブール,Estrasburgo,Страсбург,斯特拉斯堡,斯特拉斯堡,斯特拉斯堡,스트라스부르,ستراسبورغ,Straatsburg,Strasbourg,Strasbourg,สตราสบูร์ก,Strasbourg,,,Strasburg,,
FrenchA_Nantes,Nantes,Nantes,Nantes,Nantes,Nantes,ナント,Nantes,Нант,南特,南特,南特,낭트,نانت,Nantes,Nantes,Nantes,น็องต์,Nantes,,,Nantes,,
FrenchA_Angers,Angers,Angers,Angers,Angers,Angers,アンジェ,Irrita,Анже,安格斯,安格斯,安格斯,분노,أنجيه,Angers,Angers,Angers,แองเกอะ,Angers,,,Angers,,
FrenchA_Bordeaux,Bordeaux,Bordeaux,Bordeaux,Bordeaux,Bordeaux,ボルドー,Bordeaux,Bordeaux,波尔多,波爾多,波爾多,보르도,بوردو,Bordeaux,Bordeaux,Bordeaux,Bordeaux,Bordeaux,,,Bordeaux,,
FrenchA_Brest,Brest,Brest,Brest,Brest,Brest,ブレスト,Brest,Brest,布雷斯特,布雷斯特,布雷斯特,브레스트,بريست,Brest,Brest,Brest,Brest,Brest,,,Brest,,
FrenchA_Clermont-Ferrand,Clermont-Ferrand,Clermont-Ferrand,Clermont-Ferrand,Clermont-Ferrand,Clermont-Ferrand,クレルモン＝フェラン,Clermont-Ferrand,Clermont-Ferrand,克莱蒙费朗,克萊蒙費朗,克萊蒙費朗,클레르몽페랑,كليرمون فيران,Clermont-Ferrand,Clermont-Ferrand,Clermont-Ferrand,Clermont-Ferrand,Clermont-Ferrand,,,Clermont-Ferrand,,
FrenchA_Lorient,Lorient,Lorient,Lorient,Lorient,Lorient,ロリアン,Lorient,Lorient,洛里昂,洛里昂,洛里昂,로리앙,لوريان,Lorient,Lorient,Lorient,Lorient,Lorient,,,Lorient,,
FrenchA_Metz,Metz,Metz,Metz,Metz,Metz,メス,Metz,Metz,梅斯,梅斯,梅斯,메스,ميتز,Metz,Metz,Metz,Metz,Metz,,,Metz,,
FrenchA_Reims,Reims,Reims,Reims,Reims,Reims,ランス,Reims,Реймс,兰斯,蘭斯,蘭斯,랭스,رانس,Reims,Reims,Reims,แร็งส์,Reims,,,Reims,,
FrenchA_Lens,Lens,Lens,Lens,Lens,Lens,ランス,Lens,Ланс,朗斯,朗斯,朗斯,랑스,لنس,Lens,Lens,Lens,ล็องซ์,Lens,,,Lens,,
FrenchA_Troyes,Troyes,Troyes,Troyes,Troyes,Troyes,トロワ,Troyes,Труа,特鲁瓦,特魯瓦,特魯瓦,트루아,تروا,Troyes,Troyes,Troyes,ทรัว,Troyes,,,Troyes,,
FrenchA_Caen,Caen,Caen,Caen,Caen,Caen,カーン,Caen,Кан,卡昂,卡昂,卡昂,캉,كاين,Caen,Caen,Komune di departemen Calvados,ก็อง,Caen,,,Caen,,
FrenchA_Dijon,Dijon,Dijon,Digione,Dijon,Dijon,ディジョン,Dijon,Дижон,第戎,第戎,第戎,디종,ديجون,Dijon,Dijon,Dijon,ดีฌง,Dijon,,,Dijon,,
FrenchA_Amiens,Amiens,Amiens,Amiens,Amiens,Amiens,アミアン,Amiens,Амьен,亚眠,亞眠,亞眠,아미앵,أميان,Amiens,Amiens,Amiens,อาเมียง,Amiens,,,Amiens,,
FrenchA_Toulouse,Toulouse,Toulouse,Tolosa,Toulouse,Toulouse,トゥールーズ,Toulouse,Тулуза,图卢兹,圖盧茲,圖盧茲,툴루즈,تولوز,Toulouse,Toulouse,Toulouse,ตูลูซ,Toulouse,,,Tuluza,,
FrenchA_EnAvantGuingamp,Guingamp,Guingamp,Guingamp,Guingamp,Guingamp,ガンガン,Guingamp,Генган,甘冈,甘岡,甘岡,갱강,غانغون,Guingamp,Guingamp,Guingamp,,Guingamp,,,Guingamp,,
FrenchA_SCBastia,Bastia,Bastia,Bastia,Bastia,Bastia,バスティア,Bastia,Бастия,巴斯蒂亚,巴斯蒂亞,巴斯蒂亞,바스티아,باستيا,Bastia,Bastia,Bastia,บัสตียา,Bastia,,,Bastia,,
FrenchA_StadeLavallois,Laval,Laval,Laval,Laval,Laval,ラヴァル,Laval,Лаваль,拉瓦勒,拉瓦勒,拉瓦勒,라발,لافال,Laval,Laval,Laval,ลาวาล,Laval,,,Laval,,
FrenchA_ParisFC,Parisian,Parisien,Parisian,Parisian,Parisian,パリ,Parisiense,Parisian,巴黎人,巴黎人,巴黎人,파리지앵,الباريسي,Parisian,Parisian,Parisian,ปารีส,Parisian,,,Parisian,,
FrenchA_ValenciennesFC,Valenciennes,Valenciennes,Valenciennes,Valenciennes,Valenciennes,ヴァランシエンヌ,Valenciennes,Валансьен,瓦朗谢讷,瓦朗謝訥,瓦朗謝訥,발랑시엔,فالنسيان,Valenciennes,Valenciennes,Valenciennes,วาล็องเซียน,Valenciennes,,,Valenciennes,,
FrenchA_GrenobleFoot38,Grenoble,Grenoble,Grenoble,Grenoble,Grenoble,グルノーブル,Grenoble,Гренобль,格勒诺布尔,格勒諾布爾,格勒諾布爾,그르노블,غرونوبل,Grenoble,Grenoble,Grenoble,เกรอนอบล์,Grenoble,,,Grenoble,,
FrenchA_ChamoisNiortaisF.C.,Niort,Niort,Niort,Niort,Niort,ニオール,Niort,Ньор,尼奥尔,尼奧爾,尼奧爾,니오르,نيور,Niort,Niort,Niort,นีออต,Niort,,,Niort,,
FrenchA_Quevillaise-RouenMétropole,Le Petit-Quevilly,Le Petit-Quevilly,Le Petit-Quevilly,Le Petit-Quevilly,Le Petit-Quevilly,ル・プティ＝ケヴィイー,Le Petit-Quevilly,Ле-Пети-Кевийи,小克维伊,小克維伊,小克維伊,르프티케비,لو بيتي كوفيللي,Le Petit-Quevilly,Le Petit-Quevilly,Petit Quevilly,เลอ เปอติท-เกอวียี,Le Petit-Quevilly,,,Le Petit-Quevilly,,
FrenchA_LeHavre,Le Havre,Le Havre,Le Havre,Le Havre,El Havre,ル・アーヴル,Le Havre,Гавр,勒阿弗尔,勒阿弗爾,勒阿弗爾,르아브르,لوهافر,Le Havre,Le Havre,Le Havre,เลออาฟวร์,Le Havre,,,Hawr,,
FrenchA_PauFC,Pau,Pau,Pau,Pau,Pau,ポー,Pau,По,波城,波城,波城,포,باو,Pau,Pau,Pau,โป,Pau,,,Pau,,
FrenchA_Sochaux-Montbéliard,Montbéliard,Montbéliard,Montbéliard,Montbéliard,Montbéliard,モンベリアル,Montbéliard,Монбельяр,蒙贝利亚尔,蒙貝利亞爾,蒙貝利亞爾,몽벨리아르,مونتبيليارد,Montbéliard,Montbéliard,Montbéliard,มงเบลียาร์,Montbéliard,,,Montbéliard,,
FrenchA_RodezAF,Rodez,Rodez,Rodez,Rodez,Rodez,ロデーズ,Rodez,Родез,罗德兹,羅德茲,羅德茲,로데스,روديز,Rodez,Rodez,Rodez,รอแดซ,Rodez,,,Rodez,,
FrenchA_AJAuxerre,Auxerre,Auxerre,Auxerre,Auxerre,Auxerre,オセール,Auxerre,Осер,欧塞尔,歐塞爾,歐塞爾,오세르,أوكسار,Auxerre,Auxerre,Auxerre,โอแซร์,Auxerre,,,Auxerre,,
FrenchA_ACAjaccio,Ajaccio,Ajaccio,Ajaccio,Ajaccio,Ajaccio,アジャクシオ,Ajaccio,Аяччо,阿雅克肖,阿雅克肖,阿雅克肖,아작시오,أجاكسيو,Ajaccio,Ajaccio,Ajaccio,อาฌักซีโย,Ajaccio,,,Ajaccio,,
FrenchA_FCAnnecy,Annecy,Annecy,Annecy,Annecy,Annecy,アヌシー,Annecy,Анси,安纳西,安納西,安納西,안시,آنسي,Annecy,Annecy,Annecy,อานซี,Annecy,,,Annecy,,
FrenchA_USLDunkerque,Dunkirk,Dunkerque,Dunkerque,Dünkirchen,Dunkerque,ダンケルク,Dunquerque,Дюнкерк,敦刻尔克,鄧寇克,鄧寇克,됭케르크,دونكيرك,Duinkerke,Dunkerque,Dunkerque,เดิงแกร์ก,Dunkerque,,,Dunkierka,,
FrenchA_USOrléans,Orléans,Orléans,Orléans,Orléans,Orléans,オルレアン,Orleães,Орлеан,奥尔良,奧爾良,奧爾良,오를레앙,أورليان,Orléans,Orléans,Orléans,ออร์เลอ็อง,Orléans,,,Orlean,,
FrenchA_FCVersailles,Versailles,Versailles,Versailles,Versailles,Versalles,ヴェルサイユ,Versalhes,Версаль,凡尔赛,凡爾賽,凡爾賽,베르사유,فرساي,Versailles,Versay,Versailles,แวร์ซาย,Versailles,,,Wersal,,
FrenchA_ASNancyLorraine,Nancy,Nancy,Nancy,Nancy,Nancy,ナンシー,Nancy,Нанси,南锡,南錫,南錫,낭시,نانسي,Nancy,Nancy,Nancy,น็องซี,Nancy,,,Nancy,,
FrenchA_FootballBourg-en-BressePéronnas,Bourg-en-Bresse,Bourg-en-Bresse,Bourg-en-Bresse,Bourg-en-Bresse,Bourg-en-Bresse,ブール＝カン＝ブレス,Bourg-en-Bresse,Бурк-ан-Брес,布雷斯地区布尔格,布雷斯堡,布雷斯堡,부르캉브레스,بورغ أون بريس,Bourg-en-Bresse,Bourg-en-Bresse,Bourg-en-Bresse,บูร์ก็องแบร็ส,Bourg-en-Bresse,,,Bourg-en-Bresse,,
FrenchA_FCMartigues,Martigues,Martigues,Martigues,Martigues,Martigues,マルティーグ,Martigues,Мартиг,马蒂格,馬蒂格,馬蒂格,마르티그,مارتيج,Martigues,Martigues,Martigues,มาร์ติกซ์,Martigues,,,Martigues,,
FrenchA_LBChâteauroux,Châteauroux,Châteauroux,Châteauroux,Châteauroux,Châteauroux,シャトールー,Châteauroux,Шатору,沙托鲁,查多魯,查多魯,샤토루,شاتورو,Châteauroux,Châteauroux,Chateauroux,ชาโตรู,Châteauroux,,,Châteauroux,,
FrenchA_USConcarneau,Concarneau,Concarneau,Concarneau,Concarneau,Concarneau,コンカルノー,Concarneau,Конкарно,孔卡尔诺,孔卡爾諾,孔卡爾諾,콩카르노,كونكارنو,Concarneau,Concarneau,Concarneau,คองการ์โน,Concarneau,,,Concarneau,,
FrenchA_RedStarF.C.,Paris Star,Paris Star,Paris Star,Paris Star,Paris Star,パリ・スター,Estrela de Paris,Paris Star,巴黎星,巴黎紅星,巴黎紅星,파리 스타,باريس ستار,Paris Star,Paris Star,Paris Star,ปารีส สตาร์,Paris Star,,,Gwiazda Paryża,,
FrenchA_USAvranches,Avranches,Avranches,Avranches,Avranches,Avranches,アヴランシュ,Avranches,Авранш,阿夫朗什,阿夫朗什,阿夫朗什,아브랑슈,أفرانش,Avranches,Avranches,Avranches,อาฟแรนเชส,Avranches,,,Avranches,,
ItalianA_Juventus,Torino BW,Torino BW,Torino BW,Turin BW,Turin BW,トリノBW,Torino Preto e branco,Турин Бело-Черный,都灵 黑白,祖雲達斯,祖雲達斯,토리노 BW,تورينو بي دبليو,Torino BW,Torino BW,Torino Hitam Putih,โตริโน,Torino BW,,,Torino BW,,
ItalianA_Napoli,Napoli,Napoli,Napoli,Napoli,Nápoles,ナポリ,Nápoles ,Неаполь,那不勒斯,拿玻里,拿玻里,나폴리,نابولي,Napoli,Napoli,Napoli,นาโปลี,Napoli,,,Napoli,,
ItalianA_InternazionaleMilano,Milano Blue,Bleu Milano,Milano Blue,Milano Blue,Milan Azul,ミラノブルー,Milão Azul,Милан Синий,米兰 蓝,米蘭 藍,米蘭 藍,밀라노 블루,ميلانو بلو,Milano Blauw,Milano Mavisi,Milan Biru,มิลาโนบลู,Milano Blue,,,Mediolan Błękit,,
ItalianA_Atalanta,Bergamo,Bergame,Bergamo,Bergamo,Bérgamo,ベルガモ,Atalanta,Бергамо,贝加莫,貝加莫,貝加莫,베르가 모,بيرغامو,Bergamo,Bergamo,Bergamo,เบอร์กาโม,Bergamo,,,Bergamo,,
ItalianA_AssociazioneCalcioMilan,Milano Red,Rouge Milano,Milano Red,Milano Red,Milan rojo,ミラノレッド,Milão Vermelho,Милан Красный,米兰 红,米蘭 紅,米蘭 紅,밀라노 레드,ميلانو ريد,Milano Rood,Milano Kırmızısı,Milan Merah,มิลาโนเรด,Milano đỏ,,,Medical Czerwień,,
ItalianA_Roma,Roma Red,Rouge Roma,Roma Red,Roma Red,Rojo Roma,ローマレッド,Roma Vermelho,Рим Красный,罗马 红,羅馬,羅馬,로마 레드,روما ريد,Roma Red,Roma Kırmızısı,Roma Merah,โรม่าเร้ด,Roma đỏ,,,Rzym Czerwień,,
ItalianA_Torino,Torino Red,Rouge Torino,Torino Red,Turin Rot,Rojo Torino,トリノレッド,Torino Vermelho,Торино Красный,都灵 红,拖連奴,拖連奴,토리노 레드,تورينو ريد,Torino Red,Torino Kırmızısı,Torino Merah,โตริโน่แดง,Torino đỏ,,,Turyn Czerwień,,
ItalianA_Lazio,Roma Blue,Bleu Roma,Roma Blue,Roma Blue,Roma Azul,ローマブルー,Roma Azul,Рим Блю,罗马 蓝,拉素,拉素,로마 블루,روما بلو,Roma Blue,Roma Mavisi,Roma Biru,โรม่าบลู,Roma Blue,,,Rzym Błękit,,
ItalianA_Genova,Genova Red,Rouge Genova,Genova Red,Genua Red,Rojo Génova,ジェノバレッド,Genova Vermelho,Генуя Красный,热那亚 红,熱那亞 紅,熱那亞 紅,제노바 레드,جينوفا ريد,Genova Red,Genova Kırmızısı,Genova Merah,เจนัวแดง,Genova đỏ,,,Genewa Czerwień,,
ItalianA_Bologna,Bologna,Bologne,Bologna,Bologna,Bolonia,ボローニャ,Bolonha,Болонья,博洛尼亚,博洛尼亞,博洛尼亞,볼로냐,بولونيا,Bologna,Bolonya,Bologna,โบโลญญา,Bologna,,,Bolonia,,
ItalianA_Sassuolo,Sassuolo,Sassuolo,Sassuolo,Sassuolo,Sassuolo,サッスオーロ,Sassuolo,Сассуоло,萨索洛,薩斯索羅,薩斯索羅,사수 올로,ساسولو,Sassuolo,Sassuolo,Sassuolo,ซาซัวลลา,Sassuolo,,,Sassuolo,,
ItalianA_Udine,Udine,Udine,Udine,Udine,Udine,ウディネ,Udine,Удине,乌迪内斯,烏甸尼,烏甸尼,우디네도,أوديني,Udine,Udine,Udine,อูดิเน,Udine,,,Udine,,
ItalianA_Ferrara,Ferrara,Ferrare,Ferrara,Ferrara,Ferrara,フェラーラ,Ferrara,Феррара,费拉拉,費拉拉,費拉拉,페라라,فيرارا,Ferrara,Ferrara,Ferrara,เฟอร์รารา,Ferrara,,,Ferrara,,
ItalianA_Cagliari,Cagliari,Cagliari,Cagliari,Cagliari,Cagliari,カリャリ,Cagliari,Cagliari,卡利亚里,卡利亞里,卡利亞里,칼리아리,كالياري,Cagliari,Cagliari,Cagliari,Cagliari,Cagliari,,,Cagliari,,
ItalianA_Empoli,Empoli,Empoli,Empoli,Empoli,Empoli,エンポリ,Empoli,Empoli,恩波利,恩波利,恩波利,엠폴리,إمبولي,Empoli,Empoli,Empoli,Empoli,Empoli,,,Empoli,,
ItalianA_Florence,Florence,Florence,Firenze,Florence,Florence,フィレンツェ,Florence,Florence,佛罗伦萨,佛羅倫薩,佛羅倫薩,피렌체,فلورنسا,Florence,Florence,Florence,Florence,Florence,,,Florence,,
ItalianA_Brescia,Brescia,Brescia,Brescia,Brescia,Brescia,ブレシア,Brescia,Brescia,布雷西亚,布雷西亞,布雷西亞,브레시아,بريشيا,Brescia,Brescia,Brescia,Brescia,Brescia,,,Brescia,,
ItalianA_Benevento,Benevento,Benevento,Benevento,Benevento,Benevento,ベネヴェント,Benevento,Benevento,贝内文托,貝內文托,貝內文托,베네벤토,بينيفنتو,Benevento,Benevento,Benevento,Benevento,Benevento,,,Benevento,,
ItalianA_HellasVerona,Verona,Vérone,Verona,Verona,Verona,ヴェローナ,Verona,Верона,维罗纳,維羅納,維羅納,베로나,فيرونا,Verona,Verona,Verona,เวโรนา,Verona,,,Werona,,
ItalianA_Sampdoria,Genova Blue,Genova Blue,Genova Blu,Genua Blue,Genova Blue,ジェノヴァ・ブルー,Genova Azul,Genova Blue,热那亚 蓝,熱那亞 藍,熱那亞 藍,제노바 블루,جينوفا بلو ,Genova Blue,Genova Blue,Genova Blue,เจนัว บลู,Genova Blue,,,Genewa Błękit,,
ItalianA_Spezia,La Spezia,La Spezia,La Spezia,La Spezia,La Spezia,ラ・スペツィア,La Spezia,Специя,拉斯佩齐亚,拉斯佩齊亞,拉斯佩齊亞,라스페치아,لا سبيتسيا,La Spezia,La Spezia,La Spezia,ลา สปีเซีย,La Spezia,,,La Spezia,,
ItalianA_Salernitana,Salerno,Salerne,Salerno,Salerno,Salerno,サレルノ,Salerno,Салерно,萨莱诺,薩萊諾,薩萊諾,살레르노,ساليرنو,Salerno,Salerno,Salerno,ซาแลร์โน,Salerno,,,Salerno,,
ItalianA_Venice,Venice,Venise,Venezia,Venedig,Venecia,ヴェネツィア,Veneza,Венеция,威尼斯,威尼斯,威尼斯,베네치아,البندقية,Venetië,Venedik,Venesia,เวนิส,Venezia,,,Wenecja,,
ItalianA_Crotone,Crotone,Crotone,Crotone,Crotone,Crotona,クロトーネ,Crotone,Кротоне,克罗托内,克羅託內,克羅託內,크로토네,كروتوني,Crotone,Crotone,Crotone,โกรโตเน,Crotone,,,Crotone,,
ItalianA_Parma,Parma,Parme,Parma,Parma,Parma,パルマ,Parma,Парма,帕尔马,巴馬,巴馬,파르마,بارما,Parma,Parma,Parma,ปาร์มา,Parma,,,Parma,,
ItalianA_Reggina1914,Reggio Calabria,Reggio de Calabre,Reggio Calabria,Reggio Calabria,Regio de Calabria,レッジョ・ディ・カラブリア,Régio da Calábria,Реджо-ди-Калабрия,雷焦卡拉布里亚,雷焦卡拉布里亞,雷焦卡拉布里亞,레조칼라브리아,ريجيو كالابريا,Reggio Calabria,Reggio Calabria,Reggio di Calabria,เรจโจคาลาเบรีย,Reggio Calabria,,,Reggio di Calabria,,
ItalianA_PalermoF.C.,Palermo,Palerme,Palermo,Palermo,Palermo,パレルモ,Palermo,Палермо,巴勒莫,巴勒摩,巴勒摩,팔레르모,باليرمو,Palermo,Palermo,Palermo,ปาแลร์โม,Palermo,,,Palermo,,
ItalianA_A.S.Cittadella,Cittadella,Cittadella,Cittadella,Cittadella,Cittadella,チッタデッラ,Cittadella,Читтаделла,奇塔代拉,奇塔代拉,奇塔代拉,시타델라,سيتاديلا,Cittadella,Cittadella,Cittadella,ซิตทาเดลลา,Cittadella,,,Cittadella,,
ItalianA_AscoliCalcio1898,Ascoli Piceno,Ascoli Piceno,Ascoli Piceno,Ascoli Piceno,Ascoli Piceno,アスコリ・ピチェーノ,Ascoli Piceno,Асколи-Пичено,阿斯科利皮切诺,阿斯科利皮切諾,阿斯科利皮切諾,아스콜리피체노,أسكولي بيتشينو,Ascoli Piceno,Ascoli Piceno,Ascoli Piceno,แอซโกลี,Ascoli Piceno,,,Ascoli Piceno,,
ItalianA_CosenzaCalcio,Cosenza,Cosenza,Cosenza,Cosenza,Cosenza,コゼンツァ,Cosença,Козенца,科森扎,科森扎,科森扎,코센차,كوزنسا,Cosenza,Cosenza,Cosenza,โกเซนซา,Cosenza,,,Cosenza,,
ItalianA_FrosinoneCalcio,Frosinone,Frosinone,Frosinone,Frosinone,Frosinone,フロジノーネ,Frosinone,Фрозиноне,弗罗西诺内,弗羅西諾內,弗羅西諾內,프로시노네,فروزينوني,Frosinone,Frosinone,Frosinone,โฟรซีโนเน,Frosinone,,,Frosinone,,
ItalianA_S.S.C.Bari,Bari,Bari,Bari,Bari,Bari,バーリ,Bari,Бари,巴里,巴里,巴里,바리,باري,Bari,Bari,Bari,บารี,Bari,,,Bari,,
ItalianA_Como,Como,Côme,Como,Como,Como,コモ,Como,Комо,科莫,科莫,科莫,코모,كومو,Como,Como,Como,โกโม,Como,,,Como,,
ItalianA_PisaS.C.,Pisa,Pise,Pisa,Pisa,Pisa,ピサ,Pisa,Пиза,比萨,比薩,比薩,피사,بيزا,Pisa,Pisa,Pisa,ปิซา,Pisa,,,Piza,,
ItalianA_TernanaCalcio,Terni,Terni,Terni,Terni,Terni,テルニ,Terni,Терни,特尔尼,特爾尼,特爾尼,테르니,تيرني,Terni,Terni,Terni,แตร์นี,Terni,,,Terni,,
ItalianA_ModenaF.C.,Modena,Modène,Modena,Modena,Módena,モデナ,Módena,Модена,摩德纳,摩德納,摩德納,모데나,مودينا,Modena,Modena,Modena,มเดน่า,Modena,,,Modena,,
ItalianA_A.C.PerugiaCalcio,Perugia,Pérouse,Perugia,Perugia,Perugia,ペルージャ,Perúgia,Перуджа,佩鲁贾,佩魯賈,佩魯賈,페루자,بيروجيا,Perugia,Perugia,Perugia,เปรูจา,Perugia,,,Perugia,,
ItalianA_F.C.Südtirol,Bolzano,Bolzano,Bolzano,Bozen,Bolzano,ボルツァーノ,Bolzano,Больцано,博尔扎诺,波札諾,波札諾,볼차노,بولزانو,Bolzano,Bolzano,Bolzano-Bozen,โบลซาโน,Bolzano,,,Bolzano,,
ItalianA_U.S.Cremonese,Cremona,Crémone,Cremona,Cremona,Cremona,クレモナ,Cremona,Кремона,克雷莫纳,克里莫納,克里莫納,크레모나,كريمونا,Cremona,Cremona,Cremona,เครโมนา,Cremona,,,Cremona,,
ItalianA_U.S.Lecce,Lecce,Lecce,Lecce,Lecce,Lecce,レッチェ,Lecce,Лечче,莱切,壢車,壢車,레체,ليتشي,Lecce,Lecce,Lecce,เลชเช่,Lecce,,,Lecce,,
ItalianA_A.C.Monza,Monza,Monza,Monza,Monza,Monza,モンツァ,Monza,Монца,蒙扎,蒙扎,蒙扎,몬차,مونزا,Monza,Monza,Monza,มอนซา,Monza,,,Monza,,
ItalianA_PordenoneCalcio,Pordenone,Pordenone,Pordenone,Pordenone,Pordenone,ポルデノーネ,Pordenone,Порденоне,波代诺内,波代諾內,波代諾內,포르데노네,بوردينوني,Pordenone,Pordenone,Pordenone,ปอเดนีโน,Pordenone,,,Pordenone,,
ItalianA_ProPatria,Busto Arsizio,Busto Arsizio,Busto Arsizio,Busto Arsizio,Busto Arsizio,ブスト・アルシーツィオ,Busto Arsizio,Бусто-Арсицио,布斯托阿西齐奥,布斯托阿西齊奧,布斯托阿西齊奧,부스토아르시치오,بوستو أرسيتسيو,Busto Arsizio,Busto Arsizio,Busto Arsizio,บุสโตอาร์ซีซีโอ,Busto Arsizio,,,Busto Arsizio,,
ItalianA_NovaraF.C.,Novara,Novare,Novara,Novara,Novara,ノヴァーラ,Novara,Новара,诺瓦拉,諾瓦拉,諾瓦拉,노바라,نوفارا,Novara,Novara,Novara,โนวารา,Novara,,,Novara,,
ItalianA_L.R.Vicenza,Vicenza,Vicence,Vicenza,Vicenza,Vicenza,ヴィチェンツァ,Vicenza,Виченца,维琴察,維琴察,維琴察,비첸차,فيتشنزا,Vicenza,Vicenza,Vicenza,วิเซนซา,Vicenza,,,Vicenza,,
ItalianA_CarrareseCalcio,Carrara,Carrare,Carrara,Carrara,Carrara,カッラーラ,Carrara,Каррара,卡拉拉,卡拉拉,卡拉拉,카라라,كارارا,Carrara,Carrara,Carrara,คาร์รารา,Carrara,,,Carrara,,
ItalianA_A.C.R.Siena,Siena,Sienne,Siena,Siena,Siena,シエーナ,Siena,Сиена,锡耶纳,士耶拿,士耶拿,시에나,سيينا,Siena,Siena,Siena,ซีเอนา,Siena,,,Siena,,
ItalianA_A.S.Gubbio,Gubbio,Gubbio,Gubbio,Gubbio,Gubbio,グッビオ,Gubbio,Губбио,古比奥,古比奧,古比奧,구비오,غوبيو,Gubbio,Gubbio,Gubbio,กุบบิโอ,Gubbio,,,Gubbio,,
ItalianA_U.S.Catanzaro,Catanzaro,Catanzaro,Catanzaro,Catanzaro,Catanzaro,カタンザーロ,Catanzaro,Катандзаро,卡坦扎罗,卡坦扎羅,卡坦扎羅,카탄차로,كاتانزارو,Catanzaro,Catanzaro,Catanzaro,คาตันซาโร,Catanzaro,,,Catanzaro,,
ItalianA_S.S.TurrisCalcio,Torre del Greco,Torre del Greco,Torre del Greco,Torre del Greco,Torre del Greco,トッレ・デル・グレーコ,Torre del Greco,Торре-дель-Греко,托雷-德尔格雷科,托雷-德爾格雷科,托雷-德爾格雷科,토레델그레코,توري ديل غريكو,Torre del Greco,Torre del Greco,Torre del Greco,หอคอยแห่งกรีก,Torre del Greco,,,Torre del Greco,,
GermanA_BayernMunchen,Munchen,Munchen,Munchen,München,Munchen,ミュンヘン,Munchen,Мюнхен,慕尼黑,拜仁慕尼克,拜仁慕尼克,뮌헨,ميونخ,Munchen,Munchen,Munchen,มึนเจน,Munchen,,,Monachium,,
GermanA_Dortmund,Dortmund,Dortmund,Dortmund,Dortmund,Dortmund,ドルトムント,Dortmund,Дортмунд,多特蒙德,多蒙特,多蒙特,도르트문트,دورتموند,Dortmund,Dortmund,Dortmund,ดอร์ทมุนด์,Dortmund,,,Dortmund,,
GermanA_RBLeipzig,Leipzig,Leipzig,Lipsia,Leipzig,Leipzig,ライプツィヒ,Leipzig,Лейпциг,莱比锡,萊比錫,萊比錫,라이프 치히,لايبزيغ,Leipzig,Leipzig,Leipzig,ไลพ์ซิจ,Leipzig,,,Lipsk,,
GermanA_Bayer04Leverkusen,Leverkusen,Leverkusen,Leverkusen,Leverkusen,Leverkusen,レバークーゼン,Leverkusen,Леверкузен,勒沃库森,利華古遜,利華古遜,레버쿠젠,ليفركوزن,Leverkusen,Leverkusen,Leverkusen,เลเวอร์คูเซ่น,Leverkusen,,,Leverkusen,,
GermanA_Schalke04,Gelsenkirchen,Gelsenkirchen,Gelsenkirchen,Gelsenkirchen,Gelsenkirchen,ゲルゼンキルヒェン,Gelsenkirchen,Гельзенкирхен,盖尔森基兴,史浩克04,史浩克04,겔젠 키르 헨,غيلسنكيرشن,Gelsenkirchen,Gelsenkirchen,Gelsenkirchen,เกลเซนเคียร์เชน,Gelsenkirchen,,,Gelsenkirchen,,
GermanA_Frankfurt,Frankfurt,Francfort,Francoforte,Frankfurt,Frankfurt,フランクフルト,Frankfurt,Франкфурт,法兰克福,法蘭克福,法蘭克福,프랑크푸르트,فرانكفورت,Frankfurt,Frankfurt,Frankfurt,แฟรงค์เฟิร์ต,Frankfurt,,,Frankfurt,,
GermanA_Monchengladbach,Monchengladbach,Monchengladbach,Monchengladbach,Mönchengladbach,Mönchengladbach,メンヒェングラットバッハ,Monchengladbach,Менхенгладбах,门兴格拉德巴赫,慕遜加柏,慕遜加柏,묀헨 글 라트 바흐,مونشنغلادباخ,Mönchengladbach,Mönchengladbach,Monchengladbach,มึนเช่นกลัดบัค,Monchengladbach,,,Monchengladbach,,
GermanA_Wolfsburg,Wolfsburg,Wolfsburg,Wolfsburg,Wolfsburg,Wolfsburg,ヴォルフスブルク,Wolfsburg,Вольфсбург,沃尔夫斯堡,禾夫斯堡,禾夫斯堡,볼프스부르크,فولفسبورج,Wolfsburg,Wolfsburg,Wolfsburg,โวล์ฟสบวร์ก,Wolfsburg,,,Wolfsburg,,
GermanA_Mainz,Mainz,Mayence,Mainz,Mainz,Maguncia,マインツ,Mainz,Майнц,美因茨,緬恩斯,緬恩斯,마인츠,ماينز,Mainz,Mainz,Mainz,ไมนซ์,Mainz,,,Moguncja,,
GermanA_WerderBremen,Bremen,Brême,Brema,Bremen,Bremen,ブレーメン,Bremen,Бремен,不莱梅,雲達不萊梅,雲達不萊梅,브레멘,بريمن,Bremen,Bremen,Bremen,เบรเมน,Bremen,,,Brema,,
GermanA_HerthaBerliner,Berlin Blue,Berlin Blue,Berlin Blue,Berlin Blue,Berlin Blue,ベルリン・ブルー,Berlim Azul,Berlin Blue,柏林 蓝,哈化柏林,哈化柏林,베를린 블루,برلين بلو,Berlin Blue,Berlin Blue,Berlin Blue,เบอร์ลินบลู,Berlin Blue,,,Berlin Błękit,,
GermanA_Freiburg,Freiburg,Fribourg,Friburgo,Freiburg,Friburgo,フライブルク,Freiburg,Фрайбург,弗莱堡,弗萊堡,弗萊堡,프라이 부르크,فرايبورغ,Freiburg,Freiburg,Freiburg,ไฟร์บวร์ก,Freiburg,,,Freiburg,,
GermanA_Koln,Koln,Cologne,Koln,Köln,Colonia,ケルン,Colônia,Кёльн,科隆,科隆,科隆,쾰른,كولن,Koln,Koln,Koln,โกล์น,Koln,,,Kolonia,,
GermanA_Augsburg,Augsburg,Augsburg,Augsburg,Augsburg,Augsburg,アウクスブルク,Augsburg,Augsburg,奥格斯堡,奧格斯堡,奧格斯堡,아우크스부르크,آوغسبورغ,Augsburg,Augsburg,Augsburg,Augsburg,Augsburg,,,Augsburg,,
GermanA_Stuttgart,Stuttgart,Stuttgart,Stuttgart,Stuttgart,Stuttgart,シュトゥットガルト,Stuttgart,Stuttgart,斯图加特,斯圖加特,斯圖加特,슈투트가르트,شتوتغارت,Stuttgart,Stuttgart,Stuttgart,Stuttgart,Stuttgart,,,Stuttgart,,
GermanA_Hamburg,Hamburg,Hamburg,Hamburg,Hamburg,Hamburg,ハンブルク,Hamburg,Hamburg,汉堡,漢堡,漢堡,함부르크,هامبورغ,Hamburg,Hamburg,Hamburg,Hamburg,Hamburg,,,Hamburg,,
GermanA_Bochum,Bochum,Bochum,Bochum,Bochum,Bochum,ボーフム,Bochum,Bochum,波鸿,波鴻,波鴻,보훔,بوخوم,Bochum,Bochum,Bochum,Bochum,Bochum,,,Bochum,,
GermanA_Bielefeld,Bielefeld,Bielefeld,Bielefeld,Bielefeld,Bielefeld,ビーレフェルト,Bielefeld,Bielefeld,比勒菲尔德,比勒菲爾德,比勒菲爾德,빌레펠트,بيليفيلد,Bielefeld,Bielefeld,Bielefeld,Bielefeld,Bielefeld,,,Bielefeld,,
GermanA_UnionBerlin,Berlin Red,Berlin Red,Berlin Red,Berlin Red,Berlin Red,ベルリン・レッド,Berlim Vermelho,Berlin Red,柏林 红,柏林 紅,柏林 紅,베를린 레드,برلين ريد,Berlin Red,Berlin Red,Berlin Red,เบอร์ลินเรด,Berlin Red,,,Berlin Red,,
GermanA_Hoffenheim,Hoffenheim,Hoffenheim,Hoffenheim,Hoffenheim,Hoffenheim,ホッフェンハイム,Hoffenheim,Хоффенхайм,霍芬海姆,賀芬咸,賀芬咸,호펜하임,هوفنهايم,Hoffenheim,Hoffenheim,Hoffenheim,ฮ็อฟเฟินไฮม์,Hoffenheim,,,Hoffenheim,,
GermanA_Fürth,Fürth,Fürth,Fürth,Fürth,Fürth,フュルト,Fuerth,Фюрт,菲尔特,福爾特,霍夫,퓌르트,فورث,Fürth,Fürth,Fürth,เฟือร์ท,Fürth,,,Fürth,,
GermanA_Paderborn,Paderborn,Paderborn,Paderborn,Paderborn,Paderborn,パーダーボルン,Paderborn,Падерборн,帕德博恩,柏達邦,柏達邦,파더보른,بادربورن,Paderborn,Paderborn,Paderborn,พาเดอร์บอร์น,Paderborn,,,Paderborn,,
GermanA_Düsseldorf,Düsseldorf,Düsseldorf,Düsseldorf,Düsseldorf,Düsseldorf,デュッセルドルフ,Düsseldorf,Дюссельдорф,杜塞尔多夫,調素多爾夫,調素多爾夫,デュッセルドルフ,دوسلدورف,Düsseldorf,Düsseldorf,Düsseldorf,ดึสเซิลดอร์ฟ,Düsseldorf,,,Düsseldorf,,
GermanA_Hannover,Hannover,Hanovre,Hannover,Hannover,Hannover,ハノーファー,Hanôver,Ганновер,汉诺威,漢諾威,漢諾威,하노버,هانوفر,Hannover,Hannover,Hannover,ฮันโนเฟอร์,Hannover,,,Hanower,,
GermanA_Nuremberg,Nuremberg,Nuremberg,Norimberga,Nürnberg,Núremberg,ニュルンベルク,Nuremberg,Нюрнберг,纽伦堡,紐倫堡,紐倫堡,뉘른베르크,نورمبرغ,Neurenberg,Nürnberg,Nürnberg,เนือร์นแบร์ค,Nürnberg,,,Norymberga,,
GermanA_SSVJahnRegensburg,Regensburg,Ratisbonne,Ratisbona,Regensburg,Ratisbona,レーゲンスブルク,Ratisbona,Регенсбург,雷根斯堡,雷根斯堡,雷根斯堡,레겐스부르크,ريغنسبورغ,Regensburg,Regensburg,Regensburg,เรเกินส์บวร์ค,Regensburg,,,Ratyzbona,,
GermanA_FCKaiserslautern,Kaiserslautern,Kaiserslautern,Kaiserslautern,Kaiserslautern,Kaiserslautern,カイザースラウテルン,Kaiserslautern,Кайзерслаутерн,凯泽斯劳滕,凱沙羅頓,凱沙羅頓,카이저슬라우테른,كايسرسلاوترن,Kaiserslautern,Kaiserslautern,Kaiserslautern,ไคเซิร์สเลาเทิร์น,Kaiserslautern,,,Kaiserslautern,,
GermanA_FCHeidenheim,Heidenheim,Heidenheim,Heidenheim,Heidenheim,Heidenheim,ハイデンハイム,Heidenheim,Хайденхайм,海登海姆,海登咸,海登咸,하이덴하임안데어브렌츠,هايدنهايم,Heidenheim,Heidenheim,Heidenheim,ไฮเดินไฮม์,Heidenheim,,,Heidenheim,,
GermanA_SVSandhausen,Sandhausen,Sandhausen,Sandhausen,Sandhausen,Sandhausen,ザントハウゼン,Sandhausen,Зандхаузен,桑德豪森,辛特侯遜,辛特侯遜,잔트하우젠,ساندهاوزن,Sandhausen,Sandhausen,Sandhausen,แซนด์เฮาเซ่น,Sandhausen,,,Sandhausen,,
GermanA_FCHansaRostock,Rostock,Rostock,Rostock,Rostock,Rostock,ロストック,Rostock,Росток,罗斯托克,羅斯托克,羅斯托克,로스토크,روستوك,Rostock,Rostock,Rostock,ร็อสท็อค,Rostock,,,Rostock,,
GermanA_SVDarmstadt,Darmstadt,Darmstadt,Darmstadt,Darmstadt,Darmstadt,ダルムシュタット,Darmstadt,Дармштадт,达姆施塔特,達斯泰特,達斯泰特,다름슈타트,دارمشتات,Darmstadt,Darmstadt,Darmstadt,ดาร์มชตัท,Darmstadt,,,Darmstadt,,
GermanA_HolsteinKiel,Kiel,Kiel,Kiel,Kiel,Kiel,キール,Quiel,Киль,基尔,基爾,基爾,킬,كيل,Kiel,Kiel,Kiel,คีล,Kiel,,,Kilonia,,
GermanA_FCSt.Pauli,St. Pauli,St. Pauli,St. Pauli,St. Pauli,San Pauli,セントパウリ,St. Pauli,Санкт-Паули,圣保利,聖保利,聖保利,세인트 파울리,سانت باولي,St. Pauli,St. Pauli,St. Pauli,นักบุญเปาลี,St. Pauli,,,St. Pauli,,
GermanA_KarlsruherSC,Karlsruhe,Karlsruhe,Karlsruhe,Karlsruhe,Karlsruhe,カールスルーエ,Karlsruhe,Карлсруэ,卡尔斯鲁厄,卡爾斯魯亞,卡爾斯魯亞,카를스루에,كارلسروه,Karlsruhe,Karlsruhe,Karlsruhe,คาลส์รูเออ,Karlsruhe,,,Karlsruhe,,
GermanA_FCMagdeburg,Magdeburg,Magdebourg,Magdeburgo,Magdeburg,Magdeburgo,マクデブルク,Magdeburgo,Магдебург,马格德堡,麥德堡,麥德堡,마그데부르크,ماغديبورغ,Maagdenburg,Magdeburg,Magdeburg,มัคเดอบวร์ค,Magdeburg,,,Magdeburg,,
GermanA_EintrachtBraunschweig,Braunschweig,Brunswick,Braunschweig,Braunschweig,Brunswick,ブラウンシュヴァイク,Brunsvique,Брауншвейг,不伦瑞克,布倫瑞克,布倫瑞克,브라운슈바이크,برانسويك,Braunschweig,Braunschweig,Braunschweig,เบราน์ชไวค์,Braunschweig,,,Brunszwik,,
GermanA_TSV1860Munich,Munchen Blue,Munchen Blue,Munchen Blue,München Blue,Munchen Blue,ミュンヘン・ブルー,Munchen Azul,Munchen Blue,慕尼黑蓝,慕尼黑藍,慕尼黑藍,뮌헨 블루,ميونيخ بلو,Munchen Blue,Munchen Blue,Munchen Blue,มึนเซ่นบลู,Munchen Blue,,,Monachium Błękit,,
GermanA_SVElversberg,Spiesen-Elversberg,Spiesen-Elversberg,Spiesen-Elversberg,Spiesen-Elversberg,Spiesen-Elversberg,シュピーゼン＝エルヴェルスベルク,Spiesen-Elversberg,Шпизен-Эльферсберг,施皮森-埃费尔斯贝格,施皮森-埃費爾斯貝格,施皮森-埃費爾斯貝格,슈피젠-엘버스베르그,سبيسن إلفيرسبرغ,Spiesen-Elversberg,Spiesen-Elversberg,Spiesen-Elversberg,สปีเซ่น-เอลเวอร์สเบิร์ก,Spiesen-Elversberg,,,Spiesen-Elversberg,,
GermanA_SVWaldhofMannheim,Mannheim,Mannheim,Mannheim,Mannheim,Mannheim,マンハイム,Mannheim,Мангейм,曼海姆,曼海姆,曼海姆,만하임,مانهايم,Mannheim,Mannheim,Mannheim,มันไฮม์,Mannheim,,,Mannheim,,
GermanA_DynamoDresden,Dresden,Dresde,Dresda,Dresden,Dresde,ドレスデン,Dresden,Дрезден,德累斯顿,德累斯頓,德累斯頓,드레스덴,دريسدن,Dresden,Dresden,Dresden,เดรสเดิน,Dresden,,,Drezno,,
GermanA_FCSaarbrücken,Saarbrücken,Sarrebruck,Saarbrücken,Saarbrücken,Saarbrücken,ザールブリュッケン,Saarbrücken,Саарбрюккен,萨尔布吕肯,沙卜勤,沙卜勤,자르브뤼켄,ساربروكن,Saarbrücken,Saarbrücken,Saarbrücken,ซาร์บรึคเคิน,Saarbrücken,,,Saarbrücken,,
GermanA_SVWehenWiesbaden,Wiesbaden,Wiesbaden,Wiesbaden,Wiesbaden,Wiesbaden,ヴィースバーデン,Wiesbaden,Висбаден,威斯巴登,威斯巴登,威斯巴登,비스바덴,فيسبادن,Wiesbaden,Wiesbaden,Wiesbaden,วีสบาเดิน,Wiesbaden,,,Wiesbaden,,
GermanA_FCIngolstadt,Ingolstadt,Ingolstadt,Ingolstadt,Ingolstadt,Ingolstadt,インゴルシュタット,Ingolstadt,Ингольштадт,因戈尔施塔特,英歌城,恩高斯達特,잉골슈타트,إنغولشتات,Ingolstadt,Ingolstadt,Ingolstadt,อิงก็อลชตัท,Ingolstadt,,,Ingolstadt,,
GermanA_MSVDuisburg,Duisburg,Duisbourg,Duisburg,Duisburg,Duisburgo,デュースブルク,Duisburgo,Дуйсбург,杜伊斯堡,杜伊斯堡,杜伊斯堡,뒤스부르크,دويسبورغ,Duisburg,Duisburg,Duisburg,ดืสบวร์ค,Duisburg,,,Duisburg,,
GermanA_SVMeppen,Meppen,Meppen,Meppen,Meppen,Meppen,メッペン,Meppen,Меппен,梅彭,梅彭,梅彭,메이펜,ميبن,Meppen,Meppen,Meppen,เมเพ็น,Meppen,,,Meppen,,
GermanA_VfBOldenburg,Oldenburg,Oldenbourg,Oldenburg,Oldenburg,Oldemburgo,オルデンブルク,Oldemburgo,Ольденбург,奥尔登堡,歐登堡,歐登堡,올덴부르크,أولدنبورغ,Oldenburg,Oldenburg,Oldenburg,โอลเดนเบิร์ก,Oldenburg,,,Oldenburg,,
EnglishA_ManchesterUnited,Manchester Red,Rouge Manchester,Manchester Red,Manchester Red,Manchester rojo,マンチェスターレッド,Manchester Vermelho,Манчестер Красный,曼彻斯特 红,曼徹斯特 紅,曼徹斯特 紅,맨체스터 레드,مانشستر ريد,Manchester Red,Manchester Kırmızısı,Manchester Merah,ผีแดง,Manchester Red,,,Manchester Czerwień,,
EnglishA_ManchesterCity,Manchester Blue,Bleu Manchester,Manchester Blue,Manchester Blue,Manchester azul,マンチェスターブルー,Manchester Azul,Манчестер Голубой,曼彻斯特 蓝,曼徹斯特 藍,曼徹斯特 藍,맨체스터 블루,مانشستر بلو,Manchester Blue,Manchester Mavisi,Manchester Biru,เรือใบน้ำเงิน,Manchester Blue,,,Manchester Błękit,,
EnglishA_Liverpool,Liverpool Red,Rouge de Liverpool,Liverpool Red,Liverpool Red,Liverpool rojo,リバプールレッド,Liverpool Vermelho,Ливерпуль Красный,利物浦 红,利物浦,利物浦,리버풀 레드,ليفربول ريد,Liverpool Rood,Liverpool Kırmızısı,Liverpool Merah,หงส์แดง,Liverpool đỏ,,,Liverpool Czerwień,,
EnglishA_TottenhamHotspur,London White,Londres blanc,London White,London White,Londres blanco,ロンドンホワイト,London Branco,Лондон Белый,伦敦 白,倫敦 白,倫敦 白,런던 화이트,لندن وايت,London White,Londra Beyazı,London Putih,ลอนดอนสีขาว,London White,,,Londyn Biel,,
EnglishA_Arsenal,London Red,Rouge de Londres,London Red,London Red,London Red,ロンドンレッド,London Vermelho,Лондон Красный,伦敦 红,阿仙奴,阿仙奴,런던 레드,لندن ريد,London Red,Londra Kırmızısı,London Merah,อาร์เซนอล,London Red,,,Londyn Czerwień,,
EnglishA_Chelsea,London Blue,Bleu de Londres,London Blue,London Blue,London Blue,ロンドンブルー,London Azul,Лондон Синий,伦敦 蓝,車路士,車路士,런던 블루,لندن بلو,London Blue,Londra Mavisi,London Biru,สิงห์บลู,London Blue,,,Londyn Błękit,,
EnglishA_LeicesterCity,Leicester,Leicester,Leicester,Leicester,Leicester,レスター,Leicester,Лестер,莱斯特城,李斯特城,李斯特城,레스터,ليستر,Leicester,Leicester,Leicester,เลสเตอร์,Leicester,,,Leicester,,
EnglishA_WolverhamptonWanderers,Wolverhampton,Wolverhampton,Wolverhampton,Wolverhampton,Wolverhampton,ウォルヴァーハンプトン,Wolverhampton,Вулверхэмптон,伍尔弗汉普顿,伍爾弗漢普頓,伍爾弗漢普頓,울버햄프턴,ولفرهامبتون,Wolverhampton,Wolverhampton,Wolverhampton,วูล์ฟแฮมป์ตัน,Wolverhampton,,,Wolverhampton,,
EnglishA_Everton,Liverpool Blue,Bleu de Liverpool,Liverpool Blue,Liverpool Blue,Liverpool azul,リバプールブルー,Liverpool Azul,Ливерпуль Синий,利物浦 蓝,愛華頓,愛華頓,리버풀 블루,ليفربول الأزرق,Liverpool Blauw,Liverpool Mavisi,Liverpool Biru,ลิเวอร์พูลบลู,Liverpool Blue,,,Liverpool Błękit,,
EnglishA_WestHamUnited,London Hammer,London Hammer,London Hammer,London Hammer,London Hammer,ロンドン・ハンマー,Martelo de Londres,Martelo de Londres,伦敦 锤,倫敦 錘,倫敦 錘,런던 해머,لندن هامر,London Hammer,London Hammer,London Hammer,ลอนดอนแฮมเมอร์,London Hammer,,,Londyn Młot,,
EnglishA_Watford,Watford,Watford,Watford,Watford,Watford,ワトフォード,Watford,Уотфорд,沃特福德,沃特福德,沃特福德,왓퍼드,واتفورد,Watford,Watford,Watford,วัตฟอร์ด,Watford,,,Watford,,
EnglishA_Bournemouth,Bournemouth,Bournemouth,Bournemouth,Bournemouth,Bournemouth,ボーンマス,Bournemouth,Борнмут,伯恩茅斯,般尼茅夫,般尼茅夫,본머스,بورنموث,Bournemouth,Bournemouth,Bournemouth,บอร์นมัธ,Bournemouth,,,Bournemouth,,
EnglishA_Burnley,Burnley,Burnley,Burnley,Burnley,Burnley,バーンリー,Burnley,Бернли,伯恩利,般尼,般尼,번리,بيرنلي,Burnley,Burnley,Burnley,เบิร์นลีย์,Burnley,,,Burnley,,
EnglishA_Huddersfield,Huddersfield,Huddersfield,Huddersfield,Huddersfield,Huddersfield,ハダースフィールド,Huddersfield,Huddersfield,哈斯菲尔德,哈斯菲爾德,哈斯菲爾德,허더즈필드,هيدرسفيلد,Huddersfield,Huddersfield,Huddersfield,Huddersfield,Huddersfield,,,Huddersfield,,
EnglishA_Leeds,Leeds,Leeds,Leeds,Leeds,Leeds,リーズ,Leeds,Лидс,利兹,列斯,列斯,리즈,ليدز,Leeds,Leeds,Leeds,ลีดส์,Leeds,,,Leeds,,
EnglishA_WestBromwich,West Bromwich,West Bromwich,West Bromwich,West Bromwich,West Bromwich,ウェスト・ブロムウィッチ,West Bromwich,West Bromwich,西布罗米奇,西布羅米奇,西布羅米奇,웨스트브로미치,وست بروميتش,West Bromwich,West Bromwich,West Bromwich,West Bromwich,West Bromwich,,,West Bromwich,,
EnglishA_Derby,Derby,Derby,Derby,Derby,Derby,ダービー,Derby,Derby,德比郡,德比郡,德比郡,더비,ديربي,Derby,Derby,Derby,Derby,Derby,,,Derby,,
EnglishA_Nottingham,Nottingham,Nottingham,Nottingham,Nottingham,Nottingham,ノッティンガム,Nottingham,Nottingham,诺丁汉,諾丁漢,諾丁漢,노팅엄,نوتنغهام,Nottingham,Nottingham,Nottingham,Nottingham,Nottingham,,,Nottingham,,
EnglishA_Brighton,Brighton,Brighton,Brighton,Brighton,Brighton,ブライトン,Brighton,Брайтон,布莱顿,白禮頓,白禮頓,브라이턴,برايتون,Brighton,Brighton,Brighton,ไบรตัน,Brighton,,,Brighton,,
EnglishA_Brentford,Brentford,Brentford,Brentford,Brentford,Brentford,ブレントフォード,Brentford,Брентфорд,布伦特福德,賓福特,賓福特,브렌트퍼드,برينتفورد,Brentford,Brentford,Brentford,เบรนท์ฟอร์ด,Brentford,,,Brentford,,
EnglishA_CrystalPalace,London Eagle,London Eagle,London Eagle,London Eagle,London Eagle,ロンドン・イーグル,Águia de Londres,London Eagle,伦敦 鹰,倫敦 鷹,倫敦 鷹,런던 이글,لندن ايغل,London Eagle,London Eagle,London Eagle,ลอนดอนอีเกิ้ล,London Eagle,,,Londyn Orzeł,,
EnglishA_AstonVilla,Aston,Aston,Aston,Aston,Aston,アストン,Aston,Астон,阿斯顿,阿士東,阿士東,애스턴,أستون,Aston,Aston,Aston,แอสตัน,Aston,,,Aston,,
EnglishA_NewcastleUnited,Newcastle,Newcastle,Newcastle,Newcastle,Newcastle,ニューカッスル,Newcastle,Ньюкасл,纽卡斯尔,紐卡素,紐卡素,뉴캐슬어폰타인,نيوكاسل,Newcastle,Newcastle,Newcastle,นิวคาสเซิลอะพอน,Newcastle,,,Newcastle,,
EnglishA_Southampton,Southampton,Southampton,Southampton,Southampton,Southampton,サウサンプトン,Southampton,Саутгемптон,南安普顿,修咸頓,修咸頓,사우샘프턴,ساوثهامبتون,Southampton,Southampton,Southampton,เซาแทมป์ตัน,Southampton,,,Southampton,,
EnglishA_NorwichCity,Norwich,Norwich,Norwich,Norwich,Norwich,ノリッジ,Norwich,Норидж,诺维奇,諾里奇,諾列治,노리치,نورويتش,Norwich,Norwich,Norwich,นอริช,Norwich,,,Norwich,,
EnglishA_BlackburnRovers,Blackburn,Blackburn,Blackburn,Blackburn,Blackburn,ブラックバーン,Blackburn,Блэкберн,布莱克本,布力般,布力般,블랙번,بلاكبرن,Blackburn,Blackburn,Blackburn,แบล็กเบิร์น,Blackburn,,,Blackburn,,
EnglishA_SunderlandA.F.C.,Sunderland,Sunderland,Sunderland,Sunderland,Sunderland,サンダーランド,Sunderland,Сандерленд,桑德兰,新特蘭,新特蘭,선덜랜드,سندرلاند,Sunderland,Sunderland,Sunderland,ซันเดอร์แลนด์,Sunderland,,,Sunderland,,
EnglishA_BirminghamCityF.C.,Birmingham,Birmingham,Birmingham,Birmingham,Birmingham,バーミンガム,Birmingham,Бирмингем,伯明翰,伯明翰,伯明翰,버밍엄,برمنغهام,Birmingham,Birmingham,Birmingham,เบอร์มิงแฮม,Birmingham,,,Birmingham,,
EnglishA_HullCityA.F.C.,Hull,Hull,Hull,Hull,Hull,ハル,Hull,Халл,赫尔,赫爾,侯城,킹스턴어폰헐,هال,Hull,Hull,Hull,ฮัลล์,Hull,,,Hull,,
EnglishA_SheffieldUnited,Sheffield,Sheffield,Sheffield,Sheffield,Sheffield,シェフィールド,Sheffield,Шеффилд,谢菲尔德,雪菲爾,錫菲,셰필드,شيفيلد,Sheffield,Sheffield,Sheffield,เชฟฟีลด์,Sheffield,,,Sheffield,,
EnglishA_QueensParkRangers,Shepherd's Bush,Shepherd's Bush,Shepherd's Bush,Shepherd’s Bush,Shepherd's Bush,シェパーズ ブッシュ,Shepherd's Bush,Шепердс Буш,牧羊丛,牧羊叢,牧羊叢,양치기의 부시,شبردز بوش,Shepherd's Bush,Shepherd's Bush,Shepherd's Bush,เชพเพิร์ดส์ บุช,Shepherd's Bush,,,Shepherd's Bush,,
EnglishA_MillwallF.C.,Bermondsey,Bermondsey,Bermondsey,Bermondsey,Bermondsey,バーモンジー,Bermondsey,Бермондси,伯蒙德赛,伯蒙德賽,伯蒙德賽,버몬지,برموندسي,Bermondsey,Bermondsey,Bermondsey,เบอร์มอนด์ซีย์,Bermondsey,,,Bermondsey,,
EnglishA_ReadingF.C.,Reading,Reading,Reading,Reading,Reading,レディング,Reading,Рединг,雷丁,雷丁,雷丁,레딩,ريدنغ,Reading,Reading,Reading,เรดิง,Reading,,,Reading,,
EnglishA_CardiffCity,Cardiff,Cardiff,Cardiff,Cardiff,Cardiff,カーディフ,Cardiff,Кардифф,加的夫,卡迪夫,卡迪夫,카디프,كارديف,Cardiff,Cardiff,Cardiff,คาร์ดิฟฟ์,Cardiff,,,Cardiff,,
EnglishA_StokeCity,Stoke-on-Trent,Stoke-on-Trent,Stoke-on-Trent,Stoke-on-Trent,Stoke-on-Trent,ストーク＝オン＝トレント,Stoke-on-Trent,Сток-он-Трент,斯托克,史篤城,史篤城,스토크온트렌트,ستوك أون ترينت,Stoke-on-Trent,Stoke-on-Trent,Stoke-on-Trent,สโตก-ออน-เทรนต์,Stoke-on-Trent,,,Stoke-on-Trent,,
EnglishA_Blackpool,Blackpool,Blackpool,Blackpool,Blackpool,Blackpool,ブラックプール,Blackpool,Блэкпул,布莱克浦,黑潭,黑池,블랙풀,بلاكبول,Blackpool,Blackpool,Blackpool,แบล็กพูล,Blackpool,,,Blackpool,,
EnglishA_LutonTown,Luton,Luton,Luton,Luton,Luton,ルートン,Luton,Лутон,卢顿,盧頓,盧頓,루턴,لوتون,Luton,Luton,Luton,ลูตัน,Luton,,,Luton,,
EnglishA_WiganAthletic,Wigan,Wigan,Wigan,Wigan,Wigan,ウィガン,Wigan,Уиган,维冈,韋根,韋根,위건,ويجان,Wigan,Wigan,Wigan,วีแกน,Wigan,,,Wigan,,
EnglishA_PrestonNorthEnd,Preston,Preston,Preston,Preston,Preston,プレストン,Preston,Престон,普雷斯顿,培士頓,培士頓,프레스턴,بريستون,Preston,Preston,Preston,เพรสตัน,Preston,,,Preston,,
EnglishA_CoventryCity,Coventry,Coventry,Coventry,Coventry,Coventry,コヴェントリー,Coventry,Ковентри,考文垂,高雲地利,高雲地利,코번트리,كوفنتري,Coventry,Coventry,Coventry,คอเวนทรี,Coventry,,,Coventry,,
EnglishA_RotherhamUnited,Rotherham,Rotherham,Rotherham,Rotherham,Rotherham,ロザラム,Rotherham,Ротерем,罗瑟勒姆,洛達咸,洛達咸,로더럼,روثرهام,Rotherham,Rotherham,Rotherham,ร็อตเธอร์แฮม,Rotherham,,,Rotherham,,
EnglishA_Middlesbrough,Middlesbrough,Middlesbrough,Middlesbrough,Middlesbrough,Middlesbrough,ミドルズブラ,Middlesbrough,Мидлсбро,米德尔斯伯勒,米杜士堡,米杜士堡,미들즈브러,ميدلسبره,Middlesbrough,Middlesbrough,Middlesbrough,มิดเดิลส์เบรอ,Middlesbrough,,,Middlesbrough,,
EnglishA_SwanseaCity,Swansea,Swansea,Swansea,Swansea,Swansea,スウォンジー,Swansea,Суонси,斯旺西,史雲斯,史雲斯,스완지,سوانسي,Swansea,Swansea,Swansea,สวอนซี,Swansea,,,Swansea,,
EnglishA_BristolCity,Bristol,Bristol,Bristol,Bristol,Bristol,ブリストル,Bristol,Бристоль,布里斯托尔,碧仙桃,碧仙桃,브리스틀,بريستول,Bristol,Bristol,Bristol,บริสตอล,Bristol,,,Bristol,,
EnglishA_Fulham,Fulham,Fulham,Fulham,Fulham,Fulham,フラム,Fulham,Фулем,富勒姆,富林,富林,풀럼,فولهام,Fulham,Fulham,Fulham,ฟูแล่ม,Fulham,,,Fulham,,
EnglishA_IpswichTownF.C.,Ipswich,Ipswich,Ipswich,Ipswich,Ipswich,イプスウィッチ,Ipswich,Ипсуич,伊普斯威奇,葉士域治,葉士域治,입스위치,ايبسويتش,Ipswich,Ipswich,Ipswich,อิปสวิช,Ipswich,,,Ipswich,,
EnglishA_PortsmouthF.C.,Portsmouth,Portsmouth,Portsmouth,Portsmouth,Portsmouth,ポーツマス,Portsmouth,Портсмут,朴茨茅斯,樸茨茅夫,樸茨茅夫,포츠머스,بورتسموث,Portsmouth,Portsmouth,Portsmouth,พอร์ตสมัท,Portsmouth,,,Portsmouth,,
EnglishA_PlymouthArgyleF.C.,Plymouth,Plymouth,Plymouth,Plymouth,Plymouth,プリマス,Plymouth,Плимут,普利茅斯,普利茅夫,普利茅夫,플리머스,بليموث,Plymouth,Plymouth,Plymouth,พลิมัท,Plymouth,,,Plymouth,,
EnglishA_SheffieldWednesdayF.C.,Wednesday,Mercredi,Mercoledì,Mittwoch,Miércoles,水曜日,Quarta-feira,Среда,星期三,週三,週三,수요일,وينزداي,Woensdag,Çarşamba,Rabu,วันพุธ,Thứ Tư,,,Wednesday,,
EnglishA_CambridgeUnitedF.C.,Cambridge,Cambridge,Cambridge,Cambridge,Cambridge,ケンブリッジ,Cambridge,Кембридж,剑桥,劍橋,劍橋,케임브리지,كامبريدج,Cambridge,Cambridge,Cambridge,เคมบริดจ์,Cambridge,,,Cambridge,,
EnglishA_BoltonWanderersF.C.,Horwich,Horwich,Horwich,Horwich,Horwich,ホーウィック,Horwich,Хорвич,霍里奇,霍里奇,霍里奇,호리치,هورويتش,Horwich,Horwich,Horwich,ฮอริช,Horwich,,,Horwich,,
EnglishA_PeterboroughUnitedF.C.,Peterborough,Peterborough,Peterborough,Peterborough,Peterborough,ピーターバラ,Peterborough,Питерборо,彼得伯勒,彼德堡,彼德堡,피터버러,بيتربورو,Peterborough,Peterborough,Peterborough,ปีเตอร์โบโร,Peterborough,,,Peterborough,,
EnglishA_ShrewsburyTownF.C.,Shrewsbury,Shrewsbury,Shrewsbury,Shrewsbury,Shrewsbury,シュルーズベリー,Shrewsbury,Шрусбери,什鲁斯伯里,梳士貝利,梳士貝利,슈루즈베리,شروزبري,Shrewsbury,Shrewsbury,Shrewsbury,ชรูส์บรี,Shrewsbury,,,Shrewsbury,,
EnglishA_ExeterCityF.C.,Exeter,Exeter,Exeter,Exeter,Exeter,エクセター,Exeter,Эксетер,埃克塞特,雅息特,雅息特,엑서터,إكستر,Exeter,Exeter,Exeter,เอ็กซิเตอร์,Exeter,,,Exeter,,
SpanishA_Barcelona,Barcelona RB,Barcelone RB,Barcelona RB,Barcelona RB,Barcelona RB,バルセロナRB,Barcelona RB,Барселона Красно-Синий,巴塞罗那 红蓝,巴塞隆拿,巴塞隆拿,바르셀로나 RB,برشلونة آر بي,Barcelona RB,Barcelona RB,Barcelona Merah Biru,บาร์เซโลนา,Barcelona RB,,,Barcelona RB,,
SpanishA_RealMadrid,Madrid White,Madrid Blanc,Madrid White,Madrid Weiß,Madrid Blanco,マドリッドホワイト,Madrid branco,Мадрид Белый,马德里 白,美凌格,美凌格,마드리드 화이트,مدريد وايت,Madrid Wit,Madrid Beyaz,Madrid Putih,มาดริดสีขาว,Madrid trắng,,,Madryt Biali,,
SpanishA_AtléticodeMadrid,Madrid Red,Rouge Madrid,Madrid Red,Madrid Rot,Madrid Rojo,マドリッドレッド,Madrid vermelho,Мадрид Красный,马德里 红,馬德里體育會,馬德里體育會,마드리드 레드,مدريد ريد,Madrid Rood,Madrid Kırmızısı,Madrid Merah,มาดริดแดง,Madrid đỏ,,,Madryt Czerwień,,
SpanishA_Valencia,Valencia Bat,Valencia Bat,Valencia Bat,Valencia Bat,Valencia Bat,バレンシア・バット,Morcego de Valência,Valencia Bat,瓦伦西亚 蝙蝠,瓦倫西亞 蝙蝠,瓦倫西亞 蝙蝠,발렌시아 뱃,فالنسيا بات,Valencia Bat,Valencia Bat,Valencia Bat,บาเลนเซีย แบต,Valencia Bat,,,Valencia Nietoperz,,
SpanishA_Getafe,Getafe,Getafe,Getafe,Getafe,Getafe,ヘタフェ,Getafe,Хетафе,赫塔菲,基達菲,基達菲,헤타페,خيتافي,Getafe,Getafe,Getafe,เกตาเฟ่,Getafe,,,Getafe,,
SpanishA_Sevilla,Sevilla Red,Rouge Séville,Siviglia Red,Sevilla Rot,Sevilla Rojo,セビージャレッド,Sevilla vermelho,Севилья Красный,塞维利亚 红,西維爾,西維爾,세비야,إشبيلية ريد,Sevilla,Sevilla,Sevilla,เซบีย่า,Sevilla,,,Sevilla,,
SpanishA_Espanyol,Barcelona Blue,Bleu de Barcelone,Barcelona Blue,Barcelona Blau,Barcelona Azul,バルセロナブルー,Barcelona Azul,Барселона Синий,巴塞罗那 蓝,愛斯賓奴,愛斯賓奴,바르셀로나 블루,برشلونة بلو,Barcelona Blauw,Barselona Mavisi,Barcelona Biru,บาร์เซโลนาน้ำเงิน,Barcelona Blue,,,Barcelona Błękit,,
SpanishA_AthleticClubdeBilbao,Bilbao,Bilbao,Bilbao,Bilbao,Bilbao,ビルバオ,Bilbao,Бильбао,毕尔巴鄂,畢爾包,畢爾包,빌바오,بلباو,Bilbao,Bilbao,Bilbao,บิลเบา,Bilbao,,,Bilbao,,
SpanishA_RealSociedad,San Sebastian,Saint-Sébastien,San Sebastian,San Sebastian,San Sebastián,サンセバスチャン,São Sebastião,Сан-Себастьян,圣塞瓦斯蒂安,聖塞瓦斯蒂安,聖塞瓦斯蒂安,산 세바스티안,سان سيباستيان,San Sebastian,San Sebastian,San Sebastian,ซานเซบาสเตียน,San Sebastian,,,San Sebastian,,
SpanishA_DeportivoAlavés,Vitoria,Vitoria,Vitoria,Vitoria,Vitoria,ビトリア,Alavés,Витория,维多利亚,維多利亞,維多利亞,비토리아,فيتوريا,Vitoria,Vitoria,Vitoria,วิตอเรีย,Vitoria,,,Vitoria,,
SpanishA_Eibar,Eibar,Eibar,Eibar,Eibar,Eibar,エイバル,Eibar,Эйбар,埃瓦尔,艾爾巴,艾爾巴,에이바르,إيبار,Eibar,Eibar,Eibar,เอย์บาร์,Eibar,,,Eibar,,
SpanishA_Leganes,Leganes,Leganes,Leganes,Leganes,Leganés,レガネス,Leganés,Леганес,莱内加斯,利根尼斯,利根尼斯,레가 네스,ليغانيس,Leganes,Leganes,Leganes,เลกาเนส,Leganes,,,Leganes,,
SpanishA_Villarreal,Villarreal,Villarreal,Villarreal,Villarreal,Villarreal,ビジャレアル,Villarreal,Вильярреал,比利亚雷亚尔,維拉利爾,維拉利爾,비야 레알,فياريال,Villarreal,Villarreal,Villarreal,บียาร์เรอัล,Villarreal,,,Villarreal,,
SpanishA_Osasuna,Pamplona,Pamplona,Pamplona,Pamplona,Pamplona,パンプローナ,Pamplona,Pamplona,潘普洛纳,潘普洛納,潘普洛納,팜플로나,بامبلونا,Pamplona,Pamplona,Pamplona,Pamplona,Pamplona,,,Pamplona,,
SpanishA_Cadiz,Cadiz,Cadiz,Cadiz,Cadiz,Cádiz,カディス,Cadiz,Cadiz,加的斯,加的斯,加的斯,카디스,قادس,Cadiz,Cadiz,Cadiz,Cadiz,Cadiz,,,Cadiz,,
SpanishA_Mallorca,Mallorca,Mallorca,Mallorca,Mallorca,Mallorca,マヨルカ,Mallorca,Mallorca,马略卡,馬略卡,馬略卡,마요르카섬,مايوركا,Mallorca,Mallorca,Mallorca,Mallorca,Mallorca,,,Mallorca,,
SpanishA_Granada,Granada,Granada,Granada,Granada,Granada,グラナダ,Granada,Granada,格拉纳达,格拉納達,格拉納達,그라나다,غرناطة,Granada,Granada,Granada,Granada,Granada,,,Granada,,
SpanishA_Almeria,Almeria,Almeria,Almeria,Almeria,Almería,アルメリア,Almeria,Almeria,阿尔梅里亚,阿爾梅里亞,阿爾梅里亞,알메리아,ألميريا,Almeria,Almeria,Almeria,Almeria,Almeria,,,Almeria,,
SpanishA_RealBetis,Sevilla Green,Sevilla Green,Sevilla Green,Sevilla Green,Sevilla Green,セビリア・グリーン,Sevilla verde,Sevilla Green,塞维利亚 绿,塞維利亞 綠,塞維利亞 綠,세비야 그린,سيفيلا جرين,Sevilla Green,Sevilla Green,Sevilla Green,เซบีย่า,Sevilla Green,,,Sevilla Green,,
SpanishA_CeltadeVigo,Vigo,Vigo,Vigo,Vigo,Vigo,ビーゴ,Vigo,Виго,维戈,維戈,維戈,비고,فيغو,Vigo,Vigo,Vigo,บิโก,Vigo,,,Vigo,,
SpanishA_RayoVallecano,Madrid Lightning,Madrid Lightning,Madrid Lightning,Madrid Lightning,Madrid Lightning,マドリード・ライトニング,Relâmpago de Madri,Madrid Lightning,马德里 闪电,馬德里 閃電,馬德里 閃電,마드리드 라이트닝,مدريد لايتنينغ,Madrid Lightning,Madrid Lightning,Madrid Lightning,มาดริดไลท์นิ่ง,Madrid Lightning,,,Madryt Błyskawica,,
SpanishA_Elche,Elche,Elx,Elche,Elche,Elche,エルチェ,Elche,Эльче,埃尔切,埃爾切,埃爾切,엘체,إلتشي,Elche,Elche,Elche,เอลเช,Elche,,,Elche,,
SpanishA_Levante,Valencia Frog,Valencia Frog,Valencia Frog,Valencia Frog,Valencia Frog,バレンシア・フロッグ,Sapo de Valência,Valencia Frog,瓦伦西亚 青蛙,瓦倫西亞 青蛙,瓦倫西亞 青蛙,발렌시아 프로그,فالنسيا فروغ,Valencia Frog,Valencia Frog,Valencia Frog,บาเลนเซียฟร็อก,Valencia Frog,,,Valencia Żaba,,
SpanishA_Huesca,Huesca,Huesca,Huesca,Huesca,Huesca,ウエスカ,Huesca,Уэска,韦斯卡,威斯卡,威斯卡,우에스카,هويسكا,Huesca,Huesca,Huesca,ฮูเอสก้า,Huesca,,,Huesca,,
SpanishA_Valladolid,Valladolid,Valladolid,Valladolid,Valladolid,Valladolid,バリャドリッド,Valladolid,Вальядолид,巴利亚多利德,華拉度列,華拉度列,바야돌리드,بلد الوليد,Valladolid,Valladolid,Valladolid,บายาโดลิด,Valladolid,,,Valladolid,,
SpanishA_AlbaceteBalompié,Albacete,Albacete,Albacete,Albacete,Albacete,アルバセテ,Albacete,Альбасете,阿尔瓦塞特,阿爾巴非提,阿爾巴非提,알바세테,الباسيتي,Albacete,Albacete,Albacete,อัลบาเซเต,Albacete,,,Albacete,,
SpanishA_BurgosCF,Burgos,Burgos,Burgos,Burgos,Burgos,ブルゴス,Burgos,Бургос,布尔戈斯,布爾戈斯,布爾戈斯,부르고스,بورغوس,Burgos,Burgos,Burgos,บูร์โกส,Burgos,,,Burgos,,
SpanishA_FCAndorra,Andorra la Vella,Andorre-la-Vieille,Andorra la Vella,Andorra la Vella,Andorra la Vieja,アンドラ・ラ・ベリャ,Andorra-a-Velha,Андорра-ла-Велья,安道尔,安道爾城,安道爾城,안도라라벨랴,أندورا لا فيلا,Andorra la Vella,Andorra la Vella,Andorra la Vella,อันดอร์ราลาเวยา,Andorra la Vella,,,Andora,,
SpanishA_FCCartagena,Cartagena BW,Cartagena BN,Cartagena BN,Cartagena SW,Cartagena BN,カルタヘナ・BW,Cartagena PB,Картахена ЧБ,卡塔赫纳黑白,卡塔赫納黑白,卡塔赫納黑白,카르타헤나 BW,كرتاجينا بالأسود والأبيض,Cartagena ZW,Cartagena SB,Cartagena HW,คาร์ตาเฮนา ขาวดำ,Cartagena Đen Trắng,,,Cartagena CzB,,
SpanishA_UDIbiza,Ibiza,Ibiza,Ibiza,Ibiza,Ibiza,イビサ,Ibiza,Ивиса,伊维萨,伊維薩,伊維薩,이비사,إيبيزا,Ibiza-stad,Ibiza,Ibiza,อิบิซา,Ibiza,,,Ibiza,,
SpanishA_UDLasPalmas,Las Palmas,Las Palmas,Las Palmas,Las Palmas,Las Palmas,ラス・パルマス,Las Palmas,Лас-Пальмас,拉斯帕尔马斯,拉斯彭馬斯,拉斯彭馬斯,라스팔마스,لاس بالماس,Las Palmas,Las Palmas,Las Palmas,ลัสปัลมัสเดกรันกานาเรีย,Las Palmas,,,Las Palmas,,
SpanishA_CDLugo,Lugo,Lugo,Lugo,Lugo,Lugo,ルーゴ,Lugo,Луго,卢戈,盧戈,盧戈,루고,لوغو,Lugo,Lugo,Lugo,ลูโก,Lugo,,,Lugo,,
SpanishA_MálagaCF,Málaga,Malaga,Malaga,Málaga,Málaga,マラガ,Málaga,Малага,马拉加,馬拉加,馬拉加,말라가,ملقة,Málaga,Málaga,Málaga,มาลากา,Málaga,,,Malaga,,
SpanishA_CDMirandés,Miranda de Ebro,Miranda de Ebro,Miranda de Ebro,Miranda de Ebro,Miranda de Ebro,ミランダ・デ・エブロ,Miranda de Ebro,Миранда-де-Эбро,米兰达,埃布羅河畔米蘭達,埃布羅河畔米蘭達,미란다데에브로,ميراندا دي إيبرو,Miranda de Ebro,Miranda de Ebro,Miranda de Ebro,มิแรนดาแห่งเอโบร,Miranda de Ebro,,,Miranda de Ebro,,
SpanishA_SDPonferradina,Ponferrada,Ponferrada,Ponferrada,Ponferrada,Ponferrada,ポンフェラーダ,Ponferrada,Понферрада,蓬费拉达,蓬費拉達,蓬費拉達,폰페라다,بونفيرادا,Ponferrada,Ponferrada,Ponferrada,ปอนเฟร์ราดา,Ponferrada,,,Ponferrada,,
SpanishA_RacingdeSantander,Santander,Santander,Santander,Santander,Santander,サンタンデール,Santander,Сантандер,桑坦德,桑坦德,桑坦德,산탄데르,سانتاندر,Santander,Santander,Santander,ซันตันเดร์,Santander,,,Santander,,
SpanishA_RealOviedo,Oviedo,Oviedo,Oviedo,Oviedo,Oviedo,オビエド,Oviedo,Овьедо,奥维耶多,奧維耶多,奧維耶多,오비에도,اوفييدو,Oviedo,Oviedo,Oviedo,โอบิเอโด,Oviedo,,,Oviedo,,
SpanishA_RealZaragoza,Zaragoza,Saragosse,Saragozza,Saragossa,Zaragoza,サラゴサ,Zaragoza,Сарагоса,萨拉戈萨,薩拉戈薩,薩拉戈薩,사라고사,سرقسطة,Zaragoza,Zaragoza,Zaragoza,ซาราโกซา,Zaragoza,,,Saragossa,,
SpanishA_SportingdeGijón,Gijón,Gijón,Gijón,Gijón,Gijón,ヒホン,Gijón,Хихон,希洪,希杭,希杭,히혼,خيخون,Gijón,Gijón,Gijón,ฆิฆอน,Gijón,,,Gijón,,
SpanishA_CDTenerife,Santa Cruz de Tenerife,Santa Cruz de Tenerife,Santa Cruz de Tenerife,Santa Cruz de Tenerife,Santa Cruz de Tenerife,サンタ・クルス・デ・テネリフェ,Santa Cruz de Tenerife,Санта-Крус-де-Тенерифе,圣克鲁斯-德特内里费,聖克魯斯德特內里費,聖克魯斯德特內里費,산타크루스데테네리페,سانتا كروز دي تينيريفي,Santa Cruz de Tenerife,Santa Cruz de Tenerife,Santa Cruz de Tenerife,ซานตากรุซเดเตเนริเฟ,Santa Cruz de Tenerife,,,Santa Cruz de Tenerife,,
SpanishA_VillarrealB,Villarreal B,Villarreal B,Villarreal B,Villarreal B,Villarreal B,ビジャレアル B,Villarreal B,Вильярреал В,比利亚雷亚尔 B,比利亞雷亞爾 B,比利亞雷亞爾 B,비야레알 B,فياريال ب,Villarreal B,Villarreal B,Villarreal B,บียาร์เรอัล บี,Villarreal B,,,Villarreal B,,
SpanishA_GironaFutbolClub,Girona,Gérone,Gerona,Girona,Gerona,ジローナ,Girona,Жирона,赫罗纳,赫羅納,赫羅納,지로나,جيرونا,Gerona,Girona,Girona,ฌิโรนา,Gerona,,,Girona,,
SpanishA_CórdobaCF,Córdoba,Cordoue,Cordova,Córdoba,Córdoba,コルドバ,Córdova,Кордова,科尔多瓦,哥多華,哥多華,코르도바,قرطبة,Córdoba,Córdoba,Córdoba,กอร์โดบา,Córdoba,,,Kordoba,,
SpanishA_SDAmorebieta,Amorebieta-Etxano,Amorebieta-Etxano,Amorebieta-Etxano,Amorebieta-Etxano,Amorebieta-Echano,アモレビエタ＝エチャノ,Amorebieta-Echano,Аморебьета-Эчано,阿莫雷维耶塔-埃查诺,阿莫雷維耶塔-埃查諾,阿莫雷維耶塔-埃查諾,,أموريبيتا-إيتكسانو,Amorebieta-Etxano,Amorebieta-Etxano,Amorebieta-Etxano,อะมาเรบีต้า,Amorebieta-Etxano,,,Amorebieta- Etxano,,
SpanishA_UDSanSebastiándelosReyes,San Sebastián de los Reyes,San Sebastián de los Reyes,San Sebastián de los Reyes,San Sebastián de los Reyes,San Sebastián de los Reyes,サン・セバスティアン・デ・ロス・レイエス,San Sebastián de los Reyes,Сан-Себастьян-де-лос-Рейес,圣塞瓦斯蒂安-德洛斯雷耶斯,聖塞瓦斯蒂安-德洛斯雷耶斯,聖塞瓦斯蒂安-德洛斯雷耶斯,산세바스티안데로스레예스,سان سيباستيان دي لوس رييس,San Sebastián de los Reyes,San Sebastián de los Reyes,San Sebastián de los Reyes,นักบุญเซบาสเตียนแห่งกษัตริย์,San Sebastián de los Reyes,,,San Sebastián de los Reyes,,
SpanishA_RealMurcia,Murcia,Murcie,Murcia,Murcia,Murcia,ムルシア,Múrcia,Мурсия,穆尔西亚,莫西亞,莫西亞,무르시아,مورسيا,Murcia,Murcia,Murcia,มูร์เซีย,Murcia,,,Murcja,,
SpanishA_RacingdeFerrol,Ferrol,Ferrol,Ferrol,Ferrol,Ferrol,フェロル,Ferrol,Эль-Ферроль,费罗尔,費羅爾,費羅爾,페롤,فيرول,Ferrol,Ferrol,Ferrol,เฟร์รอล,Ferrol,,,Ferrol,,
SpanishA_RealUnión,Irun,Irun,Irun,Irun,Irún,イルン,Irun,Ирун,伊伦,伊倫,伊倫,이룬,إرون,Irun,Irun,Irún,ฉันวิ่ง,Irun,,,Irun,,
SpanishA_LinaresDeportivo,Linares,Linares,Linares,Linares,Linares,リナーレス,Linares,Линарес,利纳雷斯,利納雷斯,利納雷斯,리나레스,ليناريس,Linares,Linares,Linar,ลินาเรส,Linares,,,Linares,,
SpanishA_CFLaNucía,La Nucia,La Nucia,La Nucia,La Nucia,La Nucía,ラヌシア,La Nucia,Ла-Нусия,拉努西亚,拉努西亞,拉努西亞,라 누시아,لا نوسيا,La Nucia,La Nucia,La Nucia,ลา นูเซีย,La Nucia,,,La Nucia,,
SpanishA_DeportivodeLaCoruña,A Coruña,La Corogne,A Coruña,A Coruña,La Coruña,ア・コルーニャ,Corunha,Ла-Корунья,拉科鲁尼亚,拉科魯尼亞,拉科魯尼亞,라코루냐,لاكورونيا,A Coruña,A Coruña,A Coruña,อาโกรุญญา,A Coruña,,,A Coruña,,
SpanishA_CDAlcoyano,Alcoy,Alcoy,Alcoy,Alcoy,Alcoy,アルコイ,Alcoi,Алькой,阿尔科伊,阿爾科伊,阿爾科伊,알코이,ألكوي,Alcoy,Alcoy,Alcoi,อัลก็อย,Alcoi,,,Alcoy,,
MexicoA_SantosLaguna,Torreon,Torreon,Torreon,Torreon,Torreón,トレオン,Torreon,Торреон,托雷翁,托雷翁,托雷翁,토 레온,توريون,Torreon,Torreon,Torreon,โตร์เรียน,Torreon,,,Torreon,,
MexicoA_Leon,Leon,Léon,Leon,Leon,León,レオン,León,Леон,莱昂,萊昂,萊昂,레온,ليون,Leon,Leon,Leon,ลีออน,Leon,,,Leon,,
MexicoA_Queretaro,Queretaro,Queretaro,Queretaro,Queretaro,Querétaro,ケレタロ,Queretaro,Керетаро,克雷塔罗,克雷塔羅,克雷塔羅,케 레타로,كويريتارو,Queretaro,Queretaro,Queretaro,เกเรตาโร,Queretaro,,,Queretaro,,
MexicoA_Necaxa,Aguascalientes,Aguascalientes,Aguascalientes,Aguascalientes,Aguascalientes,アグアスカリエンテス,Aguascalientes,Агуаскальентес,阿瓜斯卡达特斯,阿瓜斯卡達特斯,阿瓜斯卡達特斯,아과스칼리엔테스,أغواسكالينتس,Aguascalientes,Aguascalientes,Aguascalientes,อากวัสกาเลียนเตส,Aguascalientes,,,Aguascalientes,,
MexicoA_América,Mexico City,Mexico,città del Messico,Mexiko Stadt,Ciudad de México,メキシコシティ,Cidade do México,Мехико,墨西哥城,阿美利加,阿美利加,멕시코 시티,مكسيكو سيتي,Mexico Stad,Meksika şehri,kota Meksiko,เม็กซิโกซิตี้,thành phố Mexico,,,Mexico City,,
MexicoA_Morelia,Morelia,Morelia,Morelia,Morelia,Morelia,モレリア,Morelia,Морелия,莫雷利亚,莫雷里亞,莫雷里亞,모렐리 아,موريليا,Morelia,Morelia,Morelia,มอเรเลีย,Morelia,,,Morelia,,
MexicoA_Monterrey,Monterrey,Monterrey,Monterrey,Monterrey,Monterrey,モンテレー,Monterrey,Монтеррей,蒙特雷,蒙特里,蒙特里,몬테레이,مونتيري,Monterrey,Monterrey,Monterrey,มอนเตร์เรย์,Monterrey,,,Monterrey,,
MexicoA_Pachuca,Pachuca,Pachuca,Pachuca,Pachuca,Pachuca,パチューカ,Pachuca,Пачука,帕丘卡,帕丘卡,帕丘卡,파 추카,باتشوكا,Pachuca,Pachuca,Pachuca,ปาชูก้า,Pachuca,,,Pachuca,,
MexicoA_Guadalajara,Guadalajara,Guadalajara,Guadalajara,Guadalajara,Guadalajara,グアダラハラ,Guadalajara,Гвадалахара,瓜达拉哈拉,瓜達拉哈拉,瓜達拉哈拉,과달라하라,غوادالاخارا,Guadalajara,Guadalajara,Guadalajara,กวาดาลาฮารา,Guadalajara,,,Guadalajara,,
MexicoA_Tijuana,Tijuana,Tijuana,Tijuana,Tijuana,Tijuana,ティファナ,Tijuana,Тихуана,蒂华纳,蒂華納,蒂華納,티후아나,تيجوانا,Tijuana,Tijuana,Tijuana,ติฮัวนา,Tijuana,,,Tijuana,,
MexicoA_AtléticoSanLuis,San Luis Potosi,San Luis Potosi,San Luis Potosi,San Luis Potosi,San Luis Potosi,サンルイスポトシ,San Luis Potosi,Сан-Луис-Потоси,圣路易斯波托西,聖路易斯體育會,聖路易斯體育會,산 루이스 포토시,سان لويس بوتوسي,San Luis Potosi,San Luis Potosi,San Luis Potosi,ซันลุยส์โปโตซี,San Luis Potosi,,,San Luis Potosi,,
MexicoA_Juarez,Juarez,Juarez,Juarez,Juarez,Juárez,フアレス,Juárez,Хуарес,华雷斯城,華雷斯城,華雷斯城,후아레스,خواريز,Juarez,Juarez,Juarez,ฮัวเรซ,Juarez,,,Juarez,,
MexicoA_Toluca,Toluca,Toluca,Toluca,Toluca,Toluca,トルカ,Toluca,Толука,托卢卡,托盧卡,托盧卡,톨 루카,تولوكا,Toluca,Toluca,Toluca,โตลูกา,Toluca,,,Toluca,,
BrazilA_Flamengo,Rio de Janeiro,Rio de Janeiro,Rio de Janeiro,Rio de Janeiro,Rio de Janeiro,リオデジャネイロ,Rio de Janeiro,Рио де Жанейро,里约热内卢,法林明高,法林明高,리오 데 자네이로,ريو دي جانيرو,Rio de Janeiro,Rio de Janeiro,Rio de Janeiro,ริโอเดจาเนโร,Rio de Janeiro,,,Rio de Janeiro,,
BrazilA_Santos,Santos,Santos,Santos,Santos,Santos,サントス,Santos,Сантос,桑托斯,山度士,山度士,산토스,سانتوس,Santos,Santos,Santos,ซานโตส,Santos,,,Santos,,
BrazilA_Palmeiras,Sao paulo Green,Sao Paulo Green,Sao paulo Green,Sao Paulo Green,Sao Paulo Green,サンパウロ・グリーン,São paulo verde,Sao paulo Green,圣保罗 绿,聖保羅 綠,聖保羅 綠,상파울루 그린,ساو باولو جرين,Sao Paulo Green,Sao paulo Green,Sao paulo Green,เซาเปาโลกรีน,Sao paulo Green,,,Sao paulo Zieleń,,
BrazilA_GrêmioFoot-BallPortoAlegrense,Porto Alegre Blue,Bleu Porto Alegre,Porto Alegre Blue,Porto Alegre Blau,Porto Alegre Azul,ポルトアレグレブルー,Porto Alegre Azul,Порту-Алегри Синий,阿雷格里港 蓝,甘美奧,甘美奧,포르토 알레그레 블루,بورتو أليغري بلو,Porto Alegre Blauw,Porto Alegre Mavisi,Porto Alegre Biru,ปอร์โตอเลเกรบลู,Porto Alegre Blue,,,Porto Alegre Błękit,,
BrazilA_AtléticoParanaense,Curitiba Red,Coritiba,Coritiba,Coritiba,Coritiba,コリチーバ,Coritiba Alegre,Коритиба,科里蒂巴,寇里蒂巴,寇里蒂巴,쿠리치바,كوريتيبا ريد,Curitiba,Curitiba,Curitiba,โกริตีบ่า,Curitiba,,,Curitiba,,
BrazilA_Fortaleza,Fortaleza,Fortaleza,Fortaleza,Fortaleza,Fortaleza,フォルタレザ,Fortaleza,Форталеза,福塔莱萨,福塔雷薩,福塔雷薩,포르 탈 레자,فورتاليزا,Fortaleza,Fortaleza,Fortaleza,ฟอร์ตาเลซ่า,Fortaleza,,,Fortaleza,,
BrazilA_Goiás,Goiania,Goiania,Goiania,Goiania,Goiania,ゴイアニア,Goiania,Гояния,戈亚尼亚,戈亞斯,戈亞斯,고이 아니 아,جويانيا,Goiania,Goiania,Goiania,โกยาเนีย,Goiania,,,Goiania,,
BrazilA_Bahia,Salvador,Salvador,Salvador,Salvador,Salvador,サルヴァドール,Sao Salvador,Салвадор,萨尔瓦多,薩爾瓦多,薩爾瓦多,사우바도르,سلفادور,Salvador,Salvador,Salvador,ซัลวาดอร์,Salvador,,,Salvador,,
BrazilA_AtléticoMineiro,Belo Horizonte,Belo Horizonte,Belo Horizonte,Belo Horizonte,Belo Horizonte,ベロオリゾンテ,Belo Horizonte,Белу-Оризонти,贝洛奥里藏特,米涅羅競技,米涅羅競技,벨루 오리 존치,بيلو هوريزونتي,Belo Horizonte,Belo Horizonte,Belo Horizonte,เบโลโอรีซอนชี,Dân số,,,Belo Horizonte,,
BrazilA_SportRecife,Recife,Recife,Recife,Recife,Recife,レシフェ,Recife,Ресифи,累西腓,利斯菲體育會,利斯菲體育會,레시 페,ريسيفي,Recife,Recife,Recife,เรซีเฟ,Recife,,,Recife,,
BrazilA_SaoPaulo,Sao paulo White,Sao paulo blanc,Sao paulo White,Sao Paulo Weiß,Sao paulo Blanco,サンパウロホワイト,São paulo branco,Сан-Паулу Белый,圣保罗 白,聖保羅,聖保羅,상파울루 화이트,ساو باولو وايت,Sao Paulo Wit,Sao paulo Beyaz,Sao paulo Putih,เซาเปาโลสีขาว,Sao paulo trắng,,,Sao paulo Biel,,
BrazilA_Internacional,Porto Alegre Red,Porto Alegre Rouge,Rosso Porto Alegre,Porto Alegre Rot,Porto Alegre Rojo,ポルトアレグレレッド,Tinto porto alegre,Порту-Алегри Красный,阿雷格里港 红,國際體育會,國際體育會,포르토 알레그레 레드,بورتو أليغري ريد,Porto Alegre Rood,Porto Alegre Kırmızısı,Porto Alegre Merah,ปอร์โตอเลเกรแดง,Porto Alegre Red,,,Porto Alegre Czerwień,,
BrazilA_RegatasVascodaGama,Rio de Janeiro sailboat,Rio de Janeiro voilier,Rio de Janeiro barca a vela,Rio de Janeiro Segelboot,Rio de Janeiro velero,リオデジャネイロ帆船,Rio de Janeiro barco a vela,Рио де Жанейро парусная лодка,里约热内卢 帆船,里約熱內盧 帆船,里約熱內盧 帆船,리오 데 자네이로 요트,سيلبوت ريو دي جانيرو,Rio de Janeiro zeilboot,Rio de Janeiro yelkenli,Rio de Janeiro perahu layar,ริโอเดจาเนโรเรือใบ,Rio de Janeiro thuyền buồm,,,Rio de Janeiro Żaglówka,,
BrazilA_Florianópolis,Florianópolis,Florianópolis,Florianópolis,Florianópolis,Florianópolis,フロリアノーポリス,Florianópolis,Florianópolis,弗洛里亚诺波利斯,弗洛里亞諾波利斯,弗洛里亞諾波利斯,플로리아노폴리스,فلوريانوبوليس,Florianópolis,Florianópolis,Florianópolis,Florianópolis,Florianópolis,,,Florianópolis,,
BrazilA_Pelotas,Pelotas,Pelotas,Pelotas,Pelotas,Pelotas,ペロタス,Pelotas,Pelotas,佩洛塔斯,佩洛塔斯,佩洛塔斯,펠로타스,بيلوتاس,Pelotas,Pelotas,Pelotas,Pelotas,Pelotas,,,Pelotas,,
BrazilA_Londrina_old,Londrina,Londrina,Londrina,Londrina,Londrina,ロンドリーナ,Londrina,Londrina,隆德里纳,隆德里納,隆德里納,론드리나,لوندرينا,Londrina,Londrina,Londrina,Londrina,Londrina,,,Londrina,,
BrazilA_Ponta_Grossa,Ponta Grossa,Ponta Grossa,Ponta Grossa,Ponta Grossa,Ponta Grossa,ポンタグロッサ,Ponta Grossa,Ponta Grossa,蓬塔格罗萨,蓬塔格羅薩,蓬塔格羅薩,폰타그로사,بونتا غروسا,Ponta Grossa,Ponta Grossa,Ponta Grossa,Ponta Grossa,Ponta Grossa,,,Ponta Grossa,,
BrazilA_Chapecó,Chapecó,Chapecó,Chapecó,Chapecó,Chapecó,シャペコ,Chapecó,Chapecó,沙佩科,沙佩科,沙佩科,샤페코,تشابيكو,Chapecó,Chapecó,Chapecó,Chapecó,Chapecó,,,Chapecó,,
BrazilA_Corinthians,Sao paulo BW,Sao Paulo BW,Sao paulo BW,Sao Paulo BW,Sao Paulo BW,サンパウロ・BW,São Paulo PB,Sao paulo BW,圣保罗 黑白,聖保羅 黑白,聖保羅 黑白,상파울루 BW,ساو باولو بي دبليو,Sao Paulo BW,Sao Paulo BW,Sao Paulo BW,เซาเปาโล BW,Sao paulo BW,,,Sao paulo BW,,
BrazilA_Botafogo,Rio de Janeiro BW,Rio de Janeiro BW,Rio de Janeiro BW,Rio de Janeiro BW,Rio de Janeiro BW,リオデジャネイロ・BW,Rio de Janeiro PB,Rio de Janeiro BW,里约热内卢 黑白,里約熱內盧 黑白,里約熱內盧 黑白,리우데자네이루 BW,ريو دي جانيرو بي دبليو,Rio de Janeiro BW,Rio de Janeiro BW,Rio de Janeiro BW,ริโอเดอจาเนโร BW,Rio de Janeiro BW,,,Rio de Janeiro BW,,
BrazilA_AtléticoBragantino,Bragança Paulista,Bragança Paulista,Bragança Paulista,Bragança Paulista,Bragança Paulista,ブラガンサ パウリスタ,Bragança Paulista,Браганса-Паулиста,布拉干萨-保利斯塔,布拉幹薩保利斯塔,布拉幹薩保利斯塔,브라간사파울리스타,براغانسا باوليستا,Bragança Paulista,Bragança Paulista,Bragança Paulista,บรากังซาเปาลิสตา,Bragança Paulista,,,Bragança Paulista,,
BrazilA_AméricaFutebolClube,Belo Horizonte Green,Belo Horizonte Green,Belo Horizonte Green,Belo Horizonte Green,Belo Horizonte Green,ベロオリゾンテ・グリーン,Belo Horizonte Verde,Belo Horizonte Green,贝洛奥里藏特 绿,貝洛奧里藏特 綠,貝洛奧里藏特 綠,벨루오리존치 그린,بيلو هوريزونتي جرين,Belo Horizonte Green,Belo Horizonte Green,Belo Horizonte Green,เบโล่ เฮอรีซอนเต้ กรีน,Belo Horizonte Green,,,Belo Horizonte Zieleń,,
BrazilA_Fluminense,Rio de Janeiro RG,Rio de Janeiro RG,Rio de Janeiro RG,Rio de Janeiro RG,Rio de Janeiro RG,リオデジャネイロ・グリーン,Rio de Janeiro vermelho e verde,Rio de Janeiro RG,里约热内卢 红绿,里約熱內盧 紅綠,里約熱內盧 紅綠,리우데자네이루 RG,ريو دي جانيرو آر. جي,Rio de Janeiro RG,,Rio de Janeiro RG,ริโอเดอจาเนโร,Rio de Janeiro RG,,,Rio de Janeiro RG,,
BrazilA_Cuiabá,Cuiabá,Cuiabá,Cuiabá,Cuiabá,Cuiabá,クイアバ,Cuiabá,Куяба,库亚巴,庫亞巴,庫亞巴,쿠이아바,كويابا,Cuiabá,Cuiabá,Cuiabá,กูยาบา,Cuiabá,,,Cuiabá,,
BrazilA_Juventude,Caxias do Sul,Caxias do Sul,Caxias do Sul,Caxias do Sul,Caxias do Sul,カシアス・ド・スル,Caxias do Sul,Кашиас-ду-Сул,南卡希亚斯,南卡希亞斯,南卡希亞斯,카시아스두술,كاكسياس دو سول,Caxias do Sul,Caxias do Sul,Caxias do Sul,กาเซียส โด ซูล,Caxias do Sul,,,Caxias do Sul,,
BrazilA_Ceará,Fortaleza BW,Fortaleza BW,Fortaleza BW,Fortaleza BW,Fortaleza BW,フォルタレザ・BW,Fortaleza PB,Fortaleza BW,福塔莱萨 黑白,福塔萊薩 黑白,福塔萊薩 黑白,포르탈레자 BW,فورتاليزا بي دبليو,Fortaleza BW,Fortaleza BW,Fortaleza BW,ฟอร์ตาเลอซ่า,Fortaleza BW,,,Fortaleza BW,,
BrazilA_CruzeiroEsporteClube,Belo Horizonte Blue,Belo Horizonte Blue,Belo Horizonte Blue,Belo Horizonte Blue,Belo Horizonte Blue,ベロオリゾンテ・ブルー,Belo Horizonte Azul,Belo Horizonte Blue,贝洛奥里藏特 蓝,貝洛奧里藏特 藍,貝洛奧里藏特 藍,벨루오리존치 블루,بيلو هوريزونتي بلو,Belo Horizonte Blue,Belo Horizonte Blue,Belo Horizonte Blue,เบโล่ เฮอรีซอนเต้ บลู,Belo Horizonte Blue,,,Belo Horizonte Błękit,,
BrazilA_SampaioCorrêa,São Luís,São Luís,São Luís,São Luís,São Luís,サン・ルイス,São Luís,Сан-Луис,圣路易斯,聖路易斯,聖路易斯,상루이스,ساو لويس,São Luís,São Luís,São Luís,เซาลุยช์,São Luís,,,São Luís,,
BrazilA_Tombense,Tombos,Tombos,Tombos,Tombos,Tombos,トンボス,Tombos,Томбус,通布斯,通布斯,通布斯,텀블러,تومبوس,Tombos,Tombos,Tombo,ทอมบอส,Tombos,,,Tombos,,
BrazilA_Criciúma,Criciúma,Criciúma,Criciúma,Criciúma,Criciúma,クリシューマ,Criciúma,Крисиума,克里西乌马,克里西乌马,克里西乌马,크리시우마,كريسيوما,Criciúma,Criciúma,Criciúma,คริคูม่า,Criciúma,,,Criciúma,,
BrazilA_RegatasBrasil,Maceió Red,Maceió Red,Maceió Red,Maceió Red,Maceió Red,マルセロ・レッド,Maceió Vermelho,Maceió Red,马塞约 红,馬塞約 紅,馬塞約 紅,마세이오 레드,ماسيو ريد,Maceió Red,Maceió Red,Maceió Red,มาเซโอ้เรด,Maceió Red,,,Maceió Czerwień,,
BrazilA_GrêmioNovorizontino,Novo Horizonte,Novo Horizonte,Novo Horizonte,Novo Horizonte,Novo Horizonte,ニューホライズン,Novo Horizonte,Нову-Оризонти,新奥里藏特,新奧里藏特,新奧里藏特,뉴 호라이즌,نوفو هوريزونتي,Novo Horizonte,Novo Horizonte,Novo Horizonte,โนโว โอรีซอนชี,Novo Horizonte,,,Novo Horizonte,,
BrazilA_BrusqueFutebolClube,Brusque,Brusque,Brusque,Brusque,Brusque,ブルスク,Brusque,Бруски,布鲁斯基,布魯斯基,布魯斯基,브루스크,فظ,Brusque,Brusque,Brusque,บัสควอ,Brusque,,,Brusque,,
BrazilA_AssociaçãoChapecoense,Chapecó Green,Chapecó Green,Chapecó Green,Chapecó Green,Chapecó Green,シャペコ・グリーン,Chapecó Verde,Chapecó Green,沙佩科 绿,沙佩科 綠,沙佩科 綠,샤페코 그린,تشابيكو جرين,Chapecó Green,Chapecó Green,Chapecó Green,ชาเปโก,Chapecó Green,,,Chapecó Zieleń,,
BrazilA_OperárioFerroviário,Ponta Grossa BW,Ponta Grossa BW,Ponta Grossa BW,Ponta Grossa BW,Ponta Grossa BW,ポンタグロッサ・BW,Ponta Grossa PB,Ponta Grossa BW,蓬塔格罗萨 黑白,蓬塔格羅薩 黑白,蓬塔格羅薩 黑白,폰타그로사 BW,بونتا جروسا بي دبليو,Ponta Grossa BW,Ponta Grossa BW,Ponta Grossa BW,ปอนตากรอสซา BW,Ponta Grossa BW,,,Ponta Grossa BW,,
BrazilA_ItuanoSociedadeCivil,Itu,Itu,Itu,Itu,Itu,イトゥー,Itu,Иту,伊图,伊圖,伊圖,이투,إيتوانو,Itu,Itu,Itu,อิตู,Itu,,,Itu,,
BrazilA_AssociaçãoAtléticaPontePreta,Campinas BW,Campinas BW,Campinas BW,Campinas BW,Campinas BW,カンピーナス・BW,Campinas PB,Campinas BW,坎皮纳斯 黑白,坎皮納斯 黑白,坎皮納斯 黑白,캄피나스 BW,كامبيناس بي دبليو,Campinas BW,Campinas BW,Campinas BW,คัมปีนาส BW,Campinas BW,,,Campinas BW,,
BrazilA_CentroSportivoAlagoano,Maceió Blue,Maceió Blue,Maceió Blue,Maceió Blue,Maceió Blue,マルセロ・ブルー,Maceió Azul,Maceió Blue,马塞约 蓝,馬塞約 藍,馬塞約 藍,마세이오 블루,ماسيو بلو,Maceió Blue,Maceió Blue,Maceió Blue,มาเซโอ้บลู,Maceió Blue,,,Maceió Błękit,,
BrazilA_ClubeNáuticoCapibaribe,Recife Red,Recife Red,Recife Red,Recife Red,Recife Red,レシフェ・レッド,Recife Vermelho,Recife Red,累西腓 红,累西腓 紅,累西腓 紅,헤시피 레드,ريسيفي ريد,Recife Red,Recife Red,Recife Red,เรซีฟีเรด,Recife Red,,,Recife Czerwień,,
BrazilA_GuaraniFutebolClube,Campinas Green,Campinas Green,Campinas Green,Campinas Green,Campinas Green,カンピーナス・グリーン,Campinas Verde,Campinas Green,坎皮纳斯 绿,坎皮納斯 綠,坎皮納斯 綠,캄피나스 그린,كامبيناس جرين,Campinas Green,Campinas Green,Campinas Green,คัมปีนาส กรีน,Campinas Green,,,Campinas Zieleń,,
BrazilA_VilaNova,Goiânia Red,Goiânia Red,Goiânia Red,Goiânia Red,Goiânia Red,ゴイアニア・レッド,Goiânia Vermelho,Goiânia Red,戈亚尼亚 红,戈亞尼亞 紅,戈亞尼亞 紅,고이아니아 레드,جويانيا ريد,Goiânia Red,Goiânia Red,Goiânia Red,โกยานาเรด,Goiânia Red,,,Goiânia Czerwień,,
BrazilA_CoritibaFootBallClub,Curitiba Green,Curitiba Green,Curitiba Green,Curitiba Green,Curitiba Green,クリチバ・グリーン,Curitiba Verde,Curitiba Green,科里蒂巴 绿,科里蒂巴 綠,科里蒂巴 綠,쿠리치바 그린,كوريتيبا جرين,Curitiba Green,Curitiba Green,Curitiba Green,กูรีตีบากรีน,Curitiba Green,,,Curitiba Zieleń,,
BrazilA_AtléticoGoianiense,Goiânia Black,Goiânia Black,Goiânia Black,Goiânia Black,Goiânia Black,ゴイアニア・ブラック,Goiânia Preto,Goiânia Black,戈亚尼亚 黑,戈亞尼亞 黑,戈亞尼亞 黑,고이아니아 블랙,جويانيا بلاك,Goiânia Black,Goiânia Black,Goiânia Black,โกยานาเรดแบล็ค,Goiânia Black,,,Goiânia Czerń,,
BrazilA_MirassolFutebolClube,Mirassol,Mirassol,Mirassol,Mirassol,Mirassol,ミラソル,Mirassol,Мирасол,迈拉索尔,邁拉索爾,邁拉索爾,미라솔,ميراسول,Mirassol,Mirassol,Mirassol,มิราโซล,Mirassol,,,Mirassol,,
BrazilA_PaysanduSportClub,Belém Blue,Belém Blue,Belém Blue,Belém Blue,Belém Blue,ベレン・ブルー,Belém Azul,Belém Blue,贝伦 蓝,貝倫 藍,貝倫 藍,벨렝 블루,بيليم بلو,Belém Blue,Belém Blue,Belém Blue,เบเลมบลู,Belém Blue,,,Belém Błekit,,
BrazilA_FigueirenseFC,Florianópolis Green,Florianópolis Green,Florianópolis Green,Florianópolis Green,Florianópolis Green,フロリアノーポリス・グリーン,Florianópolis Verde,Florianópolis Green,弗洛里亚诺波利斯 绿,弗洛里亞諾波利斯 綠,弗洛里亞諾波利斯 綠,플로리아노폴리스 그린,فلوريانوبوليس جرين,Florianópolis Green,Florianópolis Green,Florianópolis Green,โฟลเรียนอโปลิสกรีน,Florianópolis Green,,,Florianópolis Zieleń,,
BrazilA_VoltaRedondaFC,Volta Redonda,Volta Redonda,Volta Redonda,Volta Redonda,Volta Redonda,ヴォルタ・レドンダ,Volta Redonda,Волта-Редонда,沃尔塔雷东达,沃爾塔雷東達,沃爾塔雷東達,볼타 레돈다,فولتا ريدوندا,Volta Redonda,Volta Redonda,Volta Redonda,โวลตา เรดอนดา,Volta Redonda,,,Volta Redonda,,
BrazilA_ABCFutebolClube,Natal,Natal,Natal,Natal,Natal,ナタール,Natal,Натал,纳塔尔,納塔爾,納塔爾,나타우,ناتال,Natal,Natal,Natal,นาเตา,Natal,,,Natal,,
BrazilA_EsporteClubeVitória,Salvador RB,Salvador RB,Salvador RB,Salvador RB,Salvador RB,サルバドール・RB,Salvador VP,Salvador RB,萨尔瓦多 红黑,薩爾瓦多 紅黑,薩爾瓦多 紅黑,살바도르 RB,سلفادور ر.ب,Salvador RB,Salvador RB,Salvador RB,ซัลวาดอร์ RB,Salvador RB,,,Salvador RB,,
BrazilA_AssociaçãoAtléticaAparecidense,Aparecida de Goiânia,Aparecida de Goiânia,Aparecida de Goiânia,Aparecida de Goiânia,Aparecida de Goiânia,アパレシダ・デ・ゴイアニア,Aparecida de Goiânia,Апаресида-ди-Гояния,阿帕雷西达迪戈亚尼亚,阿帕雷西達迪戈亞尼亞,阿帕雷西達迪戈亞尼亞,아파레시다지고이아니아,أباريسيدا دي غويانيا,Aparecida de Goiânia,Aparecida de Goiânia,Aparecida de Goiania,อปาเรซิดา เด โกยาเนีย,Aparecida de Goiânia,,,Aparecida de Goiânia,,
BrazilA_YpirangaFutebolClube,Erechim,Erechim,Erechim,Erechim,Erechim,エレキム,Erechim,Эрешин,埃雷欣,埃雷欣,埃雷欣,에레킴,إريتشيم,Erechim,Erechim,Erechim,เอเรคิม,Erechim,,,Erechim,,
BrazilA_ClubedoRemo,Belém Black,Belém Black,Belém Black,Belém Black,Belém Black,ベレン・ブラック,Belém Preto,Belém Black,贝伦 黑,貝倫 黑,貝倫 黑,벨렝 블랙,بيليم بلاك,Belém Black,Belém Black,Belém Black,เบเลมแบล็ค,Belém Black,,,Belém Czerń,,
BrazilA_ManausFutebolClube,Manaus,Manaus,Manaus,Manaus,Manaos,マナウス,Manaus,Манаус,马瑙斯,馬瑙斯,馬瑙斯,마나우스,ماناوس,Manaus,Manaus,Manaus,มาเนาช์,Manaus,,,Manaus,,
SwissA_Basel,Basel,Bâle,Basilea,Basel,Basilea,バーゼル,Basel,Базель,巴塞尔,巴塞爾,巴塞爾,바젤,باسل,Bazel,Basel,Basel,บาเซิล,Basel,,,Bazylea,,
SwissA_BSCYoungBoys,Berne,Berne,Berna,Bern,Berna,ベルン,Berna,Берн,伯尔尼,年青人,年青人,베른,برن,Berne,Bern,Berne,เบิร์น,Berne,,,Berne,,
SwissA_FussballclubSt.Gallen,St. Gallen,Saint-Gall,San Gallo,St. Gallen,St. Gallen,ザンクトガレン,St. Gallen,Санкт-Галлен,圣加伦,聖加倫,聖加倫,장크트갈렌,سانت غالن,St. Gallen,St. Gallen,St. Gallen,เซนต์กัลเลน,St. Gallen,,,St. Gallen,,
SwissA_Servette,Geneva,Genève,Ginevra,Genf,Ginebra,ジュネーブ,Genebra,Женева,塞尔维特,塞維特,塞維特,제네바,جنيف,Genève,Cenevre,Jenewa,เจนีวา,Geneva,,,Genewa,,
SwissA_FCLugano,Lugano,Lugano,Lugano,Lugano,Lugano,ルガーノ,Lugano,Лугано,卢加诺,盧加諾,盧加諾,루가노,لوغانو,Lugano,Lugano,Lugano,ลูกาโน,Lugano,,,Lugano,,
SwissA_Lucerne,Lucerne,Luzerne,Lucerna,Luzerne,Lucerna,ルツェルン,Luzerna,Люцерн,卢塞恩,琉森,琉森,루체른,لوسيرن,Luzern,Lucerne,Luzern,ลูเซิร์น,Lucerne,,,Lucerna,,
SwissA_FCZürich,Zurich,Zurich,Zurigo,Zürich,Zúrich,チューリッヒ,Zurique,Цюрих,苏黎世,蘇黎世,蘇黎世,취리히,زيوريخ,Zürich,Zürih,Zurich,ซือริช,Zürich,,,Zurych,,
SwissA_Sion,Sion,Sion,Sion,Sion,Sion,シオン,Sion,Сион,锡永,錫永,錫永,시온,سيون,Sion,Sion,Sion,ไซออน,Sion,,,Sion,,
SwissA_Thun,Thun,Thoune,Thun,Thun,Thun,トゥーン,Thun,Тун,图恩,圖恩,圖恩,툰,ثون,Thun,Thun,Thun,ทูน,Thun,,,Thun,,
SwissA_NeuchâtelXamax,Neuchatel,Neuchâtel,Neuchatel,Neuenburg,Neuchatel,ヌーシャテル,Neuchatel,Невшатель,纳沙泰尔,納沙泰爾,納沙泰爾,뇌샤텔,نوشاتيل,Neuchatel,Neuchatel,Neuchatel,เนอชาแตล,Neuchatel,,,Neuchatel,,
SwissA_Lausanne,Lausanne,Lausanne,Lausanne,Lausanne,Lausana,ローザンヌ,Lausanne,Лозанна,洛桑,洛桑,洛桑,로잔,لوزان,Lausanne,Lozan,Lausanne,โลซาน,Lausanne,,,Lozanna,,
SwissA_Vaduz,Vaduz,Vaduz,Vaduz,Vaduz,Vaduz,ファドゥーツ,Vaduz,Вадуц,瓦杜兹,華杜茲,華杜茲,파두 츠,فادوز,Vaduz,Vaduz,Vaduz,วาดุซ,Vaduz,,,Vaduz,,
SwissA_Aarau,Aarau,Aarau,Aarau,Aarau,Aarau,アーラウ,Aarau,Аарау,阿劳,阿勞,阿勞,아라우,أراو,Aarau,Aarau,Aarau,อาเรา,Aarau,,,Aarau,,
JapanA_YokohamaF.Marinos,Yokohama,Yokohama,Yokohama,Yokohama,Yokohama,横浜,Yokohama,Иокогама,横滨,橫濱,橫濱,요코하마,يوكوهاما,Yokohama,Yokohama,Yokohama,โยโกฮาม่า,Yokohama,,,Jokohama,,
JapanA_KashimaAntlers,Kashima,Kashima,Kashima,Kashima,Kashima,鹿島,Kashima,Кашима,鹿岛,鹿島,鹿島,가시 마,كاشيما,Kashima,Kashima,Kashima,คาชิมะ,Kashima,,,Kashima,,
JapanA_KawasakiFrontale,Kawasaki,Kawasaki,Kawasaki,Kawasaki,Kawasaki,川崎,Kawasaki,Кавасаки,川崎,川崎,川崎,가와사키,كاواساكي,Kawasaki,Kawasaki,Kawasaki,คาวาซากิ,Kawasaki,,,Kawasaki,,
JapanA_GambaOsaka,Osaka Blue,Osaka Bleu,Osaka Blu,Osaka Blau,Osaka Azul,大阪ブルー,Osaka Azul,Осака Синий,大阪蓝,大阪藍,大阪藍,오사카 블루,أوساكا الأزرق,Osaka Blauw,Osaka Mavisi,Osaka Biru,โอซากะ น้ำเงิน,Osaka Xanh Dương,,,Osaka Niebieski,,
JapanA_F.C.Tokyo,Tokyo,Tokyo,Tokyo,Tokio,Tokio,東京,Tóquio,Токио,东京,東京,東京,도쿄,طوكيو,Tokio,Tokyo,Tokyo,โตเกียว,Tokyo,,,Tokio,,
JapanA_SanfrecceHiroshima,Hiroshima,Hiroshima,Hiroshima,Hiroshima,Hiroshima,広島,Hiroshima,Хиросима,广岛,廣島,廣島,히로시마,هيروشيما,Hiroshima,Hiroşima,Hiroshima,ฮิโรชิมา,Hiroshima,,,Hiroszima,,
JapanA_VisselKobe,Kobe,Kobe,Kobe,Kobe,Kobe,神戸,Kobe,Кобе,神户,神戶,神戶,고베시,كوبي,Kobe,Kobe,Kobe,โกเบ,Kobe,,,Kobe,,
JapanA_VegaltaSendai,Sendai,Sendai,Sendai,Sendai,Sendai,仙台,Sendai,Сендай,仙台,仙台,仙台,센다이,سينداي,Sendai,Sendai,Sendai,เซนได,Sendai,,,Sendai,,
JapanA_OitaTrinita,Oita,Oita,Oita,Oita,Oita,大分,Oita,Оита,大分,大分,大分,오이타,أويتا,Oita,Oita,Oita,โออิตะ,Oita,,,Oita,,
JapanA_UrawaRedDiamonds,Urawa,Urawa,Urawa,Urawa,Urawa,浦和,Urawa,Урава,浦和,浦和,浦和,우라와,أوراوا,Urawa,Urawa,Urawa,อุราวะ,Urawa,,,Urawa,,
JapanA_SaganTosu,Tosu,Tosu,Tosu,Tosu,A su,鳥栖,Tosu,Тосу,鸟栖,鳥棲,鳥棲,도스시,توسو,Tosu,Tosu,Tosu,โทสุ,Tosu,,,Tosu,,
JapanA_ShonanBellmare,Shonan,Shonan,Shonan,Shonan,Shonan,湘南,Shonan,Шонан,湘南,湘南,湘南,쇼난,شونان,Shonan,Shonan,Shonan,โชนัน,Shonan,,,Shonan,,
JapanA_KashiwaReysol,Kashiwa,Kashiwa,Kashiwa,Kashiwa,Kashiwa,柏市,Kashiwa,Кашива,柏,柏市,柏市,카시와,كاشيوا,Kashiwa,Kashiwa,Kashiwa,คาชิวะ,Kashiwa,,,Kashiwa,,
KoreanA_JeonbukHyundaiMotors,Jeollabuk-do,Jeollabuk-do,Jeollabuk-do,Jeollabuk-do,Jeollabuk-do,全羅北道,Jeollabuk-do,Чолла-Пукто,全罗北道,全北,全北,전라북도,جولابوك دو,Jeollabuk-do,Jeollabuk-do,Jeollabuk-do,จิวล์ลาบูค-โด,Jeollabuk-do,,,Jeollabuk-do,,
KoreanA_UlsanHyundai,Ulsan,Ulsan,Ulsan,Ulsan,Ulsan,蔚山,Ulsan,Ульсан,蔚山广域,蔚山,蔚山,울산,أولسان,Ulsan,Ulsan,Ulsan,อุลซาน,Ulsan,,,Ulsan,,
KoreanA_Seoul,Seoul,Séoul,Seoul,Seoul,Seúl,ソウル,Seul,Сеул,首尔,首爾,首爾,서울,سيول,Seoel,Seul,Seoul,โซล,Seoul,,,Seul,,
KoreanA_PohangSteelers,Pohang,Pohang,Pohang,Pohang,Pohang,浦項,Pohang,Понанг,浦项,浦項,浦項,포항,بوهانج,Pohang,Pohang,Pohang,โปฮัง,Pohang,,,Pohang,,
KoreanA_Daegu,Daegu,Daegu,Daegu,Daegu,Daegu,大邱,Daegu,Тэгу,大邱,大邱,大邱,대구,دايجو,Daegu,Daegu,Daegu,แทกู,Daegu,,,Daegu,,
KoreanA_Gangwon,Gangwon,Gangwon,Gangwon,Gangwon,Gangwon,江原道,Gangwon-do,Канвон,江原道,江原道,江原道,강원도,جانج وون,Gangwon,Gangwon,Gangwon,กังวอน,Gangwon,,,Gangwon,,
KoreanA_SangjuSangmu,Sangju,Sangju,Sangju,Sangju,Sangju,尚州,Sangju,Санджу,尚州,尚州,尚州,상주,سانجو,Sangju,Sangju,Sangju,ซังจู,Sangju,,,Sangju,,
KoreanA_SuwonSamsungBluewings,Suwon,Suwon,Suwon,Suwon,Suwon,水原,Suwon,Сувон,水原,水原,水原,수원,سوون,Suwon,Suwon,Suwon,ซูวอน,Suwon,,,Suwon,,
KoreanA_Seongnam,Seongnam,Seongnam,Seongnam,Seongnam,Seongnam,城南,Seongnam,Соннам,城南,城南,城南,성남,سيونغنام,Seongnam,Seongnam,Seongnam,ซองนัม,Seongnam,,,Seongnam,,
KoreanA_IncheonUnited,Incheon,Incheon,Incheon,Incheon,Incheon,仁川,Incheon,Инчхон,仁川,仁川聯,仁川聯,인천,إنتشون,Incheon,Incheon,Incheon,อินชอน,Incheon,,,Incheon,,
KoreanA_Gwangju,Gwangju,Gwangju,Gwangju,Gwangju,Gwangju,光州,Gwangju,Кванджу,光州,光州,光州,광주,غوانجيو,Gwangju,Gwangju,Gwangju,กวางจู,Gwangju,,,Gwangju,,
KoreanA_BusanIPark,Busan,Busan,Busan,Busan,Busan,釜山,Busan,Пусан,釜山,釜山,釜山,부산,بوسان,Busan,Busan,Busan,ปูซาน,Busan,,,Busan,,
KoreanA_Gyeongnam,Gyeongnam,Gyeongnam,Gyeongnam,Gyeongnam,Gyeongnam,慶南,Gyeongnam,Кённам,庆南,慶南,慶南,경남,جيونجنام,Gyeongnam,Gyeongnam,Gyeongnam,เจี่ยงนัม,Gyeongnam,,,Gyeongnam,,
IndonesianA_BhayangkaraF.C.,Bekasi,Bekasi,Bekasi,Bekasi,Bekasi,ブカシ,Bekasi,Бекаси,勿加泗,巴揚卡拉,巴揚卡拉,베카시,بيكاسي,Bekasi,Bekasi,Bekasi,เบกาซี,Bekasi,,,Bekasi,,
IndonesianA_PersipuraJayapura,Jayapura,Jayapura,Jayapura,Jayapura,Jayapura,ジャヤプラ,Jayapura,Джаяпура,查亚普拉,查亞普拉,查亞普拉,자야 푸라,جايابورا,Jayapura,Jayapura,Jayapura,จายาปุระ,Jayapura,,,Jayapura,,
IndonesianA_PersibBandung,Bandung,Bandung,Bandung,Bandung,Bandung,バンドン,Bandung,Бандунг,万隆,萬隆,萬隆,반둥,باندونغ,Bandung,Bandung,Bandung,บันดุง,Bandung,,,Bandung,,
IndonesianA_AremaF.C.,Malang,Malang,Malang,Malang,Malang,マラン,Malang,Маланг,玛琅,瑪琅,瑪琅,말랑,مالانغ,Malang,Malang,Malang,มาลัง,Malang,,,Malang,,
IndonesianA_PersijaJakarta,Jakarta,Jakarta,Jakarta,Jakarta,Jacarta,ジャカルタ,Jacarta,Джакарта,雅加达,雅加達,雅加達,자카르타,جاكارتا,Jakarta,Cakarta,Jakarta,จาการ์ตา,Thủ đô Jakarta,,,Djakarta,,
IndonesianA_PerselaLamongan,Lamongan,Lamongan,Lamongan,Lamongan,Lamongan,ラモンガン,Lamongan,Ламонган,拉蒙岸,佩西拉,佩西拉,라몽간,لامونجان,Lamongan,Lamongan,Lamongan,ลาโมงกัน,Lamongan,,,Lamongan,,
IndonesianA_PSMMakassar,Makassar,Makassar,Makassar,Makassar,Makassar,マカッサル,Makassar,Макассар,望加锡,望加錫,望加錫,마카 사르,ماكاسار,Makassar,Makassar,Makassar,มากัสซาร์,Makassar,,,Makassar,,
IndonesianA_PersikKediri,Kediri,Kediri,Kediri,Kediri,Kediri,ケディリ,Kediri,Кедири,谏义里,諫義裡,諫義裡,케디 리,كديري,Kediri,Kediri,Kediri,เคดิริ,Kediri,,,Kediri,,
IndonesianA_BaliUnitedF.C.,Bali,Bali,Bali,Bali,Bali,バリ,Bali,Бали,巴厘岛,峇里聯,峇里聯,발리,بالي,Bali,Bali,Bali,บาหลี,Bali,,,Bali,,
IndonesianA_PutraSamarindaF.C.,Samarinda Orange,Samarinda Orange,Samarinda Arancione,Samarinda Orange,Samarinda Naranja,サマリンダ・オレンジ,Samarinda Laranja,Самаринда Оранжевый,三马林达橙,三馬林達橙,三馬林達橙,사마린다 오렌지,ساماريندا البرتقالي,Samarinda Oranje,Samarinda Turuncu,Samarinda Oranye,ซามารินดา ส้ม,Samarinda Cam,,,Samarinda Pomarańczowy,,
IndonesianA_MaduraUnitedF.C.,Pamekasan,Pamekasan,Pamekasan,Pamekasan,Pamekasan,パメカサン,Pamekasan,Памекасан,漯水,漯水,漯水,파 메카 산,باميكاسان,Pamekasan,Pamekasan,Pamekasan,ปามีกะสันต์,Pamekasan,,,Pamekasan,,
IndonesianA_Persikabo1973,Bogor,Bogor,Bogor,Bogor,Bogor,ボゴール,Bogor,Богор,茂物,佩斯卡保,佩斯卡保,보고 르,بوجور,Bogor,Bogor,Bogor,โบกอร์,Bogor,,,Bogor,,
IndonesianA_PersirajaBandaAceh,BandaAceh,BandaAceh,BandaAceh,BandaAceh,BandaAceh,バンダアチェ,BandaAceh,БандаАчех,班达亚齐,班達亞齊,班達亞齊,반다 아체,باندا آتشيه,Banda Aceh,Banda Aceh,Banda Aceh,บันดาอาเจ๊ะ,Banda Aceh,,,Banda Aceh,,
SaudiArabianLeagueA_AlNassrFC,Riyadh Yellow,Jaune Riyad,Giallo di Riyadh,Riad Gelb,Amarillo Riyadh,リヤドイエロー,Riyadh Amarelo,Эр-Рияд Желтый,利雅得黄,艾納斯,艾納斯,리야드 옐로우,الرياض الأصفر,Riyadh Geel,Riyad Sarısı,Riyadh Kuning,ริยาดเหลือง,Riyadh vàng,,,Rijad Żółć,,
SaudiA_AlHilalSFC,Riyadh Blue,Bleu de Riyad,Riyadh Blue,Riad Blau,Azul de Riad,リヤドブルー,Riyadh Azul,Эр-Рияд Синий,利雅得蓝,沙地希拉爾,沙地希拉爾,리야드 블루,الرياض الأزرق,Riyadh Blue,Riyad Mavisi,Riyadh Biru,ริยาดบลู,Riyadh Blue,,,Riyadh Błękit,,
SaudiA_AlTaawounFC,Buraydah Yellow,Jaune Buraydah,Buraydah Yellow,Buraydah Gelb,Amarillo Buraydah,ブライダーイエロー,Buraydah Amarelo,Бурайда Желтый,布赖代黄,艾塔亞文,艾塔亞文,부라이다 옐로우,بريدة الأصفر,Buraydah Geel,Büreyde Sarı,Buraydah Kuning,บูเรดาห์เหลือง,Buraydah Yellow,,,Buraydah Żółć,,
SaudiA_AlAhliSaudiFC,Jidda Green,Jidda Green,Jidda Green,Jidda Green,Jidda Green,ジッダグリーン,Jidda Verde,Джидда Зеленый,吉达绿,沙特艾阿里,沙特艾阿里,지다 그린,جدة الأخضر,Jidda Green,Jidda Yeşil,Jidda Hijau,จิดดาเขียว,Jidda Green,,,Jidda Zieleń,,
SaudiA_AlShababFC,Riyadh Black,Riyad noir,Riyadh Black,Riad Schwarz,Riyadh Negro,リヤドブラック,Riyadh Preto,Эр-Рияд Черный,利雅得黑,艾沙比,艾沙比,리야드 블랙,الرياض الأسود,Riyadh Black,Riyad Siyahı,Riyadh Hitam,ริยาดดำ,Riyadh đen,,,Riyadh Czerń,,
SaudiA_AlRaedFC,Buraydah Red,Rouge Buraydah,Buraydah Red,Buraydah Red,Rojo Buraydah,ブライダーレッド,Buraydah Vermelho,Бурайда Красный,布赖代红,阿爾拉德,阿爾拉德,부라이다 레드,بريدة الأحمر,Buraydah Red,Büreyde Kırmızı,Buraydah Merah,บูเรดาห์แดง,Buraydah Red,,,Buraydah Czerwień,,
SaudiA_Al-Ahsa,Al-Ahsa,Al-Ahsa,Al-Ahsa,Al-Ahsa,Al-Ahsa,アルアサ,Al-Ahsa,Аль-Ахса,哈萨绿洲,艾法特,艾法特,알-아사,الأحساء,Al-Ahsa,Al-Ahsa,Al-Ahsa,อัล - อาซา,Al-Ahsa,,,Al-Ahsa,,
SaudiArabianLeagueA_Al-IttihadClub,Jidda Yellow,Jaune Jidda,Jidda Yellow,Jidda Gelb,Amarillo Jidda,ジッダイエロー,Jidda Amarelo,Джидда Желтый,吉达黄,伊蒂哈德亞歷山大港,伊蒂哈德亞歷山大港,지다 옐로우,جدة الأصفر,Jidda Geel,Jidda Sarı,Jidda Kuning,จิดดาเหลือง,Jidda vàng,,,Jidda Żółć,,
SaudiA_EttifaqFC,Dammam,Dammam,Dammam,Dammam,Dammam,ダンマーム,Dammam,Даммам,达曼,伊蒂法克,伊蒂法克,담맘,الدمام,Dammam,Dammam,Dammam,ดัมมัม,Dammam,,,Dammam,,
SaudiA_DamacFC,Khamis Mushait,Khamis Mushait,Khamis Mushait,Khamis Mushait,Khamis Mushait,ハミース・ムシャイト,Khamis Mushait,Хамис Мушаит,海米斯穆谢特,達馬克,達馬克,카 미스 무 샤이 트,خميس مشيط,Khamis Mushait,Khamis Mushait,Khamis Mushait,คำมิสมูไชต์,Khamis Mushait,,,Khamis Mushait,,
SaudiA_AlWehdaClub,Buraydah,Buraydah,Buraydah,Buraydah,Buraydah,ブライダ,Buraydah,Бурайда,布赖代,布賴代,布賴代,부라이다,بريدة,Buraydah,Büreyde,Buraydah,บูเรดาห์,Buraydah,,,Buraydah,,
SaudiA_Al_Al-FayhaFC,Al Majma'ah,Al Majma'ah,Al Majma'ah,Al Majma'ah,Al Majma'ah,アルマジマア,Al Majma'ah,Аль-Маджмаа,迈季迈阿,邁季邁阿,邁季邁阿,리야드주,المجمعة,Al Majma'ah,Al Majma'ah,Al Majma'ah,อัลมัจมาอะห์,Al Majma'ah,,,Al Majma'ah,,
SaudiA_Al-HazemF.C.,Ar Rass Yellow,Ar Rass Jaune,Ar Rass Giallo,Ar Rass Gelb,Ar Rass Amarillo,アル・ラス・イエロー,Ar Rass Amarelo,Ар-Расс Жёлтый,阿尔拉斯黄,阿爾拉斯黃,阿爾拉斯黃,알 라스 옐로우,الرس الأصفر,Ar Rass Geel,Ar Rass Sarısı,Ar Rass Kuning,อัลรัส เหลือง,Ar Rass Vàng,,,Ar Rass Żółty,,
UAEA_AjmanClub,Ajman,Ajman,Ajman,Ajman,Ajman,アジュマーン,Ajman,Аджман,阿治曼,阿治曼,阿治曼,아지 만,عجمان,Ajman,Acman,Ajman,อัจมาน,Ajman,,,Ajman,,
UAEA_AlAinFC,Al Ain,Al Ain,Al Ain,Al Ain,Al Ain,アルアイン,Al Ain,Аль-Айн,艾因,艾因,艾因,알 아인,العين,Al Ain,Al Ain,Al Ain,อัลอิน,Al Ain,,,Al Ain,,
UAEA_AlDhafraFC,Madinat Zayed,Madinat Zayed,Madinat Zayed,Madinat Zayed,Madinat Zayed,マディナトザイード,Madinat Zayed,Мадинат Зайед,扎耶德城,迪哈夫拉,迪哈夫拉,마디 나트 자예드,مدينة زايد,Madinat Zayed,Madinat Zayed,Madinat Zayed,มาดินัต ซาเยด,Madinat Zayed,,,Madinat Zayed,,
UAEA_AlJaziraClub,Abu Dhabi White,Blanc d'Abu Dhabi,Abu Dhabi White,Abu Dhabi White,Abu Dhabi Blanco,アブダビホワイト,Abu Dhabi Branco,Абу-Даби Белый,阿布扎比白,艾查捷拉,艾查捷拉,아부 다비 화이트,أبو ظبي الأبيض,Abu Dhabi Wit,Abu Dabi Beyazı,Abu Dhabi Putih,อาบูดาบีขาว,Abu Dhabi White,,,Abu Dhabi Biel,,
UAEA_Al-NasrSC,Dubai Blue,Bleu de Dubaï,Dubai Blue,Dubai Blue,Azul Dubai,ドバイブルー,Dubai Azul,Дубай Синий,迪拜蓝,艾納斯,艾納斯,두바이 블루,دبي الأزرق,Dubai Blauw,Dubai Mavisi,Dubai Biru,ดูไบน้ำเงิน,Dubai Blue,,,Dubai Blue,,
UAEA_AlWahdaFC,Abu Dhabi Brown,Brun d'Abu Dhabi,Abu Dhabi Brown,Abu Dhabi Brown,Abu Dhabi Marrón,アブダビブラウン,Abu Dhabi Castanho,Абу-Даби Коричневый,阿布扎比棕,阿爾華達,阿爾華達,아부 다비 브라운,أبو ظبي البني,Abu Dhabi Brown,Abu Dabi Kahverengisi,Abu Dhabi Cokelat,อาบูดาบีสีเทา,Abu Dhabi Brown,,,Abu Dhabi Brąz,,
UAEA_Al-WaslF.C.,Dubai Yellow,Jaune de Dubaï,Giallo Dubai,Dubai Gelb,Amarillo Dubai,ドバイイエロー,Dubai Amarelo,Дубай Желтый,迪拜黄,艾華斯爾,艾華斯爾,두바이 옐로우,دبي الأصفر,Dubai Geel,Dubai Sarı,Dubai Kuning,ดูไบสีเหลือง,Dubai vàng,,,Dubaj żółty,,
UAEA_BaniyasClub,Abu Dhabi Blue,Bleu Abu Dhabi,Abu Dhabi Blue,Abu Dhabi Blue,Azul de Abu Dhabi,アブダビブルー,Abu Dhabi Azul,Абу-Даби Синий,阿布扎比蓝,賓尼耶斯,賓尼耶斯,아부 다비 블루,أبو ظبي الأزرق,Abu Dhabi Blauw,Abu Dabi Mavisi,Abu Dhabi Biru,อาบูดาบีน้ำเงิน,Xanh Abu Dhabi,,,Abu Dhabi Błękit,,
UAEA_HattaClub,Hatta,Hatta,Hatta,Hatta,Hatta,ハッタ,Hatta,Хатта,哈达,哈達,哈達,하타,حتا,Hatta,Hatta,Hatta,ฮัตตา,Hatta,,,Hatta,,
UAEA_FujairahFC,Fujairah,Fujairah,Fujairah,Fujairah,Fujairah,フジャイラ,Fujairah,Фуджайрах,富查伊拉,富查伊拉,富查伊拉,푸자이라,الفجيرة,Fujairah,Fujairah,Fujairah,ฟูไจราห์,Fujairah,,,Fujairah,,
UAEA_Al-IttihadKalbaSC,Kalba,Kalba,Kalba,Kalba,Kalba,カルバ,Kalba,Кальба,卡尔巴,伊蒂哈德卡爾巴,伊蒂哈德卡爾巴,칼바,كلباء,Kalba,Kalba,Kalba,กาล์บา,Kalba,,,Kalba,,
UAEA_KhorFakkanClub,Khor Fakkan,Khor Fakkan,Khor Fakkan,Khor Fakkan,Khor Fakkan,ホールファカン,Khor Fakkan,Хор Факкан,豪尔费坎,豪爾法坎,豪爾法坎,코르 파칸,خورفكان,Khor Fakkan,Khor Fakkan,Khor Fakkan,โคร์ ฟาก์กัน,Khor Fakkan,,,Khor Fakkan,,
UnitedArabEmiratesLeaugeA_SharjahFC,Sharjah,Charjah,Sharjah,Sharjah,Sharjah,シャルジャ,Sharjah,Шарджа,沙迦,沙迦,沙迦,샤르자,الشارقة,Sharjah,Sharjah,Sharjah,ชาร์จาห์,Sharjah,,,Szardża,,
MajorA_AtlantaUnitedFC,Atlanta,Atlanta,Atlanta,Atlanta,Atlanta,アトランタ,Atlanta,Атланта,亚特兰大,亞特蘭大聯,亞特蘭大聯,애틀랜타,أتلانتا,Atlanta,Atlanta,Atlanta,แอตแลนตา,Atlanta,,,Atlanta,,
MajorA_ChicagoFireFC,Chicago,Chicago,Chicago,Chicago,Chicago,シカゴ,Chicago,Чикаго,芝加哥,芝加哥,芝加哥,시카고,شيكاغو,Chicago,Chicago,Chicago,ชิคาโก,Chicago,,,Chicago,,
MajorA_FCCincinnati,Cincinnati,Cincinnati,Cincinnati,Cincinnati,Cincinnati,シンシナティ,Cincinnati,Цинциннати,辛辛那提,辛辛那提,辛辛那提,신시내티,سينسيناتي,Cincinnati,Cincinnati,Cincinnati,ซินซินแนติ,Cincinnati,,,Cincinnati,,
MajorA_ColumbusCrewSC,Columbus,Colomb,Columbus,Kolumbus,Columbus,コロンバス,Colombo,Колумбус,哥伦布,哥倫布,哥倫布,콜럼버스,كولومبوس,Columbus,Columbus,Columbus,โคลัมบัส,Columbus,,,Columbus,,
MajorA_ColoradoRapids,Colorado,Colorado,Colorado,Colorado,Colorado,コロラド,Colorado,Колорадо,科罗拉多,科羅拉多,科羅拉多,콜로라도,كولورادو,Colorado,Colorado,Colorado,โคโลราโด,Colorado,,,Kolorado,,
MajorA_FCDallas,Dallas,Dallas,Dallas,Dallas,Dallas,ダラス,Dallas,Даллас,达拉斯,達拉斯,達拉斯,달라스,دالاس,Dallas,Dallas,Dallas,ดัลลัส,Dallas,,,Dallas,,
MajorA_HoustonDynamoFC,Houston,Houston,Houston,Houston,Houston,ヒューストン,Houston,Хьюстон,休斯顿,侯斯頓,侯斯頓,휴스턴,هيوستن,Houston,Houston,Houston,ฮูสตัน,Houston,,,Houston,,
MajorA_MinnesotaUnitedFC,Minnesota,Minnesota,Minnesota,Minnesota,Minnesota,ミネソタ,Minnesota,Миннесота,明尼苏达,明尼蘇達聯,明尼蘇達聯,미네소타,مينيسوتا,Minnesota,Minnesota,Minnesota,มินนิโซตา,Minnesota,,,Minnesota,,
MajorA_PortlandTimbers,Portland,Portland,Portland,Portland,Portland,ポートランド,Portland,Портленд,波特兰,波特蘭,波特蘭,포틀랜드,بورتلاند,Portland,Portland,Portland,พอร์ตแลนด์,Portland,,,Portland,,
MajorA_NashvilleSC,Nashville,Nashville,Nashville,Nashville,Nashville,ナッシュビル,Nashville,Нэшвилл,纳什维尔,納什維爾,納什維爾,내슈빌,ناشفيل,Nashville,Nashville,Nashville,แนชวิลล์,Nashville,,,Nashville,,
MajorA_MontrealImpact,Montreal,Montréal,Montreal,Montreal,Montreal,モントリオール,Montreal,Монреаль,蒙特利尔,蒙特利爾,蒙特利爾,몬트리올,مونتريال,Montreal,Montreal,Montreal,มอนทรีออล,Montreal,,,Montreal,,
MajorA_TorontoFC,Toronto,Toronto,Toronto,Toronto,Toronto,トロント,Toronto,Торонто,多伦多,多倫多,多倫多,토론토,تورنتو,Toronto,Toronto,Toronto,โตรอนโต,Toronto,,,Toronto,,
MajorA_VancouverWhitecapsFC,Vancouver,Vancouver,Vancouver,Vancouver,Vancouver,バンクーバー,Vancouver,Ванкувер,温哥华,溫哥華,溫哥華,밴쿠버,فانكوفر,Vancouver,Vancouver,Vancouver,แวนคูเวอร์,Vancouver,,,Vancouver,,
MajorA_Orlando,Orlando,Orlando,Orlando,Orlando,Orlando,Orlando,Orlando,Orlando,奥兰多,奧蘭多,奧蘭多,Orlando,أورلاندو,Orlando,Orlando,Orlando,Orlando,Orlando,,,Orlando,,
MajorA_Fort_Lauderdale,Fort Lauderdale,Fort Lauderdale,Fort Lauderdale,Fort Lauderdale,Fort Lauderdale,Fort Lauderdale,Fort Lauderdale,Fort Lauderdale,劳德代尔堡,勞德代爾堡,勞德代爾堡,Fort Lauderdale,فورت لودرديل,Fort Lauderdale,Fort Lauderdale,Fort Lauderdale,Fort Lauderdale,Fort Lauderdale,,,Fort Lauderdale,,
MajorA_Washington,Washington,Washington,Washington,Washington,Washington,Washington,Washington,Washington,华盛顿哥伦比亚特区,華盛頓哥倫比亞特區,華盛頓哥倫比亞特區,Washington,واشنطن,Washington,Washington,Washington,Washington,Washington,,,Washington,,
MajorA_New_York,New York,New York,New York,New York,New York,New York,New York,New York,纽约,紐約,紐約,New York,نيويورك,New York,New York,New York,New York,New York,,,Nowy Jork,,
MajorA_Harrison,Harrison,Harrison,Harrison,Harrison,Harrison,Harrison,Harrison,Harrison,哈里森,哈里森,哈里森,Harrison,هاريسون,Harrison,Harrison,Harrison,Harrison,Harrison,,,Harrison,,
MajorLeagueA_PhiladelphiaUnion,Chester,Chester,Chester,Chester,Chester,チェスター,Chester,Честер,切斯特,切斯特,切斯特,체스터,تشيستر,Chester,Chester,Chester,เชสเตอร์,Chester,,,Chester,,
MajorLeagueA_CFMontréal,Montréal,Montréal,Montreal,Montreal,Montreal,モントリオール,Montreal,Монреаль,蒙特利尔,蒙特利爾,蒙特利爾,몬트리올,مونتريال,Montreal,Montreal,Montreal,มอนทรีออล,Montreal,,,Montreal,,
MajorLeagueA_NewYorkCityFC,New York Blue,New York Bleu,New York Blu ,New York Blau,Nueva York Azul,ニューヨークブルー,Nova Iorque Azul,Нью-Йорк Синий,纽约 蓝,紐約 藍,紐約 藍,뉴욕 블루,نيويورك بلو,New York Blauw,New York Mavi,Kota New York Biru,นครนิวยอร์กบลู,Màu xanh da trời New York,,,Nowy Jork Błękit ,,
MajorLeagueA_NewYorkRedBulls,New York Red,New York Rouge,New York Rosso,New York Rot,Nueva York Rojo,ニューヨークレッド,Nova Iorque Vermelho,Нью-Йорк Красный,纽约 红,紐約 紅,紐約 紅,뉴욕 레드,نيويورك ريد,New York Rood,New York Kırmızı,Kota New York Merah,นครนิวยอร์กเรด,Màu đỏ New York,,,Nowy Jork Czerwień,,
MajorLeagueA_FCCincinnati,Cincinnati,Cincinnati,Cincinnati,Cincinnati,Cincinnati,シンシナティ,Cincinnati,Цинциннати,辛辛那提,辛辛那提,辛辛那提,신시내티,سينسيناتي,Cincinnati,Cincinnati,Cincinnati,ซินซินแนติ,Cincinnati,,,Cincinnati,,
MajorLeagueA_InterMiamiCF,Miami,Miami,Miami,Miami,Miami,マイアミ,Miami,Майами,迈阿密,邁亞美,邁亞美,마이애미,ميامي,Miami,Miami,Miami,ไมแอมี,Miami,,,Miami,,
MajorLeagueA_OrlandoCitySC,Orlando,Orlando,Orlando,Orlando,Orlando,オーランド,Orlando,Орландо,奥兰多,奧蘭多,奧蘭多,올랜도,أورلاندو,Orlando,Orlando,Orlando,ออร์แลนโด,Orlando,,,Orlando,,
MajorLeagueA_ColumbusCrew,Columbus,Colomb,Columbus,Kolumbus,Columbus,コロンバス,Colombo,Колумбус,哥伦布,哥倫布,哥倫布,콜럼버스,كولومبوس,Columbus,Columbus,Columbus,โคลัมบัส,Columbus,,,Columbus,,
MajorLeagueA_CharlotteFC,Charlotte,Charlotte,Charlotte,Charlotte,Charlotte,シャーロット,Charlotte,Шарлотт,夏洛特,莎樂,莎樂,샬럿,شارلوت,Charlotte,Charlotte,Charlotte,ชาร์ลอตต์,Charlotte,,,Charlotte,,
MajorLeagueA_NewEnglandRevolution,Boston,Boston,Boston,Boston,Boston,ボストン,Boston,Бостон,波士顿,波士頓,波士頓,보스턴,بوسطن,Boston,Boston,Boston,บอสตัน,Boston,,,Boston,,
MajorLeagueA_AtlantaUnitedFC,Atlanta,Atlanta,Atlanta,Atlanta,Atlanta,アトランタ,Atlanta,Атланта,亚特兰大,亞特蘭大,亞特蘭大,애틀랜타,أتلانتا,Atlanta,Atlanta,Atlanta,แอตแลนตา,Atlanta,,,Atlanta,,
MajorLeagueA_ChicagoFireFC,Chicago,Chicago,Chicago,Chicago,Chicago,シカゴ,Chicago,Чикаго,芝加哥,芝加哥,芝加哥,시카고,شيكاغو,Chicago,Chicago,Chicago,ชิคาโก,Chicago,,,Chicago,,
MajorLeagueA_TorontoFC,Toronto,Toronto,Toronto,Toronto,Toronto,トロント,Toronto,Торонто,多伦多,多倫多,多倫多,토론토,تورنتو,Toronto,Toronto,Toronto,โตรอนโต,Toronto,,,Toronto,,
MajorLeagueA_D.C.United,Washington,Washington,Washington,Washington,Washington,ワシントン,Washington,Вашингтон,华盛顿,華盛頓,華盛頓,워싱턴,واشنطن,Washington,Washington,Washington,วอชิงตัน,Washington,,,Waszyngton,,
MajorLeagueA_LosAngelesFC,Los Angeles,Los Angeles,Los Angeles,Los Angeles,Los Ángeles,ロサンゼルス,Los Angeles,Лос-Анджелес,洛杉矶,洛杉磯,洛杉磯,로스앤젤레스,لوس أنجلوس,Los Angeles,Los Angeles,Los Angeles,ลอสแอนเจลิส,Los Angeles,,,Los Angeles,,
MajorLeagueA_AustinFC,Austin,Austin,Austin,Austin,Austin,オースティン,Austin,Остин,奥斯汀,柯士甸,柯士甸,오스틴,أوستين,Austin,Austin,Austin,ออสติน,Austin,,,Austin,,
MajorLeagueA_FCDallas,Dallas,Dallas,Dallas,Dallas,Dallas,ダラス,Dallas,Даллас,达拉斯,達拉斯,達拉斯,달라스,دالاس,Dallas,Dallas,Dallas,ดัลลัส,Dallas,,,Dallas,,
MajorLeagueA_LAGalaxy,Los Angeles white,Los Angeles Blanc,Los Angeles White,Los Angeles Weiß,Blanco Los Ángeles,ロサンゼルスホワイト,Los Angeles Branco,Лос-Анджелес Белый,洛杉矶 白,洛杉磯 白,洛杉磯 白,로스앤젤레스 화이트,لوس أنجلوس وايت,Los Angeles White,Los Angeles Beyaz,Los Angeles Putih,ลอสแอนเจลิสขาว,Los Angeles trắng,,,Los Angeles Biel,,
MajorLeagueA_NashvilleSC,Nashville,Nashville,Nashville,Nashville,Nashville,ナッシュビル,Nashville,Нэшвилл,纳什维尔,納什維爾,納什維爾,내슈빌,ناشفيل,Nashville,Nashville,Nashville,แนชวิลล์,Nashville,,,Nashville,,
MajorLeagueA_MinnesotaUnitedFC,Saint Paul,Saint Paul,Saint Paul,Saint Paul,Saint Paul,セントポール,Saint Paul,Сент-Пол,圣保罗,聖保羅,聖保羅,세인트폴,سانت بول,Saint Paul,Saint Paul,Saint Paul,เซนต์พอล,Saint Paul,,,Saint Paul,,
MajorLeagueA_RealSaltLake,Salt Lake City,Salt Lake City,Salt Lake City,Salt Lake City,Salt Lake City,ソルトレイクシティ,Salt Lake City,Солт-Лейк-Сити,盐湖城,鹽湖城,鹽湖城,솔트레이크시티,سولت ليك سيتي,Salt Lake City,Salt Lake City,Salt Lake City,ซอลต์เลกซิตี,Salt Lake City,,,Salt Lake City,,
MajorLeagueA_PortlandTimbers,Portland,Portland,Portland,Portland,Portland,ポートランド,Portland,Портленд,波特兰,波特蘭,波特蘭,포틀랜드,بورتلاند,Portland,Portland,Portland,พอร์ตแลนด์,Portland,,,Portland,,
MajorLeagueA_VancouverWhitecapsFC,Vancouver,Vancouver,Vancouver,Vancouver,Vancouver,バンクーバー,Vancouver,Ванкувер,温哥华,溫哥華,溫哥華,밴쿠버,فانكوفر,Vancouver,Vancouver,Vancouver,แวนคูเวอร์,Vancouver,,,Vancouver,,
MajorLeagueA_ColoradoRapids,Denver,Denver,Denver,Denver,Denver,デンバー,Denver,Денвер,丹佛,丹佛,丹佛,덴버,دنفر,Denver,Denver,Denver,เดนเวอร์,Denver,,,Denver,,
MajorLeagueA_SeattleSoundersFC,Seattle,Seattle,Seattle,Seattle,Seattle,シアトル,Seattle,Сиэтл,西雅图,西雅圖,西雅圖,시애틀,سياتل,Seattle,Seattle,Seattle,ซีแอตเทิล,Seattle,,,Seattle,,
MajorLeagueA_SportingKansasCity,Kansas City,Kansas City,Kansas City,Kansas City,Kansas City,カンザスシティ,Kansas City,Канзас-Сити,堪萨斯城,堪薩斯城,堪薩斯城,캔자스시티,كانساس سيتي,Kansas City,Kansas City,Kansas City,แคนซัสซิตี,Kansas City,,,Kansas City,,
MajorLeagueA_HoustonDynamoFC,Houston,Houston,Houston,Houston,Houston,ヒューストン,Houston,Хьюстон,休斯顿,侯斯頓,侯斯頓,휴스턴,هيوستن,Houston,Houston,Houston,ฮูสตัน,Houston,,,Houston,,
MajorLeagueA_SanJoseEarthquakes,San Jose,San José,San Jose,San José,San José,サンノゼ,San José,Сан-Хосе,圣何塞,聖荷西,聖荷西,산호세,سان خوسيه,San Jose,San Jose,San Jose,แซนโฮเซ,San Jose,,,San Jose,,
MajorLeagueA_LouisvilleCityFC,Louisville,Louisville,Louisville,Louisville,Louisville,ルイビル,Louisville,Луисвилл,路易维尔,路易斯維爾,路易斯維爾,루이빌,لويزفيل,Louisville,Louisville,Louisville,ลุยส์วิลล์,Louisville,,,Louisville,,
MajorLeagueA_SanAntonioFC,San Antonio,San Antonio,San Antonio,San Antonio,San Antonio,サンアントニオ,San Antonio,Сан-Антонио,圣安东尼奥,聖安東尼奧,聖安東尼奧,샌안토니오,سان أنطونيو,San Antonio,San Antonio,San Antonio,แซนแอนโทนีโอ,San Antonio,,,San Antonio,,
MajorLeagueA_PhoenixRisingFC,Phoenix,Phoenix,Phoenix,Phoenix,Phoenix,フェニックス,Phoenix,Финикс,菲尼克斯,鳳凰城,鳳凰城,피닉스,فينيكس,Phoenix,Phoenix,Phoenix,ฟีนิกซ์,Phoenix,,,Phoenix,,
MajorLeagueA_OrangeCountySC,Orange County,Comté d'Orange,Contea di Orange,Orange County,Condado de Orange,オレンジ郡,Condado de Orange,Ориндж,橙县,橙縣,橙縣,오렌지군,مقاطعة أورانج,Orange County,Orange County,Orange County,ออเรนจ์เคาน์ตี้,Quận Cam,,,Hrabstwo Orange,,
MajorLeagueA_CharlestonBattery,Charleston,Charleston,Charleston,Charleston,Charleston,チャールストン,Charleston,Чарлстон,查尔斯顿,查爾斯頓,查爾斯頓,찰스턴,تشارلستون,Charleston,Charleston,Charleston,ชาร์ลสตัน,Charleston,,,Charleston,,
MajorLeagueA_Memphis901FC,Memphis,Memphis,Memphis,Memphis,Memphis,メンフィス,Memphis,Мемфис,孟菲斯,孟斐斯,孟斐斯,멤피스,ممفيس,Memphis,Memphis,Memphis,เมมฟิส,Memphis,,,Memphis,,
MajorLeagueA_SanDiegoLoyalSC,San Diego,San Diego,San Diego,San Diego,San Diego,サンディエゴ,San Diego,Сан-Диего,圣迭戈,聖地牙哥,聖地牙哥,샌디에고,سان دييغو,San Diego,San Diego,San Diego,แซนดีเอโก,San Diego,,,San Diego,,
MajorLeagueA_TampaBayRowdies,St. Petersburg,St. Petersburg,St. Petersburg,Saint Petersburg,San Petersburgo,セントピーターズバーグ,São Petersburgo,Сент-Питерсберг,圣彼得斯堡,聖彼德斯堡,聖彼德斯堡,세인트피터즈버그,سانت بيترسبرغ,Saint Petersburg,St. Petersburg,St. Petersburg,เซนต์ปีเตอร์สเบิร์ก,St. Petersburg,,,St. Petersburg,,
MajorLeagueA_ColoradoSpringsSwitchbacksFC,Colorado Springs,Colorado Springs,Colorado Springs,Colorado Springs,Colorado Springs,コロラドスプリングス,Colorado Springs,Колорадо-Спрингс,科罗拉多斯普林斯,哥羅拉度泉,哥羅拉度泉,콜로라도스프링스,كولورادو سبرينغز,Colorado Springs,Colorado Springs,Colorado Springs,โคโลราโดสปริงส์,Colorado Springs,,,Colorado Springs,,
MajorLeagueA_ElPasoLocomotiveFC,El Paso,El Paso,El Paso,El Paso,El Paso,エルパソ,El Paso,Эль-Пасо,埃尔帕索,艾爾帕索,艾爾帕索,엘패소,إل باسو,El Paso,El Paso,El Paso,เอลแพโซ,El Paso,,,El Paso,,
MajorLeagueA_SacramentoRepublicFC,Sacramento,Sacramento,Sacramento,Sacramento,Sacramento,サクラメント,Sacramento,Сакраменто,萨克拉门托,沙加緬度,沙加緬度,새크라멘토,ساكرامنتو,Sacramento,Sacramento,Sacramento,แซคราเมนโต,Sacramento,,,Sacramento,,
MajorLeagueA_BirminghamLegionFC,Birmingham Black,Birmingham Noir,Birmingham Nero,Birmingham Schwarz,Birmingham Negro,バーミンガム・ブラック,Birmingham Preto,Бирмингем Чёрный,伯明翰黑,伯明翰黑,伯明翰黑,버밍엄 블랙,برمنغهام الأسود,Birmingham Zwart,Birmingham Siyahı,Birmingham Hitam,เบอร์มิงแฮม ดำ,Birmingham Đen,,,Birmingham Czarny,,
MajorLeagueA_IndyEleven,Indianapolis,Indianapolis,Indianapolis,Indianapolis,Indianápolis,インディアナポリス,Indianápolis,Индианаполис,印第安纳波利斯,印第安納波利斯,印第安納波利斯,인디애나폴리스,إنديانابوليس,Indianapolis,Indianapolis,Indianapolis,อินเดียแนโพลิส,Indianapolis,,,Indianapolis,,
MajorLeagueA_MiamiFC,Miami BR,Miami BR,Miami BR,Miami BR,Miami BR,マイアミ BR,Miami BR,Майами BR,迈阿密 BR,邁阿密 BR,邁阿密 BR,마이애미 BR,ميامي BR,Miami BR,Miami BR,Miami BR,ไมแอมี BR,Miami BR,,,Miami BR,,
MexicanLeagueA_ClubLeón,Léon,Léon,Leon,Leon,León,レオン,León,Леон,莱昂,萊昂,萊昂,레온,ليون,Leon,Leon,Leon,ลีออน,Leon,,,Leon,,
MexicanLeagueA_CruzAzul,Mexico City Blue,Bleu Mexico,Blu Città del Messico,Mexiko-Stadt Blau,Ciudad de México azul,メキシコシティブルー,Cidade do México Azul,Мехико Блю,墨西哥城 蓝,墨西哥城 藍,墨西哥城 藍,멕시코시티 블루,مكسيكو سيتي بلو,Mexico-Stad blauw,Meksiko Mavisi,Kota Meksiko Biru,เม็กซิโกซิตีบลู,Xanh Thành phố México,,,Meksyk błękit,,
MexicanLeagueA_ClubUniversidadNacional,Mexico City White,Mexico Blanc,Città del Messico Bianca ,Mexiko-Stadt Weiß,Ciudad de México Blanco,メキシコシティワイト,Cidade do México Branco,Мехико Белый,墨西哥城 白,墨西哥城 白,墨西哥城 白,멕시코시티 화이트,مكسيكو سيتي وايت,Mexico-Stad Wit,Meksiko Beyaz,Kota Meksiko Putih,เม็กซิโกซิตีขาว,Trắng Thành phố México,,,Meksyk Biel,,
MexicanLeagueA_SantosLaguna,Torreón,Torreon,Torreon,Torreon,Torreón,トレオン,Torreon,Торреон,托雷翁,托雷翁,托雷翁,토 레온,توريون,Torreon,Torreon,Torreon,โตร์เรียน,Torreon,,,Torreon,,
HaitianLeagueA_CavalyAS,Léogâne,Léogâne,Léogâne,Léogâne,Léogâne,レオガン,Léogâne,Леоган,莱奥甘,萊奧甘,萊奧甘,레오간,يوغان,Léogâne,Léogâne,Léogâne,เลโอแกน,Léogâne,,,Léogâne,,
GuatemalaLeagueA_ComunicacionesF.C.,Guatemala City,Guatemala,Città del Guatemala,Guatemala-Stadt,Ciudad de Guatemala,グアテマラシティ,Cidade da Guatemala,Гватемала,危地马拉城,危地馬拉市,危地馬拉市,과테말라,غواتيمالا,Guatemala-Stad,Guatemala,Kota Guatemala,กัวเตมาลาซิตี,Thành phố Guatemala,,,Gwatemala,,
GuatemalaLeagueA_C.D.Guastatoya,Guastatoya,Guastatoya,Guastatoya,Guastatoya,Guastatoya,グアスタトヤ,Guastatoya,Гуастатойя,瓜斯塔托亚,瓜斯塔托亞,瓜斯塔托亞,과스타토야,جواستاتويا,Guastatoya,Guastatoya,Guastatoya,กัวสตาโตยา,Guastatoya,,,Guastatoya,,
HondurasLeagueA_F.C.Motagua,Tegucigalpa,Tegucigalpa,Tegucigalpa,Tegucigalpa,Tegucigalpa,テグシガルパ,Tegucigalpa,Тегусигальпа,特古西加尔巴,特古西加爾巴,特古西加爾巴,테구시갈파,تيغوسيغالبا,Tegucigalpa,Tegucigalpa,Tegucigalpa,เตกูซิกัลปา,Tegucigalpa,,,Tegucigalpa,,
CanadianLeagueA_ForgeFC,Hamilton Orange,Hamilton Orange,Hamilton Arancione,Hamilton Orange,Hamilton Naranja,ハミルトンオレンジ,Hamilton Laranja,Гамильтон Оранжевый,汉密尔顿橙,漢密爾頓橙,漢密爾頓橙,해밀턴 오렌지,هاميلتون البرتقالي,Hamilton Oranje,Hamilton Turuncu,Hamilton Oranye,แฮมิลตัน ส้ม,Hamilton Cam,,,Hamilton Pomarańczowy,,
CostaRicaLeagueA_DeportivoSaprissa,San José,San José,San José,San José,San José,サンホセ,San José,Сан-Хосе,圣何塞,聖荷西,聖荷西,산호세,سان خوسيه,San José,San José,San José,ซานโฮเซ,San José,,,San José,,
CostaRicaLeagueA_SantosdeGuápilesF.C.,Limón,Puerto Limón,Limón,Puerto Limón,Limón,リモン,Limón,Лимон,利蒙,利蒙,利蒙,리몬,ليمون,Puerto Limón,Limón,Limón,มะนาว,Limón,,,Limón,,
MexicanLeagueA_C.F.Monterrey,Monterrey,Monterrey,Monterrey,Monterrey,Monterrey,モンテレイ,Monterrei,Monterrey,蒙特雷,蒙特雷,蒙特雷,몬테레이,مونتيري,Monterrey,Monterrey,Monterrey,มอนเทอร์เร่,Monterrey,,,Monterrey,,
MexicanLeagueA_ClubAmérica,Mexico City Yellow,Mexico Jaune,Città del Messico Giallo,Mexiko-Stadt Gelb,Ciudad de México Amarillo,メキシコシティエロー,Cidade do México Amarelo,Мехико Желтый,墨西哥城 黄,墨西哥城 黃,墨西哥城 黃,멕시코시티 옐로우,مكسيكو سيتي يلو,Mexico-Stad Geel,Meksiko Sarı,Kota Meksiko Kuning,เม็กซิโกซิตีหลือง,Màu vàng Thành phố México,,,Meksyk Żółć,,
MexicanLeagueA_C.F.Pachuca,Pachuca,Pachuca,Pachuca,Pachuca de Soto,Pachuca de Soto,パチューカ,Pachuca de Soto,Пачука-де-Сото,帕丘卡,帕丘卡,帕丘卡,파추카,باتشوكا,Pachuca,Pachuca,Pachuca de Soto,ปาชูก้า,Pachuca de Soto,,,Pachuca,,
MexicanLeagueA_TigresUANL,San Nicolás de los Garza,San Nicolás de los Garza,San Nicolás de los Garza,San Nicolás de los Garza,San Nicolás de los Garza,サン・ニコラス・デ・ロス・ガルサ,San Nicolás de los Garza,Сан-Николас-де-лос-Гарса,圣尼古拉斯-德洛斯加尔萨,聖尼古拉斯-德洛斯加爾薩,聖尼古拉斯-德洛斯加爾薩,산니콜라스데로스가르사,سان نيكولاس دي لوس غارزا,San Nicolás de los Garza,San Nicolás de los Garza,San Nicolás de los Garza,ซาน นิโคลัส เด ลอส เฮโรส์,San Nicolás de los Garza,,,San Nicolás de los Garza,,
MexicanLeagueA_DeportivoTolucaF.C.,Toluca de Lerdo,Toluca,Toluca,Toluca de Lerdo,Toluca de Lerdo,トルーカ,Toluca,Толука-де-Лердо,托卢卡,托盧卡,托盧卡,톨루카,تولوكا دي ليردو,Toluca,Toluca,Toluca,โตลูกา,Toluca,,,Toluca,,
MexicanLeagueA_ClubPuebla,Puebla,Puebla,Puebla de Zaragoza,Heroica Puebla de Zaragoza,Puebla de Zaragoza,プエブラ,Puebla de Zaragoza,Пуэбла-де-Сарагоса,普埃布拉,普埃布拉,普埃布拉,푸에블라,بويبلا,Puebla,Puebla,Puebla,ปวยบลา,Puebla,,,Puebla,,
MexicanLeagueA_C.D.Guadalajara,Guadalajara,Guadalajara,Guadalajara,Guadalajara,Guadalajara,グアダラハラ,Guadalajara,Гвадалахара,瓜达拉哈拉,瓜達拉哈拉,瓜達拉哈拉,과달라하라,غوادالاخارا,Guadalajara,Guadalajara,Guadalajara,กัวดาลาฮารา,Guadalajara,,,Guadalajara,,
MexicanLeagueA_FCJuárez,Ciudad Juárez,Ciudad Juárez,Ciudad Juárez,Ciudad Juárez,Ciudad Juárez,シウダー・フアレス,Ciudad Juárez,Сьюдад-Хуарес,华雷斯城,華雷斯城,華雷斯城,시우다드후아레스,سيوداد خواريز,Ciudad Juárez,Ciudad Juárez,Kota Juárez,ซิวดัดฆัวเรซ,Ciudad Juárez,,,Ciudad Juárez,,
MexicanLeagueA_ClubNecaxa,Aguascalientes,Aguascalientes,Aguascalientes,Aguascalientes,Aguascalientes,アグアスカリエンテス,Aguascalientes,Агуаскальентес,阿瓜斯卡达特斯,阿瓜斯卡達特斯,阿瓜斯卡達特斯,아과스칼리엔테스,اغواسكاليينتس,Aguascalientes,Aguascalientes,Aguascalientes,อากวสกาเลียนเตส,Aguascalientes,,,Aguascalientes,,
MexicanLeagueA_AtléticoSanLuis,San Luis Potosí,San Luis Potosí,San Luis Potosí,San Luis Potosí,San Luis Potosí,サン・ルイス・ポトシ,San Luis Potosí,Сан-Луис-Потоси,圣路易斯波托西,聖路易斯波托西,聖路易斯波托西,산루이스포토시,سان لويس بوتوسي,San Luis Potosí,San Luis Potosí,San Luis Potosí,ซันลุยส์โปโตซี,San Luis Potosí,,,San Luis Potosí,,
MexicanLeagueA_MazatlánF.C.,Mazatlán,Mazatlán,Mazatlán,Mazatlán,Mazatlán,マサトラン,Mazatlán,Масатлан,马萨特兰,馬薩特蘭,馬薩特蘭,마사틀란,مازاتلان,Mazatlán,Mazatlán,Mazatlán,มาซัตลัน,Mazatlán,,,Mazatlán,,
MexicanLeagueA_ClubTijuana,Tijuana,Tijuana,Tijuana,Tijuana,Tijuana,ティフアナ,Tijuana,Тихуана,蒂华纳,蒂華納,蒂華納,티후아나,تيخوانا,Tijuana,Tijuana,Tijuana,ติฆัวนา,Tijuana,,,Tijuana,,
MexicanLeagueA_AtlasF.C.,Guadalajara Black,Guadalajara Noir,Guadalajara Black,Guadalajara Black,Guadalajara Negro,グアダラハラブラック,Guadalajara Preto,Гвадалахара Блэк,瓜达拉哈拉 黑,瓜達拉哈拉 黑,瓜達拉哈拉 黑,아과스칼리엔테스 블랙,غوادالاخارا الأسود,Aguascalientes Zwart,Aguascalientes Black,Aguascalientes Hitam,อากวสกาเลียนเตสแบล็ค,Aguascalientes Đen,,,Aguascalientes Czerń,,
MexicanLeagueA_QuerétaroF.C.,Querétaro City,Santiago de Querétaro,Santiago de Querétaro,Santiago de Querétaro,Santiago de Querétaro,ケレタロ,Santiago de Querétaro,Сантьяго-де-Керетаро,克雷塔罗,克雷塔羅,克雷塔羅,케레타로,كويريتارو سيتي,Querétaro,Querétaro,Santiago de Querétaro,เกเรตาโร,Querétaro,,,Santiago de Querétaro,,
MexicanLeagueA_CelayaF.C.,Celaya,Celaya,Celaya,Celaya,Celaya,セラヤ,Celaya,Селая,塞拉亚,塞拉亞,塞拉亞,셀라야,سيلايا,Celaya,Celaya,Celaya,เซลายา,Celaya,,,Celaya,,
MexicanLeagueA_C.D.Tapatío,Zapopan,Zapopan,Zapopan,Zapopan,Zapopan,サポパン,Zapopan,Сапопан,萨波潘,薩波潘,薩波潘,사포판,سابوبان,Zapopan,Zapopan,Zapopan,ซาโปปาน,Zapopan,,,Zapopan,,
MexicanLeagueA_Raya2Expansión,Guadalupe,Guadalupe,Guadalupe,Guadalupe,Guadalupe,グアダルーペ,Guadalupe,Гуадалупе,瓜达卢佩,瓜達盧佩,瓜達盧佩,과달루페,جوادلوب,Guadalupe,Guadalupe,Guadalupe,กัวดาลูป,Guadalupe,,,Guadalupe,,
MexicanLeagueA_TepatitlánF.C.,Tepatitlán,Tepatitlán de Morelos,Tepatitlán de Morelos,Tepatitlán de Morelos,Tepatitlán de Morelos,テパティトラン,Tepatitlán de Morelos,Тепатитлан-де-Морелос,特帕蒂特兰,特帕蒂特蘭,特帕蒂特蘭,테파티틀란,تيباتيتلان,Tepatitlán de Morelos,Tepatitlán,Tepatitlán,เทปาติตลัน,Tepatitlán de Morelos,,,Tepatitlán de Morelos,,
MexicanLeagueA_CimarronesdeSonora,Hermosillo,Hermosillo,Hermosillo,Hermosillo,Hermosillo,エルモシージョ,Hermosillo,Эрмосильо,埃莫西约,埃莫西約,埃莫西約,에르모시요,هيرموسيلو,Hermosillo,Hermosillo,Hermosillo,เอร์โมซิโย,Hermosillo,,,Hermosillo,,
MexicanLeagueA_AtléticoMorelia,Morelia,Morelia,Morelia,Morelia,Morelia,モレリア,Morelia,Морелия,莫雷利亚,莫雷利亞,莫雷利亞,모렐리아,موريليا,Morelia,Morelia,Morelia,โมเรเลีย,Morelia,,,Morelia,,
MexicanLeagueA_AtlanteF.C.,Ciudad de los Deportes,Ciudad de los Deportes,Ciudad de los Deportes,Ciudad de los Deportes,Ciudad de los Deportes,スポーツシティ,Ciudad de los Deportes,Спортивный город,体育城,體育城,體育城,스포츠시티,سيوداد دي لوس,Ciudad de los Deportes,Ciudad de los Deportes,Ciudad de los Deportes,สปอร์ตซิตี้,Ciudad de los Deportes,,,Ciudad de los Deportes,,
MexicanLeagueA_CorrecaminosUAT,Ciudad Victoria,Ciudad Victoria,Ciudad Victoria,Ciudad Victoria,Ciudad Victoria,シウダービクトリア,Ciudad Victoria,Сьюдад-Виктория,维多利亚城,維多利亞城,維多利亞城,시우다드빅토리아,مدينة فيكتوريا,Ciudad Victoria,Ciudad Victoria,Ciudad Victoria,ซิวดัดบิกโตเรีย,Ciudad Victoria,,,Ciudad Victoria,,
MexicanLeagueA_AtléticoLaPaz,La Paz,La Paz,La Paz,La Paz,La Paz,ラパス,La Paz,Ла-Пас,拉巴斯,拉巴斯,拉巴斯,라파스,لاباز,La Paz,La Paz,La Paz,ลาปาซ,La Paz,,,La Paz,,
MexicanLeagueA_TlaxcalaF.C.,Tlaxcala,Tlaxcala,Tlaxcala,Tlaxcala,Tlaxcala,トラスカラ,Tlaxcala,Тласкала,特拉斯卡拉,特拉斯卡拉,特拉斯卡拉,틀락스칼라주,تلاكسكالا,Tlaxcala,Tlaxcala,Tlaxcala,รัฐตลัซกาลา,Tlaxcala,,,Tlaxcala,,
MexicanLeagueA_VenadosF.C.,Mérida Yellow,Mérida Jaune,Mérida Giallo,Mérida Gelb,Mérida Amarillo,メリダ・イエロー,Mérida Amarelo,Мерида Жёлтый,梅里达黄,梅里達黃,梅里達黃,메리다 옐로우,ميريدا الأصفر,Mérida Geel,Mérida Sarısı,Mérida Kuning,เมริดา เหลือง,Mérida Vàng,,,Mérida Żółty,,
MexicanLeagueA_PumasTabasco,Villahermosa,Villahermosa,Villahermosa,Villahermosa,Villahermosa,ビヤエルモサ,Villahermosa,Вильяэрмоса,比亚埃尔莫萨,比亞埃爾莫薩,比亞埃爾莫薩,비야에르모사,فيلاهيرموسا,Villahermosa,Villahermosa,Villahermosa,วิลล่าที่สวยงาม,Villahermosa,,,Villahermosa,,
MexicanLeagueA_AlacranesdeDurango,Durango,Durango,Victoria de Durango,Victoria de Durango,Victoria de Durango,ドゥランゴ,Victoria de Durango,Виктория-де-Дуранго,杜兰戈,杜蘭戈,杜蘭戈,두랑고,دورانجو,Durango,Durango,Victoria de Durango,ดูรังโก,Durango,,,Durango,,
MexicanLeagueA_MinerosdeZacatecas,Zacatecas,Zacatecas,Zacatecas,Zacatecas,Zacatecas,サカテカス,Zacatecas,Сакатекас,萨卡特卡斯,薩卡特卡斯,薩卡特卡斯,사카테카스,زاكاتيكاس,Zacatecas,Zacatecas,Zacatecas,ซากาเตกัส,Zacatecas,,,Zacatecas,,
MexicanLeagueA_AlebrijesdeOaxaca,Oaxaca,Oaxaca de Juárez,Oaxaca de Juárez,Oaxaca de Juárez,Oaxaca de Juárez,オアハカ,Oaxaca de Juárez,Оахака,瓦哈卡,瓦哈卡,瓦哈卡,오아하카,أواكساكا,Oaxaca,Oaxaca,Oaxaca de Juárez,วาฮากา,Oaxaca,,,Oaxaca,,
MexicanLeagueA_CancúnF.C.,Cancún,Cancún,Cancún,Cancún,Cancún,カンクン,Cancún,Канкун,坎昆,港觀,港觀,캉쿤,كانكون,Cancún,Cancún,Cancun,แคนคูน,Cancún,,,Cancún,,
MexicanLeagueA_LeonesNegrosUdeG,Jalisco,Jalisco,Jalisco,Jalisco,Jalisco,ハリスコ,Jalisco,Халиско,哈利斯科,哈利斯戈,哈利斯戈,할리스코주,جاليسكو,Jalisco,Jalisco,Jalisco,รัฐฮาลิสโก,Jalisco,,,Jalisco,,
MexicanLeagueA_DoradosdeSinaloa,Culiacán,Culiacán,Culiacán,Culiacán,Culiacán,クリアカン,Culiacán,Кульякан,库利亚坎,庫利亞坎,庫利亞坎,쿨리아칸,كولياكان,Culiacán,Culiacán,Culiacán,กูเลียกัน,Culiacán,,,Culiacán,,
MexicanLeagueA_ClubLeónU23,Leon Green,Léon Vert,Leon Verde,Leon Grün,León Verde,レオングリーン,León Verde,Леон Зеленый,莱昂 绿,萊昂 綠,萊昂 綠,레온 그린,ليون جرين,Leon Groen,Leon Yeşil,Leon Hijau,ลีออนกรีน,Màu xanh lá Leon,,,Leon Zieleń,,
MexicanLeagueA_CFMonterreyU23,Monterrey Blue,Bleu de Monterrey,Blu di Monterrey,Monterrey Blau,Monterrey azul,モンテレーブルー,Monterrey Azul,Монтеррей Синий,蒙特雷 蓝,蒙特里 藍,蒙特里 藍,몬테레이 블루,مونتيري بلو,Monterrey blauw,Monterrey Mavisi,Monterrey Biru,มอนเตร์เรย์บลู,Xanh Monterrey,,,Monterrey błękit,,
MexicanLeagueA_CFPachucaU23,Pachuca Blue,Bleu de Pachuca,Blu di Pachuca,Pachuca Blau,Pachuca azul,パチューカブルー,Pachuca Azul,Пачука Синий,帕丘卡 蓝,帕丘卡 藍,帕丘卡 藍,파 추카 블루,باتشوكا بلو,Pachuca blauw,Pachuca Mavisi,Pachuca Biru,ปาชูก้าบลู,Xanh Pachuca,,,Pachuca błękit,,
MexicanLeagueA_ClubTijuanaU23,Tijuana Black,Tijuana Noir,Tijuana Black,Tijuana Schwarz,Tijuana Negro,ティフアナブラック,Tijuana Preto,Тихуана Черный,蒂华纳 黑,蒂華納 黑,蒂華納 黑,티후아나 블랙,تيخوانا بلاك,Tijuana Black,Tijuana Siyahı,Tijuana Hitam,ติฆัวนาลสีดำ,Tijuana đen,,,Tijuana Czerń,,
MexicanLeagueA_CFAméricaU23,Mexico City Yellow,Mexico Jaune,città del Messico Giallo,Mexiko Stadt Gelb,Ciudad de México Amarillo,メキシコシティエロー,Cidade do México Amarelo,Мехико Желтый,墨西哥城 黄,墨西哥城 黄,墨西哥城 黄,멕시코 시티 옐로우,مكسيكو سيتي الأصفر,Mexico Stad Geel,Meksika şehri Sarı,kota Meksiko Kuning,เม็กซิโกซิตี้หลือง,Màu vàng thành phố Mexico,,,Meksyk Żółć,,
MexicanLeagueA_SantosLagunaU23,Torreon Green,Torreon Vert,Torreon Verde,Torreon Grün,Torreón Verde,トレオングリーン,Torreon Verde,Торреон Зеленый,托雷翁 绿,托雷翁 綠,托雷翁 綠,토 레온 그린,توريون جرين,Torreon Groen,Torreon Yeşil,Torreon Hijau,โตร์เรียนกรีน,Màu xanh lá Torreon,,,Torreon Zieleń,,
DominicanRepublicLeagueA_AtléticoPantoja,Santo Domingo,Saint-Domingue,Santo Domingo,Santo Domingo,Santo Domingo,サントドミンゴ,São Domingos,Санто-Доминго,圣多明各,聖多明各,聖多明各,산토도밍고,سانتو دومينغو,Santo Domingo,Santo Domingo,Santo Domingo,ซานโตโดมิงโก,Santo Domingo,,,Santo Domingo,,
CostaRicaLeagueA_Alajuelense,Alajuela,Alajuela,Alajuela,Alajuela,Alajuela,アラフエラ,Alajuela,Алахуэла,阿拉胡埃拉,阿拉胡埃拉,阿拉胡埃拉,알라후엘라,ألاخويلا,Alajuela,Alajuela,Alajuela,อาลาฮัวลา,Alajuela,,,Alajuela,,
HondurasLeagueA_C.D.Olimpia,Tegucigalpa White,Tegucigalpa Blanc,Tegucigalpa Bianca ,Tegucigalpa Weiß,Tegucigalpa Blanco,テグシガルパワイト,Tegucigalpa Branco,Тегусигальпа Белый,特古西加尔巴 白,特古西加爾巴 白,特古西加爾巴 白,테구시갈파 화이트,تيغوسيغالبا وايت,Tegucigalpa Wit,Tegucigalpa Beyaz,Tegucigalpa Putih,เตกูซิกัลปาตีขาว,Trắng Tegucigalpa,,,Tegucigalpa Biel,,
HondurasLeagueA_C.D.Marathón,San Pedro Sula,San Pedro Sula,San Pedro Sula,San Pedro Sula,San Pedro Sula,サン・ペドロ・スーラ,San Pedro Sula,Сан-Педро-Сула,圣佩德罗苏拉,聖佩德羅蘇拉,聖佩德羅蘇拉,산페드로술라,سان بيدرو سولا,San Pedro Sula,San Pedro Sula,San Pedro Sula,ซานเปโดรซูลา,San Pedro Sula,,,San Pedro Sula,,
HaitianLeagueA_ArcahaieFC,Arcahaie,Arcahaie,Arcahaie,Arcahaie,Arcahaie,アルカイック,Arcahaie,Архаичный,阿尔卡艾,阿爾卡艾,阿爾卡艾,낡은,أركاهاي,Arcahaie,Arcahaie,Arcahaie,คร่ำครึ,Arcahaie,,,Arcahaie,,
NicaraguaLeagueA_RealEstelíFC,Estelí,Estelí,Estelí,Estelí,Estelí,エステリ,Estelí,Эстели,埃斯特利,埃斯特利,埃斯特利,에스텔리,إستيلي,Estelí,Estelí,Estelí,เอสเทลี,Estelí,,,Estelí,,
JamaicaLeagueA_PortmoreUnitedF.C.,Spanish Town,Spanish Town,Spanish Town,Spanish Town,Spanish Town,スパニッシュ・タウン,Spanish Town,Спаниш-Таун,西班牙镇,西班牙鎮,西班牙鎮,스패니시타운,سبانيش تاون,Spanish Town,Spanish Town,Spanish Town,เมืองสเปน,Spanish Town,,,Spanish Town,,
CostaRicaLeagueA_A.D.SanCarlos,Quesada,Ciudad Quesada,Quesada,Quesada,Quesada,ケサダ,Quesada,Кесада,克萨达,克薩達,克薩達,케사다,كيسادا,Quesada,Quesada,Quesada,เคซาด้า,Quesada,,,Quesada,,
ElSalvadorLeagueA_AlianzaF.C.,San Salvador,San Salvador,San Salvador,San Salvador,San Salvador,サンサルバドル,San Salvador,Сан-Сальвадор,圣萨尔瓦多,聖薩爾瓦多,聖薩爾瓦多,산살바도르,سان سلفادور,San Salvador,San Salvador,San Salvador,ซานซัลวาดอร์,San Salvador,,,San Salvador,,
RussianA_PFCCSKAMoscow,Moscow Red,Moscou rouge,Mosca rossa,Moskau Rot,Moscú rojo,モスクワレッド,Moscow Vermelho,Спартак Москва,莫斯科  红,莫斯科中央陸軍,莫斯科中央陸軍,모스크바 레드,ريد موسكو,Moskou rood,Moskova Kırmızısı,Moskow Merah,มอสโกแดง,Moscow Red,,,Moskwa Czerwień,,
RussianA_ZenitSaintPetersburg,Zenit,Zenit,Zenit,Zenit,Zenit,ゼニト,Zenit,Зенит,泽尼特,聖彼得堡辛尼特,聖彼得堡辛尼特,제니트,زينيت,Zenit,Zenit,Zenit,เซนิต,Zenit,,,Zenit,,
RussianA_Krasnodar,Krasnodar,Krasnodar,Krasnodar,Krasnodar,Krasnodar,クラスノダール,Krasnodar,Краснодар,克拉斯诺达尔,卡斯洛達,卡斯洛達,크라 스노 다르,كراسنودار,Krasnodar,Krasnodar,Krasnodar,คราสโนดาร์,Krasnodar,,,Krasnodar,,
RussianA_locomotiveMoscow,Moscow RB,Moscou RB,Mosca RB,Moskau RB,Moscú RB,モスクワRB,Moscow RB,ЦСКА,莫斯科  红蓝,火車頭,火車頭,모스크바 RB,موسكو آر. بي,Moskou RB,Moskova RB,Moscow Merah Biru,มอสโก RB,Moscow RB,,,Moskwa RB,,
RussianA_Rostov,Rostov,Rostov,Rostov,Rostow,Rostov,ロストフ,Rostov,Ростов,罗斯托夫,羅斯托夫,羅斯托夫,로스토프,روستوف,Rostov,Rostov,Rostov,รอสตอฟ,Rostov,,,Rostów,,
RussianA_DynamoMoscow,Moscow Blue,Bleu de Moscou,Blu di Mosca,Moskau Blau,Moscú azul,モスクワブルー,Moscou Azul,Динамо,莫斯科 蓝,戴拿模,戴拿模,모스크바 블루,موسكو بلو,Moskou blauw,Moskova Mavisi,Moskow Biru,มอสโกบลู,Xanh Mátxcơva,,,Moskwa Błękit,,
RussianA_SpartakMoscow,Moscow RW,Moscou RW,Mosca RW,Moskau RW,Moscú RW,モスクワRW,Moscow RW,Москва,莫斯科 红白,斯巴達,斯巴達,모스크바 RW,موسكو آر دبليو,Moskou RW,Moskova RW,Moskow Merah Putih,มอสโก RW,Moscow RW,,,Moskwa RW,,
RussianA_ArsenalTula,Tula,Tula,Tula,Tula,Tula,トゥーラ,Tula,Тула,图拉,圖拉兵工廠,圖拉兵工廠,툴라,تولا,Tula,Tula,Tula,ตูลา,Tula,,,Tuła,,
RussianA_Ufa,Ufa,Ufa,Ufa,Ufa,Ufa,ウファ,Ufa,Уфа,乌法,烏法,烏法,우파,أوفا,Ufa,Ufa,Ufa,อูฟา,Ufa,,,Ufa,,
RussianA_RubinKazan,Kazan,Kazan,Kazan,Kasan,Kazán,カザン,Kazan,Казань,喀山,卡山魯賓,卡山魯賓,카잔,كازان,Kazan,Kazan,Kazan,คาซาน,Kazan,,,Kazań,,
RussianA_Ural,Ural,Oural,Ural,Ural,Ural,ウラル,Ural,Урал,乌拉尔,烏拉爾,烏拉爾,우랄,الأورال,Ural,Ural,Ural,อูราล,Ural,,,Ural,,
RussianA_PFCSochi,Sochi,Sotchi,Sochi,Sotschi,Sochi,ソチ,Sochi,Сочи,索契,索契職業,索契職業,소치,سوتشي,Sotsji,Soçi,Sochi,โซซี,Sochi,,,Soczi,,
RussianA_TerekGrozny,Grozny,Grozny,Grozny,Grosny,Grozny,グロズヌイ,Grozny,Грозный,格罗兹尼,格羅茲尼艾卡馬特,格羅茲尼艾卡馬特,그로즈니,غروزني,Grozny,Grozni,Grozny,โกรซ์นี้,Grozny,,,Grozny,,
ArgentinaA_AtléticoBocaJuniors,La Boca,La Boca,La Boca,La Boca,La boca,ラボカ,La Boca,Ла Бока,拉博卡,小保加,小保加,라보카,لا بوكا,La Boca,La Boca,La Boca,ลาโบกา,La Boca,,,La Boca,,
ArgentinaA_AtléticoRiverPlate,Nunez,Nunez,Nunez,Nunez,Nunez,ヌネス,Nunez,Нуньес,努涅斯,河床,河床,누네즈,نونيز,Nunez,Nunez,Nunez,นูเนซ,Nunez,,,Nunez,,
ArgentinaA_AtléticoVélezSársfield,Liniers,Liniers,Liniers,Liniers,Liniers,リネルス,Liniers,Линез,利涅斯,利涅斯,利涅斯,리니에르스,لينرز,Sársfield,Liniers,Liniers,ลินซ์ส,Liniers,,,Liniers,,
ArgentinaA_Racing,Avellaneda Blue,Avellaneda Blue,Avellaneda Blue,Avellaneda Blue,Avellaneda Blue,アベジャネーダ・ブルー,Avellaneda Azul,Avellaneda Blue,阿韦亚内达 蓝,阿韋亞內達 藍,阿韋亞內達 藍,아베야네다 블루,أفيلانيدا بلو,Avellaneda Blue,Avellaneda Blue,Avellaneda Blue,อเวลลาเนดา บลู,Avellaneda Blue,,,Avellaneda Błękit,,
ArgentinaA_AtléticaArgentinosJuniors,Buenos Aires,Buenos Aires,Buenos Aires,Buenos Aires,Buenos Aires,ブエノスアイレス,Buenos Aires,Буэнос-Айрес,布宜诺斯艾利斯,布宜諾斯艾利斯,布宜諾斯艾利斯,부에노스 아이레스,بوينس آيرس,Buenos Aires,Buenos Aires,Buenos Aires,บัวโนสไอเรส,Buenos Aires,,,Buenos Aires,,
ArgentinaA_DefensayJusticia,Florencio Varela,Florencio Varela,Florencio Varela,Florencio Varela,Florencio Varela,フロレンシオ・ヴァレラ,Florêncio Varela,Florencio Varela,弗洛伦西奥巴雷拉,弗洛倫西奧巴雷拉,弗洛倫西奧巴雷拉,플로렌시오 바렐라,فلورنسيو فاريلا,Florencio Varela,Florencio Varela,Florencio Varela,โฟรเรนซิโอ วาเรล่า,Florencio Varela,,,Florencio Varela,,
ArgentinaA_AtléticoLanús,Lanus,Lanus,Lanus,Lanus,Lanús,ラヌス,Lanús,Ланус,拉努斯,拉努斯,拉努斯,라누스,لانوس,Lanus,Lanus,Lanus,ลานัส,Lanus,,,Lanus,,
ArgentinaA_AtléticoSanLorenzo,Flores,Flores,Flores,Flores,Flores,フロレス,Flores,Flores,弗洛雷斯,弗洛雷斯,弗洛雷斯,플로레스,فلوريس,Flores,Flores,Flores,โฟลเร็ซ,Flores,,,Flores,,
ArgentinaA_AtléticoRosarioCentral,Rosario YB,Rosario YB,Rosario YB,Rosario YB,Rosario YB,ロザリオYB,Rosario YB,Росарио ЮБ,罗萨里奥 黄蓝,羅沙里奧中央,羅沙里奧中央,로사리오 YB,روزاريو واي . بي,Rosario YB,Rosario YB,Rosario Kuning Biru,โรซาริโอวายบี,Rosario YB,,,Rosario YB,,
ArgentinaA_AtléticoNewell'sOldBoys,Rosario RB,Rosario RB,Rosario RB,Rosario RB,Rosario RB,ロザリオRB,Rosario RB,Росарио РБ,罗萨里奥 红黑,紐維爾舊生,紐維爾舊生,로사리오 RB,روزاريو آر . بي,Rosario RB,Rosario RB,Rosario Merah Biru,โรซาริโอ อาร์บี,Rosario RB,,,Rosario RB,,
ArgentinaA_ArsenaldeSarandí,Sarandi,Sarandi,Sarandi,Sarandi,Sarandí,サランジ,Sarandi,Саранди,萨兰迪,沙蘭迪兵工廠,沙蘭迪兵工廠,사 란디,ساراندي,Sarandi,Sarandi,Sarandi,ซาเรนดี,Sarandi,,,Sarandi,,
ArgentinaA_AtléticoTalleres,Cordoba,Cordoue,Cordoba,Cordoba,Córdoba,コルドバ,Cordoba,Кордова,科尔多瓦,泰拿尼斯,泰拿尼斯,코르도바,قرطبة,Cordoba,Cordoba,Cordoba,คอร์โดบา,Cordoba,,,Cordoba,,
ArgentinaA_EstudiantesdeLaPlata,La Plata Red,La Plata Red,La Plata Red,La Plata Red,La Plata Red,ラプラタ・レッド,La Plata Vermelho,La Plata Red,拉普拉塔 红,拉普拉塔 紅,拉普拉塔 紅,라플라타 레드,ريد لا بلاتا,La Plata Red,La Plata Red,La Plata Red,ลาปลาต้าเรด,La Plata Red,,,La Plata Czerwień,,
ArgentinaA_SarmientoJunin,Junín,Junín,Junín,Junín,Junín,フニン,Junín,Junín,胡宁,胡寧,胡寧,후닌,جونين,Junín,Junín,Junín,ฮูนิน,Junín,,,Junín,,
ArgentinaA_Colón,Santa Fe RB,Santa Fe RB,Santa Fe RB,Santa Fe RB,Santa Fe RB,サンタフェ・RB,Santa Fé VP,Santa Fe RB,圣塔菲 红黑,聖塔菲 紅黑,聖塔菲 紅黑,산타페 RB,سانتا في آر . بي,Santa Fe RB,Santa Fe RB,Santa Fe RB,ซานตาเฟ่ RB,Santa Fe RB,,,Santa Fe RB,,
ArgentinaA_Huracán,Parque Patricios,Parque Patricios,Parque Patricios,Parque Patricios,Parque Patricios,パーク・パトリシオ,Parque Patricios,Parque Patricios,帕特里克公园,帕特里克公園,帕特里克公園,파크 파트리시오,باتريسيوس بارك,Parque Patricios,Parque Patricios,Parque Patricios,ปาร์ตริก ปาตริเซียส,Parque Patricios,,,Parque Patricios,,
ArgentinaA_GimnasiayEsgrimaLaPlata,La Plata White,La Plata White,La Plata White,La Plata White,La Plata White,ラプラタ・ホワイト,La Plata Branco,La Plata White,拉普拉塔 白,拉普拉塔 白,拉普拉塔 白,라플라타 화이트,لابلاتا وايت,La Plata White,La Plata White,La Plata White,ลาปลาต้าไวท์,La Plata White,,,La Plata Biel,,
ArgentinaA_UnionSantaFe,Santa Fe RW,Santa Fe RW,Santa Fe RW,Santa Fe RW,Santa Fe RW,サンタフェ・RW,Santa Fé VB,Santa Fe RW,圣塔菲 红白,聖塔菲 紅白,聖塔菲 紅白,산타페 RW,سانتا في آر. دبليو,Santa Fe RW,Santa Fe RW,Santa Fe RW,ซานตาเฟ่ RW,Santa Fe RW,,,Santa Fe RW,,
ArgentinaA_AtléticoAldosivi,Mar del Plata,Mar del Plata,Mar del Plata,Mar del Plata,Mar del Plata,マルデルプラタ,Mar del Plata,Mar del Plata,马德普拉塔,馬德普拉塔,馬德普拉塔,마르델플라타,مار ديل بلاتا,Mar del Plata,Mar del Plata,Mar del Plata,มาร์เดอพลาต้า,Mar del Plata,,,Mar del Plata,,
ArgentinaA_AtléticoIndependiente,Avellaneda Red,Avellaneda Red,Avellaneda Red,Avellaneda Red,Avellaneda Red,アヴェヤネダ・レッド,Avellaneda Vermelho,Avellaneda Red,阿韦亚内达 红,阿韋亞內達 紅,阿韋亞內達 紅,아베야네다 레드,ريد أفيلانيدا,Avellaneda Red,Avellaneda Red,Avellaneda Red,อาวาเลนเดอนา,Avellaneda Red,,,Avellaneda Czerwień,,
ArgentinaA_DeportivoGodoyCruzAntonioTomba,Godoy Cruz,Godoy Cruz,Godoy Cruz,Godoy Cruz,Godoy Cruz,ゴドイクルス,Godoy Cruz,Godoy Cruz,戈多克鲁斯,戈多克魯斯,戈多克魯斯,고도이크루스,جودوي كروز,Godoy Cruz,Godoy Cruz,Godoy Cruz,โกดอย ครูซ,Godoy Cruz,,,Godoy Cruz,,
ArgentinaA_AtléticoPlatense,Florida,Florida,Florida,Florida,Florida,フロリダ,Flórida,Florida,弗洛里达,弗洛里達,弗洛里達,플로리다,فلوريدا,Florida,Florida,Florida,ฟลอริดา,Florida,,,Florida,,
ArgentinaA_AtléticoBanfield,Banfield,Banfield,Banfield,Banfield,Banfield,バンフィールド,Banfield,Banfield,班菲尔德,班菲爾德,班菲爾德,반필드,بانفيلد,Banfield,Banfield,Banfield,แบนฟิลด์,Banfield,,,Banfield,,
ArgentinaA_AtléticoCentralCórdoba,Santiago del Estero BW,Santiago del Estero BW,Santiago del Estero BN,Santiago del Estero SW,Santiago del Estero BN,サンティアゴ・デル・エステロBW,Santiago del Estero PB,Сантьяго-дель-Эстеро ЧБ,圣地亚哥-德尔埃斯特罗黑白,聖地牙哥-德爾埃斯特羅黑白,聖地牙哥-德爾埃斯特羅黑白,산티아고델에스테로 BW,سانتياغو ديل إستيرو BW,Santiago del Estero ZW,Santiago del Estero SB,Santiago del Estero HW,ซันติอาโกเดลเอสเตโร ขาวดำ,Santiago del Estero Đen Trắng,,,Santiago del Estero CzB,,
ArgentinaA_AtléticoPatronato,Paraná,Paraná,Paraná,Paraná,Paraná,パラナ,Paraná,Paraná,巴拉纳,巴拉納,巴拉納,파라나,بارانا,Paraná,Paraná,Paraná,ปารานา,Paraná,,,Paraná,,
ArgentinaA_AtléticoTucumán,San Miguel de Tucumán Blue,San Miguel de Tucumán Bleu,San Miguel de Tucumán Blu,San Miguel de Tucumán Blau,San Miguel de Tucumán Azul,サン・ミゲル・デ・トクマン・ブルー,San Miguel de Tucumán Azul,Сан-Мигель-де-Тукуман Синий,圣米格尔-德图库曼蓝,聖米格爾-德圖庫曼藍,聖米格爾-德圖庫曼藍,산미구엘데투쿠만 블루,سان ميغيل دي توكومان الأزرق,San Miguel de Tucumán Blauw,San Miguel de Tucumán Mavisi,San Miguel de Tucumán Biru,ซานมิเกลเดอตูกูมัน น้ำเงิน,San Miguel de Tucumán Xanh Dương,,,San Miguel de Tucumán Niebieski,,
ArgentinaA_ClubAtléticoTigre,Victoria,Victoria,Victoria,Victoria,Victoria,ビクトリア,Vitória,Victoria,维多利亚,維多利亞,維多利亞,빅토리아,فيكتوريا,Victoria,Victoria,Victoria,วิคตอเรีย,Victoria,,,Victoria,,
ArgentinaA_ClubAtléticoBarracasCentral,Barracas,Barracas,Barracas,Barracas,Barracas,バラカス,Barracas,Барракас,巴拉卡斯,巴拉卡斯,巴拉卡斯,바라카스,براكاس,Barracas,Barracas,Barracas,บาร์ราคัส,Barracas,,,Barracas,,
ArgentinaA_ClubAtléticoBelgrano,Nunez Blue,Bleu de Nunez,Blu di Nunez,Nunez Blau,Nunez azul,ヌネスブルー,Nunez Azul,Нуньес Синий,努涅斯 蓝,努涅斯 藍,努涅斯 藍,누네즈 블루,نونيز بلو,Nunez blauw,Nunez Mavisi,Nunez Biru,นูเนซบลู,Xanh Nunez,,,Nunez Błękit,,
ArgentinaA_InstitutodeCórdoba,Cordoba Red,Cordoue rouge,Cordoba rossa,Cordoba Rot,Córdoba rojo,コルドバレッド,Cordoba Vermelho,Кордова Красный,科尔多瓦 红,科爾多瓦 紅,科爾多瓦 紅,코르도바 레드,ريد قرطبة,Cordoba rood,Cordoba Kırmızısı,Cordoba Merah,คอร์โดบาแดง,Cordoba Red,,,Cordoba Red,,
ArgentinaA_SanMartíndeTucumán,San Miguel de Tucumán Red,San Miguel de Tucumán Rouge,San Miguel de Tucumán Rosso,San Miguel de Tucumán Rot,San Miguel de Tucumán Rojo,サン・ミゲル・デ・トクマン・レッド,San Miguel de Tucumán Vermelho,Сан-Мигель-де-Тукуман Красный,圣米格尔-德图库曼红,聖米格爾-德圖庫曼紅,聖米格爾-德圖庫曼紅,산미구엘데투쿠만 레드,سان ميغيل دي توكومان الأحمر,San Miguel de Tucumán Rood,San Miguel de Tucumán Kırmızısı,San Miguel de Tucumán Merah,ซานมิเกลเดอตูกูมัน แดง,San Miguel de Tucumán Đỏ,,,San Miguel de Tucumán Czerwony,,
ArgentinaA_GimnasiayEsgrimadeMendoza,Mendoza,Mendoza,Mendoza,Mendoza,Mendoza,メンドーサ,Mendoza,Мендоса,门多萨,门多萨,门多萨,멘도사,مندوزا,Mendoza,Mendoza,Mendoza,เมนโดซา,Mendoza,,,Mendoza,,
ArgentinaA_ClubAtléticoAllBoys,Floresta,Floresta,Floresta,Floresta,Floresta,フロレスタ,Floresta,Флореста,弗洛雷斯塔,弗洛雷斯塔,弗洛雷斯塔,플로레스타,فلوريستا,Floresta,Floresta,Floresta,ฟลอเรสต้า,Floresta,,,Floresta,,
ArgentinaA_EstudiantesdeRíoCuarto,Río Cuarto,Río Cuarto,Río Cuarto,Río Cuarto,Río Cuarto,リオ・クアルト,Río Cuarto,Рио-Куарто,里奥夸尔托,里奧誇爾托,里奧誇爾托,리오쿠아르토,ريو كوارتو,Río Cuarto,Río Cuarto,Río Cuarto,ริโอกัวร์โต,Río Cuarto,,,Río Cuarto,,
ArgentinaA_EstudiantesdeBuenosAires,Caseros,Caseros,Caseros,Caseros,Caseros,カセロス,Caseros,Касерос,卡塞罗斯,卡塞羅斯,卡塞羅斯,카세로스,كاسيروس,Caseros,Caseros,Caseros,คาเซรอส,Caseros,,,Caseros,,
ArgentinaA_ClubAlmagro,José Ingenieros,José Ingenieros,José Ingenieros,José Ingenieros,José Ingenieros,ホセ・エンジニアズ,José Ingenieros,Хосе Инженерс,何塞·因格尼埃罗斯,何塞·因格尼埃羅斯,何塞·因格尼埃羅斯,호세 엔지니어,خوسيه إنجينيروس,José Ingenieros,José Ingenieros,José Ingenieros,โฮเซ่ เอ็นจิเนียร์,José Ingenieros,,,José Ingenieros,,
ArgentinaA_IndependienteRivadavia,Mendoza Blue,Bleu de Mendoza,Blu di Mendoza,Mendoza Blau,Mendoza azul,メンドーサブルー,Mendoza Azul,Мендоса Синий,门多萨 蓝,门多萨 藍,门多萨 藍,멘도사 블루,مندوزا بلو,Mendoza blauw,Mendoza Mavisi,Mendoza Biru,เมนโดซาบลู,Xanh Mendoza,,,Mendoza Błękit,,
ArgentinaA_ChacoForEver,Resistencia,Resistencia,Resistencia,Resistencia,Resistencia,レシステンシア,Resistência,Ресистенсия,雷西斯滕西亚,雷西斯滕西亞,雷西斯滕西亞,레시스텐시아,ريزيستينسيا,Resistencia,Resistencia,Resistencia,เรซิสเตนเซีย,Resistencia,,,Resistencia,,
ArgentinaA_DeportivoRiestra,Buenos Aires Black,Buenos Aires Noir,Buenos Aires Black,Buenos Aires Black,Buenos Aires Noir,ブエノスアイレスブラック,Buenos Aires Preto,Буэнос-Айрес Блэк,布宜诺斯艾利斯 黑,布宜諾斯艾利斯 黑,布宜諾斯艾利斯 黑,부에노스 아이레스  블랙,بلاك بوينس آيرس,Buenos Aires Zwart,Buenos Aires Black,Buenos Aires Hitam,บัวโนสไอเรสแบล็ค,Buenos Aires Đen,,,Buenos Aires Czerń,,
ArgentinaA_DefensoresdeBelgrano,Nunez Red,Nunez rouge,Nunez rossa,Nunez Rot,Nunez rojo,ヌネスレッド,Nunez Vermelho,Нуньес Красный,努涅斯 红,努涅斯 紅,努涅斯 紅,누네즈 레드,نونيز ريد,Nunez rood,Nunez Kırmızısı,Nunez Merah,นูเนซแดง,Nunez Red,,,Nunez Czerwień,,
ArgentinaA_DeportivoMorón,Morón,Morón,Morón,Morón,Morón,モロン,Morón,Морон,莫龙,莫龍,莫龍,모론,مورون,Morón,Morón,Morón,ฮัมม็อค,Morón,,,Morón,,
ArgentinaA_SanMartíndeSanJuan,San Juan,San Juan,San Juan,San Juan,San Juan,サンフアン,San Juan,Сан-Хуан,圣胡安,聖胡安,聖胡安,산후안,سان خوان,San Juan,San Juan,San Juan,ซานฆวน,San Juan,,,San Juan,,
ArgentinaA_ChacaritaJuniors,Villa Crespo,Villa Crespo,Villa Crespo,Villa Crespo,Villa Crespo,ビジャ・クレスポ,Villa Crespo,Вилла Креспо,克雷斯波别墅,克雷斯波別墅,克雷斯波別墅,빌라 크레스포,فيلا كريسبو بلو,Villa Crespo,Villa Crespo,Villa Crespo,วิลล่าเครสโป,Villa Crespo,,,Villa Crespo,,
ArgentinaA_FerroCarrilOeste,Caballito,Caballito,Caballito,Caballito,Caballito,カバジート,Caballito,Кабальито,卡巴利托,卡巴利托,卡巴利托,카바지트,كاباليتو,Caballito,Caballito,Caballito,กาบัลลิโต,Caballito,,,Caballito,,
ArgentinaA_DeportivoMadryn,Puerto Madryn,Puerto Madryn,Puerto Madryn,Puerto Madryn,Puerto Madryn,プエルト マドリン,Puerto Madryn,Пуэрто-Мадрин,马德林港,馬德林港,馬德林港,푸에르토마드린,بويرتو مادرين,Puerto Madryn,Puerto Madryn,Puerto Madryn,เปอร์โต มาดรีน,Puerto Madryn,,,Puerto Madryn,,
ArgentinaA_ClubAtléticoAtlanta,Villa Crespo Blue,Bleu de Villa Crespo,Blu di Villa Crespo,Villa Crespo Blau,Villa Crespo azul,ビジャ・クレスポブルー,Villa Crespo Azul,Villa Crespo Синий,克雷斯波别墅 蓝,克雷斯波別墅 藍,克雷斯波別墅 藍,빌라 크레스포 블루,فيلا كريسبو الأزرق,Villa Crespo blauw,Villa Crespo Mavisi,Villa Crespo Biru,วิลล่าเครสโปบลู,Xanh Villa Crespo,,,Villa Crespo Błękit,,
ArgentinaA_QuilmesAtléticoClub,Quilmes,Quilmes,Quilmes,Quilmes,Quilmes,キルメス,Quilmes,Кильмес,基尔梅斯,基爾梅斯,基爾梅斯,킬메스,كويلمس,Quilmes,Quilmes,Quilmes,ควิลเมส,Quilmes,,,Quilmes,,
ArgentinaA_DeportivoMaipú,Maipú,Maipú,Maipú,Maipú,Maipú,マイプ,Maipú,Майпу,迈普,迈普,迈普,마이푸,مايبو,Maipú,Maipú,Maipú,ไมปู,Maipú,,,Maipú,,
ArgentinaA_ClubAtléticoMitre,Santiago del Estero YB,Santiago del Estero YB,Santiago del Estero GB,Santiago del Estero YB,Santiago del Estero AB,サンティアゴ・デル・エステロYB,Santiago del Estero YB,Сантьяго-дель-Эстеро ЖК,圣地亚哥-德尔埃斯特罗黄黑,聖地牙哥-德爾埃斯特羅黃黑,聖地牙哥-德爾埃斯特羅黃黑,산티아고델에스테로 YB,سانتياغو ديل إستيرو YB,Santiago del Estero YB,Santiago del Estero SY,Santiago del Estero YH,ซันติอาโกเดลเอสเตโร เหลืองดำ,Santiago del Estero Vàng Đen,,,Santiago del Estero YC,,
ArgentinaA_ClubAtléticoBrown,Adrogué,Adrogué,Adrogué,Adrogué,Adrogué,アドログエ,Adrogué,одурманенный,阿德罗格,阿德羅格,阿德羅格,약에 취한,أدروجي,Adrogué,Adrogué,Adrogué,ติดยา,Adrogué,,,Adrogué,,
ArgentinaA_GimnasiayEsgrimadeJujuy,San Salvador de Jujuy,San Salvador de Jujuy,San Salvador de Jujuy,San Salvador de Jujuy,San Salvador de Jujuy,サン・サルバドール・デ・フフイ,San Salvador de Jujuy,Сан-Сальвадор-де-Жужуй,圣萨尔瓦多-德胡胡伊,聖薩爾瓦多-德胡胡伊,聖薩爾瓦多-德胡胡伊,산살바도르데후후이,سان سلفادور دي خوخوي,San Salvador de Jujuy,San Salvador de Jujuy,San Salvador de Jujuy,ซาน ซัลวาดอร์ เด จูคุย,San Salvador de Jujuy,,,San Salvador de Jujuy,,
ArgentinaA_GuillermoBrown,Puerto Madryn Blue,Bleu de Puerto Madryn,Blu di Puerto Madryn,Puerto Madryn Blau,Puerto Madryn azul,プエルト マドリンブルー,Puerto Madryn Azul,Пуэрто-Мадрин Синий,马德林港 蓝,馬德林港 藍,馬德林港 藍,푸에르토마드린 블루,بويرتو مادرين بلو,Puerto Madryn blauw,Puerto Madryn Mavisi,Puerto Madryn Biru,เปอร์โต มาดรีนบลู,Xanh Puerto Madryn,,,Puerto Madryn Błękit,,
SwedishA_Malmo,Malmo,Malmö,Malmo,Malmö,Malmo,マルメ,Malmo,Мальме,马尔默,馬模,馬模,말뫼,مالمو,Malmö,Malmö,Malmo,มัลโม,Malmo,,,Malmo,,
SwedishA_Goteborg,Goteborg,Goteborg,Goteborg,Göteborg,Goteborg,ヨーテボリ,Goteborg,Гетеборг,哥德堡,哥登堡,哥登堡,예테보리,جوتبرج,Goteborg,Goteborg,Goteborg,โกเทบอร์ก,Gothenburg,,,Goteborg,,
SwedishA_Norrkoping,Norrkoping,Norrkoping,Norrkoping,Norrkoping,Norrkoping,ノルシェーピン,Norrkoping,Норрчёпинг,北雪平,諾高平,諾高平,노르 셰핑,نوركوبينج,Norrköping,Norrkoping,Norrköping,นอเชอปิง,Norrkoping,,,Norrkoping,,
SwedishA_IFElfsborg,Boras,Boras,Boras,Boras,Boras,ボロース,Boras,Борас,布罗斯,艾夫斯堡,艾夫斯堡,브로스,بوراس,Boras,Boras,Boras,โบราส,Boras,,,Boras,,
SwedishA_SiriusUppsalaIKFK,Uppsala,Uppsala,Uppsala,Uppsala,Upsala,ウプサラ,Uppsala,Упсала,乌普萨拉,施利奧斯,施利奧斯,웁살라,أوبسالا,Uppsala,Uppsala,Uppsala,อุปซอลา,Uppsala,,,Uppsala,,
SwedishA_DjurgårdensIFFotboll,Stockholm Blue,Bleu Stockholm,Stockholm Blue,Stockholm Blau,Estocolmo azul,ストックホルムブルー,Stockholm Azul,Стокгольмский синий,斯德哥尔摩 蓝,佐加頓斯體育會,佐加頓斯體育會,스톡홀름 블루,ستوكهولم بلو,Stockholm blauw,Stockholm Mavisi,Stockholm Biru,สตอกโฮล์มบลู,Stockholm Blue,,,Sztokholm Błękit,,
SwedishA_Blekinge,Blekinge,Blekinge,Blekinge,Blekinge,Blekinge,ブレーキンゲ,Blekinge,Блекинге,布莱金厄,布萊金厄,布萊金厄,블레킹에,بليكينج,Blekinge,Blekinge,Blekinge,บลีกิ่งจ์,Blekinge,,,Blekinge,,
SwedishA_Ostersund,Ostersund,Ostersund,Ostersund,Ostersund,Ostersund,エステルスンド,Ostersund,Эстерсунд,厄斯特松得,奧斯特桑斯,奧斯特桑斯,외스테르순드,اوسترسوند,Ostersund,Östersund,Ostersund,ออส์เตอร์ซั่นด์,Ostersund,,,Ostersund,,
SwedishA_Örebro,Orebro,Orebro,Orebro,Orebro,Orebro,オレブロ,Orebro,Эребро,厄勒布鲁,奧雷布洛,奧雷布洛,외 레브로,أوريبرو,Orebro,Orebro,Orebro,เออเรบรู,Orebro,,,Orebro,,
SwedishA_VarbergsBoIS,Varberg,Varberg,Varberg,Varberg,Varberg,バールベリ,Varberg,Варберг,瓦尔贝里,華堡,華堡,바르베리,فاربرغ,Varberg,Varberg,Varberg,วาร์เบิร์ก,Varberg,,,Varberg,,
SwedishA_AIKSolna,Solna,Solna,Solna,Solna,Solna,ソルナ,Solna,Сольна,索尔纳,AIK蘇納,AIK蘇納,솔나,سولنا,Solna,Solna,Solna,โซลนา,Solna,,,Solna,,
SwedishA_Helsingborg,Helsingborg,Helsingborg,Helsingborg,Helsingborg,Helsingborg,ヘルシンボリ,Helsingborg,Хельсинборг,赫尔辛堡,希爾星堡,希爾星堡,헬싱보리,هيلسينجبورج,Helsingborg,Helsingborg,Helsingborg,เฮลซิงบอร์ก,Helsingborg,,,Helsingborg,,
TurkishA_İstanbulBaşakşehir,Istanbul Orange,Orange d'Istanbul,Istanbul Orange,Istanbul Orange,Estambul naranja,イスタンブールオレンジ,Istambul Laranja,Стамбул Оранжевый,伊斯坦布尔 橙,伊斯坦布爾 橙,伊斯坦布爾 橙,이스탄불 오렌지,إسطنبول أورانج,Istanbul Oranje,İstanbul Portakal,Istanbul Oranye,อิสตันบูลออเรนจ์,Istanbul Orange,,,Stambuł Pomarańcz,,
TurkishA_Trabzonspor,Trabzon,Trabzon,Trebisonda,Trabzon,Trebisonda,トラブゾン,Trebizonda,Трабзон,特拉布宗,特拉布宗,特拉布宗,트라브존,طرابزون,Trabzon,Trabzon,Trabzon,แทรบซอน,Trabzon,,,Trabzon,,
TurkishA_BeşiktaşJ.K.,Beşiktaş,Beşiktaş,Beşiktaş,Beşiktaş,Beşiktaş,ベシクタシュ,Beşiktaş,Бешикташ,贝西克塔什,貝西克塔什,貝西克塔什,베식타시,بشكتاش,Beşiktaş,Beşiktaş,Beşiktaş,เบซิคตัส,Beşiktaş,,,Beşiktaş,,
TurkishA_Sivasspor,Sivas,Sivas,Sivas,Sivas,Sivas,スィヴァス,Sivas,Сивас,锡瓦斯,錫瓦斯,錫瓦斯,시바스,سيفاس,Sivas,Sivas,Sivas,สิวะ,Sivas,,,Sivas,,
TurkishA_Alanyaspor,Alanya,Alanya,Alanya,Alanya,Alanya,アラニヤ,Alânia,Аланья,阿拉尼亚,阿拉尼亞,阿拉尼亞,알란 야,ألانيا,Alanya,Alanya,Alanya,อลันยา,Alanya,,,Alanya,,
TurkishA_GalatasaraySpor,Istanbul Red,Rouge d'Istanbul,Istanbul Red,Istanbul Rot,Estambul rojo,イスタンブールレッド,Istambul Vermelho,Стамбул Красный,伊斯坦布尔 红,加拉塔沙雷,加拉塔沙雷,이스탄불 레드,ريد إسطنبول,Istanbul Rood,İstanbul Kırmızı,Istanbul Merah,อิสตันบูลสีแดง,Istanbul đỏ,,,Stambuł Czerwień,,
TurkishA_FenerbahçeS.K.,Istanbul Yellow,Jaune d'Istanbul,Istanbul Yellow,Istanbul Gelb,Amarillo Estambul,イスタンブールイエロー,Istambul Amarelo,Стамбул Желтый,伊斯坦布尔 黄,費倫巴治體育會,費倫巴治體育會,이스탄불 옐로우,إسطنبول الأصفر,Istanbul Geel,İstanbul Sarı,Istanbul Kuning,อิสตันบูลสีเหลือง,Istanbul màu vàng,,,Stambuł Żółć,,
TurkishA_GaziantepF.K.,Gaziantep,Gaziantep,Gaziantep,Gaziantep,Gaziantep,ガズィアンテプ,Gaziantepe,Газиантеп,加济安泰普,加濟安泰普大都會,加濟安泰普大都會,가지 안 테프,غازي عنتاب,Gaziantep,Gaziantep,Gaziantep,กาซีอันเท็พ,Gaziantep,,,Gaziantep,,
TurkishA_Antalyaspor,Antalya,Antalya,Adalia,Antalya,Antalya,アンタルヤ,Antália,Анталия,安塔利亚,安塔利亞,安塔利亞,안탈리아,أنطاليا,Antalya,Antalya,Antalya,อันตัลยา,Antalya,,,Antalya,,
TurkishA_KasımpaşaS.K.,Beyoğlu,Beyoğlu,Beyoğlu,Beyoğlu,Beyoğlu,ベイオール,Beyoğlu,Бейоглу,贝伊奥卢,貝伊奧盧,貝伊奧盧,베이욜루,بيوغلو,Beyoğlu,Beyoğlu,Beyoğlu,เบโยกลู,Beyoğlu,,,Beyoğlu,,
TurkishA_AltınorduF.K.,Izmir,Izmir,Izmir,Izmir,Esmirna,イズミル,Izmir,Измир,伊兹密尔,高斯迪比,高斯迪比,이즈미르,إزمير,Izmir,İzmir,Izmir,อิซเมียร์,Izmir,,,Izmir,,
TurkishA_GençlerbirliğiS.K.,Ankara,Ankara,Ankara,Ankara,Ankara,アンカラ,Ancara,Анкара,安卡拉,真格拿拜列治,真格拿拜列治,앙카라,أنقرة,Ankara,Ankara,Ankara,อังการา,Ankara,,,Ankara,,
TurkishA_Konyaspor,Konya,Konya,Konya,Konya,Konya,コンヤ,Cônia,Конья,科尼亚,科尼亞,科尼亞,코니아,قونية,Konya,Konya,Konya,คอนยา,Konya,,,Konya,,
TurkishA_ErzurumsporF.K.,Erzurum,Erzurum,Erzurum,Erzurum,Erzurum,エルズルム,Erzurum,Эрзурум,埃尔祖鲁姆,埃爾祖魯姆,埃爾祖魯姆,에르주룸,أرضروم,Erzurum,Erzurum,Erzurum,แอร์ซูรุม,Erzurum,,,Erzurum,,
TurkishA_Bursaspor,Bursa,Bursa,Bursa,Bursa,Bursa,ブルサ,Bursa,Бурса,布尔萨,布爾薩,布爾薩,부르사,بورصه,Bursa,Bursa,Bursa,บูร์ซา,Bursa,,,Bursa,,
TurkishA_Denizlispor,Denizli,Denizli,Denizli,Denizli,Denizli,デニズリ,Denizli,Денизли,代尼兹利,代尼茲利,代尼茲利,데니즐리,دنيزلي,Denizli,Denizli,Denizli,เดนิซลี,Denizli,,,Denizli,,
TurkishA_CaykurRizespor,Rize,Rize,Rize,Rize,Rize,リゼ,Rize,Ризе,里泽,里澤,里澤,리제,ريزي,Rize,Rize,Rize,ไรซ์,Rize,,,Rize,,
TurkishA_FatihKaragümrükS.K.,Fatih,Fatih,Fatih,Fatih,Distrito de Fatih,ファティ,Fatih,Фатих,法蒂赫,法蒂赫,法蒂赫,파티흐,الفاتح,Fatih,Fatih,Fatih,ผู้พิชิต,Fatih,,,Fatih,,
TurkishA_AdanaDemirspor,Adana,Adana,Adana,Adana,Adana,アダナ,Adana,Адана,阿达纳,阿達納,阿達納,아다나,أضنة,Adana,Adana,Adana,อาดานา,Adana,,,Adana,,
TurkishA_Hatayspor,Antakya,Antakya,Antiochia,Antakya,Antioquía,アンタキヤ,Antáquia,Антакья,安塔基亚,安塔基亞,安塔基亞,안타키아,أنطاكيا,Antiochië,Antakya,Antakya,อันทักยา,Antakya,,,Antiochia,,
TurkishA_Kayserispor,Kayseri,Kayseri,Kayseri,Kayseri,Kayseri,カイセリ,Caiseri,Кайсери,开塞利,卡伊瑟里,卡伊瑟里,카이세리,قيصري,Kayseri,Kayseri,Kayseri,คัยเซรี,Kayseri,,,Kayseri,,
TurkishA_Giresunspor,Giresun,Giresun,Giresun,Giresun,Giresun,ギレスン,Giresun,Гиресун,吉雷松,吉雷松,吉雷松,기레순,غيرسون,Giresun,Giresun,Giresun,กิเรซุน,Giresun,,,Giresun,,
TurkishA_MKEAnkaragücü,Ankara Yellow,Ankara Jaune,Ankara Giallo,Ankara Gelb,Ankara Amarillo,アンカラエロー,Ancara Amarelo,Анкара Желтый,安卡拉 黄,安卡拉 黄,安卡拉 黄,앙카라 옐로우,أنقرة الأصفر,Ankara Geel,Ankara Sarı,Ankara Kuning,อังการาหลือง,Màu vàng Ankara ,,,Ankara Żółć,,
TurkishA_İstanbulspor,Istanbul Black,Noir d'Istanbul,Istanbul Black,Istanbul Schwarz,Estambul Negro,イスタンブールブラック,Istambul Preto,Стамбул Черный,伊斯坦布尔 黑,伊斯坦布爾 黑,伊斯坦布爾 黑,이스탄불 블랙,بلاك إسطنبول,Istanbul Black,İstanbul Siyahı,Istanbul Hitam,อิสตันบูลสีดำ,Istanbul đen,,,Stambuł Czerń,,
TurkishA_Ümraniyespor,Ümraniye,Ümraniye,Ümraniye,Ümraniye,Ümraniye,ウムラニエ,Ümraniye,Умрание,乌拉尼耶,烏拉尼耶,烏拉尼耶,라니예,عمرانية,Ümraniye,Ümraniye,Ümraniye,อุมรานีเย,Ümraniye,,,Ümraniye,,
TurkishA_Bandırmaspor,Bandırma,Bandırma,Bandırma,Bandırma,Bandırma,バンドゥルマ,Bandırma,Бандырма,班德尔马,班德爾馬,班德爾馬,담그다,بانديرما,Bandırma,Bandırma,Bandırma,แบนเดียร์มา,Bandırma,,,Bandırma,,
TurkishA_Eyüpspor,Eyüp,Eyüpsultan,Eyüp,Eyüpsultan,Eyüp,エユプスルタン,Eyüp,Эюп,苏丹,蘇丹,蘇丹,에윱술탄,أيوب,Eyüp,Eyüpsultan,Eyüpsultan,เอยุปซุลตัน,Eyüp,,,Eyüp,,
TurkishA_Samsunspor,Samsun,Samsun,Samsun,Samsun,Samsun,サムスン,Samsun,Самсун,萨姆松,森松,森松,삼순,سامسون,Samsun,Samsun,Samsun,ซัมซุน,Samsun,,,Samsun,,
TurkishA_Boluspor,Bolu,Bolu,Bolu,Bolu,Bolu,ボル,Bolu,Болу,博卢,博盧,博盧,볼루,بولو,Bolu,Bolu,Bolu,แยก,Bolu,,,Bolu,,
TurkishA_Bodrumspor,Bodrum,Bodrum,Bodrum,Bodrum,Bodrum,ボドルム,Bodrum,Бодрум,博德鲁姆,博德魯姆,博德魯姆,보드룸,بودروم,Bodrum,Bodrum,Bodrum,ชั้นใต้ดิน,Bodrum,,,Bodrum,,
TurkishA_Pendikspor,Pendik,Pendik,Pendik,Pendik,Pendik,ペンディック,Pendik,Пендик,彭迪克,彭迪克,彭迪克,펜딕,بنديك,Pendik,Pendik,Pendik,เพนดิก,Pendik,,,Pendik,,
TurkishA_AnkaraKeçiörengücüS.K.,Keçiören,Keçiören,Keçiören,Keçiören,Keçiören,ケシオレン,Keçiören,Кечиорен,凯乔伦,凱喬倫,凱喬倫,케치외렌,كيسيورين,Keçiören,Keçiören,Keçiören,เคซิโอเรน,Keçiören,,,Keçiören,,
TurkishA_Sakaryaspor,Adapazarı,Adapazarı,Adapazarı,Adapazarı,Adapazarı,アダパザル,Adapazarı,Адапазары,阿达帕扎勒,阿達帕扎勒,阿達帕扎勒,아다파자리,آدابازاري,Adapazarı,Adapazarı,Adapazarı,อาดาปาซารี,Adapazarı,,,Adapazarı,,
TurkishA_ManisaBBSK,Manisa,Manisa,Magnesia,Manisa,Manisa,マニサ,Manisa,Маниса,马尼萨,馬尼薩,馬尼薩,마니사,مانيسا,Manisa,Manisa,Manisa,มานิสา,Manisa,,,Manisa,,
TurkishA_GöztepeS.K.,Göztepe,Göztepe,Göztepe,Göztepe,Göztepe,ゴズテペ,Göztepe,Гозтепе,戈兹特佩,戈茲特佩,戈茲特佩,괴즈테페,جوزتيبي,Göztepe,Göztepe,Göztepe,กัซเทเป,Göztepe,,,Göztepe,,
TurkishA_Adanaspor,Adana Orange,Orange d'Adana,Adana Orange,Adana Orange,Adana naranja,アダナオレンジ,Adana Laranja,Адана Оранжевый,阿达纳 橙,阿達納 橙,阿達納 橙,아다나 오렌지,أضنة أورانج,Adana Oranje,Adana Portakal,Adana Oranye,อาดานาออเรนจ์,Adana Orange,,,Adana Pomarańcz,,
TurkishA_Tuzlaspor,Tuzla,Tuzla,Tuzla,Tuzla,Tuzla,トゥズラ,Tuzla,Тузла,图兹拉,圖茲拉,圖茲拉,투즐라,توزلا,Tuzla,Tuzla,Tuzla,ทูซล่า,Tuzla,,,Tuzla,,
TurkishA_AltayS.K.,Bornova,Bornova,Bornova,Bornova,Bornova,ボルノバ,Bornova,Борнова,博尔诺瓦,博爾諾瓦,博爾諾瓦,보르노바,بورنوفا,Bornova,Bornova,Bornova,บอร์โนวา,Bornova,,,Bornova,,
TurkishA_Kocaelispor,Izmir Green,Vert de Izmir,Izmir Green,Izmir Green,Esmirna verde,イズミルグリーン,Izmir Verde,Измир Грин,伊兹密尔 绿,伊茲密爾 綠,伊茲密爾 綠,이즈미르 그린,إزمير جرين,Izmir Green,İzmir Yeşili,Izmir Hijau,อิซเมียร์กรีน,Izmir Green,,,Izmir Zieleń,,
TurkishA_KaracabeyBelediyespor,Karacabey,Karacabey,Karacabey,Karacabey,Karacabey,カラカベイ,Karacabey,Караджабей,卡拉贾贝伊,卡拉賈貝伊,卡拉賈貝伊,카라카베이,كاراكابي,Karacabey,Karacabey,Karacabey,คาราบาว,Karacabey,,,Karakaby,,
TurkishA_Kirklarelispor,Kırklareli,Kırklareli,Kırklareli,Kırklareli,Kırklareli,クルクラーレリ,Kırklareli,Кыркларели,克尔克拉雷利,克爾克拉雷利,克爾克拉雷利,키르클라렐리,كيركلاريلي,Kırklareli,Kırklareli,Kırklareli,เคิร์กลาเรลี,Kirklareli,,,Kırklareli,,
TurkishA_EtimesgutBelediyespor,Ankara Black,Ankara noir,Ankara Black,Ankara Schwarz,Ankara Negro,アンカラブラック,Ancara Preto,Анкара Черный,安卡拉 黑,安卡拉 黑,安卡拉 黑,앙카라 블랙,بلاك أنقرة,Ankara Black,Ankara Siyahı,Ankara Hitam,อังการาดดำ,Ankara đen,,,Ankara Czerń,,
PolishA_LegiaWarszawa,Warsaw,Varsovie,Varsavia,Warschau,Varsovia,ワルシャワ,Varsóvia,Варшава,华沙,華沙,華沙,바르샤바,وارسو,Warschau,Varşova,Warsawa,วอร์ซอ,Warszawa,,,Warszawa,,
PolishA_LechPoznan,Poznań,Poznań,Poznań,Posen,Poznan,ポズナン,Poznan,Познань,波兹南,波茲南,波茲南,포즈난,بوزنان,Poznań,Poznań,Poznań,ปอซนัญ,Poznań,,,Poznań,,
PolishA_PiastGliwice,Gliwice,Gliwice,Gliwice,Gliwice,Gliwice,グリビツェ,Gliwice,Гливице,格利维采,格利維采皮亞斯特,格利維采皮亞斯特,글리 비체,جليفيتش,Gliwice,Gliwice,Gliwice,กลิวิซ,Gliwice,,,Gliwice,,
PolishA_LechiaGdańsk,Gdansk,Gdansk,Gdansk,Danzig,Gdansk,グダニスク,Gdansk,Гданьск,格但斯克,格但斯克萊吉亞,格但斯克萊吉亞,그단스크,غدانسك,Gdansk,Gdansk,Gdansk,กดานสค์,Gdansk,,,Gdańsk,,
PolishA_ŚląskWrocław,Wroclaw,Wroclaw,Wroclaw,Breslau,Wroclaw,ヴロツワフ,Wroclaw,Вроцлав,弗洛兹瓦夫,樂斯拉夫,樂斯拉夫,브로츠와프,فروتسواف,Wroclaw,Wroclaw,Wroclaw,รอกลอว์,Wroclaw,,,Wrocław,,
PolishA_MKSPogońSzczecin,Szczecin,Szczecin,Szczecin,Stettin,Szczecin,シュチェチン,Szczecin,Щецин,什切青,什切青波貢,什切青波貢,슈 체친,شتشيتسين,Szczecin,Szczecin,Szczecin,เซเซซีน,Szczecin,,,Szczecin,,
PolishA_KSCracovia,Krakow RW,Cracovie RW,Cracovia RW,Krakau RW,Cracovia RW,クラクフRW,Cracóvia Vermelho Branco,Висла Краков,克拉科夫 红白,克拉科維亞,克拉科維亞,크라코프 RW,كراكوف آر. دبليو,Krakau RW,Krakow RW,Krakow Merah Putih,คราคูฟ อาร์ดะบลู,Krakow RW,,,Kraków Biel,,
PolishA_JagielloniaBiałystok,Bialystok,Bialystok,Bialystok,Bialystok,Bialystok,ビャウィストク,Bialystok,Белосток,比亚韦斯托克,積基朗尼亞,積基朗尼亞,비아위스토크,بياليستوك,Bialystok,Bialystok,Bialystok,เบียลีสตอก,Bialystok,,,Białystok,,
PolishA_GórnikZabrze,Zabrze,Zabrze,Zabrze,Zabrze,Zabrze,ザブジェ,Zabrze,Забже,扎布热,薩比利斯,薩比利斯,자브제,زابجه,Zabrze,Zabrze,Zabrze,ซาบริ,Zabrze,,,Zabrze,,
PolishA_Lubin,Lubin,Lubin,Lubin,Lubin,Lubin,ルビン,Lubin,Любин,卢宾,盧賓,盧賓,루빈,لوبين,Lubin,Lubin,Lubin,ลูบิน,Lubin,,,Lubin,,
PolishA_WisłaPłock,Warsaw Blue,Bleu de Varsovie,Blu di Varsavia,Warschau Blau,Varsovia Azul,ワルシャワブルー,Varsóvia Azul,Варшавский синий,华沙 蓝,華沙普洛克,華沙普洛克,바르샤바 블루,وارسو بلو,Warschau Blauw,Varşova Mavisi,Warsawa Biru,วอร์ซอสีน้ำเงิน,Xanh Warsaw,,,Warszawa Błękit,,
PolishA_WisłaKraków,Krakow Red,Cracovie rouge,Cracovia rosso,Krakau Rot,Rojo Cracovia,クラクフレッド,Cracóvia Vermelho,Краков Красный,克拉科夫 红,克拉科夫,克拉科夫,크라코프 레드,ريد كراكوف,Krakau rood,Krakow Kırmızısı,Krakow Merah,คราคูฟแดง,Krakow đỏ,,,Kraków Czerwień,,
DanishA_Midtjylland,Herning,Herning,Herning,Herning,Herning,ヘアニング,Herning,Хернинг,海宁,米迪蘭特,米迪蘭特,헤르 닝,هيرنينغ,Herning,Herning,Herning,เฮิร์นนิง,Herning,,,Herning,,
DanishA_FCCopenhagen,Copenhagen,Copenhague,Copenaghen,Kopenhagen,Copenhague,コペンハーゲン,Copenhaga,Копенгаген,哥本哈根,哥本哈根,哥本哈根,코펜하겐,كوبنهاغن,Kopenhagen,Kopenhag,Kopenhagen,โคเปนเฮเกน,Copenhagen,,,Kopenhaga,,
DanishA_Aarhus_AGF,Aarhus,Aarhus,Aarhus,Aarhus,Aarhus,オーフス,Aarhus,Орхус,奥胡斯,阿曉斯,阿曉斯,오르후스,آرهوس,Aarhus,Aarhus,Aarhus,ออร์ฮูส,Aarhus,,,Aarhus,,
DanishA_Brondby_IF,Brundby,Brundby,Brundby,Brundby,Brundby,ブランドビー,Brundby,Брандби,布龙比,布隆德比,布隆德比,브론비,بروندبي,Brundby,Brundby,Brundby,บรันด์บี,Brundby,,,Brundby,,
DanishA_Aalborg,Aalborg,Aalborg,Aalborg,Aalborg,Aalborg,オールボー,Aalborg,Ольборг,奥尔堡,奧爾堡,奧爾堡,올보르,ألبورغ,Aalborg,Aalborg,Aalborg,อัลบอร์ก,Aalborg,,,Aalborg,,
DanishA_FC_Nordsjælland,Farum,Farum,Farum,Farum,Farum,ファールム,Farum,Фарум,法鲁姆,洛斯查蘭特,洛斯查蘭特,파룸,فاروم,Farum,Farum,Farum,ฟารัม,Farum,,,Farum,,
DanishA_Odense_BK,Odense,Odense,Odense,Odense,Odense,オーデンセ,Odense,Оденсе,欧登塞,奧丹斯,奧丹斯,오덴세,أودنسي,Odense,Odense,Odense,โอเดนเซ,Odense,,,Odensa,,
DanishA_Sonderjyske,Haderslev,Haderslev,Haderslev,Haderslev,Haderslev,ハザスレウ,Haderslev,Хадерслев,哈泽斯莱乌,桑德捷斯基,桑德捷斯基,하데르슬레우,هادرسليف,Haderslev,Haderslev,Haderslev,ฮาดอร์สเล็บ,Haderslev,,,Haderslev,,
DanishA_Lyngby,Kongens Lyngby,Kongens Lyngby,Kongens Lyngby,Kongens Lyngby,Kongens Lyngby,コンゲンス・リュンビー,Kongens Lyngby,Конгенс Лунгбю,孔恩斯灵比,寧比,寧比,콩 겐스 링비,كونجينز لينجبي,Kongens Lyngby,Kongens Lyngby,Kongens Lyngby,โกงเกนลิงบี,Kongens Lyngby,,,Kongens Lyngby,,
DanishA_Silkeborg_IF,Silkeborg,Silkeborg,Silkeborg,Silkeborg,Silkeborg,シルケボー,Silkeborg,Силькеборг,锡尔克堡,錫爾克堡,錫爾克堡,실케 보르,سيلكبورج,Silkeborg,Silkeborg,Silkeborg,ซิลเคบอร์ก,Silkeborg,,,Silkeborg,,
DanishA_AC_Horsens,Horsens,Horsens,Horsens,Horsens,Horsens,ホーセンス,Horsens,Хорсенс,霍尔森斯,霍爾森斯,霍爾森斯,호르 센스,هورسنز,Horsens,Horsens,Horsens,ม้า,Horsens,,,Horsens,,
DanishA_Randers_FC,Randers,Randers,Randers,Randers,Randers,ラナース,Randers,Рандерс,兰讷斯,蘭達斯,蘭達斯,라네르스,راندرز,Randers,Randers,Randers,แรนเดอร์ส,Randers,,,Randers,,
DanishA_Hobro_IK,Hobro,Hobro,Hobro,Hobro,Hobro,ホブロ,Hobro,Хобро,霍步罗,霍布羅,霍布羅,호브로,هوبرو,Hobro,Hobro,Hobro,โฮโบร,Hobro,,,Hobro,,
NorwegianA_Molde,Molde,Molde,Molde,Molde,Molde,モルデ,Molde,Мольде,莫尔德,莫爾德,莫爾德,몰데,مولدي,Molde,Molde,Molde,โมลเด,Molde,,,Molde,,
NorwegianA_Bodo,Bodo,Bodo,Bodo,Bodo,Bodo,ボーデ,Bodo,Бодо,博德,博多,博多,보도,بودو,Bodo,Bodo,Bodo,โบโด,Bodo,,,Bodo,,
NorwegianA_Rosenborg,Trondheim,Trondheim,Trondheim,Trondheim,Trondheim,トロンハイム,Trondheim,Тронхейм,特隆赫姆,特隆赫姆,特隆赫姆,트론헤임,تروندهايم,Trondheim,Trondheim,Trondheim,ทรอนด์เฮม,Trondheim,,,Trondheim,,
NorwegianA_Odd,Skien,Skien,Skien,Skien,Skien,スキーエン,Skien,Скиен,希恩,洛辛堡,洛辛堡,시엔,سكاين,Skien,Skien,Skien,สเกียน,Skien,,,Skien,,
NorwegianA_Viking,Stavanger,Stavanger,Stavanger,Stavanger,Stavanger,スタヴァンゲル,Stavanger,Ставангер,斯塔万格,維京,維京,스타방 에르,ستافنجر,Stavanger,Stavanger,Stavanger,สตาวังเงร์,Stavanger,,,Stavanger,,
NorwegianA_Kristiansund,Kristiansund,Kristiansund,Kristiansund,Kristiansund,Kristiansund,クリスチャンスン,Kristiansund,Кристиансунд,克里斯蒂安松,基斯迪辛特,基斯迪辛特,크리스티안순,كريستيانسوند,Kristiansund,Kristiansund,Kristiansund,คริสเตียนซุนด์,Kristiansund,,,Kristiansund,,
NorwegianA_Haugesund,Haugesund,Haugesund,Haugesund,Haugesund,Haugesund,ハウゲスン,Haugesund,Хаугсунд,海于格松,侯格辛特,侯格辛特,헤우게순,هاوجيسوند,Haugesund,Haugesund,Haugesund,เฮาเกซุนด์,Haugesund,,,Haugesund,,
NorwegianA_Stabæk,Barum,Barum,Barum,Barum,Barum,バルム,Barum,Барум,贝鲁姆,史達比克,史達比克,바룸,باروم,Barum,Barum,Barum,บารุม,Barum,,,Barum,,
NorwegianA_SKBrann,Bergen,Bergen,Bergen,Bergen,Bergen,ベルゲン,Bergen,Берген,卑尔根,卑爾根,卑爾根,베르겐,بيرغن,Bergen,Bergen,Bergen,เบอร์เกน,Bergen,,,Bergen,,
NorwegianA_Vålerenga,Oslo,Oslo,Oslo,Oslo,Oslo,オスロ,Oslo,Осло,奥斯陆,華拉倫加,華拉倫加,오슬로,أوسلو,Oslo,Oslo,Oslo,ออสโล,Oslo,,,Oslo,,
NorwegianA_Strømsgodset,Drammen,Drammen,Drammen,Drammen,Drammen,ドランメン,Drammen,Драммен,德拉门,史卓加斯特,史卓加斯特,드 람멘,درامن,Drammen,Drammenler,Drammen,ดรัมเมน,Người đóng kịch,,,Drammen,,
NorwegianA_Sarpsborg,Sarpsborg,Sarpsborg,Sarpsborg,Sarpsborg,Sarpsborg,サルプスボルグ,Sarpsborg,Сарпсборг,萨普斯堡,薩普斯堡,薩普斯堡,사릅스보르그,ساربسبورغ,Sarpsborg,Sarpsborg,Sarpsborg,ซาร์ปสบอร์ก,Sarpsborg,,,Sarpsborg,,
NorwegianA_Mjøndalen,Modalen,Modalen,Modalen,Modalen,Modalen,ミェンダーレン,Modalen,Модален,莫达伦,莫達倫,莫達倫,모달 렌,مودالين,Modalen,Modalen,Modalen,โมดาเลน,Phương thức,,,Modalen,,
DutchA_FeyenoordRotterdam,Rotterdam Red,Rotterdam Red,Rotterdam Red,Rotterdam Red,Rotterdam Red,ロッテルダム・レッド,Vermelho de Roterdã,Rotterdam Red,鹿特丹 红,鹿特丹 紅,鹿特丹 紅,로테르담 레드,ريد روتردام,Rotterdam Red,Rotterdam Red,Rotterdam Red,ร็อตเตอร์ดัมเรด,Rotterdam Red,,,Rotterdam Czerwień,,
DutchA_PhilipsSportVereniging,Eindhoven,Eindhoven,Eindhoven,Eindhoven,Eindhoven,アイントホーフェン,Eindhoven,Эйндховен,埃因霍温,PSV燕豪芬,PSV燕豪芬,아인트호벤,أيندهوفن,Eindhoven,Eindhoven,Eindhoven,ไอนด์โฮเฟ่น,Eindhoven,,,Eindhoven,,
DutchA_Heerenveen,Heerenveen,Heerenveen,Heerenveen,Heerenveen,Heerenveen,ヘーレンフェーン,Heerenveen,Херенвен,海伦芬,海倫芬,海倫芬,헤이렌베인,هيرنفين,Heerenveen,Heerenveen,Heerenveen,ฮีเรนวีน,Heerenveen,,,Heerenveen,,
DutchA_Vitesse,Arnhem,Arnhem,Arnhem,Arnhem,Arnhem,アーネム,Arnhem,Арнем,阿纳姆,維迪斯職業足球基金會,維迪斯職業足球基金會,아넘,أرنهيم,Arnhem,Arnhem,Arnhem,อาร์นเฮม,Arnhem,,,Arnhem,,
DutchA_AjaxAmsterdam,Amsterdam,Amsterdam,Amsterdam,Amsterdam,Amsterdam,アムステルダム,Amsterdam,Амстердам,阿姆斯特丹,阿積士,阿積士,암스테르담,أمستردام,Amsterdam,Amsterdam,Amsterdam,อัมสเตอร์ดัม,Amsterdam,,,Amsterdam,,
DutchA_Twente,Enschede,Enschede,Enschede,Enschede,Enschede,エンスヘーデ,Enschede,Энсхуде,恩斯科德,特温特,特温特,엔스헤데,أنشيده,Enschede,Enschede,Enschede,อินเชดี,Enschede,,,Enschede,,
DutchA_FCGroningen,Groningen,Groningen,Groningen,Groningen,Groningen,フローニンゲン,Groningen,Гронинген,格罗宁根,格羅寧根,格羅寧根,흐로 닝언,جرونينجن,Groningen,Groningen,Groningen,โกรนินเกน,Groningen,,,Groningen,,
DutchA_FCUtrecht,Utrecht,Utrecht,Utrecht,Utrecht,Utrecht,ユトレヒト,Utrecht,Утрехт,乌得勒支,烏德勒支,烏德勒支,위트레흐트,أوتريخت,Utrecht,Utrecht,Utrecht,ยูเทรจ์ต,Utrecht,,,Utrecht,,
DutchA_PECZwolle,Zwolle,Zwolle,Zwolle,Zwolle,Zwolle,ズボーレ,Zwolle,Зволле,兹沃勒,施禾利,施禾利,즈볼러,زوول,Zwolle,Zwolle,Zwolle,ซโวลเลอ,Zwolle,,,Zwolle,,
DutchA_WillemII,Tilburg,Tilburg,Tilburg,Tilburg,Tilburg,ティルブルフ,Tilburg,Тилбург,提耳堡,威廉二世,威廉二世,틸뷔르흐,تيلبورغ,Tilburg,Tilburg,Tilburg,ทิลเบิร์ก,Tilburg,,,Tilburg,,
DutchA_HeraclesAlmelo,Almelo,Almelo,Almelo,Almelo,Almelo,アルメロ,Almelo,Алмело,阿尔默洛,艾美路荷華高斯,艾美路荷華高斯,알 멜로,ألميلو,Almelo,Almelo,Almelo,อัลเมโล่,Almelo,,,Almelo,,
DutchA_AZAlkmaar,Alkmaar,Alkmaar,Alkmaar,Alkmaar,Alkmaar,アルクマール,Alkmaar,Алкмар,阿尔克马尔,阿爾克瑪律,阿爾克瑪律,알크마르,الكمار,Alkmaar,Alkmaar,Alkmaar,อัลค์มาร์,Alkmaar,,,Alkmaar,,
DutchA_SCCambuur,Leeuwarden,Leeuwarden,Leeuwarden,Leeuwarden,Leeuwarden,レーワールデン,Leeuwarden,Leeuwarden,吕伐登,呂伐登,呂伐登,레이우아르던,ليوواردن,Leeuwarden,Leeuwarden,Leeuwarden,เลอวาเด้น,Leeuwarden,,,Leeuwarden,,
DutchA_RKCWaalwijk,Waalwijk,Waalwijk,Waalwijk,Waalwijk,Waalwijk,ヴァールヴァイク,Waalwijk,Waalwijk,瓦尔维克,瓦爾維克,瓦爾維克,발베익,فالفيك,Waalwijk,Waalwijk,Waalwijk,วาลไวค์,Waalwijk,,,Waalwijk,,
DutchA_NECNijmegen,Nijmegen,Nijmegen,Nijmegen,Nijmegen,Nijmegen,ナイメヘン,Nijmegen,Nijmegen,奈梅亨,名目徹,名目徹,네이메헌,نيميغن,Nijmegen,Nijmegen,Nijmegen,ไนเมเก้น,Nijmegen,,,Nijmegen,,
DutchA_GoAheadEagles,Deventer,Deventer,Deventer,Deventer,Deventer,デーフェンター,Deventer,Deventer,代文特,代文特,代文特,데벤테르,ديفينتر,Deventer,Deventer,Deventer,เดเวนเตอร์,Deventer,,,Deventer,,
DutchA_SpartaRotterdam,Rotterdam White,Rotterdam White,Rotterdam White,Rotterdam White,Rotterdam White,ロッテルダム・ホワイト,Roterdã Branco,Rotterdam White,鹿特丹 白,鹿特丹 白,鹿特丹 白,로테르담 화이트,روتردام وايت,Rotterdam White,Rotterdam White,Rotterdam White,ร็อตเตอร์ดัมไวท์,Rotterdam White,,,Rotterdam Biel,,
DutchA_FortunaSittard,Sittard,Sittard,Sittard,Sittard,Sittard,シッタード,Sittard,Sittard,锡塔德,錫塔德,錫塔德,싯타드,سيتارد,Sittard,Sittard,Sittard,ซิดตาร์ด,Sittard,,,Sittard,,
BelgianA_RCharleroiSC,Charleroi,Charleroi,Charleroi,Charleroi,Charleroi,シャルルロワ,Charleroi,Шарлеруа,沙勒罗瓦,沙勒羅瓦,沙勒羅瓦,샤를루아,شرلروة,Charleroi,Charleroi,Charleroi,ชาร์เลอรัว,Charleroi,,,Charleroi,,
BelgianA_BruggeK.V.,Bruges,Bruges,Bruges,Brügge,Brujas,ブルッヘ,Bruges,Брюгге,布鲁日,布魯日,布魯日,브뤼허,بروج,Brugge,Brugge,Brugge,บรูช,Brugge,,,Brugia,,
BelgianA_StandardLiège,Liège,Liège,Liegi,Lüttich,Lieja,リエージュ,Liège,Льеж,列日,列日,列日,리에주,لياج,Luik,Liège,Liège,ลีแยฌ,Liège,,,Liège,,
BelgianA_BeerschotVA,Antwerp Purple,Anvers Violet,Anversa Viola,Antwerpen Lila,Amberes Morado,アントウェルペン 紫,Antuérpia Roxo,Антверпен Фиолетовый,安特卫普 紫,安特衛普 紫,安特衛普 紫,안트베르펜 보라색,أنتويرب بنفسجي,Antwerpen Paars,Anvers Mor,Antwerpen Ungu,แอนต์เวิร์ป สีม่วง,Antwerpen Màu tím,,,Antwerpia Fioletowy,,
BelgianA_RoyalAntwerpFC,Antwerp,Anvers,Anversa,Antwerpen,Amberes,アントウェルペン,Antuérpia,Антверпен,安特卫普,安特衛普,安特衛普,안트베르펜,أنتويرب,Antwerpen,Anvers,Antwerpen,แอนต์เวิร์ป,Antwerpen,,,Antwerpia,,
BelgianA_Oud-HeverleeLeuven,Leuven,Louvain,Lovanio,Löwen,Lovaina,ルーヴェン,Lovaina,Лёвен,鲁汶,魯汶,魯汶,뢰번,لوفن,Leuven,Leuven,Leuven,เลอเฟิน,Leuven,,,Leuven,,
BelgianA_Anderlecht,Anderlecht,Anderlecht,Anderlecht,Anderlecht,Anderlecht,アンデルレヒト,Anderlecht,Андерлехт,安德莱赫特,安德萊赫特,安德萊赫特,앙되를레크트,أندرلخت,Anderlecht,Anderlecht,Anderlecht,อันเดอร์เลคต์,Anderlecht,,,Anderlecht,,
BelgianA_CercleBrugge,Bruges Green,Bruges Vert,Bruges Verde,Brügge Grün,Brujas Verde,ブルッヘ 緑,Bruges Verde,Брюгге Зелёный,布鲁日 绿,布魯日 綠,布魯日 綠,브뤼허 녹색,بروج أخضر,Brugge Groen,Brugge Yeşil,Brugge Hijau,บรูช เขียว,Brugge Xanh,,,Brugia Zielony,,
BelgianA_Oostende,Oostende,Ostende,Oostende,Oostende,Ostende,オーステンデ,Oostende,Остенде,奥斯坦德,奧斯坦德,奧斯坦德,오스텐드,أوستند,Oostende,Oostende,Oostende,ออซเท็นเด,Ostend,,,Oostende,,
BelgianA_KVKortrijk,Kortrijk,Courtrai,Courtrai,Kortrijk,Cortrique,コルトレイク,Kortrijk,Кортрейк,科特赖克,科特賴克,科特賴克,코르트레이크,كورتريك,Kortrijk,Kortrijk,Kortrijk,คอร์ทไรค์,Kortrijk,,,Kortrijk,,
BelgianA_KAAGent,Ghent,Gand,Gand,Gent,Gante,ヘント,Gent,Гент,根特,根特,根特,헨트,خنت,Gent,Gent,Gent,เกนต์,Gent,,,Gandawa,,
BelgianA_KASEupen,Eupen,Eupen,Eupen,Eupen,Eupen,オイペン,Eupen,Эйпен,奥伊彭,奧伊彭,奧伊彭,오이펜,أوبن,Eupen,Eupen,Eupen,ยูเปน,Eupen,,,Eupen,,
BelgianA_K.R.C.Genk,Genk,Genk,Genk,Genk,Genk,ヘンク,Genk,Генк,亨克,亨克,亨克,젠크,غنك,Genk,Genk,Genk,เกงค์,Genk,,,Genk,,
AustrianA_RedBullSalzburg,Salzburg,Salzbourg,Salisburgo,Salzburg,Salsburgo,ザルツブルク,Salzburg,Зальцбург,萨尔茨堡,薩爾斯堡紅牛,薩爾斯堡紅牛,잘츠부르크,سالزبورغ,Salzburg,Salzburg,Salzburg,ซัลบัวร์ค,Salzburg,,,Salzburg,,
AustrianA_RapidVienna,Vienna Green,Vienne Vert,Vienna Verde,Wien Grün,Viena Verde,ウィーン 緑,Viena Verde,Вена Зелёный,维也纳 绿,維也納 綠,維也納 綠,빈 녹색,فيينا أخضر,Wenen Groen,Viyana Yeşil,Wina Hijau,เวียนนา เขียว,Viên Xanh,,,Wiedeń Zielony,,
AustrianA_WolfsbergerAC,Wolfsberg,Wolfsberg,Wolfsberg,Wolfsberg,Wolfsberg,ヴォルフスベルク,Wolfsberg,Вольфсберг,沃尔夫斯贝格,禾夫斯貝加,禾夫斯貝加,울프스버그,ولفسبيرج,Wolfsberg,Wolfsberg,Wolfsberg,โวล์ฟสเบิร์ก,Wolfsberg,,,Wolfsberg,,
AustrianA_LASK,Linz,Linz,Linz,Linz,Linz,リンツ,Linz,Линц,林茨,林茨,林茨,린츠,لينتس,Linz,Linz,Linz,ลินทซ์,Linz,,,Linz,,
AustrianA_TSVHartberg,Hartberg,Hartberg,Hartberg,Hartberg,Hartberg,ハルトベルク,Hartberg,Хартберг,哈特贝格,哈特堡,哈特堡,하트버그,هارتبرج,Hartberg,Hartberg,Hartberg,ฮาร์ทเบิร์ก,Hartberg,,,Hartberg,,
AustrianA_SKSturmGraz,Graz,Graz,Graz,Graz,Graz,グラーツ,Graz,Грац,格拉茨,格拉茨,格拉茨,그라츠,غراتس,Graz,Graz,Graz,กราทซ์,Graz,,,Graz,,
AustrianA_AustriaVienna,Vienna Purple,Vienne Violet,Vienna Viola,Wien Lila,Viena Morado,ウィーン 紫,Viena Roxo,Вена Фиолетовый,维也纳 紫,維也納 紫,維也納 紫,빈 보라색,فيينا بنفسجي,Wenen Paars,Viyana Mor,Wina Ungu,เวียนนา สีม่วง,Viên Màu tím,,,Wiedeń Fioletowy,,
AustrianA_SCRheindorfAltach,Altach,Altach,Altach,Altach,Altach,SCラインドルフ・アルタッハ,Altach,Альтах,阿尔特阿赫,艾達治連多夫,艾達治連多夫,알타흐,ألتاش,Altach,Altach,Altach,อัลทัค,Altach,,,Altach,,
AustrianA_NiederösterreichSt. Pölten,Sankt Polten,Sankt Polten,Sankt Polten,Sankt Polten,Sankt Polten,ザンクト・ペルテン,Sankt Polten,Санкт-Польтен,圣珀尔滕,聖珀爾滕體育俱樂部,聖珀爾滕體育俱樂部,장크트푈텐,سانكت بولتن,Sankt Polten,Sankt Polten,Sankt Polten,แซนต์โปลเตน,Sankt Polten,,,Sankt Polten,,
AustrianA_SVMattersburg,Mattersburg,Mattersburg,Mattersburg,Mattersburg,Mattersburg,マッタースブルク,Mattersburg,Маттерсбург,马特斯堡,馬特斯堡體育會,馬特斯堡體育會,마테르스부르크,ماترسبورغ,Mattersburg,Mattersburg,Mattersburg,มาเตอร์สเบริ์ก,Mattersburg,,,Mattersburg,,
AustrianA_AdmiraWackerMödling,Modlin,Modlin,Modlin,Modlin,Modlin,モドリン,Modlin,Модлин,默德林,默德林足球會,默德林足球會,FC 아드미라 바커 뫼들링,مودلين,Modlin,Modlin,Modlin,โมดลิน,Modlin,,,Modlin,,
AustrianA_WSGSwarovskiTirol,Wattens,Wattens,Wattens,Wattens,Wattens,ヴァッテンス,Wattens,Ваттенс,瓦腾斯,瓦騰斯,瓦騰斯,스와 로브 스키,واتينز,Wattens,Wattens,Wattens,วัตเต้นส์,Wattens,,,Wattens,,
AustrianA_SVRied,Ried im Innkreis,Ried im Innkreis,Ried im Innkreis,Ried im Innkreis,Ried im Innkreis,リート・イム・インクライス,Ried im Innkreis,Рид-им-Иннкрайс,里德因克瑞斯,列特體育會,列特體育會,리트임인크라이스,ريد إم إنكريس,Ried im Innkreis,Ried im Innkreis,Ried im Innkreis,เรียดอิมอินน์เกรซ,Nói chuyện trong vòng kết nối,,,Ried im Innkreis,,
IndianA_Kolkata,Kolkata,Calcutta,Calcutta,Kolkata,Calcuta,コルカタ,Calcutá,Калькутта,加尔各答,加爾各答,加爾各答,콜카타,كولكاتا,Kolkata,Kalküta,Kolkata,กัลกัตตา,Kolkata,,,Kalkuta,,
IndianA_Bengaluru,Bengaluru,Bengaluru,Bengaluru,Bengaluru,Bangalore,バンガロール,Bengaluru,Бангалор,班加罗尔,班加羅爾,班加羅爾,벵갈 루루,بنغالورو,Bengaluru,Bengaluru,Bengaluru,เบงกาลูรู,Tiếng Bengaluru,,,Bengaluru,,
IndianA_Chennai,Chennai,Chennai,Chennai,Chennai,Chennai,チェンナイ,Chennai,Ченнаи,金奈,金奈,金奈,첸나이,تشيناي,Chennai,Chennai,Chennai,เจนไน,Chennai,,,Chennai,,
IndianA_Margao,Margao,Margao,Margao,Margao,Margao,マーガオ,Margao,Маргао,马尔加奥,瑪律加奧,瑪律加奧,마르 가오,مارجاو,Margao,Margao,Margao,มาร์กาว,Margao,,,Margao,,
IndianA_Hyderabad,Hyderabad,Hyderabad,Hyderabad,Hyderabad,Hyderabad,ハイデラバード,Hyderabad,Хайдарабад,海得拉巴,海德拉巴,海德拉巴,하이데라바드,حيدر أباد,Hyderabad,Haydarabad,Hyderabad,ไฮเดอราบาด,Hyderabad,,,Hyderabad,,
IndianA_Jamshedpur,Jamshedpur,Jamshedpur,Jamshedpur,Jamshedpur,Jamshedpur,ジャムシェドプール,Jamshedpur,Джамшедпур,贾姆谢德布尔,賈姆謝德布林,賈姆謝德布林,잠 셰드 푸르,جامشيدبور,Jamshedpur,Jamshedpur,Jamshedpur,ชัมเศทปุระ,Jamshedpur,,,Jamshedpur,,
IndianA_Kochi,Kochi Purple,Kochi Violet,Kochi Porpora,Kochi Lila,Kochi Púrpura,コーチ・パープル,Kochi Roxo,Коти Фиолетовый,科钦紫,科欽紫,科欽紫,고치 퍼플,كوتشي الأرجواني,Kochi Paars,Kochi Mor,Kochi Ungu,โคจิ ม่วง,Kochi Tím,,,Kochi Fioletowy,,
IndianA_Mumbai,Mumbai,Bombay,Mumbai,Mumbai,Mumbai,ムンバイ,Mumbai,Мумбаи,孟买,孟買,孟買,뭄바이,مومباي,Mumbai,Bombay,Mumbai,มุมไบ,Mumbai,,,Mumbai,,
IndianA_Guwahati,Guwahati,Guwahati,Guwahati,Guwahati,Guwahati,グワハティ,Guwahati,Гувахати,古瓦哈提,古瓦哈提,古瓦哈提,구와하티,جواهاتي,Guwahati,Guwahati,Guwahati,กูวาฮาติ,Guwahati,,,Guwahati,,
IndianA_Bhubaneshwar,Bhubaneshwar,Bhubaneshwar,Bhubaneshwar,Bhubaneshwar,Bhubaneshwar,ブバネシュワール,Bhubaneshwar,Бхубанешвар,布巴内什瓦尔,布巴內什瓦爾,布巴內什瓦爾,부바 네슈와 르,بوبانسوار,Bhubaneshwar,Bhubaneshwar,Bhubaneshwar,บูบันเนสชวาร์,Bhubaneshwar,,,Bhubaneshwar,,
IndianA_Srinagar,Srinagar,Srinagar,Srinagar,Srinagar,Srinagar,スリナガル,Srinagar,Сринагар,斯利那加,斯利那加,斯利那加,스리나가르,سريناغار,Srinagar,Srinagar,Srinagar,ศรีนคร,Srinagar,,,Srinagar,,
IndianA_Imphal,Imphal,Imphal,Imphal,Imphal,Imphal,インパール,Imphal,Импхал,因帕尔,因帕爾,因帕爾,임팔,إمفال,Imphal,Imphal,Imphal,อิมฟาล,Nguy hiểm,,,Imphal,,
IndianA_Aizawl,Aizawl,Aizawl,Aizawl,Aizawl,Aizawl,アイザウル,Aizawl,Айзавл,艾藻尔,艾藻爾,艾藻爾,아이 자울,أيزاول,Aizawl,Aizawl,Aizawl,ไอซอล,Aizawl,,,Aizawl,,
IndianA_Kozhikode,Kozhikode,Kozhikode,Kozhikode,Kozhikode,Kozhikode,Kozhikode,Kozhikode,Kozhikode,科泽科德,科澤科德,科澤科德,Kozhikode,كوزيكود,Kozhikode,Kozhikode,Kozhikode,Kozhikode,Kozhikode,,,Kozhikode,,
IndianA_Panjim,Panjim,Panjim,Panjim,Panjim,Panjim,Panjim,Panjim,Panjim,帕纳吉,帕納吉,帕納吉,Panjim,بانجيم,Panjim,Panjim,Panjim,Panjim,Panjim,,,Panjim,,
IndianA_Phagwara,Phagwara,Phagwara,Phagwara,Phagwara,Phagwara,Phagwara,Phagwara,Phagwara,珀瓜拉,珀瓜拉,珀瓜拉,Phagwara,فاجوارا,Phagwara,Phagwara,Phagwara,Phagwara,Phagwara,,,Phagwara,,
IndianA_Shillong,Shillong,Shillong,Shillong,Shillong,Shillong,Shillong,Shillong,Shillong,西隆,西隆,西隆,Shillong,شيلونغ,Shillong,Shillong,Shillong,Shillong,Shillong,,,Shillong,,
ThailandA_BangkokGlass_FC,Bangkok Green,Vert de Bangkok,Bangkok Green,Bangkok Green,Bangkok verde,バンコクグリーン,Bangkok Verde,Бангкок Грин,曼谷 绿,曼谷玻璃,曼谷玻璃,방콕 그린,بانكوك جرين,Bangkok Green,Bangkok Yeşili,Bangkok Hijau,บางกอกกรีน,Bangkok Green,,,Bangkok Zieleń,,
ThailandA_Chonburi,Chonburi,Chonburi,Chonburi,Chonburi,Chonburi,チョンブリ,Chonburi,Чонбури,春武里,春武里,春武里,촌부리,تشونبوري,Chonburi,Chonburi,Chonburi,ชลบุรี,Chonburi,,,Chonburi,,
ThailandA_BangkokUnited,Bangkok,Bangkok,Bangkok,Bangkok,Bangkok,バンコク,Bangkok,Бангкок,曼谷,曼谷,曼谷,방콕,بانكوك,Bangkok,Bangkok,Bangkok,กรุงเทพฯ,Bangkok,,,Bangkok,,
ThailandA_Ratchaburi_FC,Ratchaburi,Ratchaburi,Ratchaburi,Ratchaburi,Ratchaburi,ラチャブリ,Ratchaburi,Ратчабури,拉查布里府,拉查布裡府,拉查布裡府,라차 ​​부리,راتشابوري,Ratchaburi,Ratchaburi,Ratchaburi,ราชบุรี,Ratchaburi,,,Ratchaburi,,
ThailandA_Chiangrai_Utd,Chiangrai,Chiangrai,Chiang Rai,Chiang Rai,Chiang Rai,チェンライ,Chiangrai,Чианг Рай,清莱,清萊聯,清萊聯,치앙 라이,شيانج راي,Chiangrai,Chiang Rai,Chiangrai,เชียงราย,Chiangrai,,,Chiang Rai,,
ThailandA_Sukhothai_FC,Sukhothai,Sukhothai,Sukhothai,Sukhothai,Sukhothai,スコータイ,Sukhothai,Сукхотай,素可泰,素可泰,素可泰,수코타이,سوخوثاي,Sukhothai,Sukhothai,Sukhothai,สุโขทัย,Sukhothai,,,Sukhothai,,
ThailandA_Nakhon_Ratchasima,Nakhon Ratchasima,Nakhon Ratchasima,Nakhon Ratchasima,Nakhon Ratchasima,Nakhon Ratchasima,ナコンラチャシマ,Nakhon Ratchasima,Накхонратчасима,那空拉查斯马,那空拉查斯馬,那空拉查斯馬,나콘 랏차 시마,ناخون راتشاسيما,Nakhon Ratchasima,Nakhon Ratchasima,Nakhon Ratchasima,นครราชสีมา,Nakhon Ratchasima,,,Nakhon Ratchasima,,
ThailandA_Trat_FC,Trat,Trat,Trat,Trat,Trat,トラート,Trat,Трат,泰拉特,泰拉特,泰拉特,뜨랏 FC,ترات,Trat,Trat,Trat,ตราด,Trat,,,Trat,,
ThailandA_Buriram_United,Buriram,Buriram,Buriram,Buriram,Buriram,ブリーラム,Buriram,Бурирам,武里南,武裡南聯,武裡南聯,부리 람,بوريرام,Buriram,Buriram,Buriram,บุรีรัมย์,Buriram,,,Buriram,,
ThailandA_Muang_Thong_United,Muang Thong,Muang Thong,Muang Thong,Muang Thong,Tanga Muang,ムアントン,Muang Thong,Муанг Тонг,蒙通,蒙通聯,蒙通聯,무앙 통,موانج ثونج,Muang String,Muang Thong,Muang Thong,เมืองทอง,Muang Thong,,,Muang Thong,,
ThailandA_Suphanburi_FC,Suphanburi,Suphan Buri,Suphanburi,Suphan Buri,Suphan Buri,スパンブリー,Suphan Buri,Супханбури,素攀武里,素攀武里,素攀武里,수판 부리,سوفان بوري,Suphanburi,Suphan Buri,Suphanburi,สุพรรณบุรี,Suphanburi,,,Suphanburi,,
ThailandA_Pattaya_Utd,Pattaya,Pattaya,Pattaya,Pattaya,Pattaya,パタヤ,Pattaya,Паттайя,芭堤雅,芭堤雅聯,芭堤雅聯,파타야,باتايا,Pattaya,Pattaya,Pattaya,พัทยา,Pattaya,,,Pattaya,,
ThailandA_Prachuap_FC,Prachuap,Prachuap,Prachuap,Prachuap,Prachuap,プラチュワップ,Prachuap,Прачуап,班武里,巴蜀,巴蜀,프라 추압,براشواب,Prachuap,Prachuap,Prachuap,ประจวบ,Prachuap,,,Prachuap,,
HongKongA_Guangzhou_R&F_U-19,Guangzhou U19,Canton U19,Guangzhou U19,Guangzhou U19,Guangzhou U19,広州U19,Guangzhou Sub-19,Гуанчжоу-Молодежный,广州U-19,廣州U-19,廣州U-19,광저우 U19,كوانزو U19,Guangzhou O19,Guangzhou U19,Guangzhou U19,กว่างโจวยู 19,U19 Quảng Châu,,,Guangzhou U19,,
HongKongA_Kitchee,Mong Kok,Mong Kok,Mong Kok,Mong Kok,Mong Kok,おうかく,Mong Kok,Монг Кок,旺角,旺角,旺角,몽콕,مونغ كوك,Mong Kok,Mong Kok,Mong Kok,มงก๊ก,Mong Kok,,,Mong Kok,,
HongKongA_Eastern_Salon,Salon,Salon,Salone,Salon,Salón,サロン,Salão,Салон,沙龙,沙龍,沙龍,가게,صالون,Salon,Salon,Salon,ซาลอน,Salon,,,Salon,,
HongKongA_LeeMan_FC,Lee Wen,Lee Wen,Lee Wen,Lee Wen,Lee Wen,リー・ウェン,Lee Wen,Ли Вен,里文,裡文,裡文,이웬,لي ون,Lee Wen,Lee Wen,Lee Wen,ลีเหวิน,Lee Wen,,,Lee Wen,,
HongKongA_Southern_District,Southern District,District sud,Distretto meridionale,Südlicher Bezirk,Distrito sureño,なんぶちく,Distrito Sul,Южный округ,南区,南區,南區,남부 지구,المنطقة الجنوبية,Zuidelijk district,Güney Bölgesi,Distrik Selatan,เขตภาคใต้,Quận phía Nam,,,Dystrykt Południowy,,
HongKongA_WofooTaiPo_FC,Tai Po,Tai Po,Tai Po,Tai Po,Tai Po,タイポー,Tai Po,Тай По,大埔,大埔,大埔,타이포,تاي بو,Tai Po,Tai Po,Tai Po,ไทโป,Tai Po,,,Tai Po,,
HongKongA_HappyValley,Happy Athletic,Athlétique heureux,Felice atletico,Happy Athletic,Atlético feliz,ハッピーアスレチック,Feliz atlético,Счастливый Атлетик,愉竞,跑馬地,跑馬地,해피 애슬레틱,هابي أثليتيك,Gelukkig atletisch,Mutlu Atletik,Happy Athletic,แฮปปี้แอ ธ เลติก,Happy Athletic,,,Happy Athletic,,
HongKongA_TSW_Pegasus_FC,Pegasus,Pégase,Pegasus,Pegasus,Pegaso,ペガサス,Pegasus,Пегас,飞马,飛馬,飛馬,페가수스,بيغاسوس,Pegasus,Pegasus,Pegasus,เพกาซัส,Pegasus,,,Pegasus,,
HongKongA_Yuen_Long,Yuen Long,Yuen Long,Yuen Long,Yuen Long,Yuen Long,ユンロンく,Yuen Long,Юэнь Лонг,元朗,元朗,元朗,위엔 롱,يوين لونغ,Yuen Long,Yuen Long,Yuen Long,ยืนยาว,Yuen Long,,,Yuen Long,,
HongKongA_HK_Rangers_FC,Rangers,Rangers,Rangers,Rangers,Rangers,レンジャーズ,guardas,Рейнджерс,流浪,流浪,流浪,레인저스,رينجرز,Rangers,Rangers,Rangers,เรนเจอร์,kiểm lâm,,,Rangers,,
HongKongA_ResourcesCapital_FC,Capital,Capitale,Capitale,Hauptstadt,Capital,ピーク,Capital,Капитал,顶峰,頂峰,頂峰,자본,كابيتول,Kapitaal,Başkent,Capital,เมืองหลวง,Thủ đô,,,Capital,,
HongKongA_North_District,North District,District nord,Distretto nord,Nordbezirk,Distrito Norte,北地区,Distrito Norte,Северный округ,北区,北區,北區,북부 지구,منطقة الشمال,District Noord,Kuzey Bölgesi,Distrik Utara,เขตเหนือ,Quận Bắc,,,Dystrykt Północny,,
HongKongA_HongKong_Sapling,Sapling,Jeune arbre,Alberello,Setzling,Árbol joven,エリート,Mudas,Саженец,菁英,菁英,菁英,어린 나무,سابليتغ,Jonge boom,Fidan,Sapling,ต้นอ่อน,Sapling,,,Sapling,,
VietnamA_SaiGon_FC,Sai Gon,Sai Gon,Sai Gon,Sai Gon,Sai Gon,サイゴン,Sai Gon,Сай Гон,西贡,西貢,西貢,사이 곤,ساي غون,Sai Gon,Sai Gon,Sai Gon,ไซกอน,Sài gòn,,,Sai Gon,,
VietnamA_The_Cong_FC,Cong,Cong,Cong,Cong,Cong,コング,Cong,Конг,聪,體工,體工,콩,تسونغ,Cong,Cong,Cong,กอง,Cong,,,Cong,,
VietnamA_Than_Quang_Ninh,Quang Ninh,Quang Ninh,Quang Ninh,Quang Ninh,Quang Ninh,クアンニン,Quang Ninh,Куангнинь,广宁,廣寧,廣寧,꽝닌성,كوانغ نينه,Quang Ninh,Quang Ninh,Quang Ninh,กว๋างนิญ,Quang ninh,,,Quang Ninh,,
VietnamA_Ha_Noi_FC,Ha Noi,Ha Noi,Ha Noi,Ha Noi,Ha Noi,ハノイ,Ha Noi,Ханой,河内,河內,河內,하노이,هانوي,Ha Noi,Ha Noi,Ha Noi,ฮานอย,Hà nội,,,Ha Noi,,
VietnamA_HaNoiFC,Ha Noi,Ha Noi,Ha Noi,Ha Noi,Ha Noi,ハノイ,Ha Noi,Ханой,河内,河內,河內,하노이,هانوي,Ha Noi,Ha Noi,Ha Noi,ฮานอย,Hà nội,,,Ha Noi,,
VietnamA_Ho_Chi_Minh_City,Ho Chi Minh,Ho Chi Minh,Ho Chi Minh,Ho Chi Minh,Ho Chi Minh,ホーチミン,Ho Chi Minh,Хо Ши Мин,胡志明,胡志明市,胡志明市,호치민,هوشيمنه,Ho Chi Minh,Ho Chi Minh,Ho Chi Minh,โฮจิมินห์,Hồ Chí Minh,,,Ho Chi Minh,,
VietnamA_Binh_Duong,Binh Duong,Binh Duong,Binh Duong,Binh Duong,Binh Duong,ビンズオン,Binh Duong,Бинь Зыонг,平阳,平陽,平陽,핑양,بينه دونغ,Binh Duong,Binh Duong,Binh Duong,บินห์เดือง,Bình dương,,,Binh Duong,,
VietnamA_Hoang_Anh_Gia_Lai,Pleiku,Pleiku,Pleiku,Pleiku,Pleiku,プレイク,Pleiku,Плейку,波来古,嘉萊黃英,嘉萊黃英,플레이 쿠,بليكو,Pleiku,Pleiku,Pleiku,เปล็ยกู,Chơi,,,Pleiku,,
VietnamA_Hong_Linh_Ha_Tinh,Ha Tinh,Ha Tinh,Ha Tinh,Ha Tinh,Ha Tinh,ハティン,Ha Tinh,Ха Тинь,河静,河靜,河靜,하틴,هاتينه,Ha Tinh,Ha Tinh,Ha Tinh,ฮาตินห์,Hà tĩnh,,,Ha Tinh,,
VietnamA_Da_Nang,Da Nang,Da Nang,Da Nang,Da Nang,Da Nang,ダナン,Da Nang,Дананг,岘港,峴港,峴港,다낭,دانانغ,Da Nang,Da Nang,Da Nang,ดานัง,Đà Nẵng,,,Da Nang,,
VietnamA_Thanh_Hoa,Thanh Hoa,Thanh Hoa,Thanh Hoa,Thanh Hoa,Thanh Hoa,タンホア,Thanh Hoa,Тхань Хоа,清化,清化,清化,탄 호아,ثانهوا,Thanh Hoa,Thanh Hoa,Thanh Hoa,ทัญฮว้า,Thanh Hoa,,,Thanh Hoa,,
VietnamA_Song_Lam_Nghe_An,Da Nang Blue,Bleu de Da Nang,Da Nang Blue,Da Nang Blue,Da Nang Blue,ダナンブルー,Da Nang Azul,Дананг Блю,岘港 蓝,宋林,宋林,다낭 블루,دانانغ بلو,Da Nang Blue,Da Nang Mavisi,Da Nang Biru,ดานังบลู,Da Nang Blue,,,Da Nang Blue,,
VietnamA_NamDinh_FC,Nam Dinh,Nam Dinh,Nam Dinh,Nam Dinh,Nam Dinh,ナムディン,Nam Dinh,Нам Динь,南定,南定,南定,남딘,نامدينه,Nam Dinh,Nam Dinh,Nam Dinh,นามดินห์,Nam Định,,,Nam Dinh,,
VietnamA_Hai_Phong,Hai Phong,Hai Phong,Hai Phong,Hai Phong,Hai Phong,ハイフォン,Hai Phong,Хайфон,海防,海防,海防,하이퐁,هاي فونج,Hai Phong,Hai Phong,Hai Phong,ไฮฟอง,Hải phòng,,,Hai Phong,,
VietnamA_HaiPhongFC,Hai Phong,Hai Phong,Hai Phong,Hai Phong,Hai Phong,ハイフォン,Hai Phong,Хайфон,海防,海防,海防,하이퐁,هاي فونج,Hai Phong,Hai Phong,Hai Phong,ไฮฟอง,Hải phòng,,,Hai Phong,,
VietnamA_Ba_Ria,Ba Ria,Ba Ria,Ba Ria,Ba Ria,Ba Ria,Ba Ria,Ba Ria,Ba Ria,巴地,巴地,巴地,Ba Ria,,Ba Ria,Ba Ria,Ba Ria,Ba Ria,Ba Ria,,,Ba Ria,,
VietnamA_Buon_Ma_Thuot,Buon Ma Thuot,Buon Ma Thuot,Buon Ma Thuot,Buon Ma Thuot,Buon Ma Thuot,Buon Ma Thuot,Buon Ma Thuot,Buon Ma Thuot,邦美蜀,邦美蜀,邦美蜀,Buon Ma Thuot,,Buon Ma Thuot,Buon Ma Thuot,Buon Ma Thuot,Buon Ma Thuot,Buon Ma Thuot,,,Buon Ma Thuot,,
VietnamA_Tan_An,Tan An,Tan An,Tan An,Tan An,Tan An,Tan An,Tan An,Tan An,新安,新安,新安,Tan An,,Tan An,Tan An,Tan An,Tan An,Tan An,,,Tan An,,
VietnamA_Qui_Nhơn,Qui Nhơn,Qui Nhơn,Qui Nhơn,Qui Nhơn,Qui Nhơn,Qui Nhơn,Qui Nhơn,Qui Nhơn,归仁,歸仁,歸仁,Qui Nhơn,,Qui Nhơn,Qui Nhơn,Qui Nhơn,Qui Nhơn,Qui Nhơn,,,Qui Nhơn,,
VietnamA_Cao_Lanh,Cao Lanh,Cao Lanh,Cao Lanh,Cao Lanh,Cao Lanh,Cao Lanh,Cao Lanh,Cao Lanh,高岭,高嶺,高嶺,Cao Lanh,,Cao Lanh,Cao Lanh,Cao Lanh,Cao Lanh,Cao Lanh,,,Cao Lanh,,
SingaporeA_Tampines_Rovers,Rovers,Rovers,Rovers,Rover,Rovers,ローバー,veículos robóticos,Роверс,流浪者,淡濱尼,淡濱尼,로버스,روفرز,Rovers,Rovers,Rovers,โรเวอร์ส,Rovers,,,Rovers,,
SingaporeA_Geylang_International,Geylang,Geylang,Geylang,Geylang,Geylang,ゲイラン,Geylang,Гейланг,芽笼,芽籠,芽籠,게 일랑,جيلانج,Geylang,Geylang,Geylang,เกลัง,Geylang,,,Geylang,,
SingaporeA_Albirex_Niigata,Niigata,Niigata,Niigata,Niigata,Niigata,新潟,Niigata,Ниигата,新泻,新瀉,新瀉,니가타,نيجاتا,Niigata,Niigata,Niigata,นีงาตะ,Niigata,,,Niigata,,
SingaporeA_Balestier_Khalsa_FC,Balestier,Balestier,Balestier,Balestier,Balestier,バレスティア,Balestier,Балестиер,巴莱斯捷,馬里士他卡沙,馬里士他卡沙,발레 스티에,باليستير,Balestier,Balestier,Balestier,บาเลสเทียร์,Balestier,,,Balestier,,
SingaporeA_Hougang_United_FC,Hougang,Hougang,Hougang,Hougang,Hougang,ホウガン,Hougang,Хуанг,后港,後港聯,後港聯,허우 강 유나이티드,هوغانغ,Hougang,Hougang,Hougang,โฮกัง,Hougang,,,Hougang,,
SingaporeA_DPMM_FC,Seri Begawan,Seri Begawan,Seri Begawan,Seri Begawan,Seri Begawan,スリ・ベガワン,Seri Begawan,Сери Бегаван,斯里巴加湾市,斯里巴加灣市,斯里巴加灣市,세리 베가완,سيري بيغاوان,Seri Begawan,Seri Begawan,Seri Begawan,เซรีเบกาวัน,Seri Begawan,,,Seri Begawan,,
SingaporeA_Tanjong_Pagar_United,Tanjong Pagar,Tanjong Pagar,Tanjong Pagar,Tanjong Pagar,Tanjong Pagar,タンジョンパガー,Tanjong Pagar,Танджонг Пагар,丹戎巴葛,丹戎巴葛聯,丹戎巴葛聯,탄종 파가,تانجونج باجار,Tanjong Pagar,Tanjong Pagar,Tanjong Pagar,ตันจงปาการ์,Tanjong Pagar,,,Tanjong Pagar,,
SingaporeA_Home_United_FC,Home,Accueil,Casa,Zuhause,Casa,ホーム,Casa,Главная,内政,內政聯,內政聯,집,هوم,Huis,Ev,Home,บ้าน,Trang Chủ,,,Home,,
SingaporeA_Young_Lions,Lions,les Lions,Leoni,Löwen,Leones,ライオンズ,Leões,Львы,狮子,幼獅,幼獅,라이온스,لايونز,Leeuwen,Aslanlar,Lions,สิงโต,Sư tử,,,Lions,,
SingaporeA_Warriors_FC,Warriors,Guerriers,Guerrieri,Krieger,Guerreros,ウォリアーズ,Guerreiros,Воины,勇士,勇士,勇士,전사,واريورز,Krijgers,Savaşçılar,Warriors,นักรบ,Chiến binh,,,Wojownicy,,
SingaporeA_Balestier_United_RC,Katong,Katong,Katong,Katong,Katong,カトン,Katong,Катонг,卡通,馬里士他聯,馬里士他聯,카통,كاتونغ,Katong,Katong,Katong,กะตง,Katong,,,Katong,,
SingaporeA_Police_SA,Police,Police,Polizia,Polizei,Policía,けいさつかん,Polícia,Полиция,警察,警察體育,警察體育,경찰,بوليس,Politie,Polis,polisi,ตำรวจ,Cảnh sát,,,Policja,,
SingaporeA_South_Avenue_FC,South Avenue,Avenue sud,South Avenue,South Avenue,Avenida sur,サウスアベニュー,Avenida sul,Южный проспект,南大道,南大道,南大道,사우스 애비뉴,ساوث آفينيو,South Avenue,Güney Caddesi,Avenue Selatan,เซาท์อเวนิว,Đại lộ phía Nam,,,South Avenue,,
AustraliaA_Central_Coast_Mariners,Mariners,Navigateurs,Mariners,Seefahrer,Marineros,マリナーズ,Mariners,Моряки,海员,中岸水手,中岸水手,매리너스,مارينارز,Zeelieden,Denizciler,Mariners,กะลาสี,Mariners,,,Marynarze,,
AustraliaA_Melbourne_Victory,Melbourne Black,Melbourne Noir,Melbourne Black,Melbourne Black,Melbourne Negro,メルボルンブラック,Melbourne Preto,Мельбурн Блэк,墨尔本 黑,墨爾本 黑,墨爾本 黑,멜버른 블랙,ملبورن بلاك,Melbourne Zwart,Melbourne Black,Melbourne Hitam,เมลเบิร์นแบล็ค,Melbourne Đen,,,Melbourne Czerń,,
AustraliaA_Western_Sydney_Wanderers,Western Sydney Red,Rouge de Sydney occidental,Western Sydney Red,Western Sydney Red,Western Sydney Red,ウエスタンシドニーレッド,Western Sydney Vermelho,Западный Сидней Красный,西悉尼 红,西悉尼 紅,西悉尼 紅,웨스턴 시드니 레드,ريد غرب سيدني,Western Sydney Red,Batı Sidney Kırmızısı,Western Sydney Merah,ซิดนีย์ตะวันตกแดง,Western Sydney Red,,,Western Sydney Czerwień,,
AustraliaA_Newcastle_Jets,Newcastle Airplane,Newcastle Avion,Newcastle Aereo,Newcastle Flugzeug,Newcastle Avión,ニューカッスル・エアプレイン,Newcastle Avião,Ньюкасл Самолёт,纽卡斯尔飞机,紐卡斯爾飛機,紐卡斯爾飛機,뉴캐슬 에어플레인,نيوكاسل الطائرة,Newcastle Vliegtuig,Newcastle Uçak,Newcastle Pesawat,นิวคาสเซิล เครื่องบิน,Newcastle Máy Bay,,,Newcastle Samolot,,
AustraliaA_Adelaide_United,Adelaide,Adélaïde,Adelaide,Adelaide,Adelaide,アデレード,Adelaide,Аделаида,阿德莱德,阿德萊德,阿德萊德,애들레이드,أديلايد,Adelaide,Adelaide,Adelaide,แอดิเลด,Adelaide,,,Adelaida,,
AustraliaA_Perth_Glory,Perth Purple,Perth Violet,Perth Porpora,Perth Lila,Perth Púrpura,パース・パープル,Perth Roxo,Перт Фиолетовый,珀斯紫,珀斯紫,珀斯紫,퍼스 퍼플,بيرث الأرجواني,Perth Paars,Perth Mor,Perth Ungu,เพิร์ท ม่วง,Perth Tím,,,Perth Fioletowy,,
AustraliaA_Western_United_FC,Western,Occidental,Occidentale,Western,occidental,ウエスタンユナイテッド,Ocidental,Западный,西部,西部聯,西部聯,서부 사람,ويسترن,Westers,Batı,Western,ตะวันตก,miền Tây,,,Zachodni,,
AustraliaA_Brisbane_Roar,Brisbane,Brisbane,Brisbane,Brisbane,Brisbane,ブリスベン,Brisbane,Брисбен,布里斯班,布里斯本,布里斯本,브리즈번,بريسبان,Brisbane,Brisbane,Brisbane,บริสเบน,Brisbane,,,Brisbane,,
AustraliaA_Wellington_Phoenix,Wellington,Wellington,Wellington,Wellington,Wellington,ウェリントン,Wellington,Веллингтон,威灵顿,威靈頓,威靈頓,웰링턴,ويلينجتون,Wellington,Wellington,Wellington,เวลลิงตัน,Wellington,,,Wellington,,
AustraliaA_Melbourne_City,Melbourne White,Melbourne Blanc,Melbourne White,Melbourne White,Melbourne White,メルボルンホワイト,Melbourne Branco,Мельбурн Уайт,墨尔本 白,墨爾本 白,墨爾本 白,멜버른 화이트,ملبورن وايت,Melbourne White,Melbourne Beyaz,Melbourne Putih,เมลเบิร์นไวท์,Melbourne White,,,Melbourne Biel,,
AustraliaA_Sydney_FC,Sydney,Sydney,Sydney,Sydney,Sydney,シドニー,Sydney,Сидней,悉尼,悉尼足球會,悉尼足球會,시드니,سيدني,Sydney,Sydney,Sydney,ซิดนีย์,Sydney,,,Sydney,,
AustraliaA_Brisbane_Strikers,Brisbane Orange,Orange de Brisbane,Brisbane Orange,Brisbane Orange,Naranja de Brisbane,ブリスベンオレンジ,Brisbane Laranja,Брисбен Апельсин,布里斯班 橙,布里斯本前鋒,布里斯本前鋒,브리즈번 오렌지,بريسبان أورانج,Brisbane Oranje,Brisbane Portakal,Brisbane Oranye,บริสเบนออเรนจ์,Cam Brisbane,,,Brisbane Pomarańcz,,
AustraliaA_Sandown_Lions_FC,Sandown,Sandown,Sandown,Sandown,Sandown,サンダウン,Sandown,Сандоун,桑当,桑當,桑當,샌 다운,سانداون,Sandown,Sandown,Sandown,แซนดาวน์,Sandown,,,Sandown,,
MalaysiaA_Kelantan_United,Kelantan Red,Rouge Kelantan,Kelantan Red,Kelantan Red,Rojo kelantan,クランタンレッド,Kelantan Vermelho,Келантан Красный,吉兰丹 红,吉蘭丹 紅,吉蘭丹 紅,켈 란탄 레드,ريد كيلانتان,Kelantan Red,Kelantan Kırmızı,Kelantan Merah,กลันตันแดง,Kelantan đỏ,,,Kelantan Czerwień,,
MalaysiaA_Selangor_II,Selangor,Selangor,Selangor,Selangor,Selangor,セランゴール,Selangor,Селангор,雪兰莪,雪蘭莪,雪蘭莪,셀랑 고르,سيلانغور,Selangor,Selangor,Selangor,สลังงอร์,Selangor,,,Selangor,,
MalaysiaA_Kuala_Lumpur_FA,Kuala Lumpur,Kuala Lumpur,Kuala Lumpur,Kuala Lumpur,Kuala Lumpur,クアラルンプール,Kuala Lumpur,Куала Лумпур,吉隆坡,吉隆玻,吉隆玻,쿠알라 룸푸르,كوالالمبور,Kuala Lumpur,kuala Lumpur,Kuala Lumpur,กัวลาลัมเปอร์,Kuala Lumpur,,,Kuala Lumpur,,
MalaysiaA_Kuching_FA,Kuching,Kuching,Kuching,Kuching,Kuching,クチン,Kuching,Кучинг,古晋,古晉,古晉,쿠칭,كوتشينغ,Kuching,Kuching,Kuching,กูชิง,Kuching,,,Kuching,,
MalaysiaA_Johor_Darul_Takzim_II,Johor,Johor,Johor,Johor,Johor,ジョホール,Johor,Джохор,柔佛,柔佛,柔佛,조호,جوهور,Johor,Johor,Johor,ยะโฮร์,Johor,,,Johor,,
MalaysiaA_Kelantan_FC,Kelantan Blue,Bleu Kelantan,Kelantan Blue,Kelantan Blue,Azul de Kelantan,クランタンブルー,Kelantan Azul,Келантан Блю,吉兰丹 蓝,吉蘭丹 藍,吉蘭丹 藍,켈 란탄 블루,بلو كيلانتان,Kelantan Blue,Kelantan Mavisi,Kelantan Biru,กลันตันบลู,Màu xanh Kelantan,,,Kelantan Błękit,,
MalaysiaA_Terengganu_II,Terengganu,Terengganu,Terengganu,Terengganu,Terengganu,トレンガヌ,Terengganu,Теренггану,登嘉楼,登嘉樓,登嘉樓,테 렝가 누,تيرينجانو,Terengganu,Terengganu,Terengganu,ตรังกานู,Terengganu,,,Terengganu,,
MalaysiaA_Penang,Penang,Penang,Penang,Penang,Penang,ペナン,Penang,Пенанг,槟城,檳城,檳城,페낭,بينانغ,Penang,Penang,Penang,ปีนัง,Penang,,,Penang,,
MalaysiaA_Sarawak_United,Sarawak,Sarawak,Sarawak,Sarawak,Sarawak,サラワク,Sarawak,Саравак,砂劳越,砂勞越,砂勞越,사라왁,ساراواك,Sarawak,Sarawak,Sarawak,ซาราวัก,Sarawak,,,Sarawak,,
MalaysiaA_Negeri_Sembilan,Sembilan,Sembilan,Sembilan,Sembilan,Sembilan,センビラン,Sembilan,Сембилан,森美兰,森美蘭,森美蘭,셈 빌란,سمبيلان,Sembilan,Sembilan,Sembilan,เซมบีลัน,Sembilan,,,Sembilan,,
MalaysiaA_UKM_FC,Bangi,Bangi,Bangi,Bangi,Bangi,バンギ,Bangi,Bangi,万宜,萬宜,萬宜,쉐 란 아 주,بانجي,Bangi,Bangi,Bangi,บังยี,Bangi,,,Bangi,,
MalaysiaA_Pahang,Pahang,Pahang,Pahang,Pahang,Pahang,パハン,Pahang,Паханг,彭亨,彭亨,彭亨,파항,باهانج,Pahang,Pahang,Pahang,ปะหัง,Pahang,,,Pahang,,
MalaysiaA_Kedah,Kedah,Kedah,Kedah,Kedah,Kedah,ケダ,Kedah,Кедан,吉打,吉打,吉打,케다,قيده,Kedah,Kedah,Kedah,เคดาห์,Kedah,,,Kedah,,
ColombiaA_Atlético_Nacional,Medellin Green,Medellín Vert,Medellín Verde,Medellín Grün,Medellín Verde,メデジングリーン,Medellín Verde,Медельин Зеленый,麦德林 绿,麥德林 綠,麥德林 綠,메데인 그린,ميديلين جرين,Medellín Groen,Medellín Yeşil,Medellín Hijau,เมเดยินกรีน,Màu xanh lá Medellin,,,Medellín Zieleń,,
ColombiaA_Corporación_Deportiva_América,Santiago de Cali Red,Cali Rouge,Cali Rosso,Cali Rot,Cali Rojo,カリレッド,Cáli Vermelho,Кали Красный,卡利 红,卡利 紅,卡利 紅,칼리 레드,ريد سانتياغو دي كالي,Cali Rood,Cali Kırmızı,Cali Merah,กาลีแดง,Màu đỏ Cali,,,Santiago de Cali Czerwień,,
ColombiaA_Asociación_Deportivo_Cali,Santiago de Cali Green,Cali Vert,Cali Verde,Cali Grün,Cali Verde,カリグリーン,Cáli Verde,Кали Зеленый,卡利 绿,卡利 綠,卡利 綠,칼리 그린,جرين سانتياغو دي كالي,Cali Groen,Cali Yeşil,Cali Hijau,กาลีสีเขียว,Màu xanh lá Cali,,,Santiago de Cali Zieleń,,
ColombiaA_Atlético_Junior,Barranquilla,Barranquilla,Barranquilla,Barranquilla,Barranquilla,バランキージャ,Barranquilla,Барранкилья,巴兰基亚,巴蘭基亞,巴蘭基亞,바랑키야,بارانكويلا,Barranquilla,Barranquilla,Barranquilla,บาร์รังกิยา,Barranquilla,,,Barranquilla,,
ColombiaA_Independiente_Santa_Fe,Bogota Red,Bogota Rouge,Bogotà Rosso,Bogotá Rot,Bogotá Rojo,ボゴタレッド,Bogotá Vermelho,Богота Красный,波哥大 红,波哥大 紅,波哥大 紅,보고타 레드,بوغوتا ريد,Bogota Rood,Bogotá Kırmızı,Bogotá Merah,โบโกตาเรด,Màu đỏ Bogotá,,,Bogota Czerwień,,
ColombiaA_Tolima,Ibague,Ibagué,Ibagué,Ibagué,Ibagué,イバゲ,Ibagué,Ибаге,伊瓦格,伊瓦格,伊瓦格,이바게,إيباغي,Ibagué,Ibagué,Ibagué,อิบาเก,Ibagué,,,Ibagué,,
ColombiaA_Alianza_Petrolera,Barrancabermeja,Barrancabermeja,Barrancabermeja,Barrancabermeja,Barrancabermeja,バランカベルメハ,Barrancabermeja,Барранкабермеха,巴兰卡韦梅哈,巴蘭卡韋梅哈,巴蘭卡韋梅哈,바랑카베르메하,بارانكابيرميخا,Barrancabermeja,Barrancabermeja,Barrancabermeja,ปารานคาเวหะ,Barrancabermeja,,,Barrancabermeja,,
ColombiaA_Cúcuta_Deportivo,Cucuta,Cúcuta,Cúcuta,Cúcuta,Cúcuta,ククタ,Cúcuta,Кукута,库库塔,庫庫塔,庫庫塔,쿠쿠타,كوكوتا,Cúcuta,Cúcuta,Kukuta,กูกูตา,Cúcuta,,,Cúcuta,,
ColombiaA_Independiente_Medellín,Medellin Red,Medellín Rouge,Medellín Rosso,Medellín Rot,Medellín Rojo,メデジンレッド,Medellín Vermelho,Медельин Медельин ,麦德林 红,麥德林 紅,麥德林 紅,메데인 레드,ميديلين ريد,Medellín Rood,Medellín Kırmızı,Medellín Merah,เมเดยินเรด,Màu đỏ Medellin,,,Medellin Czerwień,,
ColombiaA_Corporación_Deportiva_Once_Caldas,Manizales,Manizales,Manizales,Manizales,Manizales,マニサレス,Manizales,Манисалес,马尼萨莱斯,馬尼薩萊斯,馬尼薩萊斯,마니살레스,مانيزاليس,Manizales,Manizales,Manizales,มานิซาราซ,Manizales,,,Manizales,,
ColombiaA_Millonarios,Bogota Green,Bogota Vert,Bogotà Verde,Bogotá Grün,Bogotá Verde,ボゴタグリーン,Bogotá Verde,Богота Зеленый,波哥大 绿,波哥大 綠,波哥大 綠,보고타  그린,بوغوتا جرين,Bogota Groen,Bogotá Yeşil,Bogotá Hijau,โบโกตาสีเขียว,Màu xanh lá Bogotá,,,Bogota Zieleń,,
ColombiaA_Atlético_Bucaramanga_S.A.,Bucaramanga,Bucaramanga,Bucaramanga,Bucaramanga,Bucaramanga,ブカラマンガ,Bucaramanga,Букараманга,布卡拉曼加,布卡拉曼加,布卡拉曼加,부카라망가,بوكارامانغا,Bucaramanga,Bucaramanga,Bucaramanga,บูการามังกา,Bucaramanga,,,Bucaramanga,,
ColombiaA_Rionegro_Águilas,Rionegro,Rionegro,Rionegro,Rionegro,Rionegro,リオネグロ,Rionegro,Рионегро,里奥内格罗,里奧內格羅,里奧內格羅,리오네그로,ريونيغرو,Rionegro,Rionegro,Rionegro,ริโอไนโกร,Rionegro,,,Rionegro,,
ChileA_Universidad_Católica,Santiago Blue,Santiago Bleu,Santiago Blu ,Santiago Blau,Santiago Azul,サンティアゴブルー,Santiago Azul,Сантьяго Синий,圣地亚哥 蓝,聖地亞哥 藍,聖地亞哥 藍,산티아고 블루,سان دييغو بلو,Santiago Blauw,Santiago Mavi,Santiago Biru,ซานดิเอโกบลู,Màu xanh da trời Santiago,,,Santiago Błękit ,,
ChileA_Social_y_Deportivo_Colo-Colo,Santiago White,Santiago Blanc,Santiago Bianca ,Santiago Weiß,Santiago Blanco,サンティアゴホワイト,Santiago Branco,Сантьяго Белый,圣地亚哥 白,聖地亞哥 白,聖地亞哥 白,산티아고 화이트,سان دييغو وايت,Santiago Wit,Santiago Beyaz,Santiago Putih,ซานดิเอโกไวท์,Trắng Santiago,,,Santiago Biel,,
ChileA_Palestino,Santiago RG,Santiago RG,Santiago RG,Santiago RG,Santiago RG,サンティアゴRG,Santiago RG,Сантьяго RG,圣地亚哥 红绿,聖地亞哥 紅綠,聖地亞哥 紅綠,산티아고 RG,سانتياغو آر. جي,Santiago RG,Santiago RG,Santiago RG,ซานดิเอโกเรดกรีน,Xanh đỏ Santiago,,,Santiago RG,,
ChileA_Unión_La_Calera,La Calera,La Calera,La Calera,La Calera,La Calera,ラカライラ,La Calera,Ла Калера,拉卡莱拉,拉卡萊拉,拉卡萊拉,라칼레라,لا كاليرا,La Calera,La Calera,La Calera,ลากาไลลา,La Calera,,,La Calera,,
ChileA_Coquimbo_Unido,Coquimbo,Coquimbo,Coquimbo,Coquimbo,Coquimbo,コキンボ,Coquimbo,Кокимбо,科金博,科金博,科金博,코킴보,كوكيمبو,Coquimbo,Coquimbo,Coquimbo,โกกิมโบ,Coquimbo,,,Coquimbo,,
ChileA_Huachipato,Talcahuano,Talcahuano,Talcahuano,Talcahuano,Talcahuano,タルカワノ,Talcahuano,Талькауано,塔尔卡瓦诺,塔爾卡瓦諾,塔爾卡瓦諾,탈카우아노,تالكاهوانو,Talcahuano,Talcahuano,Talcahuano,ตัลกาอัวโน,Talcahuano,,,Talcahuano,,
ChileA_Audax_Club_Sportivo_Italiano,Santiago Green,Santiago Vert,Santiago Verde,Santiago Grün,Santiago Verde,サンティアゴグリーン,Santiago Verde,Сантьяго Зеленый,圣地亚哥 绿,聖地亞哥 綠,聖地亞哥 綠,산티아고 그린,سانتياغو جرين,Santiago Groen,Santiago Yeşil,Santiago Hijau,ซานดิเอโกกรีน,Màu xanh lá Santiago,,,Santiago Zieleń,,
ChileA_O'Higgins_F.C.,Rancagua,Rancagua,Rancagua,Rancagua,Rancagua,ランカグア,Rancagua,Ранкагуа,兰卡瓜,蘭卡瓜,蘭卡瓜,랑카과,رانكاغوا,Rancagua,Rancagua,Rancagua,รังกากัว,Rancagua,,,Rancagua,,
ChileA_Unión_Española,Santiago Red,Santiago Rouge,Santiago Rosso,Santiago Rot,Santiago Rojo,サンティアゴレッド,Santiago Vermelho,Сантьяго Красный,圣地亚哥 红,聖地亞哥 紅,聖地亞哥 紅,산티아고 레드,سان دييغو ريد,Santiago Rood,Santiago Kırmızı,Santiago Merah,ซานดิเอโกแดง,Màu đỏ Santiago,,,Santiago Czerwień,,
ChileA_Everton_de_Viña_del_Mar,Vina del Mar,Viña del Mar,Viña del Mar,Viña del Mar,Viña del Mar,ビニャ・デル・マール,Viña del Mar,Винья-дель-Мар,比尼亚德尔马,比尼亞德爾馬,比尼亞德爾馬,비냐델마르,فينيا ديل مار,Viña del Mar,Viña del Mar,Viña del Mar,วินิยัดม้า,Vina del Mar,,,Vina del Mar,,
ChileA_Antofagasta,Antofagasta,Antofagasta,Antofagasta,Antofagasta,Antofagasta,アントファガスタ,Antofagasta,Антофагаста,安托法加斯塔,安託法加斯塔,安託法加斯塔,안토 파가 스타,أنتوفاجاستا,Antofagasta,Antofagasta,Antofagasta,แอนโทฟากัสตา,Antofagasta,,,Antofagasta,,
ChileA_Curicó,Curico,Curicó,Curicó,Curicó,Curicó,クリコ,Curicó,Курико,库里科,庫里科,庫里科,쿠리코,كوريكو,Curicó,Curicó,Curico,คูริโกะ,Curico,,,Curico,,
ChileA_Iquique_S.A.D.P.,Iquique,Iquique,Iquique,Iquique,Iquique,イキケ,Iquique,Икике,伊基克,伊基克,伊基克,이키케,إكيكي,Iquique,Iquique,Iquique,อิกิเก,Iquique,,,Iquique,,
EgyptA_Al-Ahly,Cairo Red,Le Caire Rouge,Il Cairo Rosso,Kairo Rot,El Cairo Rojo,カイロレッド,Cairo Vermelho,Каир Красный,开罗 红,開羅 紅,開羅 紅,카이로 레드,القاهرة الأحمر,Caïro Rood,Kahire Kırmızı,Kairo Merah,ไคโรแดง,Màu đỏ Cairo,,,Kair Czerwień,,
EgyptA_Zamalek,Giza,Gizeh,Giza,Gizeh,Guiza,アレクサンドリア,Gizé,Эль-Гиза,吉萨,吉薩,吉薩,기자,الجيزة,Gizeh,Gize,Giza,กีซา,Giza,,,Giza,,
EgyptA_Pyramids,Cairo White,Le Caire Blanc,Il Cairo Bianca ,Kairo Weiß,El Cairo Blanco,カイロホワイト,Cairo Branco,Каир Белый,开罗 白,開羅 白,開羅 白,카이로 화이트,القاهرة الأبيض,Caïro Wit,Kahire Beyaz,Kairo Putih,ไคโรขาว,Trắng Cairo,,,Kair Biel,,
EgyptA_Al-Mokawloon_al-Arab,Cairo Yellow,Le Caire Jaune,Il Cairo Giallo,Kairo Gelb,El Cairo Amarillo,カイロイエロー,Cairo Amarelo,Каир Желтый,开罗 黄,開羅 黃,開羅 黃,카이로 옐로우,القاهرة الأصفر,Caïro Geel,Kahire Sarı,Kairo Kuning,ไคโรสีเหลือง,Màu vàng Cairo,,,Kair Żółć,,
EgyptA_Smouha,Alexandria Blue,Alexandrie Bleu,Alessandria d'Egitto Blu ,Alexandria Blau,Alejandría Azul,アレクサンドリアブルー,Alexandria Azul,Александрия Синий,亚历山大港 蓝,亞歷山大港 藍,亞歷山大港 藍,알렉산드리아 블루,الإسكندرية الأزرق,Alexandrië Blauw,İskenderiye Mavi,Iskandariyah Biru,อเล็กซานเดรียสีน้ำเงิน,Màu xanh da trời Alexandria,,,Aleksandria Błękit ,,
EgyptA_ENPPI,Cairo Black,Le Caire Noir,Il Cairo Nero,Kairo Schwarz,El Cairo Negro,カイロブラック,Cairo Preto,Каир Блэк,开罗 黑,開羅 黑,開羅 黑,카이로 블랙,القاهرة الأسود,Caïro Zwart,Kahire Siyah,Kairo Hitam,ไคโรสีดำ,Đen Cairo,,,Kair Czerń,,
EgyptA_Al-Masry,Port Said,Port-Saïd,Porto Said,Port Said,Puerto Saíd,ポートサイド,Porto Saíde,Порт-Саид,塞得港,塞得港,塞得港,포트사이드,بورسعيد,Port Said,Port Said,Bursaid,พอร์ตซาอิด,Port Said,,,Port Said,,
EgyptA_El_Entag_El_Harby,Cairo YB,Le Caire YB,Il Cairo YB,Kairo YB,El Cairo YB,カイロイエローブラック,Cairo YB,Каир YB,开罗 黄黑,開羅 黃黑,開羅 黃黑,카이로 YB,القاهرة ي.ب,Caïro YB,Kahire YB,Kairo YB,ไคโรเหลืองดำ,Cairo YB,,,Kair YB,,
EgyptA_El_Makkasa,Faiyum,Médinet el-Fayoum,al-Fayyum,al-Fayyūm,Fayún,ファイユーム,Faium,Эль-Файюм,法尤姆,法尤姆,法尤姆,파이윰,الفيوم,El-Fajoem,Feyyum,Al Fayyum,ฟัยยูม,Faiyum,,,Faiyum,,
EgyptA_Al-Ittihad_Alexandria,Alexandria Green,Alexandrie Vert,Alessandria d'Egitto Verde,Alexandria Grün,Alejandría Verde,アレクサンドリアグリーン,Alexandria Verde,Александрия Зеленый,亚历山大港 绿,亞歷山大港 綠,亞歷山大港 綠,알렉산드리아 그린,الاسكندرية الأخضر,Alexandrië Groen,İskenderiye Yeşil,Iskandariyah Hijau,อเล็กซานเดรียสีเขียว,Màu đỏ Alexandria,,,Aleksandria Czerwień,,
EgyptA_Ismaily,Ismailia,Ismaïlia,Ismailia,Ismailia,Ismailía,イスマイリア,Ismaília,Исмаилия,伊斯梅利亚,伊斯梅利亞,伊斯梅利亞,이스마일리아,الإسماعيلية,Ismaïlia,İsmailiye,Ismaïlia,อิสเมอิลีอา,Ismailia,,,Ismailia,,
EgyptA_Tala'ae_El_Jaishis,Cairo RB,Le Caire RB,Il Cairo RB,Kairo RB,El Cairo RB,カイロレッドブラック,Cairo RB,Каир RB,开罗 红黑,開羅 紅黑,開羅 紅黑,카이로 RB,القاهرة الأحمر والأسود,Caïro RB,Kahire RB,Kairo RB,ไคโรแดงและดำ,Cairo RB,,,Kair RB,,
EgyptA_El_Gouna,Hurghada Yellow,Hurghada Jaune,Hurghada Giallo,Hurghada Gelb,Hurghada Amarillo,ハルガダイエロー,Hurghada Amarelo,Хургада Жёлтый,赫尔格达黄,赫爾格達黃,赫爾格達黃,허르가다 옐로우,الغردقة الأصفر,Hurghada Geel,Hurghada Sarısı,Hurghada Kuning,ฮูร์กาดา เหลือง,Hurghada Vàng,,,Hurghada Żółty,,
UkrainianA_ShakhtarDonetsk,Donetsk,Donetsk,Donetsk,Donetsk,Donetsk,ドネツク,Donetsk,Donetsk,顿涅茨克,頓涅茨克,頓涅茨克,도네츠크,دونيتسك,Donetsk,Donetsk,Donetsk,โดเนตสค์,Donetsk,,,Donieck,,
UkrainianA_DynamoKyiv,Kyiv,Kyiv,Kyiv,Kyiv,Kyiv,キーウ,Kyiv,Kyiv,基辅,基輔,基輔,키이우,كييف,Kyiv,Kyiv,Kyiv,เคียฟ,Kyiv,,,Kijów,,
MoldovanA_Sheriff,Tiraspol,Tiraspol,Tiraspol,Tiraspol,Tiraspol,ティラスポリ,Tiraspol,Tiraspol,蒂拉斯波尔,蒂拉斯波爾,蒂拉斯波爾,티라스폴,تيراسبول,Tiraspol,Tiraspol,Tiraspol,ทีรัสปอล์,Tiraspol,,,Tiraspol,,
GreekA_Olympiacos,Piraeus,Piraeus,Piraeus,Piraeus,Piraeus,ピレウス,Pireu,Piraeus,比雷埃夫斯,比雷埃夫斯,比雷埃夫斯,피레우스,بيرايوس,Piraeus,Piraeus,Piraeus,พิราอุส,Piraeus,,,Pireneje,,
GreekA_AEKAthensF.C.,Athens,Athens,Athens,Athens,Athens,アテネ,Atenas,Athens,雅典,雅典,雅典,아테네,أثينا,Athens,Athens,Athens,เอเธนส์,Athens,,,Ateny,,
HungarianA_FerencvárosiTorna,Budapest,Budapest,Budapest,Budapest,Budapest,ブダペスト,Budapeste,Budapest,布达佩斯,布達佩斯,布達佩斯,부다페스트,بودابست,Budapest,Budapest,Budapest,บูดาเปสต์,Budapest,,,Budapeszt,,
SerbianA_CrvenaZvezda,Belgrade,Belgrade,Belgrado,Belgrad,Belgrado,ベオグラード,Belgrado,Белград,贝尔格莱德,貝爾格萊德,貝爾格萊德,베오그라드,بلغراد,Belgrado,Belgrad,Belgrade,เบลเกรด,Beograd,,,Belgrad,,
CroatianA_GNKDinamoZagreb,Zagreb,Zagreb,Zagreb,Zagreb,Zagreb,ザグレブ,Zagreb,Zagreb,萨格勒布,薩格勒布,薩格勒布,자그레브,زغرب,Zagreb,Zagreb,Zagreb,ซาเกร็บ,Zagreb,,,Zagrzeb,,
CzechA_SKSlaviaPrague,Prague,Prague,Praga,Prag,Praga,プラハ,Praga,Прага,布拉格,布拉格,布拉格,프라하,براغ,Praag,Prag,Praha,ปราก,Praha,,,Praga,,
CzechA_ViktoriaPlzeň,Pilsen,Pilsen,Pilsen,Pilsen,Pilsen,プルゼニ,Pilsen,Pilsen,比尔森,比爾森,比爾森,플젠,بيلسن,Pilsen,Pilsen,Pilsen,พิลเซ่น,Pilsen,,,Pilzno,,
ScottishA_Celtic,Glasgow,Glasgow,Glasgow,Glasgow,Glasgow,グラスゴー,Glasgow,Glasgow,格拉斯哥,格拉斯哥,格拉斯哥,글라스고,غلاسكو,Glasgow,Glasgow,Glasgow,กลาสโกว์,Glasgow,,,Glasgow,,
AzerbaijaniA_QarabağFK,Baku,Baku,Baku,Baku,Baku,バクー,Baku,Baku,巴库,巴庫,巴庫,바쿠,باكو,Baku,Baku,Baku,บาคู,Baku,,,Baku,,
PeruvianA_UniversitariodeDeportes,Lima White,Lima White,Lima White,Lima White,Lima White,リマ・ホワイト,Lima Branco,Lima White,利马 白,利馬 白,利馬 白,리마 화이트,ليما وايت,Lima White,Lima White,Lima White,ลิมาไวท์,Lima White,,,Lima Biel,,
PeruvianA_SportingCristal,Lima Blue,Lima Blue,Lima Blue,Lima Blue,Lima Blue,リマ・ブルー,Lima Azul,Lima Blue,利马 蓝,利馬 藍,利馬 藍,리마 블루,ليما بلو,Lima Blue,Lima Blue,Lima Blue,ลิมาบลู,Lima Blue,,,Lima Błękit,,
PeruvianA_EscuelaMunicipalDeportivoBinacional,Juliaca,Juliaca,Juliaca,Juliaca,Juliaca,フリアカ,Juliaca,Juliaca,胡利亚卡,胡利亞卡,胡利亞卡,훌리아카,جولياكا,Juliaca,Juliaca,Juliaca,จูเลียก้า,Juliaca,,,Juliaca,,
PeruvianA_ClubAlianzaLima,Lima BW,Lima BW,Lima BW,Lima BW,Lima BW,リマ・BW,Lima PB,Lima BW,利马 蓝白,利馬 藍白,利馬 藍白,리마 BW,ليما بي.دبليو,Lima BW,Lima BW,Lima BW,ลิมา BW,Lima BW,,,Lima BW,,
EcuadorianA_IndependientedelValle,Sangolqui,Sangolqui,Sangolqui,Sangolqui,Sangolqui,サンゴルキ,Sangolqui,Sangolqui,桑戈尔基,桑戈爾基,桑戈爾基,상골키,سانجولكي,Sangolqui,Sangolqui,Sangolqui,ซันโกกิ,Sangolqui,,,Sangolqui,,
EcuadorianA_BarcelonaSportingClub,Guayaquil,Guayaquil,Guayaquil,Guayaquil,Guayaquil,グアヤキル,Guayaquil,Guayaquil,瓜亚基尔,瓜亞基爾,瓜亞基爾,과야킬,غواياكيل,Guayaquil,Guayaquil,Guayaquil,กวายากิล,Guayaquil,,,Guayaquil,,
EcuadorianA_LDUQuito,Quito,Quito,Quito,Quito,Quito,キト,Quito,Quito,基多,基多,基多,키토,كيتو,Quito,Quito,Quito,กีโต้,Quito,,,Quito,,
EcuadorianA_DelfínSportingClub,Manta,Manta,Manta,Manta,Manta,マンタ,Manta,Manta,曼塔,曼塔,曼塔,만타,مانتا,Manta,Manta,Manta,มอนต้า,Manta,,,Manta,,
VenezuelanaA_DeportivoTáchiraF.C.,San Cristóbal,San Cristóbal,San Cristóbal,San Cristóbal,San Cristóbal,サンクリストバル,San Cristóbal,San Cristóbal,圣克里斯托瓦尔,聖克里斯托瓦爾,聖克里斯托瓦爾,산크리스토발,سان كريستوبال,San Cristóbal,San Cristóbal,San Cristóbal,ซานคริสโตบัล,San Cristóbal,,,San Cristóbal,,
VenezuelanaA_DeportivoLaGuaira,Caracas Orange,Caracas Orange,Caracas Orange,Caracas Orange,Caracas Orange,カラカス・オレンジ,Caracas Laranja,Caracas Orange,卡拉卡斯 橙,卡拉卡斯 橙,卡拉卡斯 橙,카라카스 오렌지,أورانج كاراكاس,Caracas Orange,Caracas Orange,Caracas Orange,คาราคัสเรด,Caracas Orange,,,Caracas Pomarańcz,,
VenezuelanaA_AcademiaPuertoCabello,Puerto Cabello,Puerto Cabello,Puerto Cabello,Puerto Cabello,Puerto Cabello,プエルトカベヨ,Puerto Cabello,Puerto Cabello,卡贝略港,卡貝略港,卡貝略港,푸에르토 카베요,بويرتو كابيلو,Puerto Cabello,Puerto Cabello,Puerto Cabello,ปัวโตคาเบลโล่,Puerto Cabello,,,Puerto Cabello,,
VenezuelanaA_EstudiantesdeMérida,Mérida White,Mérida Blanc,Mérida Bianco,Mérida Weiß,Mérida Blanco,メリダ・ホワイト,Mérida Branco,Мерида Белый,梅里达白,梅里達白,梅里達白,메리다 화이트,ميريدا الأبيض,Mérida Wit,Mérida Beyazı,Mérida Putih,เมริดา ขาว,Mérida Trắng,,,Mérida Biały,,
VenezuelanaA_CaracasFC,Caracas Red,Caracas Red,Caracas Red,Caracas Red,Caracas Red,カラカス・レッド,Caracas Vermelho,Caracas Red,卡拉卡斯 红,卡拉卡斯 紅,卡拉卡斯 紅,카라카스 레드,كاراكاس ريد,Caracas Red,Caracas Red,Caracas Red,คาราคัสเรด,Caracas Red,,,Caracas Czerwień,,
BolivianA_ClubAlwaysReady,La Paz Red,La Paz Red,La Paz Red,La Paz Red,La Paz Red,ラパス・レッド,La Paz Vermelho,La Paz Red,拉巴斯 红,拉巴斯 紅,拉巴斯 紅,라파즈 레드,ريد لاباز,La Paz Red,La Paz Red,La Paz Red,ลาปัสเรด,La Paz Red,,,La Paz Czerwień,,
BolivianA_TheStrongest,La Paz YB,La Paz YB,La Paz YB,La Paz YB,La Paz YB,ラパス・YB,La Paz AP,La Paz YB,拉巴斯 黄黑,拉巴斯 黃黑,拉巴斯 黃黑,라파즈 YB,لاباز واي . بي,La Paz YB,La Paz YB,La Paz YB,ลาปัส YB,La Paz YB,,,La Paz YB,,
BolivianA_ClubBolívar,La Paz Blue,La Paz Blue,La Paz Blue,La Paz Blue,La Paz Blue,ラパス・ブルー,La Paz Azul,La Paz Blue,拉巴斯 蓝,拉巴斯 藍,拉巴斯 藍,라파즈 블루,لاباز بلو,La Paz Blue,La Paz Blue,La Paz Blue,ลาปัสบลู,La Paz Blue,,,La Paz Błękit,,
BolivianA_ClubJorgeWilstermann,Cochabamba,Cochabamba,Cochabamba,Cochabamba,Cochabamba,コチャバンバ,Cochabamba,Cochabamba,科恰班巴,科恰班巴,科恰班巴,코차밤바,كوتشابامبا,Cochabamba,Cochabamba,Cochabamba,โคคาบัมบา,Cochabamba,,,Cochabamba,,
UruguayanA_ClubAtléticoRentistas,Montevideo Red,Montevideo Red,Montevideo Red,Montevideo Red,Montevideo Red,モンテビデオ・レッド,Montevidéu Vermelho,Montevideo Red,蒙特维多 红,蒙特維多 紅,蒙特維多 紅,몬테비데오 레드,مونتيفيديو ريد,Montevideo Red,Montevideo Red,Montevideo Red,มอนเตวิเดโอเรด,Montevideo Red,,,Montevideo Czerwień,,
UruguayanA_ClubNacionaldeFootball,Montevideo White,Montevideo White,Montevideo White,Montevideo White,Montevideo White,モンテビデオ・ホワイト,Montevidéu Branco,Montevideo White,蒙特维多 白,蒙特維多 白,蒙特維多 白,몬테비데오 화이트,مونتيفيديو وايت,Montevideo White,Montevideo White,Montevideo White,มอนเตวิเดโอไวท์,Montevideo White,,,Montevideo Biel,,
UruguayanA_DanubioFútbolClub,Montevideo BW,Montevideo BW,Montevideo BW,Montevideo BW,Montevideo BW,モンテビデオ・BW,Montevidéu PB,Montevideo BW,蒙特维多 黑白,蒙特維多 黑白,蒙特維多 黑白,몬테비데오 BW,مونتيفيديو بي .دبليو,Montevideo BW,Montevideo BW,Montevideo BW,มอนเตวิเดโอ BW,Montevideo BW,,,Montevideo BW,,
UruguayanA_ClubAtléticoPeñarol,Montevideo YB,Montevideo YB,Montevideo YB,Montevideo YB,Montevideo YB,モンテビデオ・YB,Montevidéu AP,Montevideo YB,蒙特维多 黄黑,蒙特維多 黃黑,蒙特維多 黃黑,몬테비데오 YB,مونتيفيديو واي . بي,Montevideo YB,Montevideo YB,Montevideo YB,มอนเตวิเดโอ YB,Montevideo YB,,,Montevideo YB,,
ColombianA_IndependienteSantaFe,Bogotá Red,Bogotá Red,Bogotá Red,Bogotá Red,Bogotá Red,ボゴタ・レッド,Bogotá Vermelho,Bogotá Red,波哥大 红,波哥大 紅,波哥大 紅,보고타 레드,بوغوتا ريد,Bogotá Red,Bogotá Red,Bogotá Red,เบอโกต้าเรด,Bogotá Red,,,Bogota Czerwień,,
ColombianA_AtléticoJunior,Barranquilla,Barranquilla,Barranquilla,Barranquilla,Barranquilla,バランキージャ,Barranquilla,Barranquilla,巴兰基亚,巴蘭基亞,巴蘭基亞,바랑키야,بارانكويلا,Barranquilla,Barranquilla,Barranquilla,บารากิลล่า,Barranquilla,,,Barranquilla,,
ColombianA_AtléticoNacional,Medellín Green,Medellín Green,Medellín Green,Medellín Green,Medellín Green,メデジン・グリーン,Medellín Verde,Medellín Green,麦德林 绿,麥德林 綠,麥德林 綠,메데인 그린,ميديلين جرين,Medellín Green,Medellín Green,Medellín Green,เมอเดอลินกรีน,Medellín Green,,,Medellín Zieleń,,
ColombianA_IndependienteMedellín,Medellín Red,Medellín Red,Medellín Red,Medellín Red,Medellín Red,メデジン・レッド,Medellín Vermelho,Medellín Red,麦德林 红,麥德林 紅,麥德林 紅,메데인 레드,ميديلين ريد,Medellín Red,Medellín Red,Medellín Red,เมอเดอลินเรด,Medellín Red,,,Medellin Czerwień,,
ColombianA_CorporaciónDeportivaAmérica,Santiago de Cali,Santiago de Cali,Santiago de Cali,Santiago de Cali,Santiago de Cali,サンティアゴデカリ,Santiago de Cáli,Santiago de Cali,卡利,卡利,卡利,칼리,سانتياغو دي كالي,Santiago de Cali,Santiago de Cali,Santiago de Cali,ซานติโก้คาลี,Santiago de Cali,,,Santiago de Cali,,
ColombianA_MillonariosFútbolClub,Bogotá Blue,Bogotá Blue,Bogotá Blue,Bogotá Blue,Bogotá Blue,ボゴタ・ブルー,Bogotá Azul,Bogotá Blue,波哥大 蓝,波哥大 藍,波哥大 藍,보고타 블루,بوغوتا بلو,Bogotá Blue,Bogotá Blue,Bogotá Blue,เบอโกต้าบลู,Bogotá Blue,,,Bogotá Błękit,,
ChileA_ClubDeportivoUniversidadCatólica,Santiago BW,Santiago BW,Santiago BW,Santiago BW,Santiago BW,サンティアゴ・BW,Santiago PB,Santiago BW,圣地亚哥 蓝白,聖地亞哥 藍白,聖地亞哥 藍白,산티아고 BW,سانتياغو بي . دبليو,Santiago BW,Santiago BW,Santiago BW,ซานติโก้ BW,Santiago BW,,,Santiago BW,,
ChileA_UniónLaCalera,La Calera,La Calera,La Calera,La Calera,La Calera,ラカレラ,La Calera,La Calera,拉卡莱拉,拉卡萊拉,拉卡萊拉,라칼레라,لا كاليرا,La Calera,La Calera,La Calera,ลาคาเลอร่า,La Calera,,,La Calera,,
ChileA_ClubSocialyDeportivoColo-Colo,Santiago White,Santiago White,Santiago White,Santiago White,Santiago White,サンティアゴ・ホワイト,Santiago Branco,Santiago White,圣地亚哥 白,聖地亞哥 白,聖地亞哥 白,산티아고 화이트,سانتياغو وايت,Santiago White,Santiago White,Santiago White,ซานติโก้ไวท์,Santiago White,,,Santiago Biel,,
ParaguayanA_ClubCerroPorteño,Asunción RB,Asunción RB,Asunción RB,Asunción RB,Asunción RB,アスンシオン・RB,Assunção VA,Asunción RB,亚松森 红蓝,亞松森 紅藍,亞松森 紅藍,아순시온 RB,أسونسيون ار . بي,Asunción RB,Asunción RB,Asunción RB,อาซุนซิออง RB,Asunción RB,,,Asunción RB,,
ParaguayanA_ClubLibertad,Asunción BW,Asunción BW,Asunción BW,Asunción BW,Asunción BW,アスンシオン・BW,Assunção PB,Asunción BW,亚松森 黑白,亞松森 黑白,亞松森 黑白,아순시온 BW,أسونسيون بي . دبليو,Asunción BW,Asunción BW,Asunción BW,อาซุนซิออง BW,Asunción BW,,,Asunción BW,,
ParaguayanA_ClubGuaraní,Asunción YB,Asunción YB,Asunción YB,Asunción YB,Asunción YB,アスンシオン・YB,Assunção AP,Asunción YB,亚松森 黄黑,亞松森 黃黑,亞松森 黃黑,아순시온 YB,أسونسيون واي . بي,Asunción YB,Asunción YB,Asunción YB,อาซุนซิออง YB,Asunción YB,,,Asunción YB,,
ParaguayanA_ClubOlimpia,Asunción White,Asunción White,Asunción White,Asunción White,Asunción White,アスンシオン・ホワイト,Assunção Branco,Asunción White,亚松森 白,亞松森 白,亞松森 白,아순시온 화이트,أسونسيون وايت,Asunción White,Asunción White,Asunción White,อาซุนซิอองไวท์,Asunción White,,,Asunción Biel,,
TunisiaA_Espérance_Sportive_de_Tunis,Tunis Yellow,Tunis Jaune,Tunisi Giallo,Tunis Gelb,Túnez Amarillo,チュニスイエロー,Tunes Amarelo,Тунис Желтый,突尼斯 黄,突尼斯 黃,突尼斯 黃,튀니스 옐로우,التونسي الأصفر,Tunis Geel,Tunus Sarı,Tunis Kuning,ตูนิเซียสีเหลือง,Màu vàng Tunis,,,Tunis Żółć,,
TunisiaA_Club_Africain,Tunis Red,Tunis Rouge,Tunisi Rosso,Tunis Rot,Túnez Rojo,チュニスレッド,Tunes Vermelho,Тунис Красный,突尼斯 红,突尼斯 紅,突尼斯 紅,튀니스 레드,التونسي الأحمر,Tunis Rood,Tunus Kırmızı,Tunis Merah,ตูนิเซียแดง,Màu đỏ Tunis,,,Tunis Czerwień,,
Dr_congoA_Club_AS_Vita,Kinshasa,Kinshasa,Kinshasa,Kinshasa,Kinsasa,キンシャサ,Kinshasa,Киншаса,金沙萨,金沙薩,金沙薩,킨샤사,كينشاسا,Kinshasa,Kinşasa,Kinshasa,กินชาซา,Kinshasa,,,Kinszasa,,
Dr_congoA_Tout_Puissant_Mazembe,Lubumbashi Black,Lubumbashi Noir,Lubumbashi Nero,Lubumbashi Schwarz,Lubumbashi Negro,ルブンバシ 黒,Lubumbashi Preto,Лубумбаши Черный,卢本巴希 黑,盧本巴希 黑,盧本巴希 黑,루붐바시 검정색,لوبومباشي الأسود,Lubumbashi Zwart,Lubumbashi Siyah,Lubumbashi Hitam,ลูบูมบาชี ดำ,Lubumbashi Đen,,,Lubumbashi Czarna,,
MoroccanA_Ittihad_Tanger,Tanger,Tanger,Tangeri,Tanger,Tánger,タンジェ,Tânger,Танжер,丹吉尔,丹吉爾,丹吉爾,탕헤르,طنجة,Tanger,Tanca,Tangier,อันตราย,Tangier,,,Tanger,,
MoroccanA_Wydad_Athletic,Casablanca,Casablanca,Casablanca,Casablanca,Casablanca,カサブランカ,Casablanca,Касабланка,卡萨布兰卡,卡薩布蘭卡,卡薩布蘭卡,카사블랑카,الدار البيضاء,Casablanca,Kazablanka,Casablanca,กาซาบล็องกา,Casablanca,,,Casablanca,,
AlgerianA_CS_Constantine,Constantine,Constantine,Costantina,Constantine,Constantina,コンスタンティーヌ,Constantina,Константина,君士坦丁,君士坦丁,君士坦丁,콩스탕틴,قسنطينة,Constantine,Konstantin,Konstantin,กงส์ต็องตีน,Constantine,,,Konstantyna,,
AlgerianA_JS_Saoura,Méridja,Meridja,Meridja,Meridja,Meridja,マイリヤ,Méridja,Мериджа,迈里贾,邁里賈,邁里賈,마일 리 지,ميريدا,Meridja,Meridja,Meridja,ไมเรีย,Meridja,,,Meridja,,
South_AfricanA_Mamelodi_Sundowns,Pretoria,Pretoria,Pretoria,Pretoria,Pretoria,プレトリア,Pretória,Претория,比勒陀利亚,比勒陀利亞,比勒陀利亞,프리토리아,بريتوريا,Pretoria,Pretoria,Pretoria,พริทอเรีย,Pretoria,,,Pretoria,,
South_AfricanA_Orlando_Pirates,Johannesburg,Johannesbourg,Johannesburg,Johannesburg,Johannesburgo,ヨハネスブルグ,Joanesburgo,Йоханнесбург,约翰内斯堡,約翰內斯堡,約翰內斯堡,요하네스버그,جوهانسبورغ,Johannesburg,Johannesburg,Johannesburg,โจฮันเนสเบิร์ก,Johannesburg,,,Johannesburg,,
SudanA_Al_Hilal,Omdurman Blue,Omdourman Bleu,Omdurman Blu,Omdurman Blau,Omdurmán Azul,オムドゥルマンブルー,Ondurmã Azul,Омдурман Синий,恩图曼 蓝,恩圖曼 藍,恩圖曼 藍,옴두르만 블루,أم درمان الأزرق,Omdurman Blauw,Omdurman Mavi,Omdurman Biru,ออมเดอร์มานสีน้ำเงิน,Màu xanh da trời Omdurman,,,Omdurman Błękit ,,
SudanA_Al-Merrikh,Omdurman Red,Omdourman Rouge,Omdurman Rosso,Omdurman Rot,Omdurmán Rojo,オムドゥルマンレッド,Ondurmã Vermelho,Омдурман Красный,恩图曼 红,恩圖曼 紅,恩圖曼 紅,옴두르만 레드,أم درمان الأحمر,Omdurman Rood,Omdurman Kırmızı,Omdurman Merah,ออมเดอร์แมนเรด,Màu đỏ Omdurman,,,Omdurman Czerwień,,
ZambiaA_ZESCO_United,Ndola,Ndola,Ndola,Ndola,Ndola,ンドラ,Ndola,Ндола,恩多拉,恩多拉,恩多拉,은돌라,ندولا,Ndola,Ndola,Ndola,เอ็นดอร่า,Ndola,,,Ndola,,
ZambiaA_Nkana,Kitwe,Kitwe,Kitwe,Kitwe,Kitwe,キトウェ,Kitwe,Китве-Нкана,基特韦,基特韋,基特韋,키트웨,كيتوي,Kitwe,Kitwe,Kitwe,ไม่พบ,Kitwe,,,Kitwe,,
LibyaA_Al-Nasr,Benghazi Green,Benghazi Vert,Benghazi Verde,Benghazi Grün,Benghazi Verde,ベンガジグリーン,Benghazi Verde,Бенгази Зелёный,班加西绿,班加西綠,班加西綠,벵가지 그린,بنغازي الأخضر,Benghazi Groen,Benghazi Yeşili,Benghazi Hijau,เบนกาซี เขียว,Benghazi Xanh Lá,,,Benghazi Zielony,,
CameroonianA_Coton_Sport_FC_de_Garoua,Garoua,Garoua,Garoua,Garoua,Garua,ガルア,Garua,Гаруа,加鲁阿,加魯阿,加魯阿,가루아,غاروا,Garoua,Garoua,Garoua,การูวา,Garoua,,,Garoua,,
CameroonianA_UMS_de_Loum,Loum,Loum,Loum,Loum,Loum,ルム,Loum,волк,卢姆,盧姆,盧姆,늑대,لوم,Loum,Loum,Loum,ลูม,Loum,,,Loum,,
Ivory_CoastA_ASEC Mimosas,Abidjan,Abidjan,Abidjan,Abidjan,Abiyán,アビジャン,Abidjan,Абиджан,阿比让,阿比讓,阿比讓,아비장,أبيدجان,Abidjan,Abidjan,Abidjan,อาบีจาน,Abidjan,,,Abidżan,,
UAELeagueA_AlJaziraClub,Abu Dhabi,Abu Dhabi,Abu Dhabi,Abu Dhabi,Abu Dhabi,アブダビ,Abu Dhabi,Abu Dhabi,阿布扎比,阿布扎比,阿布扎比,아부다비,أبو ظبي,Abu Dhabi,Abu Dhabi,Abu Dhabi,อาบูดาบี,Abu Dhabi,,,Abu Dabi,,
EgyptianLeagueA_AlAhlySC,Cairo,Cairo,Cairo,Cairo,Cairo,カイロ,Cairo,Cairo,开罗,開羅,開羅,카이로,القاهرة,Cairo,Cairo,Cairo,ไคโร,Cairo,,,Kair,,
QatarLeagueA_Al-DuhailSC,Duhail,Duhail,Duhail,Duhail,Duhail,ドバイ,Duhail,Duhail,多哈尔,多哈爾,多哈爾,두하일,الدحيل,Duhail,Duhail,Duhail,ดูฮัล,Duhail,,,Duhail,,
KoreanLeagueA_UlsanHyundaiFC,Ulsan,Ulsan,Ulsan,Ulsan,Ulsan,ウルサン,Ulsan,Ульсан,蔚山,蔚山,蔚山,울산,أولسان,Ulsan,Ulsan,Ulsan,อุลซัน,Ulsan,,,Ulsan,,
QatarLeagueA_AlSaddSC,Al Sadd,Al Sadd,Al Sadd,Al Sadd,Al Sadd,アルサッド,Al Sadd,Al Sadd,萨阿德,薩阿德,薩阿德,알 사드,السد,Al Sadd,Al Sadd,Al Sadd,อัลซาดด์,Al Sadd,,,Al Sadd,,
TunisianLeagueA_ESTunis,Tunis,Tunis,Tunis,Tunis,Tunis,チュニス,Túnis,Tunis,突尼斯,突尼斯,突尼斯,튀니스,تونس,Tunis,Tunis,Tunis,ตูนิส,Tunis,,,Tunis,,
UAELeagueA_AlAinFC,Al Ain,Al Ain,Al Ain,Al Ain,Al Ain,アルアイン,Al Ain,Al Ain,艾因,艾因,艾因,알 아인,العين,Al Ain,Al Ain,Al Ain,อัลอีน,Al Ain,,,Al Ain,,
JapanLeagueA_KashimaAntlers,Kashima,Kashima,Kashima,Kashima,Kashima,鹿島,Kashima,Kashima,鹿岛,鹿嶋,鹿嶋,가시마,كاشيما,Kashima,Kashima,Kashima,คาชิมา,Kashima,,,Kashima,,
IndonesianLeagueA_BorneoSamarinda,Samarinda Red,Samarinda Rouge,Samarinda Rosso,Samarinda Rot,Samarinda Rojo,サマリンダ・レッド,Samarinda Vermelho,Самаринда Красный,三马林达红,三馬林達紅,三馬林達紅,사마린다 레드,ساماريندا الأحمر,Samarinda Rood,Samarinda Kırmızısı,Samarinda Merah,ซามารินดา แดง,Samarinda Đỏ,,,Samarinda Czerwony,,
IndonesianLeagueA_MaduraUnitedF.C.,Pamekasan,Pamekasan,Pamekasan,Pamekasan,Pamekasan,パメカサン,Pamekasan,Памекасан,帕梅卡桑,帕梅卡桑,帕梅卡桑,파메카산,باميكاسان,Pamekasan,Pamekasan,Pamekasan,ปรเมศวร์,Pamekasan,,,Pamekasan,,
IndonesianLeagueA_PSMMakassar,Makassar,Makassar,Makassar,Makassar,Macasar,マカッサル,Macáçar,Макасар,望加锡,孟加失,孟加失,마카사르,ماكاسار,Makassar,Makassar,Kota Makassar,มากัซซาร์,Makassar,,,Makasar,,
IndonesianLeagueA_PersitaTangerang,Tangerang,Tangerang,Tangerang,Tangerang,Tangerang,タンゲラン,Tangarão,Тангеранг,丹格朗,丹格朗,丹格朗,탕에랑,تانجيرانج,Tangerang,Tangerang,Kota Tangerang,ทังเกอรัง,Tangerang,,,Tangerang,,
IndonesianLeagueA_BaliUnitedF.C.,Gianyar,Gianyar,Gianyar,Gianyar,Gianyar,ギャニャール,Gianyar,Гианьяр,吉安雅,吉安雅,吉安雅,기안야르,جيانيار,Gianyar,Gianyar,Gianyar,เกียนยาร์,Gianyar,,,Gianyar,,
IndonesianLeagueA_Persikabo1973,Bogor,Bogor,Bogor,Bogor,Bogor,ボゴール,Bogor,Богор,茂物,茂物,茂物,보고르,بوجور,Bogor,Bogor,Bogor,โบโกร์,Bogor,,,Bogor,,
IndonesianLeagueA_PersibBandung,Bandung,Bandung,Bandung,Bandung,Bandung,バンドン,Bandungue,Бандунг,万隆,萬隆,萬隆,반둥,باندونغ,Bandung,Bandung,Kota Bandung,บันดุง,Bandung,,,Bandung,,
IndonesianLeagueA_AremaF.C.,Malang,Malang,Malang,Malang,Malang,マラン,Malangue,Маланг,玛琅,瑪琅,瑪琅,말랑,مالانغ,Malang,Malang,Kota Malang,มาลัง,Malang,,,Malang,,
IndonesianLeagueA_PSISSemarang,Semarang,Semarang,Semarang,Semarang,Semarang,スマラン,Samarão,Семаранг,三宝垄,三孖冷,三孖冷,스마랑,سمارانغ,Semarang,Semarang,Kota Semarang,เซอมารัง,Semarang,,,Semarang,,
IndonesianLeagueA_PersebayaSurabaya,Surabaya,Surabaya,Surabaya,Surabaya,Surabaya,スラバヤ,Surabaia,Сурабая,泗水,泗水,泗水,수라바야,سورابايا,Surabaya,Surabaya,Kota Surabaya,ซูราบายา,Surabaya,,,Surabaya,,
IndonesianLeagueA_PersijaJakarta,Jakarta,Jakarta,Jakarta,Jakarta,Jakarta,ジャカルタ,Jacarta,Джакарта,雅加达,耶加達,耶加達,자카르타,جاكرتا,Jakarta,Jakarta,Jakarta,จาการ์ตา,Jakarta,,,Jakarta,,
IndonesianLeagueA_DewaUnitedF.C.,South Tangerang,South Tangerang,South Tangerang,South Tangerang,South Tangerang,南タンゲラン,Tangarão do Sul,Тангеранг-Селатан,南丹格朗,南唐格朗,南唐格朗,탕에랑슬라탄,تانغيرانغ الجنوبية,South Tangerang,South Tangerang,Kota Tangerang Selatan,เซาท์ทังเกอรัง,South Tangerang,,,Południowy Tangerang,,
IndonesianLeagueA_BhayangkaraF.C.,Bekasi,Bekasi,Bekasi,Bekasi,Bekasi,ベカシ,Bekasi,Бекаси,勿加泗,勿加泗,勿加泗,베카시,بيكاسي,Bekasi,Bekasi,Bekasi,เบกาซี,Bekasi,,,Bekasi,,
IndonesianLeagueA_PSSSleman,Sleman,Sleman,Sleman,Sleman,Sleman,スレマン,Sleman,Слеман,斯勒曼,斯勒曼,斯勒曼,슬먼,سليمان,Sleman,Sleman,Sleman,สเลมัน,Sleman,,,Sleman,,
IndonesianLeagueA_PersisSolo,Surakarta,Surakarta,Surakarta,Surakarta,Surakarta,スラカルタ,Suracarta,Суракарта,梭罗,梭羅,梭羅,수라카르타,سوراكارتا,Surakarta,Surakarta,Kota Surakarta,สุราการ์ตา,Surakarta,,,Surakarta,,
IndonesianLeagueA_RANSNusantaraF.C.,Bogor purple,Bogor violet,Bogor viola,Bogor Violett,Bogor violeta,ボゴール紫,Bogor roxo,Богор пурпурный,茂物 紫,茂物 紫,茂物 紫,보고르 자주색,بوجور الأرجواني,Bogor Purper,Bogor mor,Bogor ungu,โบโกร์สีม่วง,Bogor màu đỏ tía,,,Bogor Fiolet,,
IndonesianLeagueA_PSBaritoPutera,Banjarmasin,Banjarmasin,Banjarmasin,Banjarmasin,Banjarmasin,バンジャルマシン,Banjarmasin,Банджармасин,马辰,馬辰,馬辰,반자르마신,بانجارماسين,Banjarmasin,Banjarmasin,Kota Banjarmasin,บรรจมาสิน,Banjarmasin,,,Banjarmasin,,
IndonesianLeagueA_PersikKediri,Kediri,Kediri,Kediri,Kediri,Kediri,クディリ,Kediri,Кедири,谏义里,諫義裡,諫義裡,케디리,كديري,Kediri,Kediri,Kota Kediri,เคดิริ,Kediri,,,Kediri,,
IndonesianLeagueA_PSMSMedan,Medan,Medan,Medan,Medan,Medan,メダン,Medã,Медан,棉兰,棉蘭,棉蘭,메단,ميدان,Medan,Medan,Kota Medan,เมดัน,Medan,,,Medan,,
IndonesianLeagueA_KaroUnitedF.C.,Kabanjahe,Kabanjahe,Kabanjahe,Kabanjahe,Kabanjahe,カバンジャヘ,Kabanjahe,Кабанджахе,卡班贾赫,卡班賈赫,卡班賈赫,카반자헤,كابانجاهي,Kabanjahe,Kabanjahe,Kabanjahe,กบาลจาเฮ,Kabanjahe,,,Kabanjahe,,
IndonesianLeagueA_SriwijayaF.C.,Palembang,Palembang,Palembang,Palembang,Palembang,パレンバン,Palimbão,Палембанг,巨港,巨港,巨港,팔렘방,باليمبانج,Palembang,Palembang,Kota Palembang,ปาเล็มบัง,Palembang,,,Palembang,,
IndonesianLeagueA_SemenPadangF.C.,Padang,Padang,Padang,Padang,Padang,パダン,Padangue,Паданг,巴东,巴東,巴東,파당,بادنغ,Padang,Padang,Kota Padang,ปาดัง,Padang,,,Padang,,
IndonesianLeagueA_F.C.BekasiCity,Bekasi white,Bekasi blanc,Bekasi bianca,Bekasi Weiß,Bekasi blanco,ベカシ白,Bekasi branco,Бекаси белый,勿加泗 白,勿加泗 白,勿加泗 白,베카시 하얀,بيكاسي وايت,Bekasi wit,Bekasi beyaz,Bekasi putih,เบกาซีสีขาว,Bekasi trắng,,,Bekasi Biel,,
IndonesianLeagueA_PersijapJepara,Jepara,Jepara,Jepara,Jepara,Jepara,ジェパラ,Jepara,Джепара,杰帕拉,傑帕拉,傑帕拉,제파라,جيبارا,Jepara,Jepara,Jepara,เจอปารา,Jepara,,,Jepara,,
IndonesianLeagueA_GresikUnitedF.C.,Gresik,Gresik,Gresik,Gresik,Gresik,グレシック,Gresik,Гресик,格雷西克,格雷西克,格雷西克,그레식,جريسيك,Gresik,Gresik,Gresik,เกรซิค,Gresik,,,Gresik,,
IndonesianLeagueA_PSCSCilacap,Cilacap,Cilacap,Cilacap,Cilacap,Cilacap,キルカプ,Cilacap,Килкап,基尔卡普,基爾卡普,基爾卡普,킬캅,سيلاكاب,Cilacap,Cilacap,Cilacap,คิลแคป,Cilacap,,,Cilacap,,
IndonesianLeagueA_PersipuraJayapura,Jayapura,Jayapura,Jayapura,Jayapura,Jayapura,ジャヤプラ,Jaiapura,Джаяпура,查亚普拉,查亞普拉,查亞普拉,자야푸라,جايابورا,Jayapura,Jayapura,Kota Jayapura,จายาปูรา,Jayapura,,,Jayapura,,
IndonesianLeagueA_PersibaBalikpapan,Balikpapan,Balikpapan,Balikpapan,Balikpapan,Balikpapan,バリクパパン,Balikpapan,Баликпапан,巴厘巴板,峇里巴板,峇里巴板,발릭파판,باليكبابان,Balikpapan,Balikpapan,Kota Balikpapan,บาลิกปาปัน,Balikpapan,,,Balikpapan,,
IndonesianLeagueA_PersipalPalu,Palu,Palu,Palu,Palu,Palu,パル,Palu,Палу,帕卢,帕盧,帕盧,팔루,بالو,Palu,Palu,Kota Palu,ปาลู,Palu,,,Palu,,
IndonesianLeagueA_DeltrasF.C.,Sidoarjo,Sidoarjo,Sidoarjo,Sidoarjo,Sidoarjo,シドアージョ,Sidoarjo,Сидоарджо,西多尔佐,西多爾佐,西多爾佐,시도아르조,سيدوارجو,Sidoarjo,Sidoarjo,Sidoarjo,สิโดอาร์โจ,Sidoarjo,,,Sidoarjo,,
IndonesianLeagueA_PersirajaBandaAceh,Banda Aceh,Banda Aceh,Banda Aceh,Banda Aceh,Banda Aceh,バンダ・アチェ,Banda Achém,Банда-Ачех,班达亚齐,班達亞齊,班達亞齊,반다아체,باندا آتشيه,Banda Aceh,Banda Aceh,Kota Banda Aceh,บันดาอาเจะฮ์,Banda Aceh,,,Banda Aceh,,
IndonesianLeagueA_PersipaPati,Pati,Pati,Pati,Pati,Pati,パティ,Pati,Пэти,帕蒂,帕蒂,帕蒂,패티,باتي,Pati,Pati,Pati,แพตตี้,Pati,,,Pati,,
IndonesianLeagueA_PSKCCimahi,Cimahi,Cimahi,Cimahi,Cimahi,Cimahi,チマヒ,Cimahi,Чимахи,芝马墟,芝馬墟,芝馬墟,치마히,شيماهي,Cimahi,Cimahi,Cimahi,จิมาฮี,Cimahi,,,Cimahi,,
IndonesianLeagueA_PerserangSerang,Serang,Serang,Serang,Serang,Serang,セラン,Serang,Серанг,西冷,西冷,西冷,세랑,سيرانغ,Serang,Serang,Serang,เซรัง,Serang,,,Serang,,
IndonesianLeagueA_PSDSDeliSerdang,Deli Serdang,Deli Serdang,Deli Serdang,Deli Serdang,Deli Serdang,デリ セルダン,Deli Serdang,Делисерданг,日里雪冷,日里雪冷,日里雪冷,델리 세르당,ديلي سيردانغ,Deli Serdang,Deli Serdang,Deli Serdang,จากเดลิเซอร์,Deli Serdang,,,Deli Serdang,,
IndonesianLeagueA_PSPSRiau,Pekanbaru,Pekanbaru,Pekanbaru,Pekanbaru,Pekanbaru,ペカンバル,Pekanbaru,Пеканбару,北干巴鲁,北乾巴魯,北乾巴魯,페칸바루,بيكانبارو,Pekanbaru,Pekanbaru,Pekanbaru,เปกันบารู,Pekanbaru,,,Pekanbaru,,
IndonesianLeagueA_PSIMYogyakarta,Yogyakarta,Yogyakarta,Yogyakarta,Yogyakarta,Yogyakarta,ジョグジャカルタ,Yogyakarta,Джокьякарта,日惹,日惹,日惹,욕야카르타,يوغياكارتا,Yogyakarta,Yogyakarta,Yogyakarta,ยกยาการ์ตา,Yogyakarta,,,Yogyakarta,,
IndonesianLeagueA_PersikabBandung,Bandung Green,Bandung Vert,Bandung Verde,Bandung Grün,Bandung Verde,バンドングリーン,Bandungue Verde,Бандунг Зеленый,万隆 绿,萬隆 綠,萬隆 綠,반둥 그린,باندونغ جرين,Bandung Groen,Bandung Yeşil,Kota Bandung Hijau,บันดุงกรีน,Màu xanh lá Bandung,,,Bandung Zieleń,,
IndonesianLeagueA_PerselaLamongan,Lamongan,Lamongan,Lamongan,Lamongan,Lamongan,ラモンガン,Lamongan,Ламонган,拉蒙岸,拉蒙岸,拉蒙岸,라몽안,لامونجان,Lamongan,Lamongan,Lamongan,ลาโมกัน,Lamongan,,,Lamongan,,
IndonesianLeagueA_PersewarWaropen,Waropen,Waropen,Waropen,Waropen,Waropen,バロポン,Waropen,Варопен,瓦洛彭,瓦洛彭,瓦洛彭,발로퐁,واربين,Waropen,Waropen,Waropen,วัลโลพอน,Waropen,,,Waropen,,
IndonesianLeagueA_SulutUnitedF.C.,Manado,Manado,Manado,Manado,Manado,マナド,Manado,Манадо,万鸦老,萬鴉老,萬鴉老,마나도,مانادو,Manado,Manado,Manado,มานาโด,Manado,,,Manado,,
IndonesianLeagueA_PutraDeltaSidoarjoF.C.,Sidoarjo Red,Sidoarjo Rouge,Sidoarjo Rosso,Sidoarjo Rot,Sidoarjo Rojo,シドアージョレッド,Sidoarjo Vermelho,Сидоарджо Красный,西多尔佐 红,西多爾佐 紅,西多爾佐 紅,시도아르조 레드,سيدوارجو ريد,Sidoarjo Rood,Sidoarjo Kırmızı,Sidoarjo Merah,สิโดอาร์โจเรด,Sidoarjo Omdurman,,,Sidoarjo Czerwień,,
UnitedArabEmiratesLeaugeA_AlJaziraClub,Abu Dhabi,Abou Dabi,Abu Dhabi,Abu Dhabi,Abu Dabi,アブダビ,Abu Dhabi,Абу-Даби,阿布扎比,阿布扎比,阿布扎比,아부다비,أبو ظبي,Abu Dhabi,Abu Dabi,Abu Dhabi,อาบูดาบี,Abu Dhabi,,,Abu Zabi,,
QatarLeagueA_Al-GharafaSC,Al Gharrafa,Al Gharrafa,Al Gharrafa,Al Gharrafa,Al Gharrafa,アル・ガラファ,Al Gharrafa,Аль Гаррафа,阿尔加拉法,阿爾加拉法,阿爾加拉法,알 가라파,الغرافة,Al Gharrafa,Al Gharrafa,Al Gharrafa,อัลการ์ราฟา,Al Gharrafa,,,Al Gharrafa,,
IranLeagueA_TractorS.C.,Tabriz,Tabriz,Tabriz,Täbris,Tabriz,タブリーズ,Tabriz,Тебриз,大不里士,大不裏士,大不裏士,타브리즈,تبريز,Tabriz,Tebriz,Tabriz,แทบรีซ,Tabriz,,,Tebriz,,
IranLeagueA_ZobAhanEsfahanF.C.,Fuladshahr,Fuladshahr,Fulad Shahr,Fuladshahr,Fuladshahr,フラドシャール,Fuladshahr,Фуладшехр,富拉沙尔,富拉沙爾,富拉沙爾,풀라드샤르,فولادشهر,Fuladshahr,Fuladşehr,Fuladshahr,ฟูลาดชาห์ร,Fuladshahr,,,Fuladszahr,,
UzbekistanLeagueA_PFCLokomotivTashkent,Tashkent,Tachkent,Tashkent,Taschkent,Taskent,タシュケント,Tasquente,Ташкент,塔什干,塔什干,塔什干,타슈켄트,طشقند,Tasjkent,Taşkent,Tоshkеnt,ทาชเคนต์,Tashkent,,,Taszkent,,
UnitedArabEmiratesLeaugeA_AlWahdaFC,Abu Dhabi Red,Abou Dabi Rouge,Abu Dhabi Rosso,Abu Dhabi Rot,Abu Dabi Rojo,アブダビレッド,Abu Dhabi Vermelho,Абу-Даби Красный,阿布扎比 红,阿布扎比 紅,阿布扎比 紅,아부다비 레드,أبو ظبي أحمر,Abu Dhabi Rood,Abu Dabi Kırmızı,Abu Dhabi Merah,อาบูดาบีเรด,Abu Dhabi Omdurman,,,Abu Zabi Czerwień,,
IranLeagueA_PersepolisF.C.,Tehran,Téhéran,Teheran,Teheran,Teherán,テヘラン,Teerã,Тегеран,德黑兰,德黑蘭,德黑蘭,테헤란,طهران,Teheran,Tahran,Teheran,เตหะราน,Tehran,,,Teheran,,
UzbekistanLeagueA_FCNasaf,Qarshi,Karchi,Karshi,Qarshi,Qarshi,カルシ,Carxi,Карши,卡尔希,卡爾希,卡爾希,카르시,قرشي,Qarshi,Karşı,Qarshi,คาร์ชิ,Qarshi,,,Karshi,,
UnitedArabEmiratesLeaugeA_AlWaslF.C.,Dubai,Dubaï,Dubai,Dubai,Dubái,ドバイ,Dubai,Дубай,迪拜,杜拜,杜拜,두바이,دبي,Dubai,Dubai,Dubai,ดูไบ,Dubai,,,Dubaj,,
IranLeagueA_EsteghlalF.C.,Tehran Blue,Bleu Téhéran,Teheran Blue,Teheran Blue,Azul de Teherán,テヘランブルー,Teerã Azul,Тегеран Блю,德黑兰 蓝,德黑蘭 藍,德黑蘭 藍,테헤란 블루,طهران الأزرق,Teheran Blue,Tahran Mavisi,Teheran Biru,เตหะรานบลู,Màu xanh Tehran,,,Teheran Błękit,,
QatarLeagueA_Al-RayyanSC,Al Rayyan,Al Rayyan,Al Rayyan,Ar-Rayyan,Rayán,アル・ライアン,Al Ryan,Эр-Райян,阿尔瑞安,阿爾瑞安,阿爾瑞安,알 라이언,الريان,Al Rayyan,Al Ryan,Al-Rayyan,อัลไรอัน,Al Rayyan,,,Ar-Rajjan,,
KoreanLeagueA_JeonbukHyundaiMotors,Jeonju,Jeonju,Jeonju,Jeonju,Jeonju,全州,Jeonju,Чонджу,全州,全州,全州,전주시,جيونجو,Jeonju,Jeonju,Jeonju,ช็อนจู,Jeonju,,,Jeonju,,
ChineseLeagueA_TianjinJinmenTiger,Tianjin,Tianjin,Tientsin,Tianjin,Tianjin,天津,Tianjin,Тяньцзинь,天津,天津,天津,톈진시,تيانجين,Tianjin,Tientsin,Tianjin,เทียนจิน,Thiên Tân,,,Tiencin,,
JapanLeagueA_KashiwaReysol,Kashiwa,Kashiwa,Kashiwa,Kashiwa,Kashiwa,柏,Kashiwa,Касива,柏,柏,柏,가시와시,كاشيوا,Kashiwa,Kashiwa,Kashiwa,คาชิวะ,Kashiwa,,,Kashiwa,,
HongKongLeagueA_KitcheeSC,Kowloon,Kowloon,Kowloon,Kowloon,Kowloon,九龍,Kowloon,Цзюлун,九龙,九龍,九龍,가우룽,كولون,Kowloon,Kowloon,Kowloon,เกาลูน,Cửu Long,,,Koulun,,
ChineseLeagueA_ShanghaiPortF.C.,Shanghai Red,Shanghai Rouge,Shanghai Rosso,Shanghai Rot,Shanghai Rojo,上海レッド,Xangai Vermelho,Шанхай Красный,上海红,上海紅,上海紅,상하이 레드,شنغهاي الأحمر,Shanghai Rood,Şanghay Kırmızı,Shanghai Merah,เซี่ยงไฮ้สีแดง,Thượng Hải Đỏ,,,Szanghaj Czerwony,,
AustralianLeagueA_MelbourneVictoryFC,Melbourne,Melbourne,Melbourne,Melbourne,Melbourne,メルボルン,Melbourne,Мельбурн,墨尔本,墨爾本,墨爾本,멜버른,ملبورن,Melbourne,Melbourne,Melbourne,เมลเบิร์น,Melbourne,,,Melbourne,,
JapanLeagueA_KawasakiFrontale,Kawasaki,Kawasaki,Kawasaki,Kawasaki,Kawasaki,川崎,Kawasaki,Кавасаки,川崎,川崎,川崎,가와사키시,كاواساكي,Kawasaki,Kawasaki,Kawasaki,คาวาซากิ,Kawasaki,,,Kawasaki,,
ChineseLeagueA_GuangzhouF.C.,Guangzhou,Guangzhou,Guangzhou,Guangzhou,Cantón,広州,Cantão,Гуанчжоу,广州,廣州,廣州,광저우시,كوانزو,Guangzhou,Guangzhou,Guangzhou,กว่างโจว,Quảng Châu,,,Guangzhou,,
ThailandLeagueA_BuriramUnitedF.C.,Buriram,Buriram,Buriram,Buriram,Buri Ram,ブリラム,Buri Ram,Бурирам,武里南,武里南,武里南,부리람,بوريرام,Buriram,Buriram,Buriram,เทศบาลเมืองบุรีรัมย์,Buriram,,,Buriram,,
JapanLeagueA_CerezoOsaka,Osaka Red,Osaka Rouge,Osaka Rosso,Osaka Rot,Osaka Rojo,大阪レッド,Osaka Vermelho,Осака Красный,大阪红,大阪紅,大阪紅,오사카 레드,أوساكا الأحمر,Osaka Rood,Osaka Kırmızısı,Osaka Merah,โอซากะ แดง,Osaka Đỏ,,,Osaka Czerwony,,
KoreanLeagueA_JejuUnitedFC,Jeju,Jeju,Jeju,Jeju,Jeju,済州,Jeju,Чеджу,济州,濟州,濟州,제주시,جيجو,Jeju,Jeju,Jeju,เชจู,Jeju,,,Jeju,,
KoreanLeagueA_SuwonSamsungBluewings,Suwon,Suwon,Suwon,Suwon,Suwon,水原,Suwon,Сувон,水原,水原,水原,수원시,سوون,Suwon,Suwon,Suwon,ซูว็อน,Suwon,,,Suwon,,
AustralianLeagueA_SydneyFC,Sydney,Sydney,Sydney,Sydney,Sydney,シドニー,Sydney,Сидней,悉尼,雪梨,雪梨,시드니,سيدني,Sydney,Sydney,Sydney,ซิดนีย์,Sydney,,,Sydney,,
ChineseLeagueA_ShanghaiShenhuaF.C.,Shanghai Blue,Shanghai bleu,Shanghai blu,Shanghai Blau,Shanghai azul,上海 ブルー,Shanghai azul,Синий Шанхай,上海 蓝,上海 藍,上海 藍,상하이 블루,شنغهاي الأزرق,Shanghai Blauw,Shanghai Mavisi,Shanghai biru,เซี่ยงไฮ้น้ำเงิน,Thượng Hải xanh,,,Szanghaj niebieski,,
Academy_BayernMunchen_U18,Munchen,Munchen,Munchen,München,Múnich,ミュンヘン,Munchen,Мюнхен,慕尼黑,拜仁慕尼克,拜仁慕尼克,뮌헨,ميونخ,Munchen,Munchen,Munchen,มุนเชน,Munich,,,Munchen,,
Academy_Dortmund_U18,Dortmund,Dortmund,Dortmund,Dortmund,Dortmund,ドルトムント,Dortmund,Дортмунд,多特蒙德,多蒙特,多蒙特,도르트문트,دورتموند,Dortmund,Dortmund,Dortmund,ดอร์ทมุนด์,Dortmund,,,Dortmund,,
Academy_RBLeipzig_U18,Leipzig,Leipzig,Lipsia,Leipzig,Leipzig,ライプツィヒ,Leipzig,Лейпциг,莱比锡,萊比錫,萊比錫,라이프 치히,لايبزيغ,Leipzig,Leipzig,Leipzig,ไลป์ซิก,Leipzig,,,Lipsk,,
Academy_Bayer04Leverkusen_U18,Leverkusen,Leverkusen,Leverkusen,Leverkusen,Leverkusen,レバークーゼン,Leverkusen,Леверкузен,勒沃库森,利華古遜,利華古遜,레버쿠젠,ليفركوزن,Leverkusen,Leverkusen,Leverkusen,เลเวอร์คูเซ่น,Leverkusen,,,Leverkusen,,
Academy_Schalke04_U18,Gelsenkirchen,Gelsenkirchen,Gelsenkirchen,Gelsenkirchen,Gelsenkirchen,ゲルゼンキルヒェン,Gelsenkirchen,Гельзенкирхен,盖尔森基兴,史浩克04,史浩克04,겔젠 키르 헨,جيلسنكيرشن,Gelsenkirchen,Gelsenkirchen,Gelsenkirchen,เกลเซ่นเคียร์เชน,Gelsenkirchen,,,Gelsenkirchen,,
Academy_Frankfurt_U18,Frankfurt,Francfort,Francoforte,Frankfurt,Fráncfort,フランクフルト,Frankfurt,Франкфурт,法兰克福,法蘭克福,法蘭克福,프랑크푸르트,فرانكفورت,Frankfurt,Frankfurt,Frankfurt,แฟรงค์เฟิร์ต,Frankfurt,,,Frankfurt,,
Academy_Monchengladbach_U18,Monchengladbach,Monchengladbach,Monchengladbach,Mönchengladbach,Mönchengladbach,メンヒェングラットバッハ,Monchengladbach,Мёнхенгладбах,门兴格拉德巴赫,慕遜加柏,慕遜加柏,묀헨 글 라트 바흐,مونشن غلادباخ,Mönchengladbach,Mönchengladbach,Monchengladbach,มึนเช่นกลัดบัค,Monchengladbach,,,Monchengladbach,,
Academy_Wolfsburg_U18,Wolfsburg,Wolfsburg,Wolfsburg,Wolfsburg,Wolfsburgo,ヴォルフスブルク,Wolfsburg,Вольфсбург,沃尔夫斯堡,禾夫斯堡,禾夫斯堡,볼프스부르크,فولفسبورغ,Wolfsburg,Wolfsburg,Wolfsburg,โวล์ฟสบวร์ก,Wolfsburg,,,Wolfsburg,,
Academy_Mainz_U18,Mainz,Mayence,Mainz,Mainz,Maguncia,マインツ,Mainz,Майнц,美因茨,緬恩斯,緬恩斯,마인츠,ماينز,Mainz,Mainz,Mainz,ไมนซ์,Mainz,,,Moguncja,,
Academy_WerderBremen_U18,Bremen,Brême,Brema,Bremen,Bremen,ブレーメン,Bremen,Бремен,不莱梅,雲達不萊梅,雲達不萊梅,브레멘,بريمن,Bremen,Bremen,Bremen,เบรเมน,Bremen,,,Brema,,
Academy_HerthaBerliner_U18,Berlin,Berlin,Berlino,Berlin,Berlín,ベルリン,Berlin,Берлин,柏林,哈化柏林,哈化柏林,베를린,برلين,Berlijn,Berlin,Berlin,เบอร์ลิน,Berlin,,,Berlin,,
Academy_Freiburg_U18,Freiburg,Fribourg,Friburgo,Freiburg,Friburgo,フライブルク,Freiburg,Фрайбург,弗莱堡,弗萊堡,弗萊堡,프라이 부르크,فرايبورغ,Freiburg,Freiburg,Freiburg,ไฟร์บวร์ก,Freiburg,,,Freiburg,,
Academy_Koln_U18,Koln,Koln,Koln,Köln,Colonia,ケルン,Koln,Кельн,科隆,科隆,科隆,Koln,كولن يو,Koln,Koln,Koln,โคโลญ,Koln,,,Koln,,
Academy_Augsburg_U18,Augsburg,Augsburg,Augsburg,Augsburg,Augsburg,Augsburg,Augsburg,Augsburg,奥格斯堡,奧格斯堡,奧格斯堡,Augsburg,آوغسبورغ,Augsburg,Augsburg,Augsburg,Augsburg,Augsburg,,,Augsburg,,
Academy_Stuttgart_U18,Stuttgart,Stuttgart,Stuttgart,Stuttgart,Stuttgart,Stuttgart,Stuttgart,Stuttgart,斯图加特,斯圖加特,斯圖加特,Stuttgart,شتوتغارت,Stuttgart,Stuttgart,Stuttgart,Stuttgart,Stuttgart,,,Stuttgart,,
Academy_Hamburg_U18,Hamburg,Hamburg,Hamburg,Hamburg,Hamburg,Hamburg,Hamburg,Hamburg,汉堡,漢堡,漢堡,Hamburg,هامبورغ,Hamburg,Hamburg,Hamburg,Hamburg,Hamburg,,,Hamburg,,
Academy_Bochum_U18,Bochum,Bochum,Bochum,Bochum,Bochum,Bochum,Bochum,Bochum,波鸿,波鴻,波鴻,Bochum,بوخوم,Bochum,Bochum,Bochum,Bochum,Bochum,,,Bochum,,
Academy_Bielefeld_U18,Bielefeld,Bielefeld,Bielefeld,Bielefeld,Bielefeld,Bielefeld,Bielefeld,Bielefeld,比勒菲尔德,比勒菲爾德,比勒菲爾德,Bielefeld,بيليفيلد,Bielefeld,Bielefeld,Bielefeld,Bielefeld,Bielefeld,,,Bielefeld,,
Academy_Paris_U18,Paris,Paris,Parigi,Paris,París,パリ,Paris,Париж,巴黎,巴黎,巴黎,파리,باريس,Parijs,Paris,Paris,ปารีส,Paris,,,Paryż,,
Academy_Lille_U18,Lille,Lille,Lille,Lille,Lille,リール,Lille,Лилль,里尔,里爾,里爾,릴,ليل,Rijsel,Lille,Lille,ลีลล์,nhỏ,,,Lille,,
Academy_Lyon_U18,Lyon,Lyon,Lione,Lyon,Lyon,リヨン,Lyon,Лион,里昂,里昂,里昂,리옹,ليون,Lyon,Lyon,Lyon,ลียง,Lyon,,,Lyon,,
Academy_SaintEtienne_U18,Saint Etienne,Saint-Étienne,Saint Etienne,Saint Etienne,Saint Etienne,サンテティエンヌ,Saint Etienne,Сент-Этьен,圣埃蒂安,聖伊天,聖伊天,생테 티엔,سانت إتيان,Saint Etienne,Saint Etienne,Saint Etienne,แซงต์เอเตียน,Saint Etienne,,,Saint Etienne,,
Academy_Marseille_U18,Marseille,Marseille,Marsiglia,Marseille,Marsella,マルセイユ,Marselha,Марсель,马赛,馬賽,馬賽,마르세유,مرسيليا,Marseille,Marsilya,Marseille,มาร์กเซย,Marseille,,,Marsylia,,
Academy_Montpellier_U18,Montpellier,Montpellier,Montpellier,Montpellier,Montpellier,モンペリエ,Montpellier,Монпелье,蒙彼利埃,蒙彼利埃,蒙彼利埃,몽펠리에,مونبلييه,Montpellier,Montpellier,Montpellier,มงต์เปลลิเย่ร์,Montpellier,,,Montpellier,,
Academy_Nice_U18,Nice,Nice,Nice,Schöne,Niza,ニース,Nice,Ницца,尼斯,尼斯,尼斯,좋은,نيس,Leuke,Nice,Nice,นีซ,đẹp,,,Niezłe,,
Academy_Monaco_U18,Monaco,Monaco,Monaco,Monaco,Mónaco,モナコ,Monaco,Монако,摩纳哥,摩納哥,摩納哥,모나코,موناكو,Monaco,Monako,Monaco,โมนาโก,Monaco,,,Monako,,
Academy_Nimes_U18,Nimes,Nîmes,Nimes,Nimes,Nimes,ニーム,Nimes,Ним,尼姆,尼姆,尼姆,님,نيم,Nimes,Nimes,Nimes,นีมส์,Nimes,,,Nimes,,
Academy_Rennes_U18,Rennes,Rennes,Rennes,Rennes,Rennes,レンヌ,Rennes,Ренн,雷恩,雷恩,雷恩,렌,رين,Rennes,Rennes,Rennes,แรนส์,Rennes,,,Rennes,,
Academy_Strasbourg_U18,Strasbourg,Strasbourg,Strasburgo,Straßburg,Estrasburgo,ストラスブール,Estrasburgo,Страсбург,斯特拉斯堡,斯特拉斯堡,斯特拉斯堡,스트라스부르,ستراسبورغ,Straatsburg,Strazburg,Strasbourg,สตราสบูร์ก,Strasbourg,,,Strasburg,,
Academy_Nantes_U18,Nantes,Nantes,Nantes,Nantes,Nantes,ナント,Nantes,Нант,南特,南特,南特,낭트,نانت,Nantes,Nantes,Nantes,น็องต์,Nantes,,,Nantes,,
Academy_Angers_U18,Angers,Angers,Angers,Angers,Angers,アンジェ,Angers,Анже,安格斯,安格斯,安格斯,앙제,أنجيه,Angers,Angers,Angers,อองเช่ร์,Angers,,,Angers,,
Academy_Bordeaux_U18,Bordeaux,Bordeaux,Bordeaux,Bordeaux,Bordeaux,ボルドー,Bordeaux,Bordeaux,波尔多,波爾多,波爾多,Bordeaux,بوردو,Bordeaux,Bordeaux,Bordeaux,Bordeaux,Bordeaux,,,Bordeaux,,
Academy_Brest_U18,Brest,Brest,Brest,Brest,Brest,Brest,Brest,Brest,布雷斯特,布雷斯特,布雷斯特,Brest,بريست,Brest,Brest,Brest,Brest,Brest,,,Brest,,
Academy_Clermont-Ferrand_U18,Clermont-Ferrand,Clermont-Ferrand,Clermont-Ferrand,Clermont-Ferrand,Clermont-Ferrand,Clermont-Ferrand,Clermont-Ferrand,Clermont-Ferrand,克莱蒙费朗,克萊蒙費朗,克萊蒙費朗,Clermont-Ferrand,كليرمون فيران,Clermont-Ferrand,Clermont-Ferrand,Clermont-Ferrand,Clermont-Ferrand,Clermont-Ferrand,,,Clermont-Ferrand,,
Academy_Lorient_U18,Lorient,Lorient,Lorient,Lorient,Lorient,Lorient,Lorient,Lorient,洛里昂,洛里昂,洛里昂,Lorient,لوريان,Lorient,Lorient,Lorient,Lorient,Lorient,,,Lorient,,
Academy_Metz_U18,Metz,Metz,Metz,Metz,Metz,Metz,Metz,Metz,梅斯,梅斯,梅斯,Metz,ميتز,Metz,Metz,Metz,Metz,Metz,,,Metz,,
Academy_Juventus_U18,Torino BW,Torino BW,Torino BW,Turin BW,Turín BW,トリノ黒と白,Torino Preto e branco,Турин Черное и белое,都灵 黑白,祖雲達斯,祖雲達斯,토리노 검정색과 흰색,تورينو بي . دبليو,Torino BW,Torino BW,Torino Hitam Putih,โตริโนบีดับเบิล,Torino BW,,,Torino BW,,
Academy_Napoli_U18,Napoli,Napoli,Napoli,Napoli,Nápoles,ナポリ,Napoli,Наполи,那不勒斯,拿玻里,拿玻里,나폴리,نابولي,Napoli,Napoli,Napoli,นาโปลี,Napoli,,,Napoli,,
Academy_InternazionaleMilano_U18,Milano Blue,Bleu Milano,Milano Blue,Milano Blue,Milan Azul,ミラノブルー,Milano Azul,Милано Блю,米兰 蓝,米蘭 藍黑,米蘭 藍黑,베르가 모,ميلانو بلو,Milano Blue,Milano Mavi,Milan Biru,มิลาโนบลู,Milano Blue,,,Milano Blue,,
Academy_Atalanta_U18,Bergamo,Bergame,Bergamo,Bergamo,Bérgamo,ベルガモ,Bergamo,Милано Блю,贝加莫,阿特蘭大,阿特蘭大,밀라노 블루,بيرغامو,Bergamo,Bergamo,Bergamo,แบร์กาโม,Bergamo,,,Bergamo,,
Academy_AssociazioneCalcioMilan_U18,Milano Red,Milano Rouge,Milano Red,Milano Red,Milan Rojo,ミラノレッド,Milano Vermelho,Милано Ред,米兰 红,米蘭 紅黑,米蘭 紅黑,밀라노 레드,ميلانو ريد,Milano Red,Milano Kırmızı,Milan Merah,มิลาโนเร้ด,Milano đỏ,,,Milano Red,,
Academy_Roma_U18,Roma Red,Roma Rouge,Roma Red,Roma Red,Roma Roja,ローマレッド,Roma Vermelho,Рома Ред,罗马 红,羅馬,羅馬,로마 레드,روما ريد,Roma Red,Roma Kırmızı,Roma Merah,โรม่าเร้ด,Roma đỏ,,,Roma Red,,
Academy_Torino_U18,Torino Red,Torino Rouge,Torino Red,Turin Rot,Rojo Torino,トリノレッド,Torino Vermelho,Торино Ред,都灵 红,拖連奴,拖連奴,토리노 레드,تورينو ريد,Torino Red,Torino Kırmızı,Torino Merah,โตริโนเร้ด,Torino đỏ,,,Torino Red,,
Academy_Lazio_U18,Roma Blue,Roma Bleu,Roma Blue,Roma Blue,Roma Azul,ローマブルー,Roma Azul,Рома Блю,罗马 蓝,拉素,拉素,로마 블루,روما بلو,Roma Blue,Roma Mavi,Roma Biru,โรม่าบลู,Roma Blue,,,Roma Blue,,
Academy_Genova_U18,Genova,Genova,Genova,Genova,Génova,ジェノバ,Genova,Генуя,热那亚,熱那亞,熱那亞,제노바,جينوفا,Genua,Genova,Genova,เจโนว่า,Genoa,,,Genova,,
Academy_Bologna_U18,Bologna,Bologne,Bologna,Bologna,Bolonia,ボローニャ,Bologna,Болонья,博洛尼亚,博洛尼亞,博洛尼亞,볼로냐,بولونيا,Bologna,Bologna,Bologna,โบโลญญ่า,Bologna,,,Bolonia,,
Academy_Sassuolo_U18,Sassuolo,Sassuolo,Sassuolo,Sassuolo,Sassuolo,サッスオーロ,Sassuolo,Сассуоло,萨索洛,薩斯索羅,薩斯索羅,사수 올로,ساسولو,Sassuolo,Sassuolo,Sassuolo,ซัสซูโอโล่,Sassuolo,,,Sassuolo,,
Academy_Udine_U18,Udine,Udine,Udine,Udine,Udine,ウディネ,Udine,Удине,乌迪内斯,烏甸尼,烏甸尼,우디 네,أوديني,Udine,Udine,Udine,อูดิเน,Udine,,,Udine,,
Academy_Ferrara_U18,Ferrara,Ferrare,Ferrara,Ferrara,Ferrara,フェラーラ,Ferrara,Феррара,费拉拉,費拉拉,費拉拉,페라라,فيرارا,Ferrara,Ferrara,Ferrara,เฟอร์รารา,Ferrara,,,Ferrara,,
Academy_Cagliari_U18,Cagliari,Cagliari,Cagliari,Cagliari,Cagliari,Cagliari,Cagliari,Cagliari,卡利亚里,卡利亞里,卡利亞里,Cagliari,كالياري,Cagliari,Cagliari,Cagliari,Cagliari,Cagliari,,,Cagliari,,
Academy_Empoli_U18,Empoli,Empoli,Empoli,Empoli,Empoli,Empoli,Empoli,Empoli,恩波利,恩波利,恩波利,Empoli,إمبولي,Empoli,Empoli,Empoli,Empoli,Empoli,,,Empoli,,
Academy_Florence_U18,Florence,Florence,Firenze,Florence,Florence,Florence,Florence,Florence,佛罗伦萨,佛羅倫薩,佛羅倫薩,Florence,فلورنسا,Florence,Florence,Florence,Florence,Florence,,,Florence,,
Academy_Brescia_U18,Brescia,Brescia,Brescia,Brescia,Brescia,Brescia,Brescia,Brescia,布雷西亚,布雷西亞,布雷西亞,Brescia,بريشيا,Brescia,Brescia,Brescia,Brescia,Brescia,,,Brescia,,
Academy_Benevento_U18,Benevento,Benevento,Benevento,Benevento,Benevento,Benevento,Benevento,Benevento,贝内文托,貝內文托,貝內文托,Benevento,بينيفنتو,Benevento,Benevento,Benevento,Benevento,Benevento,,,Benevento,,
Academy_Barcelona_U18,Barcelona RB,Barcelone RB,Barcellona RB,Barcelona RB,Barcelona RB,バルセロナ赤と青,Barcelona RB,Барселона РБ,巴塞罗那 红蓝,巴塞隆拿,巴塞隆拿,바르셀로나 빨간색과 파란색,برشلونة آر . بي,Barcelona RB,Barcelona RB,Barcelona Merah Biru,บาร์เซโลน่า RB,Barcelona RB,,,Barcelona RB,,
Academy_RealMadrid_U18,Madrid White,Madrid Blanc,Madrid White,Madrid White,Madrid Blanco,マドリッドホワイト,Madrid Branco,Мадрид Уайт,马德里 白,美凌格,美凌格,마드리드 화이트,مدريد وايت,Madrid Witte,Madrid Beyaz,Madrid Putih,มาดริดชุดขาว,Madrid trắng,,,Madryt Białe,,
Academy_AtléticodeMadrid_U18,Madrid Red,Madrid Rouge,Madrid Red,Madrid Red,Roja de Madrid,マドリッドレッド,Madrid Vermelho,Мадрид Ред,马德里 红,馬德里體育會,馬德里體育會,마드리드 레드,مدريد ريد,Madrid Rode,Madrid Kırmızı,Madrid Merah,มาดริดแดง,Madrid đỏ,,,Madryt Red,,
Academy_Valencia_U18,Valencia,Valence,Valencia,Valencia,Valencia,バレンシア,Valencia,Валенсия,瓦伦西亚,華倫西亞,華倫西亞,발렌시아,فالنسيا,Valencia,Valencia,Valencia,บาเลนเซีย,Valencia,,,Valencia,,
Academy_Getafe_U18,Getafe,Getafe,Getafe,Getafe,Getafe,ヘタフェ,Getafe,Хетафе,赫塔菲,基達菲,基達菲,헤타페,خيتافي,Getafe,Getafe,Getafe,เกตาเฟ่,Getafe,,,Getafe,,
Academy_Sevilla_U18,Sevilla,Séville,Siviglia,Sevilla,Sevilla,セビージャ,Sevilla,Севилья,塞维利亚,西維爾,西維爾,세비야,إشبيلية,Sevilla,Sevilla,Sevilla,เซบีย่า,Sevilla,,,Sevilla,,
Academy_Espanyol_U18,Barcelona Blue,Barcelone Bleu,Barcelona Blue,Barcelona Blue,Barcelona Azul,バルセロナブルー,Barcelona Azul,Барселона Синий,巴塞罗那 蓝,愛斯賓奴,愛斯賓奴,바르셀로나 블루,برشلونة بلو,Barcelona Blauw,Barcelona Mavi,Barcelona Biru,สีน้ำเงินบาร์เซโลน่า,Barcelona xanh,,,Błękit Barcelona,,
Academy_AthleticClubdeBilbao_U18,Bilbao,Bilbao,Bilbao,Bilbao,Bilbao,ビルバオ,Bilbao,Бильбао,毕尔巴鄂,畢爾包,畢爾包,빌바오,بلباو,Bilbao,Bilbao,Bilbao,บิลเบา,Bilbao,,,Bilbao,,
Academy_SanSebastian_U18,San Sebastian,Saint-Sébastien,San Sebastian,San Sebastian,San Sebastián,サンセバスティアン,San Sebastian,Сан-Себастьян,圣塞瓦斯蒂安,聖塞瓦斯蒂安,聖塞瓦斯蒂安,산 세바스티안,سان سيباستيان,San Sebastian,San Sebastian,San Sebastian,ซานเซบาสเตียน,San Sebastian,,,San Sebastian,,
Academy_Vitoria_U18,Vitoria,Vitoria,Vitoria,Vitoria,Vitoria,ビトリア,Vitória,Витория,维多利亚,維多利亞,維多利亞,비토리아,فيتوريا,Vitoria,Vitoria,Vitoria,วิตอเรีย,Vitoria,,,Vitoria,,
Academy_Eibar_U18,Eibar,Eibar,Eibar,Eibar,Eibar,エイバル,Eibar,Эйбар,埃瓦尔,艾爾巴,艾爾巴,에이 바,إيبار,Eibar,Eibar,Eibar,เออิบาร์,Eibar,,,Eibar,,
Academy_Leganes_U18,Leganes,Leganes,Leganes,Leganes,Leganés,レガネス,Leganes,Леганес,莱内加斯,利根尼斯,利根尼斯,레가 네스,ليجانيس,Leganes,Leganes,Leganes,เลกาเนส,Leganes,,,Leganes,,
Academy_Villarreal_U18,Villarreal,Villarreal,Villarreal,Villarreal,Villarreal,ビジャレアル,Villarreal,Вильярреал,比利亚雷亚尔,維拉利爾,維拉利爾,비야 레알,فياريال,Villarreal,Villarreal,Villarreal,บียาร์เรอัล,Villarreal,,,Villarreal,,
Academy_Pamplona_U18,Pamplona,Pamplona,Pamplona,Pamplona,Pamplona,Pamplona,Pamplona,Pamplona,潘普洛纳,潘普洛納,潘普洛納,Pamplona,بامبلونا,Pamplona,Pamplona,Pamplona,Pamplona,Pamplona,,,Pamplona,,
Academy_Cadiz_U18,Cadiz,Cadiz,Cadiz,Cadiz,Cádiz,Cadiz,Cadiz,Cadiz,加的斯,加的斯,加的斯,Cadiz,قادس,Cadiz,Cadiz,Cadiz,Cadiz,Cadiz,,,Cadiz,,
Academy_Mallorca_U18,Mallorca,Mallorca,Mallorca,Mallorca,Mallorca,Mallorca,Mallorca,Mallorca,马略卡,馬略卡,馬略卡,Mallorca,مايوركا,Mallorca,Mallorca,Mallorca,Mallorca,Mallorca,,,Mallorca,,
Academy_Granada_U18,Granada,Granada,Granada,Granada,Granada,Granada,Granada,Granada,格拉纳达,格拉納達,格拉納達,Granada,غرناطة,Granada,Granada,Granada,Granada,Granada,,,Granada,,
Academy_Almeria_U18,Almeria,Almeria,Almeria,Almeria,Almería,Almeria,Almeria,Almeria,阿尔梅里亚,阿爾梅里亞,阿爾梅里亞,Almeria,الميريا,Almeria,Almeria,Almeria,Almeria,Almeria,,,Almeria,,
Academy_Liverpool_U18,Liverpool Red,Liverpool Rouge,Liverpool Red,Liverpool Red,Liverpool Rojo,リバプールレッド,Liverpool Vermelho,Ливерпуль Ред,利物浦红,利物浦,利物浦,리버풀 레드,ليفربول ريد,Liverpool Rode,Liverpool Kırmızı,Liverpool Merah,หงส์แดงลิเวอร์พูล,Liverpool đỏ,,,Liverpool Red,,
Academy_ManchesterCity_U18,Manchester Blue,Bleu Manchester,Manchester Blue,Manchester Blue,Manchester Azul,マンチェスターブルー,Manchester Azul,Манчестер Блю,曼彻斯特蓝,曼徹斯特藍,曼徹斯特藍,맨체스터 블루,مانشستر بلو,Manchester Blue,Manchester Mavi,Manchester Biru,แมนเชสเตอร์บลู,Manchester Blue,,,Manchester Blue,,
Academy_ManchesterUnited_U18,Manchester Red,Rouge de Manchester,Manchester Red,Manchester Red,Rojo Manchester,マンチェスターレッド,Manchester Vermelho,Манчестер Ред,曼彻斯特红,曼徹斯特紅,曼徹斯特紅,맨체스터 레드,مانشستر ريد,Manchester Red,Manchester Kırmızı,Manchester Merah,แมนเชสเตอร์สีแดง,Manchester đỏ,,,Manchester Red,,
Academy_TottenhamHotspur_U18,London White,Londres blanc,London White,London White,Blanco de Londres,ロンドンホワイト,London Branco,Лондон Уайт,伦敦白,倫敦白,倫敦白,런던 화이트,لندن وايت,London White,Londra Beyaz,London Putih,ลอนดอนไวท์,London trắng,,,London White,,
Academy_Arsenal_U18,London Red,London Rouge,London Red,London Red,Rojo de Londres,ロンドンレッド,London Vermelho,Лондон Ред,伦敦红,阿仙奴,阿仙奴,런던 레드,لندن ريد,London Red,Londra Kırmızı,London Merah,ลอนดอนแดง,London Red,,,London Red,,
Academy_Chelsea_U18,London Blue,London Blue,London Blue,London Blue,Londres Blue,ロンドンブルー,London Azul,Лондон Блю,伦敦蓝,車路士,車路士,런던 블루,لندن بلو,London Blue,Londra Mavi,London Biru,ลอนดอนบลู,London Blue,,,London Blue,,
Academy_LeicesterCity_U18,Leicester,Leicester,Leicester,Leicester,Leicester,レスター,Leicester,Лестер,莱斯特城,李斯特城,李斯特城,레스터,ليستر,Leicester,Leicester,Leicester,เลสเตอร์,Leicester,,,Leicester,,
Academy_WolverhamptonWanderers_U18,Wolverhampton,Wolverhampton,Wolverhampton,Wolverhampton,Wolverhampton,ウォルヴァーハンプトン,Wolverhampton,Вулверхэмптон,伍尔弗汉普顿,狼隊,狼隊,울버햄프턴,ولفرهامبتون,Wolverhampton,Wolverhampton,Wolverhampton,วูล์ฟแฮมป์ตัน,Wolverhampton,,,Wolverhampton,,
Academy_Everton_U18,Liverpool Blue,Bleu de Liverpool,Liverpool Blue,Liverpool Blue,Azul de Liverpool,リバプールブルー,Liverpool Azul,Ливерпуль Блю,利物浦蓝,愛華頓,愛華頓,리버풀 블루,ليفربول بلو,Liverpool Blue,Liverpool Mavi,Liverpool Biru,ลิเวอร์พูลสีน้ำเงิน,Liverpool xanh,,,Błękit Liverpoolu,,
Academy_WestHamUnited_U18,London BR,Londres BR,Londra BR,London BR,Londres BR,ロンドンBR,Londres Vermelho azul,Лондон BR,伦敦红蓝,韋斯咸,韋斯咸,런던 BR,لندن ار . بي,Londen BR,Londra BR,London Biru Merah,ลอนดอน BR,Luân Đôn BR,,,Londyn BR,,
Academy_Watford_U18,Watford,Watford,Watford,Watford,Watford,ワトフォード,Watford,Уотфорд,沃特福德,沃特福德,沃特福德,왓 포드,واتفورد,Watford,Watford,Watford,วัตฟอร์ด,Watford,,,Watford,,
Academy_Bournemouth_U18,Bournemouth,Bournemouth,Bournemouth,Bournemouth,Bournemouth,ボーンマス,Bournemouth,Борнмут,伯恩茅斯,般尼茅夫,般尼茅夫,본머스,بورنموث,Bournemouth,Bournemouth,Bournemouth,บอร์นมั ธ ,Bournemouth,,,Bournemouth,,
Academy_Burnley_U18,Burnley,Burnley,Burnley,Burnley,Burnley,バーンリー,Burnley,Бернли,伯恩利,般尼,般尼,번리,بيرنلي,Burnley,Burnley,Burnley,เบิร์นลีย์,Burnley,,,Burnley,,
Academy_Huddersfield_U18,Huddersfield,Huddersfield,Huddersfield,Huddersfield,Huddersfield,Huddersfield,Huddersfield,Huddersfield,哈斯菲尔德,哈斯菲爾德,哈斯菲爾德,Huddersfield,هدرسفيلد,Huddersfield,Huddersfield,Huddersfield,Huddersfield,Huddersfield,,,Huddersfield,,
Academy_Leeds_U18,Leeds,Leeds,Leeds,Leeds,Leeds,Leeds,Leeds,Leeds,利兹,利茲,利茲,Leeds,ليدز,Leeds,Leeds,Leeds,Leeds,Leeds,,,Leeds,,
Academy_WestBromwich_U18,West Bromwich,West Bromwich,West Bromwich,West Bromwich,West Bromwich,West Bromwich,West Bromwich,West Bromwich,西布罗米奇,西布羅米奇,西布羅米奇,West Bromwich,وست بروميتش,West Bromwich,West Bromwich,West Bromwich,West Bromwich,West Bromwich,,,West Bromwich,,
Academy_Derby_U18,Derby,Derby,Derby,Derby,Derby,Derby,Derby,Derby,德比郡,德比郡,德比郡,Derby,دربي,Derby,Derby,Derby,Derby,Derby,,,Derby,,
Academy_Nottingham_U18,Nottingham,Nottingham,Nottingham,Nottingham,Nottingham,Nottingham,Nottingham,Nottingham,诺丁汉,諾丁漢,諾丁漢,Nottingham,نوتنغهام,Nottingham,Nottingham,Nottingham,Nottingham,Nottingham,,,Nottingham,,
Academy_GuangzhouEvergrandeTaobao_U18,Guangzhou,Guangzhou,Guangzhou,Guangzhou,Guangzhou,広州,Guangzhou,Гуанчжоу,广州,廣州,廣州,광저우,كوانزو,Guangzhou,Guangzhou,Guangzhou,กว่างโจว,Quảng châu,,,Guangzhou,,
Academy_ShanghaiInternationalPortGroup_U18,Shanghai Red,Shanghai Rouge,Shanghai Rosso,Shanghai Rot,Shanghai Rojo,上海レッド,Xangai Vermelho,Шанхай Красный,上海红,上海紅,上海紅,상하이 레드,شنغهاي الأحمر,Shanghai Rood,Şanghay Kırmızı,Shanghai Merah,เซี่ยงไฮ้สีแดง,Thượng Hải Đỏ,,,Szanghaj Czerwony,,
Academy_ShandongLunengTaishan_U18,Shandong,Shandong,Shandong,Shandong,Shandong,山東,Shandong,Шаньдун,山东,山東,山東,산동,شاندونغ,Shandong,Shandong,Shandong,มณฑลซานตง,Sơn đông,,,Shandong,,
Academy_BeijingSinoboGuoan_U18,Beijing,Pékin,Beijing,Beijing,Pekín,北京,Beijing,Beijing,北京,北京,北京,베이징,بكين,Peking,Beijing,Beijing,ปักกิ่ง,Bắc Kinh,,,Beijing,,
Academy_ZhejiangEnergyGreentown_U18,Zhejiang,Zhejiang,Zhejiang,Zhejiang,Zhejiang,浙江,Zhejiang,Чжэцзян,浙江,浙江,浙江,저장성,تشجيانغ,Zhejiang,Zhejiang,Zhejiang,เจ้อเจียง,Chiết giang,,,Zhejiang,,
Academy_JiangsuSuning_U18,Jiangsu,Jiangsu,Jiangsu,Jiangsu,Jiangsu,江蘇,Jiangsu,Цзянсу,江苏,江蘇,江蘇,장쑤,جيانغسو,Jiangsu,Jiangsu,Jiangsu,มณฑลเจียงซู,Giang Tô,,,Jiangsu,,
Academy_HebeiChinaFortune_U18,Hebei,Hebei,Hebei,Hebei,Hebei,河北,Hebei,Хэбэй,河北,河北,河北,허베이,خوبي,Hebei,Hebei,Hebei,เหอเป่ย,Hà Bắc,,,Hebei,,
Academy_DalianProfessional_U18,Dalian,Dalian,Dalian,Dalian,Dalian,大連,Dalian,Далянь,大连,大連,大連,다롄,داليان,Dalian,Dalian,Dalian,ต้าเหลียน,Đại liên,,,Dalian,,
Academy_ChongqingDangdaiLifan_U18,Chongqing,Chongqing,Chongqing,Chongqing,Chongqing,重慶,Chongqing,Чунцин,重庆,重慶,重慶,충칭,تشونغ تشينغ,Chongqing,Chongqing,Chongqing,ฉงชิ่ง,Trùng Khánh,,,Chongqing,,
Academy_TianjinTianhai_U18,Tianjin,Tianjin,Tianjin,Tianjin,Tianjin,天津,Tianjin,Тяньцзинь,天津,天津,天津,천진,تيانجين,Tianjin,Tianjin,Tianjin,เทียนจิน,Thiên tân,,,Tianjin,,
Academy_JilinBaijia_U18,Jilin,Jilin,Jilin,Jilin,Jilin,吉林,Jilin,Цзилинь,吉林,吉林,吉林,길림,جيلين,Jilin,Jilin,Jilin,จี๋หลิน,Cát Lâm,,,Jilin,,
Academy_Shanxi_U18,Shanxi,Shanxi,Shanxi,Shanxi,Shanxi,山西,Shanxi,ШаньСи,山西,山西,山西,샨시,شانشي,Shanxi,Shanxi,Shanxi,ชานซี,Sơn tây,,,Shanxi,,
Academy_Liaoning_U18,Liaoning,Liaoning,Liaoning,Liaoning,Liaoning,遼寧,Liaoning,Ляонин,辽宁,遼寧,遼寧,랴오닝,لياونينغ,Liaoning,Liaoning,Liaoning,เหลียวหนิง,Liêu Ninh,,,Liaoning,,
Academy_Shenzhen_U18,Shenzhen,Shenzhen,Shenzhen,Shenzhen,Shenzhen,深圳,Shenzhen,Шэньчжэнь,深圳,深圳,深圳,선전,شنتشن,Shenzhen,Shenzhen,Shenzhen,เซินเจิ้น,Thâm Quyến,,,,,
Academy_GuangzhouRF_U18,Guangzhou Blue,Guangzhou Bleu,Guangzhou Blue,Guangzhou Blue,Guangzhou Blue,広州ブルー,Guangzhou Blue,Гуанчжоу Блю,广州 蓝,廣州 藍,廣州 藍,광저우 블루,كوانزو بلو,Guangzhou Blue,Guangzhou Mavi,Guangzhou Biru,กว่างโจวบลู,Quảng châu Blue,,,,,
Academy_HenanJianye_U18,Henan,Henan,Henan,Henan,Henan,河南,Henan,Хэнань,河南,河南,河南,허난,خونان,Henan,Henan,Henan,เหอหนาน,Hà nam,,,,,
Academy_ShijiazhuangEverBright_U18,Shijiazhuang,Shijiazhuang,Shijiazhuang,Shijiazhuang,Shijiazhuang,石家荘,Shijiazhuang,Шицзячжуан,石家庄,石家莊,石家莊,스자좡,شيجيا تشوانغ,Shijiazhuang Blue,Shijiazhuang Mavi,Shijiazhuang Biru,เซี่ยงไฮ้,Thượng hải,,,,,
Academy_QingdaoHuanghai_U18,Qingdao,Qingdao,Qingdao,Qingdao,Qingdao,青島,Qingdao,Циндао,青岛,青島,青島,칭다오,تشينغداو,Qingdao,Qingdao,Qingdao,ชิงเต่า,Qingdao,,,,,
Academy_ShanghaiGreenlandShenhua_U18,Shanghai Blue,Shanghai Bleu,Shanghai Blu,Shanghai Blau,Shanghai Azul,上海ブルー,Xangai Azul,Шанхай Синий,上海蓝,上海藍,上海藍,상하이 블루,شنغهاي الأزرق,Shanghai Blauw,Şanghay Mavisi,Shanghai Biru,เซี่ยงไฮ้สีน้ำเงิน,Thượng Hải Xanh,,,Szanghaj Niebieski,,
Academy_WuhanZall_U18,Wuhan,Wuhan,Wuhan,Wuhan,Wuhan,武漢,Wuhan,Ухань,武汉,武漢,武漢,우한,ووهان,Wuhan,Wuhan,Wuhan,อู่ฮั่น,Vũ Hán,,,,,
Academy_Sichuan_U18,Sichuan,Sichuan,Sichuan,Sichuan,Sichuan,四川,Sichuan,Сычуань,四川,四川,四川,쓰촨,سوتشوان,Sichuan,Sichuan,Sichuan,เสฉวน,Tứ xuyên,,,,,
ChineseA_GuangzhouEvergrandeTaobao,Guangzhou,Guangzhou,Guangzhou,Guangzhou,Guangzhou,広州,Guangzhou,Гуанчжоу,广州,廣州,廣州,광저우,كوانزو,Guangzhou,Guangzhou,Guangzhou,กว่างโจว,Quảng châu,,,Guangzhou,,
ChineseA_ShanghaiInternationalPortGroup,Shanghai Red,Shanghai Rouge,Shanghai Rosso,Shanghai Rot,Shanghai Rojo,上海レッド,Xangai Vermelho,Шанхай Красный,上海红,上海紅,上海紅,상하이 레드,شنغهاي الأحمر,Shanghai Rood,Şanghay Kırmızı,Shanghai Merah,เซี่ยงไฮ้สีแดง,Thượng Hải Đỏ,,,Szanghaj Czerwony,,
ChineseA_ShandongLunengTaishan,Shandong,Shandong,Shandong,Shandong,Shandong,山東,Shandong,Шаньдун,山东,山東,山東,산동,شاندونغ,Shandong,Shandong,Shandong,มณฑลซานตง,Sơn đông,,,Shandong,,
ChineseA_BeijingSinoboGuoan,Beijing,Pékin,Beijing,Beijing,Pekín,北京,Beijing,Beijing,北京,北京,北京,베이징,بكين,Peking,Beijing,Beijing,ปักกิ่ง,Bắc Kinh,,,Beijing,,
ChineseA_ZhejiangEnergyGreentown,Zhejiang,Zhejiang,Zhejiang,Zhejiang,Zhejiang,浙江,Zhejiang,Чжэцзян,浙江,浙江,浙江,저장성,تشو جيانغ,Zhejiang,Zhejiang,Zhejiang,เจ้อเจียง,Chiết giang,,,Zhejiang,,
ChineseLeagueA_ZhejiangProfessionalF.C.,Zhejiang,Zhejiang,Zhejiang,Zhejiang,Zhejiang,浙江,Zhejiang,Чжэцзян,浙江,浙江,浙江,저장성,تشو جيانغ,Zhejiang,Zhejiang,Zhejiang,เจ้อเจียง,Chiết giang,,,,,
ChineseA_JiangsuSuning,Jiangsu,Jiangsu,Jiangsu,Jiangsu,Jiangsu,江蘇,Jiangsu,Цзянсу,江苏,江蘇,江蘇,장쑤,جيانغسو,Jiangsu,Jiangsu,Jiangsu,มณฑลเจียงซู,Giang Tô,,,Jiangsu,,
ChineseA_HebeiChinaFortune,Hebei,Hebei,Hebei,Hebei,Hebei,河北,Hebei,Хэбэй,河北,河北,河北,허베이,خوباي,Hebei,Hebei,Hebei,เหอเป่ย,Hà Bắc,,,Hebei,,
ChineseA_DalianProfessional,Dalian,Dalian,Dalian,Dalian,Dalian,大連,Dalian,Далянь,大连,大連,大連,다롄,داليان,Dalian,Dalian,Dalian,ต้าเหลียน,Đại liên,,,Dalian,,
ChineseA_ChongqingDangdaiLifan,Chongqing,Chongqing,Chongqing,Chongqing,Chongqing,重慶,Chongqing,Чунцин,重庆,重慶,重慶,충칭,تشونغ تشينغ,Chongqing,Chongqing,Chongqing,ฉงชิ่ง,Trùng Khánh,,,Chongqing,,
ChineseA_TianjinTianhai,Tianjin,Tianjin,Tianjin,Tianjin,Tianjin,天津,Tianjin,Тяньцзинь,天津,天津,天津,천진,تيانجين,Tianjin,Tianjin,Tianjin,เทียนจิน,Thiên tân,,,Tianjin,,
ChineseA_JilinBaijia,Jilin,Jilin,Jilin,Jilin,Jilin,吉林,Jilin,Цзилинь,吉林,吉林,吉林,길림,جيلين,Jilin,Jilin,Jilin,จี๋หลิน,Cát Lâm,,,Jilin,,
ChineseA_Shanxi,Shanxi,Shanxi,Shanxi,Shanxi,Shanxi,山西,Shanxi,ШаньСи,山西,山西,山西,샨시,شانشي,Shanxi,Shanxi,Shanxi,ชานซี,Sơn tây,,,Shanxi,,
ChineseA_Liaoning,Liaoning,Liaoning,Liaoning,Liaoning,Liaoning,遼寧,Liaoning,Ляонин,辽宁,遼寧,遼寧,랴오닝,لياونينغ,Liaoning,Liaoning,Liaoning,เหลียวหนิง,Liêu Ninh,,,Liaoning,,
ChineseA_Shenzhen,Shenzhen,Shenzhen,Shenzhen,Shenzhen,Shenzhen,深圳,Shenzhen,Шэньчжэнь,深圳,深圳,深圳,선전,شنتشن,Shenzhen,Shenzhen,Shenzhen,เซินเจิ้น,Thâm Quyến,,,,,
ChineseA_GuangzhouRF,Guangzhou Blue,Guangzhou Bleu,Guangzhou Blue,Guangzhou Blue,Guangzhou Blue,広州ブルー,Guangzhou Blue,Гуанчжоу Блю,广州 蓝,廣州 藍,廣州 藍,광저우 블루,كوانزو بلو,Guangzhou Blue,Guangzhou Mavi,Guangzhou Biru,กว่างโจวบลู,Quảng châu Blue,,,,,
ChineseA_HenanJianye,Henan,Henan,Henan,Henan,Henan,河南,Henan,Хэнань,河南,河南,河南,허난,خونان,Henan,Henan,Henan,เหอหนาน,Hà nam,,,,,
ChineseA_ShijiazhuangEverBright,Shijiazhuang,Shijiazhuang,Shijiazhuang,Shijiazhuang,Shijiazhuang,石家荘,Shijiazhuang,Шицзячжуан,石家庄,石家莊,石家莊,스자좡,شيجيا تشوانغ,Shijiazhuang Blue,Shijiazhuang Mavi,Shijiazhuang Biru,เซี่ยงไฮ้,Thượng hải,,,,,
ChineseA_QingdaoHuanghai,Qingdao,Qingdao,Qingdao,Qingdao,Qingdao,青島,Qingdao,Циндао,青岛,青島,青島,칭다오,تشينغداو,Qingdao,Qingdao,Qingdao,ชิงเต่า,Qingdao,,,,,
ChineseA_ShanghaiGreenlandShenhua,Shanghai Blue,Shanghai Bleu,Shanghai Blu,Shanghai Blau,Shanghai Azul,上海ブルー,Xangai Azul,Шанхай Синий,上海蓝,上海藍,上海藍,상하이 블루,شنغهاي الأزرق,Shanghai Blauw,Şanghay Mavisi,Shanghai Biru,เซี่ยงไฮ้สีน้ำเงิน,Thượng Hải Xanh,,,Szanghaj Niebieski,,
ChineseA_WuhanZall,Wuhan,Wuhan,Wuhan,Wuhan,Wuhan,武漢,Wuhan,Ухань,武汉,武漢,武漢,우한,ووهان,Wuhan,Wuhan,Wuhan,อู่ฮั่น,Vũ Hán,,,,,
ChineseLeagueA_WuhanThreeTowns,Wuhan,Wuhan,Wuhan,Wuhan,Wuhan,武漢,Wuhan,Ухань,武汉,武漢,武漢,우한,ووهان,Wuhan,Wuhan,Wuhan,อู่ฮั่น,Vũ Hán,,,,,
ChineseA_Sichuan,Sichuan,Sichuan,Sichuan,Sichuan,Sichuan,四川,Sichuan,Сычуань,四川,四川,四川,쓰촨,سوشوان,Sichuan,Sichuan,Sichuan,เสฉวน,Tứ xuyên,,,,,
CyprusA_Nicosia,Nicosia YB,Nicosie YB,Nicosia YB,Nikosia YB,Nicosia YB,ニコシア YB,Nicósia YB,Никосия YB,尼科西亚 YB,尼古西亞 YB,尼古西亞 YB,니코 시아 YB,نيقوسيا YB,Nicosia YB,Lefkoşa YB,Nicosia YB,นิโคเซีย YB,Nicosia YB,,,Nikozja YB,,
SlovenianA_Maribor,Maribor,Maribor,Maribor,Maribor,Maribor,マリボル,Maribor,Марибор,马里博尔,馬里博爾,馬里博爾,마리 보르,ماريبور,Maribor,Maribor,Maribor,มาริบอร์,Maribor,,,Maribor,,
IraqLeagueA_Al-ZawraaSC,Baghdad,Bagdad,Bagdad,Bagdad,Bagdad,バグダード,Bagdad,Багдад,巴格达,巴格達,巴格達,바그다드,بغداد,Bagdad,Bagdad,Bagdad,แบกแดด,Bagdad,,,Bagdad,,
UzbekistanLeagueA_PakhtakorTashkentFK,Tashkent Yellow,Tachkent Jaune,Tashkent Giallo,Taschkent Gelb,Taskent Amarillo,タシュケンエロー,Tasquente Amarelo,Ташкент Желтый,塔什干 黄,塔什干 黄,塔什干 黄,타슈켄트 옐로우,طشقند الأصفر,Tasjkent Geel,Taşkent Sarı,Tоshkеnt Kuning,ทาชเคนต์หลือง,Màu vàng Tashkent,,,Taszkent Żółć,,
ChineseLeagueA_ShandongTaishan,Shandong,Shandong,Shandong,Shandong,Shandong,山東,Shandong,Шаньдун,山东,山東,山東,산동,شاندونغ,Shandong,Shandong,Shandong,มณฑลซานตง,Sơn đông,,,Shandong,,
KoreanLeagueA_GyeongnamFC,Gyeongnam,Gyeongnam,Gyeongnam,Gyeongnam,Gyeongnam,慶南,Gyeongnam,Кённам,庆南,慶南,慶南,경남,غيونغنام,Gyeongnam,Gyeongnam,Gyeongnam,เจี่ยงนัม,Gyeongnam,,,Gyeongnam,,
MalaysiaLeagueA_JohorDarulTa'zim,Johor,Johor,Johor,Johor,Johor,ジョホール,Johor,Джохор,柔佛,柔佛,柔佛,조호,جوهور,Johor,Johor,Johor,ยะโฮร์,Johor,,,Johor,,
JapanLeagueA_SanfrecceHiroshima,Hiroshima,Hiroshima,Hiroshima,Hiroshima,Hiroshima,広島,Hiroshima,Хиросима,广岛,廣島,廣島,히로시마,هيروشيما,Hiroshima,Hiroşima,Hiroshima,ฮิโรชิมา,Hiroshima,,,Hiroszima,,
JapanLeagueA_YokohamaF.Marinos,Yokohama,Yokohama,Yokohama,Yokohama,Yokohama,横浜,Yokohama,Йокогама,横滨,橫濱,橫濱,요코하마 ,يوكوهاما,Yokohama,Yokohama,Yokohama,โยโกฮามะ,Yokohama,,,Jokohama,,
JapanLeagueA_VisselKobe,Kurashiki,Kurashiki,Kurashiki,Kurashiki,Kurashiki,倉敷,Kurashiki,Курасики,倉敷,倉敷,倉敷,구라시키,كوراشيكي,Kurashiki,Kurashiki,Kurashiki,คุระชิกิ,Kurashiki,,,Kurashiki,,
JapanLeagueA_NagoyaGrampus,Nagoya,Nagoya,Nagoya,Nagoya,Nagoya,名古屋,Nagoya,Нагоя,名古屋,名古屋,名古屋,나고야,ناغويا,Nagoya,Nagoya,Nagoya,นาโกยะ,Nagoya,,,Nagoja,,
JapanLeagueA_FCTokyo,Tokyo,Tokyo,Tokio,Tokio,Tokyo,東京,Tóquio,Токио,东京,東京,東京,도쿄,طوكيو,Tokio,Tokyo,Tokyo,โตเกียว,Tokyo,,,Tokio,,
JapanLeagueA_GambaOsaka,Suita,Suita,Suita,Suita,Suita,吹田,Suita,Суита,吹田,吹田,吹田,수이타,سويتا,Suita,Suita,Suita,ซูอิตะ,Suita,,,Suita,,
JapanLeagueA_KyotoSanga,Kyoto,Kyoto,Kyoto,Kyoto,Kioto,京都,Quioto,Киото,京都,京都,京都,교토,كيوتو,Kyoto,Kyoto,Kyoto,คีย์โต,Kyoto,,,Kyoto,,
JapanLeagueA_AvispaFukuoka,Hakata,Hakata,Hakata,Hakata,Hakata,博多,Hakata,Хаката,博多,博多,博多, 하카타,هاكاتا,Hakata,Hakata,Hakata,ฮากาตะ,Hakata,,,Hakata,,
JapanLeagueA_AlbirexNiigata,Niigata,Niigata,Niigata,Niigata,Niigata,新潟,Niigata,Ниигата,新潟,新潟,新潟,니가타,نيغاتا,Niigata,Niigata,Niigata,นิยางค์,Niigata,,,Niigata,,
JapanLeagueA_HokkaidoConsadoleSapporo,Sapporo,Sapporo,Sapporo,Sapporo,Sapporo,札幌,Sapporo,Саппоро,札幌,札幌,札幌,삿포로,سابورو,Sapporo,Sapporo,Sapporo,ซัปโปโร,Sapporo,,,Sapporo,,
JapanLeagueA_YokohamaFC,Yokohama Blue,Bleu de Yokohama,Blu di Yokohama,Yokohama Blau,Azul de Yokohama,横浜ブルー,Azul Yokohama,Йокогама блю,横滨蓝,橫濱藍,橫濱藍,요코하마 블루,يوكوهاما بلو,Yokohama Blauw,Yokohama Mavisi,Biru Yokohama,โยโกฮาม่าบลู,Yokohama Xanh,,,Yokohama Błękit,,
JapanLeagueA_ShonanBellmare,Hiratsuka,Hiratsuka,Hiratsuka,Hiratsuka,Hiratsuka,平塚,Hiratsuka,Хирацука,平冢,平塚,平塚,히라츠카,هيراتسوكا,Hiratsuka,Hiratsuka,Hiratsuka,ฮิรัตสึกะ,Hiratsuka,,,Hiratsuka,,
JapanLeagueA_SaganTosu,Tosu,Tosu,Tosu,Tosu,Tosu,鳥栖,Tosu,Тосу,鸟栖,鳥栖,鳥栖,토스,توسو,Tosu,Tosu,Tosu,โทสุ,Tosu,,,Tosu,,
KoreanLeagueA_DaeguFC,Daegu,Daegu,Daegu,Daegu,Daegu,大邱,Daegu,Тэгу,大邱,大邱,大邱,대구,دايجو,Daegu,Daegu,Daegu,แทกู,Daegu,,,Daegu,,
JapanLeagueA_UrawaRedDiamonds,Urawa,Urawa,Urawa,Urawa,Urawa,浦和,Urawa,Урава,浦和,浦和,浦和,우라와,أوراوا,Urawa,Urawa,Urawa,อุราวะ,Urawa,,,Urawa,,
ChineseLeagueA_BeijingGuoanF.C.,Beijing,Pékin,Beijing,Beijing,Pekín,北京,Beijing,Beijing,北京,北京,北京,베이징,بكين,Peking,Beijing,Beijing,ปักกิ่ง,Bắc Kinh,,,Beijing,,
SingaporeA_LionCitySailorsFC,Bishan,Bishan,Bishan,Bishan,Bishan,ビシャン,Bishan,Бишан,碧山,碧山,碧山,비샨,بيشان,Bishan,Bishan,Bishan,บีซาน,Bishan,,,Bishan,,
SingaporeA_TampinesRoversFC,Tampines,Tampines,Tampines,Tampines,Tampines,タンピネス,Tampines,Тампинес,淡滨尼,淡濱尼,淡濱尼,탐파인즈,تامبينيس,Tampines,Tampines,Tampines,แทมปิเนส,Tampines,,,Tampines,,
PhilippineA_KayaFC-Iloilo,Iloilo,Iloilo,Iloilo,Iloilo,Iloilo,イロイロ,Iloilo,Илоило,伊洛伊洛,伊洛伊洛,伊洛伊洛,이로이로,إيلويلو,Iloilo,Iloilo,Iloilo,อีโลอีโล,Iloilo,,,Iloilo,,
JordanA_Al-Faisaly,Amman,Amman,Amman,Amman,Amán,アンマン,Amã,Амман,安曼,安曼,安曼,암만,عمان,Amman,Amman,Amman,อัมมาน,Amman,,,Amman,,
JordanA_Al-WehdatSC,Amman Green,Amman Vert,Amman Verde,Amman Grün,Verde Amán,アンマングリーン,Amã Verde,Амман Грин,安曼绿,安曼綠,安曼綠,암만 그린,عمان الأخضر,Amman Groen,Amman Yeşil,Amman Hijau,แอมแมนกรีน,Amman Xanh,,,Amman Zieleń,,
TajikistanA_FCIstiklol,Dushanbe,Douchanbé,Dushanbe,Duschanbe,Dusambé,ドゥシャンベ,Duchambe,Душанбе,杜尚别,杜尚别,杜尚别,두샨베,دوشانبه,Dushanbe,Duşanbe,Dushanbe,ดูชังเบ,Dushanbe,,,Duszanbe,,
IndianA_MumbaiCity,Mumbai,Mumbai,Mumbai,Mumbai,Bombay,ムンバイ,Bombaim,Мумбаи,孟买,孟买,孟买,뭄바이,مومباي,Mumbai,Mumbai,Mumbai,มุมไบ,Mumbai,,,Mumbaj,,
IndianA_FCGoa,Goa,Goa,Goa,Goa,Goa,ゴア,Goa,Гоа,果阿,果阿,果阿,고아,غوا,Goa,Goa,Goa,โกอา,Goa,,,Goa,,
TurkmenistanA_FCAhal,Anau,Anau,Anau,Anau,Anau,アナウ,Anau,Анау,阿瑙,阿瑙,阿瑙,아나우,أناو,Anau,Anau,Anau,อะนาอู,Anau,,,Anau,,
Youth_Team,Youth Team,Équipe de jeunes,Squadra giovanile,Jugendmannschaft,Equipo juvenil,ユースチーム,Equipa Júnior,Молодежная команда,青年队,青年隊,青年隊,청소년 팀,فريق الشباب,Jeugdteam,Genç takımı,Tim Pemuda,ทีมเยาวชน,Đội tuyển trẻ,,,Zespół młodzieżowy,,
Reserves_Team,Reserves Team,Équipe des réserves,Riserve Team,Reserviert Team,Equipo de Reservas,リザーブチーム,Equipe de reservas,Команда Дублеров,预备队,預備隊,預備隊,예비 팀,فريق الإحتياط,Reserves Team,Rezerv Ekibi,Tim Cadangan,ทีมสำรอง,Đội dự bị,,,Zespół rezerw,,
Str_National_Slovakia,Slovakia,Slovaquie,Slovacchia,Slowakei,Eslovaquia,スロバキア,Eslováquia,Словакия,斯洛伐克,斯洛伐克,斯洛伐克,슬로바키아,سلوفاكيا,Slowakije,Slovakya,Slowakia,สโลวาเกีย,Xlô-va-ki-a,,,Słowacja,,
Str_National_Scotland,Scotland,Écosse,Scozia,Schottland,Escocia,スコットランド,Escócia,Шотландия,苏格兰,蘇格蘭,蘇格蘭,스코틀랜드,إسكتلندا,Schotland,İskoçya,Skotlandia,สกอตแลนด์,Scotland,,,Szkocja,,
Str_National_Slovenia,Slovenia,Slovénie,Slovenia,Slowenien,Eslovenia,スロベニア,Eslovênia,Словения,斯洛文尼亚,斯洛維尼亞,斯洛維尼亞,슬로베니아,سلوفينيا,Slovenië,Slovenya,Slovenia,สโลวีเนีย,Slovenia,,,Słowenia,,
Str_National_Czech_Republic,Czech Republic,République Tchèque,Repubblica Ceca,Tschechien,Republica checa,チェコ共和国,República Checa,Республика Чехия,捷克,捷克,捷克,체코 공화국,جمهورية التشيك,Tsjechische Republiek,Çek Cumhuriyeti,Republik Ceko,สาธารณรัฐเช็ก,Cộng hòa Séc,,,Republika Czeska,,
Str_National_England,England,Angleterre,Inghilterra,England,Inglaterra,イングランド,Inglaterra,Англия,英格兰,英格蘭,英格蘭,영국,إنكلترا,Engeland,İngiltere,Inggris,อังกฤษ,nước Anh,,,Anglia,,
Str_National_Bulgaria,Bulgaria,Bulgarie,Bulgaria,Bulgarien,Bulgaria,ブルガリア,Bulgária,Болгария,保加利亚,保加利亞,保加利亞,불가리아,بلغاريا,Bulgarije,Bulgaristan,Bulgaria,บัลแกเรีย,Bungari,,,Bułgaria,,
Str_National_Belgium,Belgium,Belgique,Belgio,Belgien,Bélgica,ベルギー,Bélgica,Бельгия,比利时,比利時,比利時,벨기에,بلجيكا,Belgie,Belçika,Belgia,เบลเยี่ยม,nước Bỉ,,,Belgia,,
Str_National_Russia,Russia,Russie,Russia,Russland,Rusia,ロシア,Rússia,Россия,俄罗斯,俄羅斯,俄羅斯,러시아,روسيا,Rusland,Rusya,Rusia,รัสเซีย,Nga,,,Rosja,,
Str_National_Kazakhstan,Kazakhstan,Kazakhstan,Kazakistan,Kasachstan,Kazajstán,カザフスタン,Cazaquistão,Казахстан,哈萨克斯坦,哈薩克,哈薩克,카자흐스탄,كازاخستان,Kazachstan,Kazakistan,Kazakhstan,คาซัคสถาน,Kazakhstan,,,Kazachstan,,
Str_National_San_Marino,San Marino,Saint Marin,San Marino,San Marino,San Marino,サンマリノ,San Marino,Сан-Марино,圣马力诺,聖馬利諾,聖馬利諾,산 마리노,سان مارينو,San Marino,San Marino,San Marino,ซานมาริโน,San Marino,,,San Marino,,
Str_National_Mexico,Mexico,Mexique,Messico,Mexiko,México,メキシコ,México,Мексика,墨西哥,墨西哥,墨西哥,멕시코,المكسيك,Mexico,Meksika,Meksiko,เม็กซิโก,Mexico,,,Meksyk,,
Str_National_Canada,Canada,Canada,Canada,Kanada,Canadá,カナダ,Canadá,Канада,加拿大,加拿大,加拿大,캐나다,كندا,Canada,Kanada,Kanada,แคนาดา,Canada,,,Kanada,,
Str_National_Martinique,Martinique,Martinique,Martinica,Martinique,Martinica,マルティニーク,Martinica,Мартиника,马提尼克,法屬馬丁尼克,法屬馬丁尼克,마르티니크,مارتينيك,Martinique,Martinik,Martinik,มาร์ตินีก,Martinique,,,Martynika,,
Str_National_Cuba,Cuba,Cuba,Cuba,Kuba,Cuba,キューバ,Cuba,Куба,古巴,古巴,古巴,쿠바,كوبا,Cuba,Küba,Kuba,คิวบา,Cuba,,,Kuba,,
Str_National_Nicaragua,Nicaragua,Nicaragua,Nicaragua,Nicaragua,Nicaragua,ニカラグア,Nicarágua,Никарагуа,尼加拉瓜,尼加拉瓜,尼加拉瓜,니카라과,نيكاراغوا,Nicaragua,Nikaragua,Nikaragua,นิการากัว,Nicaragua,,,Nikaragua,,
Str_National_Colombia,Colombia,Colombie,Colombia,Kolumbien,Colombia,コロンビア,Colômbia,Колумбия,哥伦比亚,哥倫比亞,哥倫比亞,콜롬비아,كولومبيا,Colombia,Kolombiya,Kolumbia,โคลอมเบีย,Colombia,,,Kolumbia,,
Str_National_Brazil,Brazil,Brésil,Brasile,Brasilien,Brasil,ブラジル,Brasil,Бразилия,巴西,巴西,巴西,브라질,البرازيل,Brazilië,Brezilya,Brazil,บราซิล,Brazil,,,Brazylia,,
Str_National_Qatar,Qatar,Qatar,Qatar,Katar,Katar,カタール,Catar,Катар,卡塔尔,卡達,卡達,카타르,قطر,Qatar,Katar,Qatar,กาตาร์,Qatar,,,Katar,,
Str_National_Venezuela,Venezuela,Venezuela,Venezuela,Venezuela,Venezuela,ベネズエラ,Venezuela,Венесуэла,委内瑞拉,委內瑞拉,委內瑞拉,베네수엘라,فنزويلا,Venezuela,Venezuela,Venezuela,เวเนซุเอลา,Venezuela,,,Wenezuela,,
Str_National_Ecuador,Ecuador,Equateur,Ecuador,Ecuador,Ecuador,エクアドル,Equador,Эквадор,厄瓜多尔,厄瓜多爾,厄瓜多爾,에콰도르,الإكوادور,Ecuador,Ekvador,Ekuador,เอกวาดอร์,Ecuador,,,Ekwador,,
Str_National_Peru,Peru,Pérou,Perù,Peru,Perú,ペルー,Peru,Перу,秘鲁,秘魯,秘魯,페루,بيرو,Peru,Peru,Peru,เปรู,Peru,,,Peru,,
Str_National_Argentina,Argentina,Argentine,Argentina,Argentinien,Argentina,アルゼンチン,Argentina,Аргентина,阿根廷,阿根廷,阿根廷,아르헨티나,الأرجنتين,Argentinië,Arjantin,Argentina,อาร์เจนตินา,Argentina,,,Argentyna,,
Str_National_Uruguay,Uruguay,Uruguay,Uruguay,Uruguay,Uruguay,ウルグアイ,Uruguai,Уругвай,乌拉圭,烏拉圭,烏拉圭,우루과이,أوروغواي,Uruguay,Uruguay,Uruguay,อุรุกวัย,Uruguay,,,Urugwaj,,
Str_National_Paraguay,Paraguay,Paraguay,Paraguay,Paraguay,Paraguay,パラグアイ,Paraguai,Парагвай,巴拉圭,巴拉圭,巴拉圭,파라과이,باراغواي,Paraguay,Paraguay,Paraguay,ประเทศปารากวัย,Paraguay,,,Paragwaj,,
Str_National_Bolivia,Bolivia,Bolivie,Bolivia,Bolivien,Bolivia,ボリビア,Bolívia,Боливия,玻利维亚,玻利維亞,玻利維亞,볼리비아,بوليفيا,Bolivia,Bolivya,Bolivia,โบลิเวีย,Bolivia,,,Boliwia,,
Str_National_Chile,Chile,Chili,Chile,Chile,Chile,チリ,Chile,Чили,智利,智利,智利,칠레,تشيلي,Chili,Şili,Chile,ชิลี,Chile,,,Chile,,
Str_National_Honduras,Honduras,Honduras,Honduras,Honduras,Honduras,ホンジュラス,Honduras,Гондурас,洪都拉斯,洪都拉斯,洪都拉斯,온두라스,هندوراس,Honduras,Honduras,Honduras,ฮอนดูรัส,Honduras,,,Honduras,,
Str_National_El_Salvador,El Salvador,Le Salvador,El Salvador,El Salvador,El Salvador,エルサルバドル,El Salvador,Сальвадор,萨尔瓦多,薩爾瓦多,薩爾瓦多,엘살바도르,السلفادور,El Salvador,El Salvador,El Salvador,เอลซัลวาดอร์,El Salvador,,,Salwador,,
Str_National_Syria,Syria,Syrie,Siria,Syrien,Siria,シリア,Síria,Сирия,叙利亚,敘利亞,敘利亞,시리아,سوريا,Syrië,Suriye,Syria,ซีเรีย,Syria,,,Syria,,
Str_National_China,China,Chine,Cina,China,China,中国,China,Китай,中国,中國,中國,중국,الصين,China,Çin,Cina,ประเทศจีน,Trung Quốc,,,Chiny,,
Str_National_Philippines,Philippines,Philippines,Filippine,Philippinen,Filipinas,フィリピン,Filipinas,Филиппины,菲律宾,菲律賓,菲律賓,필리핀 제도,الفلبين,Filippijnen,Filipinler,Filipina,ฟิลิปปินส์,Philippines,,,Filipiny,,
Str_National_Oman,Oman,Oman,Oman,Oman,Omán,オマーン,Omã,Оман,阿曼,阿曼,阿曼,오만,عُمان,Oman,Umman,Oman,โอมาน,Oman,,,Oman,,
Str_National_Afghanistan,Afghanistan,Afghanistan,Afghanistan,Afghanistan,Afganistán,アフガニスタン,Afeganistão,Афганистан,阿富汗,阿富汗,阿富汗,아프가니스탄,أفغانستان,Afghanistan,Afganistan,Afganistan,อัฟกานิสถาน,Afghanistan,,,Afganistan,,
Str_National_India,India,Inde,India,Indien,India,インド,Índia,Индия,印度,印度,印度,인도,الهند,India,Hindistan,India,อินเดีย,Ấn Độ,,,Indie,,
Str_National_Bangladesh,Bangladesh,Bangladesh,Bangladesh,Bangladesch,Bangladesh,バングラデシュ,Bangladesh,Бангладеш,孟加拉国,孟加拉,孟加拉,방글라데시,بنغلاديش,Bangladesh,Bangladeş,Bangladesh,บังกลาเทศ,Bangladesh,,,Bangladesz,,
Str_National_Australia,Australia,Australie,Australia,Australien,Australia,オーストラリア,Austrália,Австралия,澳大利亚,澳大利亞,澳大利亞,호주,أستراليا,Australië,Avustralya,Australia,ออสเตรเลีย,Châu Úc,,,Australia,,
Str_National_Kuwait,Kuwait,Koweit,Kuwait,Kuwait,Kuwait,クウェート,Kuwait,Кувейт,科威特,科威特,科威特,쿠웨이트,الكويت,Koeweit,Kuveyt,Kuwait,คูเวต,Kuwait,,,Kuwejt,,
Str_National_Jordan,Jordan,Jordan,Giordania,Jordanien,Jordán,ヨルダン,Jordânia,Иордания,约旦,約旦,約旦,요르단,الأردن,Jordanië,Ürdün,Yordania,จอร์แดน,Jordan,,,Jordania,,
Str_National_Chinese_Taipei,Taipei China,Taipei Chine,Taipei Cina,Taipei China,Taipei China,台湾台北,Taipei China,Тайбэй Китай,中国台北,中國臺北,中國臺北,타이페이 중국,تايبيه الصين,Taipei China,Taipei Çin,Cina Taipei,ไทเปประเทศจีน,Đài Bắc Trung Hoa,,,"Tajpej, Chiny",,
Str_National_Iraq,Iraq,Irak,Iraq,Irak,Irak,イラク,Iraque,Ирак,伊拉克,伊拉克,伊拉克,이라크,العراق,Irak,Irak,Irak,อิรัก,Iraq,,,Irak,,
Str_National_Bahrain,Bahrain,Bahreïn,Bahrein,Bahrain,Bahréin,バーレーン,Bahrain,Бахрейн,巴林,巴林,巴林,바레인,البحرين,Bahrein,Bahreyn,Bahrain,บาห์เรน,Bahrain,,,Bahrajn,,
Str_National_Iran,Iran,L'Iran,Iran,Iran,Iran,イラン,Irã,Иран,伊朗,伊朗,伊朗,이란,إيران,Iran,İran,Iran,อิหร่าน,Iran,,,Iran,,
Str_National_China_Hong_Kong,Hong Kong,Hong Kong,Hong Kong,Hongkong,Hong Kong,香港,Hong Kong,Гонконг,香港,香港,香港,홍콩,هونج كونج,Hong Kong,Hong Kong,Hongkong,ฮ่องกง,Hồng Kông,,,Hongkong,,
Str_National_Thailand,Thailand,Thaïlande,Tailandia,Thailand,Tailandia,タイ,Tailândia,Таиланд,泰国,泰國,泰國,태국,تايلاند,Thailand,Tayland,Thailand,ประเทศไทย,nước Thái Lan,,,Tajlandia,,
Str_National_Uzbekistan,Uzbekistan,Ouzbékistan,Uzbekistan,Usbekistan,Uzbekistan,ウズベキスタン,Uzbequistão,Узбекистан,乌兹别克斯坦,烏茲別克斯坦,烏茲別克斯坦,우즈베키스탄,أوزبكستان,Oezbekistan,Özbekistan,Uzbekistan,อุซเบกิสถาน,Uzbekistan,,,Uzbekistan,,
Str_National_Saudi_Arabia,Saudi Arabia,Arabie Saoudite,Arabia Saudita,Saudi Arabien,Arabia Saudita,サウジアラビア,Arábia Saudita,Саудовская Аравия,沙特阿拉伯,沙烏地阿拉伯,沙烏地阿拉伯,사우디 아라비아,المملكة العربية السعودية,Saoedi-Arabië,Suudi Arabistan,Arab Saudi,ซาอุดิอาราเบีย,Ả Rập Saudi,,,Arabia Saudyjska,,
Str_National_Singapore,Singapore,Singapour,Singapore,Singapur,Singapur,シンガポール,Cingapura,Сингапур,新加坡,新加坡,新加坡,싱가포르,سنغافورة,Singapore,Singapur,Singapura,สิงคโปร์,Singapore,,,Singapur,,
Str_National_Yemen,Yemen,Yémen,Yemen,Jemen,Yemen,イエメン,Iémen,Йемен,也门,葉門,葉門,예멘,اليمن,Jemen,Yemen,Yaman,เยเมน,Yemen,,,Jemen,,
Str_National_Palestine,Palestine,Palestine,Palestina,Palästina,Palestina,パレスチナ,Palestina,Палестина,巴勒斯坦,巴勒斯坦,巴勒斯坦,팔레스타인,فلسطين,Palestina,Filistin,Palestina,ปาเลสไตน์,Palestine,,,Palestyna,,
Str_National_Japan,Japan,Japon,Giappone,Japan,Japón,日本,Japão,Япония,日本,日本,日本,일본,اليابان,Japan,Japonya,Jepang,ญี่ปุ่น,Nhật Bản,,,Japonia,,
Str_National_Kyrgyzstan,Kyrgyzstan,Kirghizistan,Kirghizistan,Kirgisistan,Kirguistán,キルギスタン,Quirguistão,Кыргызстан,吉尔吉斯斯坦,吉爾吉斯斯坦,吉爾吉斯斯坦,키르기스스탄,قيرغيزستان,Kirgizië,Kırgızistan,Kirgistan,คีร์กีซสถาน,Kyrgyzstan,,,Kirgistan,,
Str_National_Tajikistan,Tajikistan,Tadjikistan,Tagikistan,Tadschikistan,Tayikistán,タジキスタン,Tajiquistão,Таджикистан,塔吉克斯坦,塔吉克斯坦,塔吉克斯坦,타지키스탄,طاجيكستان,Tadzjikistan,Tacikistan,Tajikistan,ทาจิกิสถาน,Tajikistan,,,Tadżykistan,,
Str_National_Myanmar,Myanmar,Myanmar,Myanmar,Myanmar,Myanmar,ミャンマー,Myanmar,Мьянма,缅甸,緬甸,緬甸,미얀마,ميانمار,Myanmar,Myanmar,Myanmar,พม่า,Myanmar,,,Myanmar,,
Str_National_South_Korea,South Korea,Corée du Sud,Corea del Sud,Südkorea,Corea del Sur,韓国,Coreia do Sul,Южная Корея,韩国,韓國,韓國,대한민국,كوريا الجنوبية,Zuid-Korea,Güney Kore,Korea Selatan,เกาหลีใต้,Nam Triều Tiên,,,Korea Południowa,,
Str_National_United_Arab_Emirates,UAE,Émirats arabes unis,EAU,VAE,EAU,UAE,UAE,ОАЭ,阿联酋,阿聯酋,阿聯酋,UAE,الإمارات,VAE,BAE,UEA,ยูเออี,UAE,,,ZEA,,
Str_National_Indonesia,Indonesia,Indonésie,Indonesia,Indonesien,Indonesia,インドネシア,Indonésia,Индонезия,印度尼西亚,印尼,印尼,인도네시아,إندونيسيا,Indonesië,Endonezya,Indonesia,อินโดนีเซีย,Indonesia,,,Indonezja,,
Str_National_Greece,Greece,Grèce,Grecia,Griechenland,Grecia,ギリシャ,Grécia,Греция,希腊,希臘,希臘,그리스,اليونان,Griekenland,Yunanistan,Yunani,กรีซ,Hy Lạp,,,Grecja,,
Str_National_Bosnia_and_Herzegovina,Bosnia and Herzegovina,Bosnie Herzégovine,Bosnia Erzegovina,Bosnien und Herzegowina,Bosnia y Herzegovina,ボスニア・ヘルツェゴビナ,Bósnia e Herzegovina,Босния и Герцеговина,波黑,波赫,波赫,보스니아 헤르체고비나,البوسنة والهرسك,Bosnië-Herzegovina,Bosna Hersek,Bosnia dan Herzegovina,บอสเนียและเฮอร์เซโก,Bosnia và Herzegovina,,,Bośnia i Hercegowina,,
Str_National_Iceland,Iceland,Islande,Islanda,Island,Islandia,アイスランド,Islândia,Исландия,冰岛,冰島,冰島,아이슬란드,أيسلندا,IJsland,İzlanda,Islandia,ไอซ์แลนด์,Nước Iceland,,,Islandia,,
Str_National_Croatia,Croatia,Croatie,Croazia,Kroatien,Croacia,クロアチア,Croácia,Хорватия,克罗地亚,克羅埃西亞,克羅埃西亞,크로아티아,كرواتيا,Kroatië,Hırvatistan,Kroasia,โครเอเชีย,Croatia,,,Chorwacja,,
Str_National_Ukraine,Ukraine,Ukraine,Ucraina,Ukraine,Ucrania,ウクライナ,Ucrânia,Украина,乌克兰,烏克蘭,烏克蘭,우크라이나,أوكرانيا,Oekraïne,Ukrayna,Ukraina,ยูเครน,Ukraine,,,Ukraina,,
Str_National_Turkey,Turkey,Turquie,Turchia,Türkei,Turquía,トルコ,Turquia,Турция,土耳其,土耳其,土耳其,터키,تركيا,Turkije,Türkiye,Turki,ประเทศตุรกี,Thổ Nhĩ Kỳ,,,Turcja,,
Str_National_Finland,Finland,Finlande,Finlandia,Finnland,Finlandia,フィンランド,Finlândia,Финляндия,芬兰,芬蘭,芬蘭,핀란드,فنلندا,Finland,Finlandiya,Finlandia,ฟินแลนด์,Phần Lan,,,Finlandia,,
Str_National_Spain,Spain,Espagne,Spagna,Spanien,España,スペイン,Espanha,Испания,西班牙,西班牙,西班牙,스페인,إسبانيا,Spanje,ispanya,Spanyol,สเปน,Tây ban nha,,,Hiszpania,,
Str_National_Italy,Italy,Italie,Italia,Italien,Italia,イタリア,Itália,Италия,意大利,義大利,義大利,이탈리아,إيطاليا,Italië,İtalya,Italia,อิตาลี,Nước Ý,,,Włochy,,
Str_National_Albania,Albania,Albanie,Albania,Albanien,Albania,アルバニア,Albânia,Албания,阿尔巴尼亚,阿爾巴尼亞,阿爾巴尼亞,알바니아,ألبانيا,Albanië,Arnavutluk,Albania,แอลเบเนีย,Albania,,,Albania,,
Str_National_Israel,Israel,Israël,Israele,Israel,Israel,イスラエル,Israel,Израиль,以色列,以色列,以色列,이스라엘,إسرائيل,Israël,İsrail,Israel,อิสราเอล,Người israel,,,Izrael,,
Str_National_NorthMacedonia,North Macedonia,Macédoine,North Macedonia,Mazedonien,Macedonia,マケドニア,Macedonia,Македония,北马其顿,北馬其頓,北馬其頓,마케도니아,مقدونيا الشمالية,Macedonië,Makedonya,Makedonia,มาซิโดเนีย,North Macedonia,,,Macedonia Północna,,
Str_National_Poland,Poland,Pologne,Polonia,Polen,Polonia,ポーランド,Polônia,Польша,波兰,波蘭,波蘭,폴란드,بولندا,Polen,Polonya,Polandia,โปแลนด์,Ba lan,,,Polska,,
Str_National_Denmark,Denmark,Danemark,Danimarca,Dänemark,Dinamarca,デンマーク,Dinamarca,Дания,丹麦,丹麥,丹麥,덴마크,الدنمارك,Denemarken,Danimarka,Denmark,เดนมาร์ก,Đan mạch,,,Dania,,
Str_National_Romania,Romania,Roumanie,Romania,Rumänien,Rumania,ルーマニア,Romênia,Румыния,罗马尼亚,羅馬尼亞,羅馬尼亞,루마니아,رومانيا,Roemenië,Romanya,Rumania,โรมาเนีย,Romania,,,Rumunia,,
Str_National_Serbia,Serbia,Serbie,Serbia,Serbien,Serbia,セルビア,Sérvia,Сербия,塞尔维亚,塞爾維亞,塞爾維亞,세르비아,صربيا,Servië,Sırbistan,Serbia,เซอร์เบีย,Serbia,,,Serbia,,
Str_National_Ireland,Ireland,Irlande,Irlanda,Irland,Irlanda,アイルランド,Irlanda,Ирландия,爱尔兰,愛爾蘭,愛爾蘭,아일랜드,أيرلندا,Ierland,İrlanda,Irlandia,ไอร์แลนด์,Ireland,,,Irlandia,,
Str_National_Wales,Wales,Pays de Galles,Galles,Wales,Gales,ウェールズ,Gales,Уэльс,威尔士,威爾士,威爾士,웨일스,ويلز,Wales,Galler,Wales,เวลส์,Xứ Wales,,,Walia,,
Str_National_Austria,Austria,L'Autriche,Austria,Österreich,Austria,オーストリア,Áustria,Австрия,奥地利,奧地利,奧地利,오스트리아,النمسا,Oostenrijk,Avusturya,Austria,ออสเตรีย,Áo,,,Austria,,
Str_National_Georgia,Georgia,Géorgie,Georgia,Georgia,Georgia,ジョージア,Georgia,Грузия,格鲁吉亚,格魯吉亞,格魯吉亞,그루지야,جورجيا,Georgië,Gürcistan,Georgia,จอร์เจีย,Georgia,,,Gruzja,,
Str_National_Germany,Germany,Allemagne,Germania,Deutschland,Alemania,ドイツ,Alemanha,Германия,德国,德國,德國,독일,ألمانيا,Duitsland,Almanya,Jerman,เยอรมนี,nước Đức,,,Niemcy,,
Str_National_Northern_Ireland,Northern Ireland,Irlande du Nord,Irlanda del Nord,Nordirland,Irlanda del Norte,北アイルランド,Irlanda do Norte,Северная Ирландия,北爱尔兰,北愛爾蘭,北愛爾蘭,북 아일랜드,إيرلندا الشمالية,Noord-Ierland,Kuzey Irlanda,Irlandia Utara,ไอร์แลนด์เหนือ,Bắc Ireland,,,Irlandia Północna,,
Str_National_Norway,Norway,Norvège,Norvegia,Norwegen,Noruega,ノルウェー,Noruega,Норвегия,挪威,挪威,挪威,노르웨이,النرويج,Noorwegen,Norveç,Norwegia,นอร์เวย์,Na Uy,,,Norwegia,,
Str_National_Portugal,Portugal,le Portugal,Portogallo,Portugal,Portugal,ポルトガル,Portugal,Португалия,葡萄牙,葡萄牙,葡萄牙,포르투갈,البرتغال,Portugal,Portekiz,Portugal,โปรตุเกส,Bồ Đào Nha,,,Portugalia,,
Str_National_Switzerland,Switzerland,Suisse,Svizzera,Schweiz,Suiza,スイス,Suíça,Швейцария,瑞士,瑞士,瑞士,스위스,سويسرا,Zwitserland,İsviçre,Swiss,สวิตเซอร์แลนด์,Thụy sĩ,,,Szwajcaria,,
Str_National_Hungary,Hungary,Hongrie,Ungheria,Ungarn,Hungría,ハンガリー,Hungria,Венгрия,匈牙利,匈牙利,匈牙利,헝가리,المجر,Hongarije,Macaristan,Hungaria,ฮังการี,Hungary,,,Węgry,,
Str_National_Latvia,Latvia,Lettonie,Lettonia,Lettland,Letonia,ラトビア,Letônia,Латвия,拉脱维亚,拉脫維亞,拉脫維亞,라트비아,لاتفيا,Letland,Letonya,Latvia,ลัตเวีย,Latvia,,,Łotwa,,
Str_National_France,France,France,Francia,Frankreich,Francia,フランス,França,Франция,法国,法國,法國,프랑스,فرنسا,Frankrijk,Fransa,Perancis,ฝรั่งเศส,Pháp,,,Francja,,
Str_National_Sweden,Sweden,Suède,Svezia,Schweden,Suecia,スウェーデン,Suécia,Швеция,瑞典,瑞典,瑞典,스웨덴,السويد,Zweden,İsveç,Swedia,สวีเดน,Thụy Điển,,,Szwecja,,
Str_National_Netherlands,Netherlands,Pays-Bas,Olanda,Niederlande,Países Bajos,オランダ,Holanda,Нидерланды,荷兰,荷蘭,荷蘭,네덜란드,هولندا,Nederland,Hollanda,Belanda,เนเธอร์แลนด์,Hà Lan,,,Holandia,,
Str_National_Belarus,Belarus,Biélorussie,Bielorussia,Weißrussland,Bielorrusia,ベラルーシ,Bielo-Rússia,Беларусь,白俄罗斯,白俄羅斯,白俄羅斯,벨라루스,بيلاروسيا,Wit-Rusland,Belarus,Belarusia,เบลารุส,Belarus,,,Białoruś,,
Str_National_Trinidad_and_Tobago,Trinidad and Tobago,Trinité-et-Tobago,Trinidad e Tobago,Trinidad und Tobago,Trinidad y Tobago,トリニダード・トバゴ,Trinidad e Tobago,Тринидад и Тобаго,特立尼达和多巴哥,千里達和多巴哥,千里達和多巴哥,트리니다드 토바고,ترينداد وتوباغو,Trinidad en Tobago,Trinidad ve Tobago,Trinidad dan Tobago,ตรินิแดดและโตเบโก,Trinidad và Tobago,,,Trynidad i Tobago,,
Str_National_Haiti,Haiti,Haïti,Haiti,Haiti,Haití,ハイチ,Haiti,Гаити,海地,海地,海地,아이티,هايتي,Haïti,Haiti,Haiti,เฮติ,Haiti,,,Haiti,,
Str_National_United_States,United States,États Unis,stati Uniti,Vereinigte Staaten,Estados Unidos,アメリカ,Estados Unidos,Соединенные Штаты,美国,美國,美國,미국,الولايات المتحدة الأمريكية,Verenigde Staten,Amerika Birleşik Devletleri,Amerika Serikat,สหรัฐ,Hoa Kỳ,,,Stany Zjednoczone,,
Str_National_Costa_Rica,Costa Rica,Costa Rica,Costa Rica,Costa Rica,Costa Rica,コスタリカ,Costa Rica,Коста-Рика,哥斯达黎加,哥斯大黎加,哥斯大黎加,코스타리카,كوستاريكا,Costa Rica,Kosta rika,Kosta Rika,คอสตาริกา,Costa rica,,,Kostaryka,,
Str_National_Bermuda,Bermuda,Bermudes,Bermuda,Bermuda,Islas Bermudas,バミューダ,Bermudas,Бермуды,百慕大,百慕大,百慕大,버뮤다,برمودا,Bermuda,Bermuda,Bermuda,เบอร์มิวดา,Bermuda,,,Bermudy,,
Str_National_Jamaica,Jamaica,Jamaïque,Giamaica,Jamaika,Jamaica,ジャマイカ,Jamaica,Ямайка,牙买加,牙買加,牙買加,자메이카,جامايكا,Jamaica,Jamaika,Jamaika,จาเมกา,Jamaica,,,Jamajka,,
Str_National_Panama,Panama,Panama,Panama,Panama,Panamá,パナマ,Panamá,Панама,巴拿马,巴拿馬,巴拿馬,파나마,بنما,Panama,Panama,Panama,ปานามา,Panama,,,Panama,,
Str_National_Curacao,Curacao,Curacao,Curacao,Curacao,Curacao,キュラソー,Curaçao,Кюрасао,库拉索,庫拉索,庫拉索,큐라 소,كوراكاو,Curacao,Curacao,Curacao,คูราเซา,rượu cam bì,,,Curacao,,
Str_National_Egypt,Egypt,Egypte,Egitto,Ägypten,Egipto,エジプト,Egito,Египет,埃及,埃及,埃及,이집트,مصر,Egypte,Mısır,Mesir,อียิปต์,Ai cập,,,Egipt,,
Str_National_Uganda,Uganda,Ouganda,Uganda,Uganda,Uganda,ウガンダ,Uganda,Уганда,乌干达,烏干達,烏干達,우간다,أوغندا,Oeganda,Uganda,Uganda,ยูกันดา,Uganda,,,Uganda,,
Str_National_Congo,Congo,Congo,Congo,Kongo,Congo,コンゴ,Congo,Конго,刚果,剛果,剛果,콩고,الكونغو,Congo,Kongo,Kongo,คองโก,Congo,,,Kongo,,
Str_National_Zimbabwe,Zimbabwe,Zimbabwe,Zimbabwe,Zimbabwe,Zimbabue,ジンバブエ,Zimbábue,Зимбабве,津巴布韦,辛巴威,辛巴威,짐바브웨,زمبابوي,Zimbabwe,Zimbabve,Zimbabwe,ซิมบับเว,Zimbabwe,,,Zimbabwe,,
Str_National_Madagascar,Madagascar,Madagascar,Madagascar,Madagaskar,Madagascar,マダガスカル,Madagáscar,Мадагаскар,马达加斯加,馬達加斯加,馬達加斯加,마다가스카르,مدغشقر,Madagascar,Madagaskar,Madagaskar,มาดากัสการ์,Madagascar,,,Madagaskar,,
Str_National_Nigeria,Nigeria,Nigeria,Nigeria,Nigeria,Nigeria,ナイジェリア,Nigéria,Нигерия,尼日利亚,奈及利亞,奈及利亞,나이지리아,نيجيريا,Nigeria,Nijerya,Nigeria,ไนจีเรีย,Nigeria,,,Nigeria,,
Str_National_Guinea,Guinea,Guinée,Guinea,Guinea,Guinea,ギニア,Guiné,Гвинея,几内亚,幾內亞,幾內亞,기니,غينيا,Guinea,Gine,Guinea,กินี,Guinea,,,Gwinea,,
Str_National_Burundi,Burundi,Burundi,Burundi,Burundi,Burundi,ブルンジ,Burundi,Бурунди,布隆迪,布隆迪,布隆迪,부룬디,بوروندي,Burundi,Burundi,Burundi,บุรุนดี,Burundi,,,Burundi,,
Str_National_Algeria,Algeria,Algérie,Algeria,Algerien,Argelia,アルジェリア,Argélia,Алжир,阿尔及利亚,阿爾及利亞,阿爾及利亞,알제리,الجزائر,Algerije,Cezayir,Aljazair,แอลจีเรีย,Algeria,,,Algieria,,
Str_National_Senegal,Senegal,Sénégal,Senegal,Senegal,Senegal,セネガル,Senegal,Сенегал,塞内加尔,塞內加爾,塞內加爾,세네갈,السنغال,Senegal,Senegal,Senegal,เซเนกัล,Senegal,,,Senegal,,
Str_National_Kenya,Kenya,Kenya,Kenya,Kenia,Kenia,ケニア,Quênia,Кения,肯尼亚,肯亞,肯亞,케냐,كينيا,Kenia,Kenya,Kenya,เคนยา,Kenya,,,Kenia,,
Str_National_Tanzania,Tanzania,Tanzanie,Tanzania,Tansania,Tanzania,タンザニア,Tanzânia,Танзания,坦桑尼亚,坦尚尼亞,坦尚尼亞,탄자니아,تنزانيا,Tanzania,Tanzanya,Tanzania,แทนซาเนีย,Tanzania,,,Tanzania,,
Str_National_Morocco,Morocco,Maroc,Marocco,Marokko,Marruecos,モロッコ,Marrocos,Марокко,摩洛哥,摩洛哥,摩洛哥,모로코,المغرب,Marokko,Fas,Maroko,โมร็อกโก,Maroc,,,Maroko,,
Str_National_Ivory_Coast,Ivory Coast,Côte d'Ivoire,Costa d'Avorio,Elfenbeinküste,Costa de Marfil,コートジボワール,Costa do Marfim,Кот-д'Ивуар,科特迪瓦,象牙海岸,象牙海岸,코트디부아르,ساحل العاج,Ivoorkust,Fildişi Sahili,Pantai Gading,ไอวอรีโคสต์,Bờ Biển Ngà,,,Wybrzeże Kości Słoniowej,,
Str_National_South_Africa,South Africa,Afrique du Sud,Sud Africa,Südafrika,Sudáfrica,南アフリカ,África do Sul,Южная Африка,南非,南非,南非,남아프리카,جنوب أفريقيا,Zuid-Afrika,Güney Afrika,Afrika Selatan,แอฟริกาใต้,Nam Phi,,,Afryka Południowa,,
Str_National_Namibia,Namibia,Namibie,Namibia,Namibia,Namibia,ナミビア,Namibia,Намибия,纳米比亚,納米比亞,納米比亞,나미비아,ناميبيا,Namibië,Namibya,Namibia,นามิเบีย,Namibia,,,Namibia,,
Str_National_Mali,Mali,Mali,Mali,Mali,Mali,マリ,Mali,Мали,马里,馬里,馬里,말리,مالي,Mali,Mali,Mali,มาลี,Mali,,,Mali,,
Str_National_Tunisia,Tunisia,Tunisie,Tunisia,Tunesien,Túnez,チュニジア,Tunísia,Тунис,突尼斯,突尼西亞,突尼西亞,튀니지,تونس,Tunesië,Tunus,Tunisia,ตูนิเซีย,Tunisia,,,Tunezja,,
Str_National_Angola,Angola,Angola,Angola,Angola,Angola,アンゴラ,Angola,Ангола,安哥拉,安哥拉,安哥拉,앙골라,أنغولا,Angola,Angola,Angola,แองโกลา,Angola,,,Angola,,
Str_National_Mauritania,Mauritania,Mauritanie,Mauritania,Mauretanien,Mauritania,モーリタニア,Mauritânia,Мавритания,毛里塔尼亚,茅利塔尼亞,茅利塔尼亞,모리타니,موريتانيا,Mauritanië,Moritanya,Mauritania,มอริเตเนีย,Mauritania,,,Mauretania,,
Str_National_Ghana,Ghana,Ghana,Ghana,Ghana,Ghana,ガーナ,Gana,Гана,加纳,迦納,迦納,가나,غانا,Ghana,Gana,Ghana,กานา,Ghana,,,Ghana,,
Str_National_Cameroon,Cameroon,Cameroun,Camerun,Kamerun,Camerún,カメルーン,Camarões,Камерун,喀麦隆,喀麥隆,喀麥隆,카메룬,الكاميرون,Kameroen,Kamerun,Kamerun,แคเมอรูน,Cameroon,,,Kamerun,,
Str_National_Benin,Benin,Bénin,Benin,Benin,Benin,ベナン,Benin,Бенин,贝宁,貝南,貝南,베냉,بنين,Benin,Benin,Benin,เบนิน,Benin,,,Benin,,
Str_National_Guinea_Bissau,Guinea-Bissau,Guinée-Bissau,Guinea-Bissau,Guinea-Bissau,Guinea-Bissau,ギニアビサウ,Guiné-bissau,Гвинея-Бисау,几内亚比绍,幾內亞比索,幾內亞比索,기니 비사우,غينيا بيساو,Guinee-Bissau,Gine-Bissau,Guinea-Bissau,กินี - บิสเซา,Guinea-Bissau,,,Gwinea Bissau,,
Str_National_Gabon,Gabon,Gabon,Gabon,Gabun,Gabón,ガボン,Gabão,Габон,加蓬,加蓬,加蓬,가봉,الجابون,Gabon,Gabon,Gabon,กาบอง,Gabon,,,Gabon,,
Str_National_Vietnam,Vietnam,Vietnam,Vietnam,Vietnam,Vietnam,ベトナム,Vietnã,Вьетнам,越南,越南,越南,베트남,فيتنام,Vietnam,Vietnam,Vietnam,เวียดนาม,Việt Nam,,,Wietnam,,
Str_National_Malaysia,Malaysia,Malaisie,Malaysia,Malaysia,Malasia,マレーシア,Malásia,Малайзия,马来西亚,馬來西亞,馬來西亞,말레이시아,ماليزيا,Maleisië,Malezya,Malaysia,มาเลเซีย,Malaysia,,,Malezja,,
Str_National_New_Zealand,New Zealand,Nouvelle-Zélande,Nuova Zelanda,Neuseeland,Nueva Zelanda,ニュージーランド,Nova Zelândia,Новая Зеландия,新西兰,紐西蘭,紐西蘭,뉴질랜드,نيوزيلندا,Nieuw-Zeeland,Yeni Zelanda,Selandia Baru,ประเทศนิวซีแลนด์,New Zealand,,,Nowa Zelandia,,
Str_National_North_Korea,North Korea,Corée du Nord,Corea del Nord,Nordkorea,Corea del Norte,朝鮮,Coreia do Norte,Северная Корея,朝鲜,朝鮮,朝鮮,조선,كوريا الشمالية,Noord-Korea,Kuzey Kore,Korea Utara,ประเทศเกาหลีเหนือ,Triều Tiên,,,Korea Północna,,
Str_National_Yugoslavia,Yugoslavia,Yougoslavie,Jugoslavia,Jugoslawien,Yugoslavia,ユーゴスラビア,Iugoslávia,Югославия,南斯拉夫,南斯拉夫,南斯拉夫,유고슬라비아,يوغوسلافيا,Joegoslavië,Yugoslavya,Yugoslavia,ยูโกสลาเวีย,Nam Tư,,,Jugosławia,,
Str_National_Burkina_Faso,Burkina Faso,Burkina Faso,Burkina Faso,Burkina Faso,Burkina Faso,ブルキナファソ,Burkina Faso,Буркина-Фасо,布基纳法索,布吉納法索,布吉納法索,부키 나 파소,بوركينا فاسو,Burkina Faso,Burkina Faso,Burkina Faso,บูร์กินาฟาโซ,Burkina Faso,,,Burkina Faso,,
Str_National_Togo,Togo,Togo,Togo,Togo,Togo,トーゴ,Togo,Того,多哥,多哥,多哥,토고,توغو,Togo,Togo,Togo,ประเทศโตโก,Togo,,,Togo,,
Str_National_Lebanon,Lebanon,Liban,Libano,Libanon,Líbano,レバノン,Líbano,Ливан,黎巴嫩,黎巴嫩,黎巴嫩,레바논,لبنان,Libanon,Lübnan,Lebanon,ประเทศเลบานอน,Liban,,,Liban,,
Str_National_Turkmenistan,Turkmenistan,Turkménistan,Turkmenistan,Turkmenistan,Turkmenistán,トルクメニスタン,Turcomenistão,Туркменистан,土库曼斯坦,土庫曼,土庫曼,투르크메니스탄,تركمانستان,Turkmenistan,Türkmenistan,Turkmenistan,ประเทศเติร์กเมนิสถาน,Turkmenistan,,,Turkmenistan,,
Str_National_FYR_MACEDONIA,North Macedonia,Macédoine du Nord,Macedonia del Nord,Nordmazedonien,Macedonia del Norte,北マケドニア,Macedônia do Norte,Северная Македония,北马其顿,北馬其頓,北馬其頓,북마케도니아,مقدونيا الشمالية,Noord-Macedonië,Kuzey Makedonya,Makedonia Utara,ประเทศมาซิโดเนียเหนือ Македония,Bắc Macedonia,,,Macedonia Północna,,
Str_National_NORTHERN_IRELAND,Northern Ireland,Irlande du Nord,Irlanda del Nord,Nordirland,Irlanda del Norte,北アイルランド,Irlanda do Norte,Северная Ирландия,北爱尔兰,北愛爾蘭,北愛爾蘭,북아일랜드,إيرلندا الشمالية,Noord-Ierland,Kuzey İrlanda,Irlandia Utara,ไอร์แลนด์เหนือ,Bắc Ireland,,,Irlandia Północna,,
Str_National_Cape_Verde,Cape Verde,Cap-Vert,Capo Verde,Kap Verde,Cabo Verde,カーボベルデ,Cabo Verde,Кабо-Верде,佛得角,維德角,維德角,카보베르데,الرأس الأخضر,Kaapverdië,Yeşil Burun Adaları,Tanjung Verde,ประเทศกาบูเวร์ดี,Cabo Verde,,,Republika Zielonego Przylądka,,
Str_National_Comoros,Comoros,Comores,Comore,Komoren,Comoras,コモロ,Comores,Коморы,科摩罗,科摩羅,科摩羅,코모로,جزر القمر,Comoren,Komorlar,Komoro,ประเทศคอโมโรส,Comoros,,,Komory,,
Str_National_Equatorial_Guinea,Equatorial Guinea,Guinée équatoriale,Guinea Equatoriale,Äquatorialguinea,Guinea Ecuatorial,赤道ギニア,Guiné Equatorial,Экваториальная Гвинея,赤道几内亚,赤道畿內亞,赤道畿內亞,적도 기니,غينيا الاستوائية,Equatoriaal-Guinea,Ekvator Ginesi,Guinea Khatulistiwa,ประเทศอิเควทอเรียลกินี,Guinea Xích Đạo,,,Gwinea Równikowa,,
Str_National_Ethiopia,Ethiopia,Éthiopie,Etiopia,Äthiopien,Etiopía,エチオピア,Etiópia,Эфиопия,埃塞俄比亚,埃塞俄比亞,埃塞俄比亞,에티오피아,إثيوبيا,Ethiopië,Etiyopya,Etiopia,ประเทศเอธิโอเปีย,Ethiopia,,,Etiopia,,
Str_National_Gambia,Gambia,Gambie,Gambia,Gambia,Gambia,ガンビア,Gâmbia,Гамбия,冈比亚,甘比亞,甘比亞,감비아,غامبيا,Gambia,Gambiya,Gambia,ประเทศแกมเบีย,Gambia,,,Gambia,,
Str_National_Malawi,Malawi,Malawi,Malawi,Malawi,Malaui,マラウイ,Malawi,Малави,马拉维,馬拉維,馬拉維,말라위,مالاوي,Malawi,Malavi,Malawi,ประเทศมาลาวี,Malawi,,,Malawi,,
Str_National_Sierra_Leone,Sierra Leone,Sierra Leone,Sierra Leone,Sierra Leone,Sierra Leona,シエラレオネ,Serra Leoa,Сьерра-Леоне,塞拉利昂,塞拉利昂,塞拉利昂,시에라리온,سيراليون,Sierra Leone,Sierra Leone,Sierra Leone,ประเทศเซียร์ราลีโอน,Sierra Leone,,,Sierra Leone,,
Str_National_Sudan,Sudan,Soudan,Sudan,Sudan,Sudán,スーダン,Sudão,Судан,苏丹,蘇丹,蘇丹,수단,السودان,Soedan,Sudan,Sudan,ประเทศซูดาน,Sudan,,,Sudan,,
Str_National_CONGO,Republic of the Congo,République du Congo,Repubblica del Congo,Republik Kongo,República del Congo,コンゴ共和国,República do Congo,Республика Конго,刚果共和国,剛果共和國,剛果共和國,콩고 공화국,جمهورية الكونغو,Congo-Brazzaville,Kongo Cumhuriyeti,Republik Kongo,สาธารณรัฐคองโก,Cộng hòa Congo,,,Kongo,,
Str_National_DR_CONGO,DR Congo,RD Congo,RD Congo,Kongo-Kinshasa,RD Congo,コンゴ民主共和国,RD Congo,ДР Конго,刚果民主共和国,剛果民主共和國,剛果民主共和國,콩고 민주 공화국,الكونغو الديمقراطية,Congo-Kinshasa,Kongo-Kinşasa,Republik Demokratik Kongo,คองโก (กินชาซา),Cộng hòa Dân chủ Congo,,,Kongo-Kinszasa,,
Str_National_Niger,Niger,Niger,Niger,Niger,Níger,ニジェール,Níger,Нигер,尼日尔,尼日爾,尼日爾,니제르,النيجر,Niger,Nijer,Niger,ประเทศไนเจอร์,Niger,,,Niger,,
Str_National_Zambia,Zambia,Zambie,Zambia,Sambia,Zambia,ザンビア,Zâmbia,Замбия,赞比亚,贊比亞,贊比亞,잠비아,زامبيا,Zambia,Zambiya,Zambia,ประเทศแซมเบีย,Zambia,,,Zambia,,
Str_National_Guatemala,Guatemala,Guatemala,Guatemala,Guatemala,Guatemala,グアテマラ,Guatemala,Гватемала,危地马拉,危地馬拉,危地馬拉,과테말라,غواتيمالا,Guatemala,Guatemala,Guatemala,ประเทศกัวเตมาลา,Guatemala,,,Gwatemala,,
Str_National_Suriname,Suriname,Suriname,Suriname,Suriname,Surinam,スリナム,Suriname,Суринам,苏里南,蘇里南,蘇里南,수리남,سورينام,Suriname,Surinam,Suriname,ประเทศซูรินาม,Suriname,,,Surinam,,
Str_National_Guadeloupe,Guadeloupe,Guadeloupe,Guadalupa,Guadeloupe,Guadalupe,グアドループ,Guadalupe,Гваделупа,瓜德罗普,瓜德羅普,瓜德羅普,과들루프,غوادلوب,Guadeloupe,Guadeloupe,Guadeloupe,กัวเดอลุป,Guadeloupe,,,Gwadelupa,,
Str_National_Grenada,Grenada,Grenade,Grenada,Grenada,Granada,グレナダ,Granada,Гренада,格林纳达,格林納達,格林納達,그레나다,غرينادا,Grenada,Grenada,Grenada,ประเทศกรีเนดา,Grenada,,,Grenada,,
Str_National_Guyana,Guyana,Guyana,Guyana,Guyana,Guyana,ガイアナ,Guiana,Гайана,圭亚那,圭亞那,圭亞那,가이아나,غيانا,Guyana,Guyana,Guyana,ประเทศกายอานา,Guyana,,,Gujana,,
Str_National_French_guiana,French Guiana,Guyane,Guyana francese,Französisch-Guayana,Guayana Francesa,フランス領ギアナ,Guiana Francesa,Гвиана,法属圭亚那,法屬圭亞那,法屬圭亞那,프랑스령 기아나,غويانا الفرنسية,Frans-Guyana,Fransız Guyanası,Guyana Prancis,เฟรนช์เกียนา,Guyane thuộc Pháp,,,Gujana Francuska,,
Str_National_Belize,Belize,Belize,Belize,Belize,Belice,ベリーズ,Belize,Белиз,伯利兹,伯利茲,伯利茲,벨리즈,بليز,Belize,Belize,Belize,ประเทศเบลีซ,Belize,,,Belize,,
Str_National_England_W,England,Angleterre,Inghilterra,England,Inglaterra,イングランド,Inglaterra,Англия,英格兰,英格蘭,英格蘭,영국,إنكلترا,Engeland,İngiltere,Inggris,อังกฤษ,nước Anh,,,Anglia,,
Str_National_France_W,France,France,Francia,Frankreich,Francia,フランス,França,Франция,法国,法國,法國,프랑스,فرنسا,Frankrijk,Fransa,Perancis,ฝรั่งเศส,Pháp,,,Francja,,
Str_National_Germany_W,Germany,Allemagne,Germania,Deutschland,Alemania,ドイツ,Alemanha,Германия,德国,德國,德國,독일,ألمانيا,Duitsland,Almanya,Jerman,เยอรมนี,nước Đức,,,Niemcy,,
Str_National_United_States_W,United States,États Unis,stati Uniti,Vereinigte Staaten,Estados Unidos,アメリカ,Estados Unidos,Соединенные Штаты,美国,美國,美國,미국,الولايات المتحدة الأمريكية,Verenigde Staten,Amerika Birleşik Devletleri,Amerika Serikat,สหรัฐ,Hoa Kỳ,,,Stany Zjednoczone,,
Str_National_Canada_W,Canada,Canada,Canada,Kanada,Canadá,カナダ,Canadá,Канада,加拿大,加拿大,加拿大,캐나다,كندا,Canada,Kanada,Kanada,แคนาดา,Canada,,,Kanada,,
Str_National_Sweden_W,Sweden,Suède,Svezia,Schweden,Suecia,スウェーデン,Suécia,Швеция,瑞典,瑞典,瑞典,스웨덴,السويد,Zweden,İsveç,Swedia,สวีเดน,Thụy Điển,,,Szwecja,,
Str_National_Netherlands_W,Netherlands,Pays-Bas,Olanda,Niederlande,Países Bajos,オランダ,Holanda,Нидерланды,荷兰,荷蘭,荷蘭,네덜란드,هولندا,Nederland,Hollanda,Belanda,เนเธอร์แลนด์,Hà Lan,,,Holandia,,
Str_National_Brazil_W,Brazil,Brésil,Brasile,Brasilien,Brasil,ブラジル,Brasil,Бразилия,巴西,巴西,巴西,브라질,البرازيل,Brazilië,Brezilya,Brazil,บราซิล,Brazil,,,Brazylia,,
Str_National_Spain_W,Spain,Espagne,Spagna,Spanien,España,スペイン,Espanha,Испания,西班牙,西班牙,西班牙,스페인,إسبانيا,Spanje,ispanya,Spanyol,สเปน,Tây ban nha,,,Hiszpania,,
Str_National_Norway_W,Norway,Norvège,Norvegia,Norwegen,Noruega,ノルウェー,Noruega,Норвегия,挪威,挪威,挪威,노르웨이,النرويج,Noorwegen,Norveç,Norwegia,นอร์เวย์,Na Uy,,,Norwegia,,
Str_National_Scotland_W,Scotland,Écosse,Scozia,Schottland,Escocia,スコットランド,Escócia,Шотландия,苏格兰,蘇格蘭,蘇格蘭,스코틀랜드,اسكتلندا,Schotland,İskoçya,Skotlandia,สกอตแลนด์,Scotland,,,Szkocja,,
Str_National_Mexico_W,Mexico,Mexique,Messico,Mexiko,México,メキシコ,México,Мексика,墨西哥,墨西哥,墨西哥,멕시코,المكسيك,Mexico,Meksika,Meksiko,เม็กซิโก,Mexico,,,Meksyk,,
Str_National_Belgium_W,Belgium,Belgique,Belgio,Belgien,Bélgica,ベルギー,Bélgica,Бельгия,比利时,比利時,比利時,벨기에,بلجيكا,Belgie,Belçika,Belgia,เบลเยี่ยม,nước Bỉ,,,Belgia,,
Str_National_China_W,China,Chine,Cina,China,China,中国,China,Китай,中国,中國,中國,중국,الصين,China,Çin,Cina,ประเทศจีน,Trung Quốc,,,Chiny,,
Str_National_Iceland_W,Iceland,Islande,Islanda,Island,Islandia,アイスランド,Islândia,Исландия,冰岛,冰島,冰島,아이슬란드,أيسلندا,IJsland,İzlanda,Islandia,ไอซ์แลนด์,Nước Iceland,,,Islandia,,
Str_National_Portugal_W,Portugal,le Portugal,Portogallo,Portugal,Portugal,ポルトガル,Portugal,Португалия,葡萄牙,葡萄牙,葡萄牙,포르투갈,البرتغال,Portugal,Portekiz,Portugal,โปรตุเกส,Bồ Đào Nha,,,Portugalia,,
Str_National_Argentina_W,Argentina,Argentine,Argentina,Argentinien,Argentina,アルゼンチン,Argentina,Аргентина,阿根廷,阿根廷,阿根廷,아르헨티나,الأرجنتين,Argentinië,Arjantin,Argentina,อาร์เจนตินา,Argentina,,,Argentyna,,
Str_National_Australia_W,Australia,Australie,Australia,Australien,Australia,オーストラリア,Austrália,Австралия,澳大利亚,澳大利亞,澳大利亞,호주,أستراليا,Australië,Avustralya,Australia,ออสเตรเลีย,Châu Úc,,,Australia,,
Str_National_Japan_W,Japan,Japon,Giappone,Japan,Japón,日本,Japão,Япония,日本,日本,日本,일본,اليابان,Japan,Japonya,Jepang,ญี่ปุ่น,Nhật Bản,,,Japonia,,
Str_National_Philippines_W,Philippines,Philippines,Filippine,Philippinen,Filipinas,フィリピン,Filipinas,Филиппины,菲律宾,菲律賓,菲律賓,필리핀 제도,الفلبين,Filippijnen,Filipinler,Filipina,ฟิลิปปินส์,Philippines,,,Filipiny,,
Str_National_South_Korea_W,South Korea,Corée du Sud,Corea del Sud,Südkorea,Corea del Sur,韓国,Coreia do Sul,Южная Корея,韩国,韓國,韓國,대한민국,كوريا الجنوبية,Zuid-Korea,Güney Kore,Korea Selatan,เกาหลีใต้,Nam Triều Tiên,,,Korea Południowa,,
Str_National_Vietnam_W,Vietnam,Vietnam,Vietnam,Vietnam,Vietnam,ベトナム,Vietnã,Вьетнам,越南,越南,越南,베트남,فيتنام,Vietnam,Vietnam,Vietnam,เวียดนาม,Việt Nam,,,Wietnam,,
Str_National_Costa_Rica_W,Costa Rica,Costa Rica,Costa Rica,Costa Rica,Costa Rica,コスタリカ,Costa Rica,Коста-Рика,哥斯达黎加,哥斯大黎加,哥斯大黎加,코스타리카,كوستا ريكا,Costa Rica,Kosta rika,Kosta Rika,คอสตาริกา,Costa rica,,,Kostaryka,,
Str_National_Haiti_W,Haiti,Haïti,Haiti,Haiti,Haití,ハイチ,Haiti,Гаити,海地,海地,海地,아이티,هايتي,Haïti,Haiti,Haiti,เฮติ,Haiti,,,Haiti,,
Str_National_Jamaica_W,Jamaica,Jamaïque,Giamaica,Jamaika,Jamaica,ジャマイカ,Jamaica,Ямайка,牙买加,牙買加,牙買加,자메이카,جامايكا,Jamaica,Jamaika,Jamaika,จาเมกา,Jamaica,,,Jamajka,,
Str_National_Panama_W,Panama,Panama,Panama,Panama,Panamá,パナマ,Panamá,Панама,巴拿马,巴拿馬,巴拿馬,파나마,بنما,Panama,Panama,Panama,ปานามา,Panama,,,Panama,,
Str_National_Denmark_W,Denmark,Danemark,Danimarca,Dänemark,Dinamarca,デンマーク,Dinamarca,Дания,丹麦,丹麥,丹麥,덴마크,الدنمارك,Denemarken,Danimarka,Denmark,เดนมาร์ก,Đan mạch,,,Dania,,
Str_National_Italy_W,Italy,Italie,Italia,Italien,Italia,イタリア,Itália,Италия,意大利,義大利,義大利,이탈리아,إيطاليا,Italië,İtalya,Italia,อิตาลี,Nước Ý,,,Włochy,,
Str_National_Morocco_W,Morocco,Maroc,Marocco,Marokko,Marruecos,モロッコ,Marrocos,Марокко,摩洛哥,摩洛哥,摩洛哥,모로코,المغرب,Marokko,Fas,Maroko,โมร็อกโก,Maroc,,,Maroko,,
Str_National_Nigeria_W,Nigeria,Nigeria,Nigeria,Nigeria,Nigeria,ナイジェリア,Nigéria,Нигерия,尼日利亚,奈及利亞,奈及利亞,나이지리아,نيجيريا,Nigeria,Nijerya,Nigeria,ไนจีเรีย,Nigeria,,,Nigeria,,
Str_National_South_Africa_W,South Africa,Afrique du Sud,Sud Africa,Südafrika,Sudáfrica,南アフリカ,África do Sul,Южная Африка,南非,南非,南非,남아프리카,جنوب أفريقيا,Zuid-Afrika,Güney Afrika,Afrika Selatan,แอฟริกาใต้,Nam Phi,,,Afryka Południowa,,
Str_National_Zambia_W,Zambia,Zambie,Zambia,Sambia,Zambia,ザンビア,Zâmbia,Замбия,赞比亚,贊比亞,贊比亞,잠비아,زامبيا,Zambia,Zambiya,Zambia,ประเทศแซมเบีย,Zambia,,,Zambia,,
Str_National_Colombia_W,Colombia,Colombie,Colombia,Kolumbien,Colombia,コロンビア,Colômbia,Колумбия,哥伦比亚,哥倫比亞,哥倫比亞,콜롬비아,كولومبيا,Colombia,Kolombiya,Kolumbia,โคลอมเบีย,Colombia,,,Kolumbia,,
Str_National_New_Zealand_W,New Zealand,Nouvelle-Zélande,Nuova Zelanda,Neuseeland,Nueva Zelanda,ニュージーランド,Nova Zelândia,Новая Зеландия,新西兰,紐西蘭,紐西蘭,뉴질랜드,نيوزيلندا,Nieuw-Zeeland,Yeni Zelanda,Selandia Baru,ประเทศนิวซีแลนด์,New Zealand,,,Nowa Zelandia,,
Str_National_Ireland_W,Ireland,Irlande,Irlanda,Irland,Irlanda,アイルランド,Irlanda,Ирландия,爱尔兰,愛爾蘭,愛爾蘭,아일랜드,أيرلندا,Ierland,İrlanda,Irlandia,ไอร์แลนด์,Ireland,,,Irlandia,,
Str_National_Switzerland_W,Switzerland,Suisse,Svizzera,Schweiz,Suiza,スイス,Suíça,Швейцария,瑞士,瑞士,瑞士,스위스,سويسرا,Zwitserland,İsviçre,Swiss,สวิตเซอร์แลนด์,Thụy sĩ,,,Szwajcaria,,
CompName_PhilippineLeagueA,Philippine League,Ligue philippine,Lega filippina,Philippinische Liga,Liga Filipina,フィリピンリーグ,Liga Filipina,Филиппинская лига,菲律宾联赛,菲律賓聯賽,菲律賓聯賽,필리핀 리그,الدوري الفلبيني,Filippijnse Liga,Filipinler Ligi,Liga Filipina,ลีกฟิลิปปินส์,Giải đấu Philippines,,,Liga Filipińska,,
CompName_JordanLeagueA,Jordan League,Ligue jordanienne,Lega giordana,Jordanische Liga,Liga de Jordania,ヨルダンリーグ,Liga da Jordânia,Иорданская лига,约旦联赛,約旦聯賽,約旦聯賽,요르단 리그,الدوري الأردني,Jordanese Liga,Ürdün Ligi,Liga Yordania,ลีกจอร์แดน,Giải đấu Jordan,,,Liga Jordanii,,
CompName_TajikistanLeagueA,Tajikistan League,Ligue du Tadjikistan,Lega tagika,Tadschikische Liga,Liga de Tayikistán,タジキスタンリーグ,Liga do Tajiquistão,Таджикская лига,塔吉克斯坦联赛,塔吉克斯坦聯賽,塔吉克斯坦聯賽,타지키스탄 리그,الدوري التاجيكي,Tadzjikistanse Liga,Tacikistan Ligi,Liga Tajikistan,ลีกทาจิกิสถาน,Giải đấu Tajikistan,,,Liga Tadżykistanu,,
CompName_TurkmenistanLeagueA,Turkmenistan League,Ligue du Turkménistan,Lega turkmena,Turkmenische Liga,Liga de Turkmenistán,トルクメニスタンリーグ,Liga do Turquemenistão,Туркменистанская лига,土库曼斯坦联赛,土庫曼斯坦聯賽,土庫曼斯坦聯賽,투르크메니스탄 리그,الدوري التركماني,Turkmeense Liga,Türkmenistan Ligi,Liga Turkmenistan,ลีกเติร์กเมนิสถาน,Giải đấu Turkmenistan,,,Liga Turkmenistanu,,
CompName_FrenchLeagueA,French Super League,Super Ligue française,Serie A francese,Französische Super Liga,Superliga francesa,フランス・スーパーリーグ,Superliga Francesa,Французская Суперлига,法国超级联赛,法國超級聯賽,法國超級聯賽,프랑스 1부 리그,الدوري الفرنسي الممتاز,Franse Super League,Fransa Süper Ligi,Liga Super Prancis,Super League ฝรั่งเศส,Super League Pháp,,,Francuska Super Liga,,
CompName_FrenchLeagueC,French League C,Ligue C française,Serie C francese,Französische Liga C,Liga C francesa,フランスリーグC,Liga Francesa C,Французская лига C,法国C级联赛,法國C級聯賽,法國C級聯賽,프랑스 3부 리그,الدوري الفرنسي ج,Franse League C,Fransa Ligi C,Liga Prancis C,League C ฝรั่งเศส,Giải đấu Pháp C,,,Francuska Liga C,,
CompName_FrenchLeagueB,French League B,Ligue B française,Serie B francese,Französische Liga B,Liga B francesa,フランスリーグB,Liga Francesa B,Французская лига B,法国B级联赛,法國B級聯賽,法國B級聯賽,프랑스 2부 리그,الدوري الفرنسي ب,Franse League B,Fransa B Ligi,Liga Prancis B,League B ฝรั่งเศส,Giải đấu Pháp B,,,Francuska Liga B,,
CompName_FrenchLeague,French League,ligue Française,Lega Francese,Französische Liga,Liga Francesa,フランスリーグ,LIGA FRANCESA,Французская Лига,法国联赛,法國聯賽,法國聯賽,프랑스 리그,الدوري الفرنسي,Franse Competitie,Fransız ligi,Liga Perancis,ลีกฝรั่งเศส,Giải VĐQG Pháp,,,Liga Francuska,,
CompName_ItalianLeagueA,Italy Top Division,D1 Italienne,Campionato Italiano,Italienische Topliga,Primera División Italiana,イタリア・スーパーリーグ,Série A Italiana,Чемпионат Италии,意大利超级联赛,義大利超級聯賽,義大利超級聯賽,이탈리아 1부,"	الدوري الإيطالي",Hoofdklasse Italië,İtalya Ligi,Liga Utama Italia,ลีกสูงอิตาลี,Giải Ý Hạng Nhất,,,Pierwsza liga włoska,,
CompName_ItalianLeagueC,Italian Third Division,D3 Italienne,Serie C Italiana,Italienische dritte Liga,Tercera División Italiana,イタリアリーグC,Terceira Divisão Italiana,Третья лига Италии,意大利丙级联赛,義大利丙級聯賽,義大利丙級聯賽,이탈리아 3부 리그,الدوري الإيطالي الدرجة الثالثة,Tweede divisie Italië,İtalya Üçüncü Ligi,Liga Ketiga Italia,ลีกสามอิตาลี,Giải Hạng Ba Italia,,,Trzecia liga włoska,,
CompName_ItalianLeagueB,Italian Second Division,D2 Italienne,Serie B italiana,Italienische zweite Liga,Segunda División Italiana,イタリアリーグB,Segunda Divisão Italiana,Вторая лига Италии,意大利乙级联赛,義大利乙級聯賽,義大利乙級聯賽,이탈리아 2부 리그,الدوري الإيطالي الدرجة الثانية,Eerste divisie Italië,İtalya İkinci Ligi,Liga Kedua Italia,ลีกสองอิตาลี,Giải Hạng Nhì Italia,,,Druga liga włoska,,
CompName_ItalianLeague,Italian League,ligue Italienne,Lega Italiana,Italienische Liga,Liga Italiana,イタリアリーグ,LIGA ITALIANA,Итальянская Лига,意大利联赛,義大利聯賽,義大利聯賽,이탈리아 리그,الدوري الإيطالي,Italiaanse Competitie,Italya ligi,Liga Italia,ลีกอิตาลี,Giải VĐQG Ý,,,Liga Włoska,,
CompName_GermanLeagueA,German Super League,Super Ligue allemande,Serie A tedesca,Deutsche Super Liga,Superliga alemana,ドイツ・スーパーリーグ,Superliga Alemã,Немецкая Суперлига,德国超级联赛,德國超級聯賽,德國超級聯賽,독일 1부 리그,الدوري الألماني الممتاز,Duitse Super League,Almanya Süper Ligi,Liga Super Jerman,Super League เยอรมัน,Super League Đức,,,Niemiecka Super Liga,,
CompName_GermanLeagueC,German League C,Ligue C allemande,Serie C tedesca,Deutsche Liga C,Liga C alemana,ドイツリーグ・C,Liga Alemã C,Немецкая лига C,德国C级联赛,德國C級聯賽,德國C級聯賽,독일 3부 리그,الدوري الألماني ج,Duitse League C,Almanya C Ligi,Liga Jerman C,League C เยอรมัน,Giải đấu Đức C,,,Niemieca Liga C,,
CompName_GermanLeagueB,German League B,Ligue B allemande,Serie B tedesca,Deutsche Liga B,Liga B alemana,ドイツリーグ・B,Liga alemã B,Немецкая лига B,德国B级联赛,德國B級聯賽,德國B級聯賽,독일 2부 리그,الدوري الألماني ب,Duitse League B,Almanya B Ligi,Liga Jerman B,League B เยอรมัน,Giải đấu Đức B,,,Niemiecka Liga B,,
CompName_GermanLeague,German League,ligue Allemande,Lega Tedesca,Deutsche Liga,Liga Alemana,ドイツリーグ,LIGA ALEMÃ,Немецкая Лига,德国联赛,德國聯賽,德國聯賽,독일 리그,الدوري الالماني,Duitse Competitie,Alman ligi,Liga Jerman,ลีกเยอรมัน,Giải VĐQG Đức,,,Liga Niemiecka,,
CompName_EnglishLeagueA,English League A,Ligue Anglaise A,Lega Inglese A,Englische Liga A,Liga Inglesa A,イングリッシュリーグA ,Liga Inglesa A,Английская Лига A,英格兰A级联赛,英格蘭A級聯賽,英格蘭A級聯賽,잉글리시 리그 A,الدوري الإنجليزي ,Engelse League A,İngiliz Ligi A,Liga Inggris A,ลีกอังกฤษ A,Giải Anh A,,,Angielska Liga A,,
CompName_EnglishLeagueC,English League C,Ligue C anglaise,Serie C inglese,Englische Liga C,Liga C inglesa,イギリスリーグC,Liga Inglesa C,Английская лига C,英格兰C级联赛,英格蘭C級聯賽,英格蘭C級聯賽,영국 3부 리그,الدوري الإنجليزي ج,Engelse League C,İngilizce League C,Liga Inggris C,League C อังกฤษ,Giải đấu Anh C,,,Angielska Liga C,,
CompName_EnglishLeagueB,English League B,Ligue B anglaise,Serie B inglese,Englische Liga B,Liga B inglesa,イギリスリーグB,Liga Inglesa B,Английская лига B,英格兰B级联赛,英格蘭B級聯賽,英格蘭B級聯賽,영국 2부 리그,الدوري الإنجليزي ب,Engelse League B,İngilizce League B,Liga Inggris B,League B อังกฤษ,Giải đấu Anh B,,,Angielska Liga B,,
CompName_EnglishLeague,English League,ligue Anglaise,Lega Inglese,Englische Liga,Liga Inglesa,イングリッシュリーグ,LIGA INGLESA,Английская Лига,英格兰联赛,英格蘭聯賽,英格蘭聯賽,잉글리시 리그,الدوري الإنجليزي,Engelse Competitie,Ingiliz ligi,Liga Inggris,ลีกอังกฤษ,Giải VĐQG Anh Quốc,,,Liga Angielska,,
CompName_SpanishLeagueA,Spanish Super League,Super Ligue espagnole,Serie A spagnola,Spanische Super Liga,Superliga española,スペイン・スーパーリーグ,Superliga Espanhola,Испанская Суперлига,西班牙超级联赛,西班牙超級聯賽,西班牙超級聯賽,스페인 1부 리그,الدوري الإسباني الممتاز,Spaanse Super League,İspanya Süper Ligi,Liga Super Spanyol,Super League สเปน,Super League Tây Ban Nha,,,Hiszpańska Super Liga,,
CompName_SpanishLeagueC,Spanish League C,Ligue C espagnole,Serie C spagnola,Spanische Liga C,Liga C española,スペインリーグC,Liga Espanhola C,Испанская лига C,西班牙C级联赛,西班牙C級聯賽,西班牙C級聯賽,스페인 3부 리그,الدوري الإسباني ج,Spaanse League C,İspanya Ligi C,Liga Spanyol C,League C สเปน,Giải đấu Tây Ban Nha C,,,Hiszpańska Liga C,,
CompName_SpanishLeagueB,Spanish League B,Ligue B espagnole,Serie B spagnola,Spanische Liga B,Liga B española,スペインリーグB,Liga Espanhola B,Испанская лига B,西班牙B级联赛,西班牙B級聯賽,西班牙B級聯賽,스페인 2부 리그,الدوري الإسباني ب,Spaanse League B,İspanya Ligi B,Liga Spanyol B,League B สเปน,Giải đấu Tây Ban Nha B,,,Hiszpańska Liga B,,
CompName_SpanishLeague,Spanish League,ligue Espagnole,Lega Spagnola,Spanische Liga,Liga Española,スペインリーグ,LIGA ESPANHOLA,Испанская Лига,西班牙联赛,西班牙聯賽,西班牙聯賽,스페인 리그,الدوري الإسباني,Spaanse Competitie,Ispanya ligi,Liga Spanyol,ลีกสเปน,Giải VĐQG Tây Ban Nha,,,Liga Hiszpańska,,
CompName_BrazilLeagueA,Brazil Super League,Super Ligue brésilienne,Serie A brasiliana,Brasilianische Super Liga,Superliga brasileña,ブラジル・スーパーリーグ,Superliga do Brasil,Бразильская Суперлига,巴西超级联赛,巴西超級聯賽,巴西超級聯賽,브라질 1부 리그,الدوري البرازيلي الممتاز,Braziliaanse Super League,Brezilya Süper Ligi,Liga Super Brasil,Super League บราซิล,Super League Brazil,,,Brazylijska Super Liga,,
CompName_BrazilLeagueC,Brazil League C,Ligue C brésilienne,Serie C brasiliana,Brasilianische Liga C,Liga C brasileña,ブラジルリーグC,Brasil Liga C,Бразильская лига C,巴西C级联赛,巴西C級聯賽,巴西C級聯賽,브라질 3부 리그,الدوري البرازيلي ج,Braziliaanse League C,Brezilya Ligi C,Liga Brasil C,League C บราซิล,Giải đấu Brazil C,,,Brazylijska Liga C,,
CompName_BrazilLeagueB,Brazil League B,Ligue B brésilienne,Serie B brasiliana,Brasilianische Liga B,Liga B brasileña,ブラジルリーグB,Brasil Liga B,Бразильская лига B,巴西B级联赛,巴西B級聯賽,巴西B級聯賽,브라질 2부 리그,الدوري البرازيلي ب,Braziliaanse League B,Brezilya Ligi B,Liga Brasil B,League B บราซิล,Giải đấu Brazil B,,,Brazylijska Liga B,,
CompName_BrazilLeague,Brazil League,ligue Brésilienne,Lega Brasiliana,Brasilien Liga,Liga Brasileña,ブラジルリーグ,LIGA BRASILEIRA,Бразильская Лига,巴西联赛,巴西聯賽,巴西聯賽,브라질 리그,الدوري البرازيلي,Braziliaanse Competitie,Brezilya ligi,Liga Brazil,ลีกบราซิล,Giải VĐQG Brazil,,,Liga Brazylijska,,
CompName_MexicanLeagueA,Mexico Super League,Super ligue Mexicaine,Serie A Messicana,Mexikanische Super Liga,Superliga Mexicana,メキシコ・スーパーリーグ,Superliga do MEXICANA,Мексиканская Суперлига,墨西哥超级联赛,墨西哥超級聯賽,墨西哥超級聯賽,멕시코 1부 리그,دوري المكسيك الممتاز,Mexicaanse Super Competitie,Meksika Süper Ligi,Liga Super Meksiko,Super League เม็กซิโก,Super Giải VĐQG Mexico,,,Meksykańska Super Liga,,
CompName_MexicanLeagueC,Mexico League C,ligue C Mexicaine,Serie C Messicana,Mexikanische Liga C,Liga C Mexicana,メキシコリーグC,LIGA MEXICANA C,Мексиканская Лига C,墨西哥C级联赛,墨西哥C級聯賽,墨西哥C級聯賽,멕시코 3부 리그,دوري المكسيك ج,Mexicaanse Competitie C,Meksika ligi C,Liga Meksiko C,League C เม็กซิโก,Giải VĐQG Mexico C,,,Meksykańska Liga C,,
CompName_MexicanLeagueB,Mexico League B,ligue B Mexicaine,Serie B Messicana,Mexikanische Liga B,Liga B Mexicana,メキシコリーグB,LIGA MEXICANA B,Мексиканская Лига B,墨西哥B级联赛,墨西哥B級聯賽,墨西哥B級聯賽,멕시코 2부 리그,دوري المكسيك ب,Mexicaanse Competitie B,Meksika ligi B,Liga Meksiko B,League B เม็กซิโก,Giải VĐQG Mexico B,,,Meksykańska Liga B,,
CompName_MexicanLeague,Mexico League,ligue Mexicaine,Lega Messicana,Mexikanische Liga,Liga Mexicana,メキシコリーグ,LIGA MEXICANA,Мексиканская Лига,墨西哥联赛,墨西哥聯賽,墨西哥聯賽,멕시코 리그,دوري المكسيك,Mexicaanse Competitie,Meksika ligi,Liga Meksiko,ลีกเม็กซิโก,Giải VĐQG Mexico,,,Liga Meksykańska,,
CompName_SwissLeagueA,Swiss League,ligue Suisse,Lega Svizzera,Schweizer Liga,Liga Suiza,スイスリーグ,LIGA SUÍÇA,Швейцарская Лига,瑞士联赛,瑞士聯賽,瑞士聯賽,스위스 리그,الدوري السويسري,Zwitserse Competitie,İsviçre Ligi,Liga Swiss,ลีกสวิตเซอร์แลนด์,Giải VĐQG Thụy Sĩ,,,Liga Szwajcarska,,
CompName_RussianLeagueA,Russian League,ligue Russe,Lega Russa,Russische Liga,Liga Rusa,ロシアリーグ,LIGA RUSSA,Российская Лига,俄罗斯联赛,俄羅斯聯賽,俄羅斯聯賽,러시아 리그,الدوري الروسي,Russische Competitie,Rusya ligi,Liga Rusia,ลีกรัสเซีย,Giải VĐQG Nga,,,Liga Rosyjska,,
CompName_SwedishLeagueA,Swedish League,ligue Suédoise,Lega Svedese,Schwedische Liga,Liga Sueca,スウェーデンリーグ,LIGA SUECA,Шведская Лига,瑞典联赛,瑞典聯賽,瑞典聯賽,스웨덴 리그,الدوري السويدي,Zweedse Competitie,Isveç ligi,Liga Swedia,ลีกสวีเดน,Giải VĐQG Thụy Điển,,,Szwedzka Liga,,
CompName_TurkishLeague,Turkish League,ligue Turc,Lega Turca,Türkische Liga,Liga Turca,トルコリーグ,LIGA TURCA,Турецкая Лига,土耳其联赛,土耳其聯賽,土耳其聯賽,터키 리그,الدوري التركي,Turkse Competitie,Türk ligi,Liga Turki,ลีกตุรกี,Giải VĐQG Thổ Nhĩ Kỳ,,,Liga Turecka,,
CompName_TurkishLeagueC,Turkish League C,Ligue C Turc,Serie C Turca,Türkische Liga C,Liga C Turca,トルコリーグC,Liga TURCA C,Турецкая лига C,土耳其C级联赛,土耳其C級聯賽,土耳其C級聯賽,터키 3부 리그,الدوري التركي ج,Turkse League C,Türk Ligi C,Liga Turki C,ลีกตุรกีC,Giải VĐQG Thổ Nhĩ Kỳ C,,,Turecka Liga C,,
CompName_TurkishLeagueB,Turkish League B,Ligue B Turc,Serie B Turca,Türkische Liga B,Liga B Turca,トルコリーグB,Liga TURCA B,Турецкая лига B,土耳其B级联赛,土耳其B級聯賽,土耳其B級聯賽,터키 2부 리그,الدوري التركي ب,Turkse League B,Türk Ligi B,Liga Turki B,ลีกตุรกีB,Giải VĐQG Thổ Nhĩ Kỳ B,,,Turecka Liga B,,
CompName_TurkishLeagueA,Turkish Super League,Super Ligue Turc,Serie A Turca,Türkische Super Liga,Superliga Turca,トルコ・スーパーリーグ,Superliga TURCA,Турецкая Суперлига,土耳其A级联赛,土耳其A級聯賽,土耳其A級聯賽,터키 1부 리그,الدوري التركي الممتاز,Turkse Super League,Türk Ligi A,Liga Super Turki,ลีกตุรกีA,Super Giải VĐQG Thổ Nhĩ Kỳ,,,Turecka Super Liga,,
CompName_PolishLeagueA,Polish League,ligue Polonaise,Lega Polacca,Polnische Liga,Liga Polaca,ポーランドリーグ,LIGA POLACA,Польская Лига,波兰联赛,波蘭聯賽,波蘭聯賽,폴란드 리그,الدوري البولندي,Poolse Competitie,Polonya ligi,Liga Polandia,ลีกโปแลนด์,Giải VĐQG Ba Lan,,,Polska Liga,,
CompName_DanishLeagueA,Danish League,ligue Danoise,Lega Danese,Dänische Liga,Liga Danesa,デンマークリーグ,LIGA DINAMARQUESA,Датская Лига,丹麦联赛,丹麥聯賽,丹麥聯賽,덴마크 리그,الدوري الدنماركي,Deense Competitie,Danimarka ligi,Liga Denmark,ลีกเดนมาร์ก,Giải VĐQG Đan Mạch,,,Duńska Liga,,
CompName_NorwegianLeagueA,Norwegian League,ligue Norvégienne,Lega Norvegese,Norwegische Liga,Liga Noruega,ノルウェーリーグ,LIGA NORUEGUESA,Норвежская Лига,挪威联赛,挪威聯賽,挪威聯賽,노르웨이 리그,الدوري النرويجي,Noorse Competitie,Norveç ligi,Liga Norwegia,ลีกนอร์เวย์,Giải VĐQG Na Uy,,,Liga Norweska,,
CompName_DutchLeagueA,Dutch League,ligue Hollandaise,Lega Olandese,Niederländische Liga,Liga Holandesa,オランダリーグ,LIGA HOLANDESA,Голландская Лига,荷兰联赛,荷蘭聯賽,荷蘭聯賽,네덜란드 리그,الدوري الهولندي,Nederlandse Competitie,Alman ligi,Liga Belanda,ลีกฮอลแลนด์,Giải VĐQG Hà Lan,,,Holenderska Liga,,
CompName_BelgianLeague,Belgian League,Ligue Belge,Lega Belga,Belgische Liga,Liga Belga,ベルギーリーグ,Liga Belga,Бельгийская Лига,比利时联赛,比利時聯賽,比利時聯賽,벨기에 리그,الدوري البلجيكي,Belgische Liga,Belçika Ligi,Liga Belgia,ลีกเบลเยี่ยม,Giải VĐQG Bỉ,,,Liga Belgii,,
CompName_AustrianLeagueA,Austrian League,ligue Autrichienne,Lega Austriaca,Österreichische Liga,Liga Austriaca,オーストリアリーグ,LIGA AUSTRÍACA,Австрийская Лига,奥地利联赛,奧地利聯賽,奧地利聯賽,오스트리아 리그,الدوري النمساوي,Oostenrijkse Competitie,Avusturya ligi,Liga Austria,ลีกออสเตรีย,Giải VĐQG Áo,,,Liga Austriacka,,
CompName_AmericanLeague,Major League,Super ligue Américaine,Serie A Major League,Major Liga,Liga Mayor,メジャーリーグ,LIGA Principal,Американская Лига,美国联赛,美國聯賽,美國聯賽,메이저 리그,الدوري الرئيسي,Major League,Major ligi,Liga Amerika Serikat,เมเจอร์ลีก,Giải VĐQG Chuyên Nghiệp,,,Major League,,
CompName_AmericanLeagueA,Major Super League,Super ligue Américaine,Serie A Major League,Major Super League,Superliga Mayor,メジャースーパーリーグ,Superliga Principal,Американская Суперлига,美国超级联赛,美國超級聯賽,美國超級聯賽,메이저 1부 리그,الدوري الرئيسي الممتاز,Major Super League,Major Süper ligi,Liga Super Amerika Serikat,เมเจอร์ลีกA,Super Giải VĐQG Chuyên Nghiệp,,,Major Super League,,
CompName_AmericanLeagueB,Major League B,ligue B Américaine,Serie B Major League,Major Liga B,Liga Mayor B,メジャーリーグ・B,LIGA Principal B,Американская Лига B,美国B级联赛,美國B級聯賽,美國B級聯賽,메이저 2부 리그,الدوري الرئيسي ج,Major League B,Major ligi B,Liga Amerika Serikat B,เมเจอร์ลีกB,Giải VĐQG Chuyên Nghiệp B,,,Major League B,,
CompName_AmericanLeagueC,Major League C,ligue C Américaine,Serie C Major League,Major Liga C,Liga Mayor C,メジャーリーグ・C,LIGA Principal C,Американская Лига C,美国C级联赛,美國C級聯賽,美國C級聯賽,메이저 3부 리그,الدوري الرئيسي ب,Major League C,Major ligi C,Liga Amerika Serikat C,เมเจอร์ลีกC,Giải VĐQG Chuyên Nghiệp C,,,Major League C,,
CompName_HongKongLeagueA,Hong Kong League,ligue Hong Kong,Lega di Hong Kong,Hong Kong Liga,Liga de Hong Kong,香港リーグ,LIGA HONG-KONG,Гонконгская Лига,香港联赛,香港聯賽,香港聯賽,홍콩 리그,دوري هونج كونج,Hong Kong Competitie,Hong Kong Ligi,Liga Hongkong,ลีกฮ่องกง,Giải VĐQG Hồng Kông,,,Liga HongKongu,,
CompName_VietnamLeagueA,Vietnam League A,ligue A Vietnamienne,Lega A Vietnamita,Vietnamesische Liga A,Liga A Vietnamita,ベトナムリーグA,LIGA VIETNAMITA A,Вьетнамская Лига A,越南A级联赛,越南A級聯賽,越南A級聯賽,베트남 리그,رابطة فيتنام,Vietnamese Competitie A,Vietnam ligi A,Liga Vietnam A,ลีกเวียดนามA,Giải VĐQG Việt Nam,,,Wietnamska Liga A,,
CompName_SingaporeLeagueA,Singapore League,ligue Singapour,Lega di Singapore,Singapore Liga,Liga de Singapur,シンガポールリーグ,LIGA SINGAPURENSE,Сингапурская Лига,新加坡联赛,新加坡聯賽,新加坡聯賽,싱가포르 리그,الدوري السنغافوري,Singaporese Competitie,Singapur ligi,Liga Singapura,ลีกสิงคโปร์,Giải VĐQG Singapore,,,Liga Singapurska,,
CompName_AustralianLeagueA,Australian League,ligue Australienne,Lega Australiana,Australische Liga,Liga Australiana,オーストラリアリーグ,LIGA AUSTRALIANA,Австралийская Лига,澳大利亚联赛,澳大利亞聯賽,澳大利亞聯賽,호주 리그,الدوري الأسترالي,Australische Competitie,Avustralya ligi,Liga Australia,ลีกออสเตรเลีย,Giải VĐQG Úc,,,LIga Australijska,,
CompName_MalaysianLeagueA,Malaysian League,ligue Malaisienne,Lega Malese,Malaysische Liga,Liga Malasia,マレーシアリーグ,LIGA MALAIA,Малазийская Лига,马来西亚联赛,馬來西亞聯賽,馬來西亞聯賽,말레이시아 리그,الدوري الماليزي,Maleisische Competitie,Malezya ligi,Liga Malaysia,ลีกมาเลเซีย,Giải VĐQG Malaysia,,,Liga Malezyjska,,
CompName_JapanLeagueA,Japanese League,ligue Japonaise,Lega Giapponese,Japanische Liga,Liga Japonesa,日本リーグ,LIGA JAPONESA,Японская Лига,日本联赛,日本聯賽,日本聯賽,일본 리그,الدوري الياباني,Japanse Competitie,Japon ligi,Liga Jepang,ลีกญี่ปุ่น,Giải VĐQG Nhật Bản,,,Liga Japońska,,
CompName_JapanLeague,Japanese Super League,Championnat super japonais,Campionato Super Giapponese,Japanische Superliga,Superliga japonesa,日本スーパーリーグ,Super Liga Japonesa,Суперлига Японии,日本超级联赛,日本超級聯賽,日本超級聯賽,일본 슈퍼 리그,الدوري الياباني العلوي,Japanse Super League,Japon Süper Ligi,Liga Super Jepang,ซุปเปอร์ลีกญี่ปุ่น,Siêu Liên đoàn Nhật Bản,,,Japońska Superliga,,
CompName_IndonesianLeagueA,Indonesian Super League,Super Ligue Indonésienne,Serie A Indonesiana,Indonesische Super Liga,Superliga Indonesia,インドネシア・スーパーリーグ,Superliga Indonésia,Индонезийская Суперлига,印尼A级联赛,印尼A級聯賽,印尼A級聯賽,인도네시아 1부 리그,الدوري الإندونيسي الممتاز,Indonesische Super League,Endonezya Süper Ligi,Liga Super Indonesia,ชาวอินโดนีเซีย ซูเปอร์ลีก,Super League Indonesia,,,Indonezyjska Super Liga,,
CompName_IndonesianLeagueC,Indonesian League C,Ligue C Indonésienne,Serie C Indonesiana,Indonesische Liga C,Liga C Indonesia,インドネシアリーグC,Liga Indonésia C,Индонезийская лига C,印尼C级联赛,印尼C級聯賽,印尼C級聯賽,인도네시아 3부 리그,الدوري الإندونيسي ج,Indonesische League C,Endonezya Ligi C,Liga Indonesia C,ชาวอินโดนีเซีย ลีก ซี,Giải đấu Indonesia C,,,Indonezyjska Liga C,,
CompName_IndonesianLeagueB,Indonesian League B,Ligue B Indonésienne,Serie B Indonesiana,Indonesische Liga B,Liga B Indonesia,インドネシアリーグB,Liga Indonésia B,Индонезийская лига B,印尼B级联赛,印尼B級聯賽,印尼B級聯賽,인도네시아 2부 리그,الدوري الإندونيسي ب,Indonesische League B,Endonezya Ligi B,Liga Indonesia B,ชาวอินโดนีเซีย ลีกบี,Giải đấu Indonesia B,,,Indonezyjska Liga B,,
CompName_IndonesianLeague,Indonesian League,ligue Indonésienne,Lega Indonesiana,Indonesische Liga,Liga Indonesia,インドネシアリーグ,LIGA INDONÉSIA,Индонезийская Лига,印尼联赛,印尼聯賽,印尼聯賽,인도네시아 리그,الدوري الإندونيسي,Indonesische Competitie,Endonezya ligi,Liga Indonesia,ลีกอินโดนีเซีย,Giải VĐQG Indonesia,,,Liga Indonezji,,
CompName_SaudiLeagueA,Saudi League,ligue Arabie saoudite,Lega Saudita,Saudi-Arabien Liga,Liga Saudi,サウジリーグ,LIGA SAUDITA,Лига Саудовской Аравии,沙特阿拉伯联赛,沙烏地阿拉伯聯賽,沙烏地阿拉伯聯賽,사우디 리그,الدوري السعودي,Saoedische Competitie,Sudi ligi,Liga Arab Saudi,ลีกซาอุดีอาระเบีย,Giải VĐQG Ả Rập Xê Út,,,Liga Saudyjska,,
CompName_UAELeagueA,UAE League,ligue UAE,Lega Emirati Arabi,VAE Liga,Liga E.A.U.,UAE リーグ,LIGA EMIRADOS ESTADOS UNIDOS,Лига ОАЭ,阿联酋联赛,阿聯酋聯賽,阿聯酋聯賽,UAE 리그,الدوري الإماراتي,VAE League,Uae ligi,Liga Uni Emirat Arab,ลีกยูเออี,Giải VĐQG UAE,,,Liga ZEA,,
CompName_KoreanLeagueA,Korean League A,ligue A Coréenne,Lega A Koreana,Koreanische Liga A,Liga A Coreana,韓国リーグA,LIGA A COREANA,Корейская Лига A,韩国A级联赛,韓國A級聯賽,韓國A級聯賽,한국 리그 A,الدوري الكوري A,Koreaanse Competitie A,Kore ligi A,Liga A Korea,ลีกเกาหลี A,Giải VĐQG Hàn Quốc A,,,Liga A Koreańśka,,
CompName_ChineseLeagueA,Chinese League,ligue Chinoise,Lega Cinese,Chinesische Liga,Liga China,中国リーグ,LIGA CHINESA,Китайская Лига,中国联赛,中國聯賽,中國聯賽,차이나 리그,الدوري الصيني,Chinese Competitie,Çin ligi,Liga Cina,ลีกจีน,Giải VĐQG Trung Quốc,,,Chińska Liga,,
CompName_IndianLeagueA,Indian League,Ligue Indienne,Lega Indiano,Indische Liga,Liga India,インドリーグ,LIGA INDIANA,Индийская лига,印度联赛,印度聯賽,印度聯賽,인디언 리그,الدوري الهندي,Indiase competitie,Hindistan Ligi,Liga India,ลีกอินเดีย,Giải đấu Ấn Độ,,,Liga Indyjska,,
CompName_ColombiaLeagueA,Colombia League,Ligue Colombienne,Lega Colombia,Kolumbien Liga,Liga Colombia,コロンビアリーグ,LIGA COLOMBIANA,Колумбийская лига,哥伦比亚联赛,哥倫比亞聯賽,哥倫比亞聯賽,콜롬비아 리그,دوري كولومبيا,Colombia Competitie,Kolombiya Ligi,Liga Kolombia,ลีกโคลอมเบีย,Giải VĐQG Colombia ,,,Liga Kolumbijska,,
CompName_ChileLeagueA,Chile League,Ligue Chilienne,Lega Cile,Chile Liga,Liga Chile,チリリーグ,LIGA CHILENA,Чилийская лига,智利联赛,智利聯賽,智利聯賽,칠레 리그,دوري تشيلي,Chili Competitie,Şili Ligi,Liga Chili,ลีกชิลี,Giải VĐQG Chile,,,Liga Chile,,
CompName_EgyptLeagueA,Egypt League,Ligue Egyptienne,Lega Egitto,Ägypten Liga,Liga Egipto,エジプトリーグ,LIGA EGITO,Египта Лига,埃及联赛,埃及聯賽,埃及聯賽,이집트 리그,الدوري المصري,Egypte Competitie,Mısır ligi,Liga Mesir,ลีกอียิปต์,Giải đấu Ai Cập,,,Liga Egipska,,
CompName_ArgentinaLeague,Argentina League,Ligue Argentine,Lega Argentino,Argentinische Liga,Liga Argentina,アルゼンチンリーグ,LIGA ARGENTINA,Аргентины Лига,阿根廷联赛,阿根廷聯賽,阿根廷聯賽,아르헨티나 리그,الدوري الارجنتيني,Argentinië Competitie,Arjantin ligi,Liga Argentina,ลีกอาร์เจนตินา,Giải đấu Argentina,,,Liga Argentyńska,,
CompName_ArgentinaLeagueA,Argentina Super League,Super Ligue Argentine,Serie A Argentino,Argentinische Super Liga,Liga A Argentina,アルゼンチン・スーパーリーグ,SUPERLIGA ARGENTINA,Аргентины Суперлига,阿根廷A级联赛,阿根廷A級聯賽,阿根廷A級聯賽,아르헨티나 1부 리그,الدوري الأرجنتيني الممتاز,Argentinië Super League,Arjantin Süper Ligi,Liga Super Argentina,อาร์เจนติน่า ซูเปอร์ลีก,Super League Argentina,,,Argentyńska Super Liga,,
CompName_ArgentinaLeagueB,Argentina League B,Ligue B Argentine,Serie B Argentino,Argentinische Liga B,Liga B Argentina,アルゼンチンリーグB,Liga ARGENTINA B,Аргентины лига B,阿根廷B级联赛,阿根廷B級聯賽,阿根廷B級聯賽,아르헨티나 2부 리그,الأرجنتين ب الدوري,Argentinië League B,Arjantin Ligi B,Liga Argentina B,อาร์เจนติน่า บี ลีก,Giải đấu Argentina B,,,Argentyńska Liga B,,
CompName_ArgentinaLeagueC,Argentina League C,Ligue C Argentine,Serie C Argentino,Argentinische Liga C,Liga C Argentina,アルゼンチンリーグC,Liga ARGENTINA C,Аргентины лига C,阿根廷C级联赛,阿根廷C級聯賽,阿根廷C級聯賽,아르헨티나 3부 리그,الدوري الأرجنتيني سي,Argentinië League C,Arjantin Ligi C,Liga Argentina C,อาร์เจนติน่า ซี ลีก,Giải đấu Argentina C,,,Argentyńska Liga C,,
CompName_UkrainianLeagueA,Ukrainian League,Championnat ukrainien,Campionato ucraino,Ukrainische Liga,Liga ucraniana,ウクライナリーグ,Liga Ucraniana,Чемпионат Украины,乌克兰联赛,烏克蘭聯賽,烏克蘭聯賽,우크라이나 리그,البطولة الاوكرانية,Oekraïense competitie,Ukrayna Ligi,Liga Ukraina,League ยูเครน,Giải đấu Ukraina,,,Liga Ukraińśka,,
CompName_MoldovanLeagueA,Moldovan League,Championnat moldave,Campionato moldavo,Moldavische Liga,Liga moldava,モルドバリーグ,Liga da Moldávia,Чемпионат Молдовы,摩尔多瓦联赛,摩爾多瓦聯賽,摩爾多瓦聯賽,몰도바 리그,بطولة مولدوفا,Moldavische competitie,Moldova Ligi,Liga Moldova,League มอนโดวาน,Giải đấu Moldova,,,Liga Mołdawska,,
CompName_GreekLeague,Greek League,Championnat grec,Campionato greco,Griechische Liga,Liga griega,ギリシャリーグ,Liga Grega,Чемпионат Греции,希腊联赛,希臘聯賽,希臘聯賽,그리스 리그,بطولة يونانية,Griekse competitie,Yunanistan Ligi,Liga Yunani,League กรีซ,Giải đấu Hy Lạp,,,Liga Grecka,,
CompName_CyprusLeagueA,Cyprus League,Championnat chypriote,Campionato cipriota,Zypriotische Liga,Liga chipriota,キプロスリーグ,Liga do Chipre,Чемпионат Кипра,塞浦路斯联赛,塞浦路斯聯賽,塞浦路斯聯賽,사이프러스 리그,البطولة القبرصية,Cyprus competitie,Kıbrıs Ligi,Liga Siprus,League ไซปรัส,Giải đấu Síp,,,Liga Cypryjska,,
CompName_HungarianLeagueA,Hungarian League,Championnat hongrois,Campionato ungherese,Ungarische Liga,Liga húngara,ハンガリーリーグ,Liga Húngara,Чемпионат Венгрии,匈牙利联赛,匈牙利聯賽,匈牙利聯賽,헝가리 리그,البطولة المجرية,Hongaarse competitie,Macaristan Ligi,Liga Hongaria,League ฮังการี,Giải đấu Hungary,,,Liga Węgierska,,
CompName_SerbianLeagueA,Serbian League,Championnat serbe,Campionato serbo,Serbische Liga,Liga serbia,セルビアリーグ,Liga Sérvia,Чемпионат Сербии,塞尔维亚联赛,塞爾維亞聯賽,塞爾維亞聯賽,세르비아 리그,بطولة صربية,Servische competitie,Sırbistan Ligi,Liga Serbia,League เซอร์เบีย,Giải đấu Serbia,,,Liga Serbska,,
CompName_CroatianLeagueA,Croatian League,Championnat croate,Campionato croato,Kroatische Liga,Liga croata,クロアチアリーグ,Liga Croata,Чемпионат Хорватии,克罗地亚联赛,克羅地亞聯賽,克羅地亞聯賽,크로아시아 리그,بطولة كرواتيا,Kroatische competitie,Hırvatistan Ligi,Liga Kroasia,League โครเอเชีย,Giải đấu Croatia,,,Liga Chorwacka,,
CompName_CzechLeagueA,Czech League,Championnat tchèque,Campionato ceco,Tschechische Liga,Liga checa,チェコリーグ,Liga Tcheca,Чемпионат Чехии,捷克联赛,捷克聯賽,捷克聯賽,체코 리그,بطولة التشيك,Tsjechische competitie,Çek Ligi,Liga Ceko,League เช็ค,Giải đấu Séc,,,Liga Czeska,,
CompName_ScottishLeagueA,Scottish Super League,Super League scozzese,Schottische Superliga,Superliga Escocesa,スコティッシュスーパーリーグ,スコティッシュスーパーリーグ,Super Liga Escocesa,Шотландская Суперлига,苏格兰A级联赛,蘇格蘭A級聯賽,蘇格蘭A級聯賽,스코티시 슈퍼 리그,الدوري الاسكتلندي العلوي,Schotse Super League,İskoçya Süper Ligi,Liga Super Skotlandia,สก็อตติชซูเปอร์ลีก,Siêu giải Scotland,,,Superliga Szkocka,,
CompName_AzerbaijaniLeagueA,Azerbaijani League,Championnat azerbaïdjanais,Campionato azero,Aserbaidschanische Liga,Liga azerbaiyana,アゼルバイジャンリーグ,Liga do Azerbaijão,Чемпионат Азербайджана,阿塞拜疆联赛,阿塞拜疆聯賽,阿塞拜疆聯賽,아제르바이잔 리그,البطولة الأذربيجانية,Azerbeidzjaanse competitie,Azerbaycan Ligi,Liga Azerbaijan,League อาเซอร์ไบจาน,Giải đấu Scotland,,,Liga Azerbejdżańska,,
CompName_SlovenianLeagueA,Slovenian League,Championnat slovène,Campionato sloveno,Slowenische Liga,Liga eslovena,スロベニアリーグ,Liga Eslovena,Чемпионат Словении,斯洛文尼亚联赛,斯洛文尼亞聯賽,斯洛文尼亞聯賽,슬로베니아 리그,البطولة السلوفينية,Sloveense competitie,Slovenya Ligi,Liga Slovenia,League สโลวีเนีย,Giải đấu Slovenia,,,Liga Słoweńska,,
CompName_PeruvianLeague,Peruvian League,Championnat péruvien,Campionato peruviano,Peruanische Liga,Liga peruana,ペルーリーグ,Liga Peruana,Чемпионат Перу,秘鲁联赛,秘魯聯賽,秘魯聯賽,페루 리그,بطولة البيرو,Peruaanse competitie,Peru Ligi,Liga Peru,League เปรู,Giải đấu Peru,,,Liga Peruwiańska,,
CompName_EcuadorianLeague,Ecuadorian League,Championnat équatorien,Campionato ecuadoriano,Ecuadorianische Liga,Liga ecuatoriana,エクアドルリーグ,Liga Equatoriana,Чемпионат Эквадора,厄瓜多尔联赛,厄瓜多爾聯賽,厄瓜多爾聯賽,에콰도르 리그,بطولة الإكوادور,Ecuadoraanse competitie,Ekvador Ligi,Liga Ekuador,League เอกวาดอร์,Giải đấu Ecuador,,,Liga Ekwadorska,,
CompName_VenezuelanaLeagueA,Venezuelana League,Championnat vénézuélien,Campionato venezuelano,Venezuelanische Liga,Liga venezolana,ベネズエラリーグ,Liga Venezuelana,Чемпионат Венесуэлы,委内瑞拉联赛,委內瑞拉聯賽,委內瑞拉聯賽,베네수엘라 리그,بطولة فنزويلا,Venezolaanse competitie,Venezuelana Ligi,Liga Venezuela,League เวเนซูเอลา,Giải đấu Venezuela,,,Liga Wenezuelska,,
CompName_BolivianLeagueA,Bolivian League,Championnat bolivien,Campionato boliviano,Bolivianische Liga,Liga boliviana,ボリビアリーグ,Liga Boliviana,Чемпионат Боливии,玻利维亚联赛,玻利維亞聯賽,玻利維亞聯賽,볼리비아 리그,بطولة بوليفيا,Boliviaanse competitie,Bolivya Ligi,Liga Bolivia,League โบลิเวีย,Giải đấu Bolivia,,,Liga Boliwijska,,
CompName_UruguayanLeagueA,Uruguayan League,Championnat uruguayen,Campionato urugaiano,Uruguayische Liga,Liga uruguaya,ウルグアイリーグ,Liga Uruguaia,Чемпионат Уругвая,乌拉圭联赛,烏拉圭聯賽,烏拉圭聯賽,우루과이 리그,بطولة الأوروجواي,Uruguayaanse competitie,Uruguay Ligi,Liga Uruguay,League อุรุกวัย,Giải đấu Uruguay,,,Liga Urugwajska,,
CompName_ColombianLeagueA,Colombian League,Championnat colombien,Campionato colombiano,Kolumbianische Liga,Liga colombiana,コロンビアリーグ,Liga Colombiana,Чемпионат Колумбии,哥伦比亚联赛,哥倫比亞聯賽,哥倫比亞聯賽,콜롬비아 리그,بطولة كولومبيا,Colombiaanse competitie,Kolombiya Ligi,Liga Kolombia,League โคลัมเบีย,Giải đấu Colombia,,,Liga Kolumbijska,,
CompName_ParaguayanLeagueA,Paraguayan League,Championnat paraguayen,Campionato paraguaiano,Paraguayische Liga,Liga paraguaya,パラグアイリーグ,Liga Paraguaia,Чемпионат Парагвая,巴拉圭联赛,巴拉圭聯賽,巴拉圭聯賽,파라과이 리그,بطولة الباراجواي,Paraguayaanse competitie,Paraguay Ligi,Liga Paraguay,League ปารากวัย,Giải đấu Pargaguay,,,Liga Paragwajska,,
CompName_GermanAcademyLeague,U-18 League,U-18 ligue Académique,U-18 Lega Accademica,U-18 Academy League,U-18 Academia de Liga,U-18 アカデミーリーグ,U-18 LIGA JÚNIOR,Немецкая Юношеская Лига,U-18 青年联赛,U-18 青年聯賽,U-18 青年聯賽,U-18 아카데미 리그,دوري الشباب,U-18 Academy League,U-18 Academy ligi,U-18 Liga Akademi,ลีกอะแคเดมี,U-18 Giải VĐQG Học Viện,,,Liga U-18,,
CompName_FrenchAcademyLeague,Academy League,,,,,,,,青年联赛,,,,,,,,,,,,,,
CompName_SpanishAcademyLeague,Academy League,,,,,,,,青年联赛,,,,,,,,,,,,,,
CompName_ItalianAcademyLeague,Academy League,,,,,,,,青年联赛,,,,,,,,,,,,,,
CompName_EnglishAcademyLeague,Academy League,,,,,,,,英格兰青年联赛,,,,,,,,,,,,,,
CompName_ChineseCup,Chinese Cup,coupe chinoise,Coppa Cinese,Chinesischer Pokal,Copa de china,中国カップ,TAÇA DA CHINA,Кубок Китая,中国杯,中國杯,中國杯,차이나 컵,كأس الصين,Chinese Beker,Çin kupası,Piala Cina,ถ้วยจีน,Cúp Trung Quốc,,,Puchar Chin,,
CompName_Trail,Trail,,,,,,,,选拔赛,,,,,,,,,,,,,,
CompName_Training,Training,entraînement,Allenamento,Training,Entrenamiento,トレーニング,TREINO,Тренировка,训练,訓練,訓練,트레이닝,التمرين,Training,Antreman,Latihan,ฝึกหัด,Đào tạo,,,trening,,
CompName_Reserves,Reserve League,,,,,,,,预备队比赛,,,,,,,,,,,,,,
CompName_AfricanCup,African Cup,Coupe d'afrique,Coppa d'Africa,Afrika-Pokal,Copa de África,アフリカンカップ,TAÇA AFRICANA,Кубок Африки,非洲杯,非洲杯,非洲杯,아프리칸 컵,كأس الأمم الأفريقية,Afrikaanse beker,Afrika kupası,Piala Afrika,ถ้วยแอฟริกา,Cúp Châu Phi,,,Puchar Afryki,,
CompName_AsianCup,Asian Cup,coupe d'Asie,Coppa d'Asia,Asien-Pokal,Copa de Asia,アジアカップ,TAÇA ASIÁTICA,Кубок Азии,亚洲杯,亞洲杯,亞洲杯,아시안 컵,بطولة أمم آسيا,Aziatische beker,Asya Kupası,Piala Asia,ถ้วยเอเชีย,Cúp Châu Á,,,Puchar Azji,,
CompName_WorldCup,International Cup,coupe Internationale,Coppa Internazionale,Internationaler Pokal,Copa internacional,インターナショナルカップ,TAÇA INTERNACIONAL,Международный Кубок,国际杯,國際杯,國際杯,인터내셔널 컵,الكأس الدولية للأبطال,Internationale beker,Uluslar arası kupa,Piala Internasional,ถ้วยนานาชาติ,Cúp Quốc tế,,,Międzynarodowy Puchar,,
CompName_EuropeanCup,European Cup,coupe Européenne,Coppa Europea,Europa-Pokal,Copa de Europa,ヨーロピアンカップ,TAÇA EUROPEIA,Европейский Кубок,欧洲杯,歐洲杯,歐洲杯,유러피언 컵,بطولة أمم أوروبا,Europese beker,Avrupa kupası,Piala Eropa,ถ้วยยุโรป,Cúp Châu Âu,,,Puchar Europy,,
CompName_AmericanGoldCup,Gold Cup,coupe d'or,Coppa Oro,Gold-Pokal,Copa Dorada,ゴールドカップ,TAÇA DE OURO,Золотой Кубок,中北美金杯,中北美金杯,中北美金杯,골드 컵,الكأس الذهبية,Gouden beker,Altın kupası,Piala Emas,ถ้วยโกลด์,Cúp Vàng,,,Złoty Puchar,,
CompName_AmericanCup,Major Cup,Coupe Majeure,Coppa Maggiore,Amerikanischer Liga-Pokal,Copa Mayor,メジャーカップ,TAÇA PRINCIPAL,Кубок Главный,美国杯,美國杯,美國杯,메이저 컵,الكأس الرئيسي,Grote beker,Major Kupası,Piala Major,เมเจอร์คัพ,Cúp Chính,,,Puchar Poważny,,
CompName_EnglishCup,England Cup,coupe d'Angleterre,Coppa d'Inghilterra,England-Pokal,Copa de Inglaterra,イングリッシュカップ,TAÇA INGLESA,Кубок Англии,英国杯,英國杯,英國杯,잉글리시 컵,كأس الإتحاد الإنجليزي,Engelse beker,Ingiliz Kupası,Piala Inggris,ถ้วยอังกฤษ,Cúp Anh Quốc,,,Puchar Anglii,,
CompName_PortugueseCup,Portuguese Cup,coupe du Portugal,Coppa Portoghese,Portugiesischer Pokal,Copa de Portugal,ポルトガルカップ,TAÇA DE PORTUGAL,Кубок Португалии,葡萄牙杯,葡萄牙杯,葡萄牙杯,포르투갈 컵,كأس البرتغال,Portugese beker,Portekiz Kupası,Piala Portugal,ถ้วยโปรตุเกส,Cúp Bồ Đào Nha,,,Puch Portugalii,,
CompName_PortugueseSuperCup,Portuguese Super Cup,Coupe du Portugal,Supercoppa Portoghese,Portugiesischer Supercup,Supercopa de Portugal,ポルトガルスーパーカップ,Supertaça Portuguesa,Португальский Суперкубок,葡萄牙超级杯,葡萄牙超級盃,葡萄牙超級盃,포르투갈 슈퍼컵,كأس السوبر البرتغالي,Portugese Supercup,Portekiz Süper Kupası,Piala Super Portugal,ถ้วยซูเปอร์โปรตุเกส,Siêu cúp Bồ Đào Nha,,,Superpuchar Portugalii,,
CompName_FrenchCup,French Cup,coupe de france,Coppa di Francia,Frankreich-Pokal,Copa de Francia,フレンチカップ,TAÇA DE FRANÇA,Кубок Франции,法国杯,法國杯,法國杯,프렌치 컵,كأس فرنسا,Franse beker,Fransız kupası,Piala Perancis,ถ้วยฝรั่งเศส,Cúp Pháp,,,Puchar Francji,,
CompName_ItalianCup,Italian Cup,coupe d'Italie,Coppa Italia,Italien-Pokal,Copa de Italia,イタリアカップ,TAÇA DE ITÁLIA,Кубок Италии,意大利杯,義大利杯,義大利杯,이탈리아 컵,كأس إيطاليا,Italiaanse beker,Italya Kupası,Piala Italia,ถ้วยอิตาลี,Cúp Ý,,,Puchar Włoch,,
CompName_GermanCup,German Cup,coupe d'Allemagne,Coppa di Germania,Deutschland-Pokal,Copa de Alemania,ドイツカップ,TAÇA DA ALEMANHA,Кубок Германии,德国杯,德國杯,德國杯,독일 컵,كأس المانيا,Duitse beker,Alman kupası,Piala Jerman,ถ้วยเยอรมัน,Cúp Đức,,,Puchar Niemiec,,
CompName_SpanishCup,Spanish Cup,coupe d Espagne,Coppa di Spagna,Spanischer Pokal,Copa de España,スペインカップ,TAÇA DE ESPANHA,Кубок Испании,西班牙杯,西班牙杯,西班牙杯,스페인 컵,كأس إسبانيا,Spaanse beker,Ispanya Kupası,Piala Spanyol,ถ้วยสเปน,Cúp Tây Ban Nha,,,Puchar Hiszpanii,,
CompName_BrazilCup,Brazil Cup,coupe du Brésil,Coppa Brasile,Brasilien-Pokal,Copa de Brasil,ブラジルカップ,TAÇA DO BRASIL,Кубок Бразилии,巴西杯,巴西杯,巴西杯,브라질 컵,كأس البرازيل,Braziliaanse beker,Brezilya Kupası,Piala Brasil,ถ้วยบราซิล,Cúp Brazil,,,Puchar Brazylii,,
CompName_MexicanCup,Mexico Cup,coupe du Mexique,Coppa Messico,Mexiko-Pokal,Copa de México,メキシコカップ,TAÇA MEXICANA,Кубок Мексики,墨西哥杯,墨西哥杯,墨西哥杯,멕시코 컵,كأس المكسيك,Mexicaanse beker,Meksika kupası,Piala Meksiko,ถ้วยเม็กซิโก,Cúp Mexico,,,Puchar Meksyku,,
CompName_MexicanSuperCup,Mexico Super Cup,Supercoupe de Mexique,Supercoppa Messico,Mexiko-Superpokal,Supercopa México,メキシコ・スーパーカップ,Supercopa da MEXICANA,Суперкубок Мексики,墨西哥超级杯,墨西哥超級盃,墨西哥超級盃,멕시코 슈퍼 컵,كأس السوبر المكسيكي,Mexicaanse Super beker,Meksika Süper kupası,Piala Super Meksiko,ถ้วยเม็กซิโก ซูเปอร์คัพ,Siêu cúp Mexico,,,Superpuchar Meksyku,,
CompName_ColombianCup,Colombian Cup,Coupe de Colombie,Coppa della Colombia,Kolumbien Pokal,Copa de Colombia,コロンビアカップ,TAÇA COLOMBIA,Кубок Колумбии,哥伦比亚杯,哥倫比亞杯,哥倫比亞杯,콜롬비아 컵,كأس كولومبيا,Colombia Beker,Kolombiya Kupası,Piala Kolombia,โคลอมเบียคัพ,Cúp Colombia,,,Puchar Kolumbii,,
CompName_ChileCup,Chile Cup,Coupe du Chili,Coppa del Cile,Chile Pokal,Copa de Chile,チリカップ,TAÇA CHILENA,Кубок Чили,智利杯,智利杯,智利杯,칠레 컵,كأس تشيلي,Chili beker,Şili Kupası,Piala Chile,ชิลีคัพ,Cúp Chile,,,Puchar Chile,,
CompName_EgyptCup,Egypt Cup,Coupe d'Egypte,Coppa d'Egitto,Ägypten Pokal,Copa de Egipto,エジプトカップ,TAÇA EGITO,Кубок Египта,埃及杯,埃及杯,埃及杯,이집트 컵,كأس مصر,Egypte beker,Mısır Kupası,Piala Mesir,อียิปต์คัพ,Cúp Ai Cập,,,Puchar Egiptu,,
CompName_IndonesianCup,Indonesian Cup,Coupe de Indonésie,Coppa di Indonesia,Indonesischer Pokal,Copa de Indonesia,インドネシアカップ,TAÇA DE INDONÉSIA,Кубок Индонезии,印尼杯,印尼杯,印尼杯,인도네시아 컵,كأس إندونيسيا,Indonesische beker,Endonezya kupası,Piala Indonesia,ชาวอินโดนีเซีย,Cúp Indonesia,,,Puchar Indonezjii,,
CompName_IndonesianSuperCup,Indonesian Super Cup,Supercoupe de Indonésie,Supercoppa Indonesia,Indonesien-Superpokal,Supercopa Indonesia,インドネシア・スーパーカップ,Supercopa da Indonésia,Суперкубок Индонезии,印尼超级杯,印尼超級杯,印尼超級杯,인도네시아 슈퍼 컵,كأس السوبر الإندونيسي,Indonesische Super Cup,Endonezya Süper Kupası,Piala Super Indonesia,ชาวอินโดนีเซีย ซูเปอร์คัพ,Siêu cúp Indonesia,,,Superpuchar Indonezji,,
CompName_AfricanChampionshipCup,African Champions Cup,coupe d'Afrique des clubs champion,Coppa Campioni d'Africa,Afrikanischer Champions Cup,Copa de Campeones de África,アフリカチャンピオンズカップ,TAÇA DOS CAMPEÕES AFRICANOS,Кубок Чемпионов Африки,非洲冠军联赛,非洲冠軍聯賽,非洲冠軍聯賽,아프리카 챔피언스 컵,دوري أبطال إفريقيا,Afrikaanse Kampioensbeker,Afrika Şampiyonlar kupası,Piala Champions Afrika,ถ้วยแชมป์แอฟริกา,Cúp Vô Địch Châu Phi,,,Puchar Mistrzów Afryki,,
CompName_AsianChampionshipCup,Asian Champions Cup,Coupe d Asie des clubs champions,Coppa Campioni d'Asia,Asien Meisterschaftspokal,Copa de Campeones de Asia,アジアチャンピオンズカップ,TAÇA DOS CAMPEÕES ASIÁTICOS,Кубок Чемпионов Азии,亚洲冠军联赛,亞洲冠軍聯賽,亞洲冠軍聯賽,아시안 챔피언스 컵,دوري أبطال آسيا,Aziatische Kampioensbeker,Asya Şampiyonlar kupası,Piala Champions Asia,ถ้วยแชมป์เอเชีย,Cúp Vô Địch Châu Á,,,Puchar Mistrzów Azji,,
CompName_SouthAmericanChampionshipCup,South American Champions Cup,coupe d Amerique du sud des clubs champions,Coppa Campioni Sud America,Südamerikanischer Champions Cup,Copa de Campeones de Sudamérica,南米チャンピオンズカップ,TAÇA DOS CAMPEÕES SUL AMERICANOS,Кубок Чемпионов Южной Африки,南美洲冠军联赛,南美洲冠軍聯賽,南美洲冠軍聯賽,남미 챔피언스 컵,كأس أندية أمريكا الجنوبية,Zuid-Amerikaanse Kampioensbeker,Güney Amerika kupası,Piala Champions Amerika Selatan,ถ้วยแชมป์อเมริกาใต้,Cúp Vô Địch Nam Mỹ,,,Puchar Mistrzów Ameryki Południowej,,
CompName_NorthAmericanChampionshipCup,American Champions Cup,coupe Americaine des clubs champions,Coppa Campioni d'America,Amerikanischer Meisterschaftspokal,Copa de Campeones de América,アメリカンチャンピオンズカップ,TAÇA DOS CAMPEÕES NORTE AMERICANOS,Кубок Чемпионов Америки,中北美洲冠军联赛,中北美洲冠軍聯賽,中北美洲冠軍聯賽,아메리칸 챔피언스 컵,دوري أبطال الكونكاكاف,Amerikaanse Kampioensbeker,Amerika Şampiyon kupası,Piala Champions Amerika,ถ้วยแชมป์สหรัฐอเมริกา,Cúp Vô Địch Châu Mỹ,,,Puchar Mistrzów Ameryki,,
CompName_EuropeanChampionshipCup,European Champions Cup,ligue des champions,Coppa Campioni Europea,UEFA Champions League,Copa de Campeones de Europa,ヨーロピアンチャンピオンズカップ,TAÇA DOS CAMPEÕES EUROPEUS,Кубок Европейских Чемпионов,欧洲冠军联赛,歐洲冠軍聯賽,歐洲冠軍聯賽,유럽 챔피언스 컵,دوري أبطال أوروبا,Europese Kampioensbeker,Avrupa şampiyon kupası,Piala Champions Eropa,ถ้วยแชมป์ยุโรป,Cúp Vô Địch Châu Âu,,,Puchar Mistrzów Europy,,
CompName_Group_Stage,Group Stage,Poule,Fase a Gironi,Gruppenphase,Fase de Grupos,グループステージ,FASE DE GRUPO,Групповой Этап,小组赛,小組賽,小組賽,그룹 스테이지,مرحلة المجموعات,Groepsfase,Grup Aşaması,Penyisihan Grup,รอบแบ่งกลุ่ม,Vòng Bảng,,,faza grupowa,,
CompName_Qualifier,Qualifier,qualifier,Qualificazioni,Qualifikation,Clasificatoria,予選,QUALIFICAÇÕES,Квалификационный этап,预选赛,預選賽,預選賽,예선,التصفيات,Kwalificatie,Niteleyeci,Kualifikasi,รอบคัดเลือก,Vòng Loại,,,Kwalifikacje,,
CompName_Round16,Eighth Final,Huitièmes de finale,Ottavi di finale,Achtelfinale,octavos final,ラウンド16,OITAVAS DE FINAL,1/8 финала,八分之一决赛,八分之一決賽,八分之一決賽,16강전,مبارايات دور 16,Achtste finales,sekizinci final,Babak 16 besar,รอบ 16 ทีม,Vòng 16,,,Runda 1/16,,
CompName_QTR,Quarter Final,1/4 de finale,Quarti di Finale,Viertelfinale,Cuartos de Final,準々決勝,QUARTOS DE FINAL,Четвертьфинал,四分之一决赛,四分之一決賽,四分之一決賽,준준결승,مباريات الربع النهائي,Kwartfinale,Çeyrek final,Perempat Final,รอบก่อนรองชนะเลิศ,Tứ Kết,,,ćwierćfinał,,
CompName_Semi,Semi Final,Demie finale,Semi Finali,Halbfinale,Semi Final,準決勝,MEIAS FINAIS,Полуфинал,半决赛,半決賽,半決賽,준결승,نصف النهائي,Halve finale,Yarı Final,Semi Final,รอบรองชนะเลิศ,Bán Kết,,,półfinał,,
CompName_Final,Final,finale,Finale,Finale,Final,決勝,FINAL,Финал,决赛,決賽,決賽,결승,النهائي,Finale,Final,Final,รอบชิง,Chung Kết,,,finał,,
CompName_SwissCup,Swiss Cup,Coupe de Suisse,Coppa Svizzera,Schweizer Pokal,Copa Suiza,スイスカップ,TAÇA DE SUÍÇA,Кубок Швейцарии,瑞士杯,瑞士杯,瑞士杯,스위스 컵,كأس سويسرا,Zwitserse beker,İsviçre Kupası,Piala Swiss,สวิสคัพ,Cúp Thụy Sĩ,,,Puchar Szwajcarii,,
CompName_JapanCup,Japanese Cup,Coupe du Japon,Coppa del Giappone,Japan-Pokal,Copa Japonesa,ジャパンカップ,TAÇA JAPONESA,Кубок Японии,日本杯,日本杯,日本杯,일본 컵,كأس اليابان,Japanse beker,Japon Kupası,Piala Jepang,ถ้วยญี่ปุ่น,Cúp Nhật Bản,,,Puchar Japonii,,
CompName_JapanSuperCup,Japanese Super Cup,Super Coupe du Japon,Supercoppa giapponese,Japan-Superpokal,Supercopa japonesa,日本スーパーカップ,Supercopa Japonesa,Суперкубок Японии,日本超级杯,日本超級盃,日本超級盃,일본 슈퍼 컵,كأس اليابان العلوي,Japanse Super Cup,Japonya Süper Kupası,Piala Super Jepang,สูเปอร์คัพญี่ปุ่น,Siêu Cúp Nhật Bản,,,Superpuchar Japonii,,
CompName_KoreanCup,Korean Cup,Coupe de Corée,Coppa di Corea,Koreanischer Pokal,Copa de Corea,韓国カップ,TAÇA COREANA,Кубок Кореи,韩国杯,韓國杯,韓國杯,한국 컵,كأس كوريا,Koreaanse beker,Kore Kupası,Piala Korea,เกาหลีคัพ,Cúp Hàn Quốc,,,Puchar Korei,,
CompName_SaudiCup,Saudi Cup,Coupe d'Arabie,Coppa Saudita,Saudiaraber Pokal,Copa saudita,サウジカップ,TAÇA SAUDITA,Кубок Саудовской Аравии,沙特阿拉伯杯,沙烏地阿拉伯杯,沙烏地阿拉伯杯,사우디 컵,كأس السعودية,Saoedische beker,Suudi Kupası,Piala Saudi,ซาอุดิอาระเบียคัพ,Cúp Ả Rập Xê Út,,,Puchar Arabii Saudyjskiej,,
CompName_UAECup,UAE Cup,Coupe des EAU,Coppa degli Emirati Arabi,VAE Pokal,Copa de los EAU,UAEカップ,TAÇA DOS EMIRADOS UNIDOS,Кубок ОАЭ,阿联酋杯,阿聯酋杯,阿聯酋杯,UAE 컵,كأس الإمارات,VAE beker,BAE Kupası,Piala UEA,ยูเออีคัพ,Cúp UAE,,,Puchar ZEA,,
CompName_MajorCup,Major Cup,Coupe Majeure,Coppa Maggiore,Amerikanischer Liga-Pokal,Copa Mayor,メジャーカップ,TAÇA PRINCIPAL,Кубок Главный,北美杯,北美杯,北美杯,메이저 컵,الكأس الرئيسي,Grote beker,Major Kupası,Piala Major,เมเจอร์คัพ,Cúp Chính,,,Puchar Poważny,,
CompName_RussianCup,Russian Cup,Coupe de Russie,Coppa di Russia,Russischer Pokal,Copa de Rusia,ロシアカップ,TAÇA RUSSA,Кубок России,俄罗斯杯,俄羅斯杯,俄羅斯杯,러시안 컵,كأس روسيا,Russische beker,Rusya Kupası,Piala Rusia,ถ้วยรัสเซีย,Cúp Nga,,,Puchar Rosji,,
CompName_AmericanleagueCup,Major Cup,Coupe Majeure,Coppa Maggiore,Amerikanischer Liga-Pokal,Copa Mayor,メジャーカップ,TAÇA PRINCIPAL,Кубок Главный,北美杯,北美杯,北美杯,메이저 컵,الكأس الرئيسي,Grote beker,Major Kupası,Piala Major,เมเจอร์คัพ,Cúp Chính,,,Puchar Major,,
CompName_ArgentinaCup,Argentina Cup,Coupe d'Argentine,Coppa Argentina,Argentinien-Pokal,Copa Argentina,アルゼンチンカップ,TAÇA ARGENTINA,Кубок Аргентины,阿根廷杯,阿根廷杯,阿根廷杯,아르헨티나 컵,كأس الأرجنتين,Argentinië beker,Arjantin Kupası,Piala Argentina,อาร์เจนตินาคัพ,Cúp Argentina,,,Puchar Argentyny,,
CompName_ArgentinaSuperCup,Argentina Super Cup,Supercoupe Argentine,Supercoppa Argentina,Argentinien-Superpokal,Supercopa Argentina,アルゼンチン・スーパーカップ,Supercopa da ARGENTINA,Суперкубок Аргентины,阿根廷超级杯,阿根廷超級盃,阿根廷超級盃,아르헨티나 슈퍼 컵,كأس السوبر الأرجنتيني,Argentinië Supercup,Arjantin Süper Kupası,Piala Super Argentina,อาร์เจนติน่า ซูเปอร์คัพ,Siêu cúp Argentina,,,Superpuchar Argentyny,,
CompName_SwedishCup,Swedish Cup,Coupe de Suède,Coppa di Svezia,Schwedischer Pokal,Copa de Suecia,スウェーデンカップ,TAÇA SUECA,Кубок Швеции,瑞典杯,瑞典杯,瑞典杯,스웨덴 컵,كأس السويد,Zweedse beker,İsveç Kupası,Piala Swedia,สวีเดนคัพ,Cúp Thụy Điển,,,Puchar Szwecji,,
CompName_TurkishCup,Turkish Cup,Coupe de Turquie,Coppa di Turchia,Türkischer Pokal,Copa Turca,トルコカップ,TAÇA TURCA,Кубок Турции,土耳其杯,土耳其杯,土耳其杯,터키 컵,كأس تركيا,Turkse beker,Türkiye Kupası,Piala Turki,ถ้วยตุรกี,Cúp Thổ Nhĩ Kỳ,,,Puchar Turcji,,
CompName_IndianCup,Indian Cup,Coupe Indienne,Coppa Indiana,Indischer Pokal,Copa India,インドカップ,TAÇA INDIANA,Кубок Индии,印度杯,印度杯,印度杯,인디언 컵,كأس الهند,Indiase beker,Hindistan Kupası,Piala India,ถ้วยอินเดีย,Cúp Ấn Độ,,,Puchar Indii,,
CompName_PolishCup,Polish Cup,Coupe de Pologne,Coppa di Polonia,Polnischer Pokal,Copa de Polonia,ポーランドカップ,TAÇA POLONESA,Кубок Польши,波兰杯,波蘭杯,波蘭杯,폴란드 컵,كأس بولندا,Poolse beker,Polonya Kupası,Piala Polandia,โปแลนด์คัพ,Cúp Ba Lan,,,Puchar Polski,,
CompName_DanishCup,Danish Cup,Coupe du Danemark,Coppa Danese,Dänischer Pokal,Copa de Dinamarca,デンマークカップ,TAÇA DINAMARQUESA,Кубок Дании,丹麦杯,丹麥杯,丹麥杯,덴마크 컵,كأس الدنمارك,Deense beker,Danimarka Kupası,Piala Denmark,เดนมาร์กคัพ,Cúp Đan Mạch,,,Puchar Danii,,
CompName_NorwegianCup,Norwegian Cup,Coupe de Norvège,Coppa di Norvegia,Norwegischer Pokal,Copa de Noruega,ノルウェーカップ,TAÇA DA NORUEGA,Кубок Норвегии,挪威杯,挪威杯,挪威杯,노르웨이 컵,كأس النرويج,Noorse beker,Norveç Kupası,Piala Norwegia,นอร์เวย์คัพ,Cúp Na Uy,,,Puchar Norwegii,,
CompName_AustrianCup,Austrian Cup,Coupe d'Autriche,Coppa d'Austria,Österreichischer Pokal,Copa de Austria,オーストリアカップ,TAÇA AUSTRÍACA,Кубок Австрии,奥地利杯,奧地利杯,奧地利杯,오스트리아 컵,كأس النمسا,Oostenrijkse beker,Avusturya Kupası,Piala Austria,ออสเตรียนคัพ,Cúp Áo,,,Puchar Austrii,,
CompName_ThaiCup,Thai Cup,Coupe Thaïlandaise,Coppa Thailandese,Thailändisch Pokal,Copa Tailandesa,タイカップ,TAÇA TAILANDESA,Кубок Таиланда,泰国杯,泰國杯,泰國杯,타이 컵,كأس تايلاند,Thaise beker,Thai Kupası,Piala Thailand,ไทยคัพ,Cúp Thái Lan,,,Puchar Tajlandii,,
CompName_HongKongCup,Hong Kong Cup,Coupe de Hong Kong,Coppa di Hong Kong,Hongkong Pokal,Copa de Hong Kong,香港カップ,TAÇA DE HONG KONG,Кубок Гонконга,香港杯,香港杯,香港杯,홍콩 컵,كأس هونج كونج,Hong Kong beker,Hong Kong Kupası,Piala Hong Kong,ฮ่องกงคัพ,Cúp Hồng Kông,,,Puchar Hongkongu,,
CompName_SingaporeCup,Singapore Cup,Coupe de Singapour,Coppa di Singapore,Singapur Pokal,Copa de Singapur,シンガポールカップ,TAÇA DE CINGAPURA,Кубок Сингапура,新加坡杯,新加坡杯,新加坡杯,싱가포르 컵,كأس سنغافورة,Singapore beker,Singapur Kupası,Piala Singapura,สิงคโปร์คัพ,Cúp Singapore,,,Puchar Singapuru,,
CompName_AustralianCup,Australian Cup,Coupe d'Australie,Coppa d'Australia,Australischer Pokal,Copa de Australia,オーストラリアンカップ,TAÇA AUSTRALIANA,Кубок Австралии,澳大利亚杯,澳大利亞杯,澳大利亞杯,호주 컵,كأس استراليا,Australische beker,vustralya Kupası,Piala Australia,ออสเตรเลียนคัพ,Cúp Úc,,,Puchar Australii,,
CompName_MalaysianCup,Malaysian Cup,Coupe de Malaisie,Coppa della Malesia,Malaysian Pokal,Copa de Malasia,マレーシアカップ,TAÇA DA MALÁSIA,Кубок Малайзии,马来西亚杯,馬來西亞杯,馬來西亞杯,말레이시아 컵,كأس ماليزيا,Maleisische beker,Malezya Kupası,Piala Malaysia,มาเลเซียคัพ,Cúp Malaysia,,,Puchar Malezji,,
CompName_BelgianCup,Belgian Cup,Coupe de Belgique,Coppa del Belgio,Belgischer Pokal,Copa de Bélgica,ベルギーカップ,Copa da Bélgica,Кубок Бельгии,比利时杯,比利時杯,比利時杯,벨기에 컵,كأس بلجيكيا,Belgische Beker,Belçika Kupası,Piala Belgia,เบลเยี่ยมคัพ,Cúp Bỉ,,,Puchar Belgii,,
CompName_DutchCup,Dutch Cup,Coupe des Pays-Bas,Coppa d'Olanda,Niederländischer Pokal,Copa de Holanda,ダッチカップ,TAÇA HOLANDESA,Кубок Голландии,荷兰杯,荷蘭杯,荷蘭杯,더치 컵,كأس هولندا,Nederlandse beker,Hollanda Kupası,Piala Belanda,ดัตช์คัพ,Cúp Hà Lan,,,Puchar Holandii,,
CompName_AmericanChampionshipCup,American Championship Cup,coupe americaine des clubs champions,Coppa Campioni d'America,Amerikanischer Meisterschaftspokal,Copa de Campeones de América,アメリカンチャンピオンズカップ,TAÇA DOS CAMPEÕES NORTE AMERICANOS,Кубок Чемпионов Америки,中北美洲冠军联赛,中北美洲冠軍聯賽,中北美洲冠軍聯賽,아메리칸 챔피언스 컵,دوري أبطال الكونكاكاف,Amerikaanse Kampioensbeker,Amerika Şampiyon kupası,Piala Champions Amerika,ถ้วยแชมป์สหรัฐอเมริกา,Cúp Vô Địch Châu Mỹ,,,Puchar Mistrzów Ameryki,,
CompName_AmericanChampionCup,American Championship Cup,coupe americaine des clubs champions,Coppa Campioni d'America,Amerikanischer Meisterschaftspokal,Copa de Campeones de América,アメリカンチャンピオンズカップ,TAÇA DOS CAMPEÕES NORTE AMERICANOS,Кубок Чемпионов Америки,中北美洲冠军联赛,中北美洲冠軍聯賽,中北美洲冠軍聯賽,아메리칸 챔피언스 컵,دوري أبطال الكونكاكاف,Amerikaanse Kampioensbeker,Amerika Şampiyon kupası,Piala Champions Amerika,ถ้วยแชมป์สหรัฐอเมริกา,Cúp Vô Địch Châu Mỹ,,,Puchar Mistrzów Ameryki,,
Real_BrazilA_AtléticoMineiro,Atlético Mineiro,,,,,,Atlético Mineiro,,,,,,,,,,,,,,,,
Real_BrazilA_Flamengo,Flamengo,,,,,,Flamengo,,,,,,,,,,,,,,,,
Real_BrazilA_Palmeiras,Palmeiras,,,,,,Palmeiras,,,,,,,,,,,,,,,,
Real_BrazilA_Fortaleza,Fortaleza,,,,,,Fortaleza,,,,,,,,,,,,,,,,
Real_BrazilA_Corinthians,Corinthians,,,,,,Corinthians,,,,,,,,,,,,,,,,
Real_BrazilA_AtléticoBragantino,Atlético Bragantino,,,,,,Atlético Bragantino,,,,,,,,,,,,,,,,
Real_BrazilA_Fluminense,Fluminense,,,,,,Fluminense,,,,,,,,,,,,,,,,
Real_BrazilA_Goiás,Goiás,,,,,,Goiás,,,,,,,,,,,,,,,,
Real_BrazilA_Santos,Santos,,,,,,Santos,,,,,,,,,,,,,,,,
Real_BrazilA_Ceará,Ceará,,,,,,Ceará,,,,,,,,,,,,,,,,
Real_BrazilA_Internacional,Internacional,,,,,,Internacional,,,,,,,,,,,,,,,,
Real_BrazilA_SaoPaulo,Sao Paulo,,,,,,Sao Paulo,,,,,,,,,,,,,,,,
Real_BrazilA_AtléticoParanaense,Atlético Paranaense,,,,,,Atlético Paranaense,,,,,,,,,,,,,,,,
Real_BrazilA_Cuiabá,Cuiabá,,,,,,Cuiabá,,,,,,,,,,,,,,,,
Real_BrazilA_Juventude,Juventude,,,,,,Juventude,,,,,,,,,,,,,,,,
Real_BrazilA_GrêmioFoot-BallPortoAlegrense,Grêmio,,,,,,Grêmio,,,,,,,,,,,,,,,,
Real_BrazilA_Bahia,Bahia,,,,,,Bahia,,,,,,,,,,,,,,,,
Real_BrazilA_SportRecife,Sport Recife,,,,,,Sport Recife,,,,,,,,,,,,,,,,
Real_BrazilA_Chapecó,Chapecó,,,,,,Chapecó,,,,,,,,,,,,,,,,
Real_BrazilA_Florianópolis,Florianópolis,,,,,,Florianópolis,,,,,,,,,,,,,,,,
Real_BrazilA_Botafogo,Botafogo,,,,,,Botafogo,,,,,,,,,,,,,,,,
Real_BrazilA_RegatasVascodaGama,Da Gama,,,,,,Da Gama,,,,,,,,,,,,,,,,
Real_BrazilA_Pelotas,Pelotas,,,,,,Pelotas,,,,,,,,,,,,,,,,
Real_BrazilA_Londrina,Londrina,,,,,,Londrina,,,,,,,,,,,,,,,,
Real_BrazilA_Ponta_Grossa,Ponta Grossa,,,,,,Ponta Grossa,,,,,,,,,,,,,,,,
Real_EnglishA_ManchesterCity,Manchester City,Manchester City,Manchester City,Manchester City,Manchester City,マンチェスター・シティ,Manchester City,Манчестер Сити,曼城足球俱乐部,曼城足球會,曼城足球會,맨체스터 시티,مانشستر سيتي,Manchester City,Manchester City,Manchester City,แมนเชสเตอร์ ซิตี้,Manchester City,Manchester City,منچسترسیتی,Manchester City,Manchester City,मैनचेस्टर सिटी
Real_EnglishA_Liverpool,Liverpool,,,,,,Liverpool,,,,,,,,,,,,,,,,
Real_EnglishA_Chelsea,Chelsea,,,,,,Chelsea,,,,,,,,,,,,,,,,
Real_EnglishA_TottenhamHotspur,Tottenham Hotspur,,,,,,Tottenham Hotspur,,,,,,,,,,,,,,,,
Real_EnglishA_Arsenal,Arsenal,,,,,,Arsenal,,,,,,,,,,,,,,,,
Real_EnglishA_ManchesterUnited,Manchester United,,,,,,Manchester United,,,,,,,,,,,,,,,,
Real_EnglishA_WestHamUnited,West Ham United,,,,,,West Ham United,,,,,,,,,,,,,,,,
Real_EnglishA_WolverhamptonWanderers,Wolverhampton Wanderers,,,,,,Wolverhampton Wanderers,,,,,,,,,,,,,,,,
Real_EnglishA_LeicesterCity,Leicester City,,,,,,Leicester City,,,,,,,,,,,,,,,,
Real_EnglishA_Brighton,Brighton,,,,,,Brighton,,,,,,,,,,,,,,,,
Real_EnglishA_Brentford,Brentford,,,,,,Brentford,,,,,,,,,,,,,,,,
Real_EnglishA_NewcastleUnited,Newcastle United,,,,,,Newcastle United,,,,,,,,,,,,,,,,
Real_EnglishA_CrystalPalace,Crystal Palace,,,,,,Crystal Palace,,,,,,,,,,,,,,,,
Real_EnglishA_AstonVilla,Aston Villa,,,,,,Aston Villa,,,,,,,,,,,,,,,,
Real_EnglishA_Southampton,Southampton,,,,,,Southampton,,,,,,,,,,,,,,,,
Real_EnglishA_Everton,Everton,,,,,,Everton,,,,,,,,,,,,,,,,
Real_EnglishA_Leeds,Leeds,,,,,,Leeds,,,,,,,,,,,,,,,,
Real_EnglishA_Burnley,Burnley,,,,,,Burnley,,,,,,,,,,,,,,,,
Real_EnglishA_Watford,Watford,,,,,,Watford,,,,,,,,,,,,,,,,
Real_EnglishA_NorwichCity,Norwich City,,,,,,Norwich City,,,,,,,,,,,,,,,,
Real_EnglishA_Bournemouth,Bournemouth,,,,,,Bournemouth,,,,,,,,,,,,,,,,
Real_EnglishA_Huddersfield,Huddersfield,,,,,,Huddersfield,,,,,,,,,,,,,,,,
Real_EnglishA_WestBromwich,West Bromwich,,,,,,West Bromwich,,,,,,,,,,,,,,,,
Real_EnglishA_Derby,Derby,,,,,,Derby,,,,,,,,,,,,,,,,
Real_EnglishA_Nottingham,Nottingham,,,,,,Nottingham,,,,,,,,,,,,,,,,
Real_FrenchA_Paris,Paris,,,,,,Paris,,,,,,,,,,,,,,,,
Real_FrenchA_Lille,Lille,,,,,,Lille,,,,,,,,,,,,,,,,
Real_FrenchA_Lyon,Lyon,,,,,,Lyon,,,,,,,,,,,,,,,,
Real_FrenchA_SaintEtienne,Saint Etienne,,,,,,Saint Etienne,,,,,,,,,,,,,,,,
Real_FrenchA_Marseille,Marseille,,,,,,Marseille,,,,,,,,,,,,,,,,
Real_FrenchA_Montpellier,Montpellier,,,,,,Montpellier,,,,,,,,,,,,,,,,
Real_FrenchA_Nice,Nice,,,,,,Nice,,,,,,,,,,,,,,,,
Real_FrenchA_Monaco,AS Monaco,AS Monaco,AS Monaco,AS Monaco,AS Mónaco,ASモナコ,Monaco,Монако,摩纳哥足球俱乐部,摩納哥足球會,摩納哥足球會,AS 모나코,نادي موناكو,AS Monaco,AS Monaco,AS Monaco,อาแอส โมนาโก,AS Monaco,AS Monaco,موناکو,AS Monaco,AS Monaco,एएस मोनाको
Real_FrenchA_Nimes,Nimes,,,,,,Nimes,,,,,,,,,,,,,,,,
Real_FrenchA_Rennes,Rennes,,,,,,Rennes,,,,,,,,,,,,,,,,
Real_FrenchA_Strasbourg,Strasbourg,,,,,,Strasbourg,,,,,,,,,,,,,,,,
Real_FrenchA_Nantes,Nantes,,,,,,Nantes,,,,,,,,,,,,,,,,
Real_FrenchA_Angers,Angers,,,,,,Angers,,,,,,,,,,,,,,,,
Real_FrenchA_Bordeaux,Bordeaux,,,,,,Bordeaux,,,,,,,,,,,,,,,,
Real_FrenchA_Brest,Brest,,,,,,Brest,,,,,,,,,,,,,,,,
Real_FrenchA_Clermont-Ferrand,Clermont-Ferrand,,,,,,Clermont-Ferrand,,,,,,,,,,,,,,,,
Real_FrenchA_Lorient,Lorient,,,,,,Lorient,,,,,,,,,,,,,,,,
Real_FrenchA_Metz,Metz,,,,,,Metz,,,,,,,,,,,,,,,,
Real_FrenchA_Reims,Reims,,,,,,Reims,,,,,,,,,,,,,,,,
Real_FrenchA_Lens,Lens,,,,,,Lens,,,,,,,,,,,,,,,,
Real_FrenchA_Troyes,Troyes,,,,,,Troyes,,,,,,,,,,,,,,,,
Real_FrenchA_Caen,Caen,,,,,,Caen,,,,,,,,,,,,,,,,
Real_FrenchA_Dijon,Dijon,,,,,,Dijon,,,,,,,,,,,,,,,,
Real_FrenchA_Amiens,Amiens,,,,,,Amiens,,,,,,,,,,,,,,,,
Real_FrenchA_Toulouse,Toulouse,,,,,,Toulouse,,,,,,,,,,,,,,,,
Real_ItalianA_Juventus,Juventus,,,,,,Juventus,,,,,,,,,,,,,,,,
Real_ItalianA_Napoli,Napoli,,,,,,Napoli,,,,,,,,,,,,,,,,
Real_ItalianA_InternazionaleMilano,Internazionale Milano,,,,,,Internazionale Milano,,,,,,,,,,,,,,,,
Real_ItalianA_Atalanta,Atalanta,,,,,,Atalanta,,,,,,,,,,,,,,,,
Real_ItalianA_AssociazioneCalcioMilan,Associazione Calcio Milan,,,,,,Associazione Calcio Milan,,,,,,,,,,,,,,,,
Real_ItalianA_Roma,Roma,,,,,,Roma,,,,,,,,,,,,,,,,
Real_ItalianA_Torino,Torino,,,,,,Torino,,,,,,,,,,,,,,,,
Real_ItalianA_Lazio,Lazio,,,,,,Lazio,,,,,,,,,,,,,,,,
Real_ItalianA_Genova,Genova,,,,,,Genova,,,,,,,,,,,,,,,,
Real_ItalianA_Bologna,Bologna,,,,,,Bologna,,,,,,,,,,,,,,,,
Real_ItalianA_Sassuolo,Sassuolo,,,,,,Sassuolo,,,,,,,,,,,,,,,,
Real_ItalianA_Udine,Udine,,,,,,Udine,,,,,,,,,,,,,,,,
Real_ItalianA_Ferrara,Ferrara,,,,,,Ferrara,,,,,,,,,,,,,,,,
Real_ItalianA_Cagliari,Cagliari,,,,,,Cagliari,,,,,,,,,,,,,,,,
Real_ItalianA_Empoli,Empoli,,,,,,Empoli,,,,,,,,,,,,,,,,
Real_ItalianA_Florence,Florence,,,,,,Florence,,,,,,,,,,,,,,,,
Real_ItalianA_Brescia,Brescia,,,,,,Brescia,,,,,,,,,,,,,,,,
Real_ItalianA_Benevento,Benevento,,,,,,Benevento,,,,,,,,,,,,,,,,
Real_ItalianA_HellasVerona,Hellas Verona,,,,,,Hellas Verona,,,,,,,,,,,,,,,,
Real_ItalianA_Sampdoria,Sampdoria,,,,,,Sampdoria,,,,,,,,,,,,,,,,
Real_ItalianA_Spezia,Spezia,,,,,,Spezia,,,,,,,,,,,,,,,,
Real_ItalianA_Salernitana,Salernitana,,,,,,Salernitana,,,,,,,,,,,,,,,,
Real_ItalianA_Venice,Venice,,,,,,Venice,,,,,,,,,,,,,,,,
Real_ItalianA_Crotone,Crotone,,,,,,Crotone,,,,,,,,,,,,,,,,
Real_ItalianA_Parma,Parma,,,,,,Parma,,,,,,,,,,,,,,,,
Real_SpanishA_Barcelona,Barcelona,,,,,,Barcelona,,,,,,,,,,,,,,,,
Real_SpanishA_RealMadrid,Real Madrid,,,,,,Real Madrid,,,,,,,,,,,,,,,,
Real_SpanishA_AtléticodeMadrid,Atléticode Madrid,,,,,,Atléticode Madrid,,,,,,,,,,,,,,,,
Real_SpanishA_Valencia,Valencia,,,,,,Valencia,,,,,,,,,,,,,,,,
Real_SpanishA_Getafe,Getafe,,,,,,Getafe,,,,,,,,,,,,,,,,
Real_SpanishA_Sevilla,Sevilla,,,,,,Sevilla,,,,,,,,,,,,,,,,
Real_SpanishA_Espanyol,Espanyol,,,,,,Espanyol,,,,,,,,,,,,,,,,
Real_SpanishA_AthleticClubdeBilbao,Athletic Bilbao,,,,,,Athletic Bilbao,,,,,,,,,,,,,,,,
Real_SpanishA_RealSociedad,Real Sociedad,,,,,,Real Sociedad,,,,,,,,,,,,,,,,
Real_SpanishA_DeportivoAlavés,Deportivo Alavés,,,,,,Deportivo Alavés,,,,,,,,,,,,,,,,
Real_SpanishA_Eibar,Eibar,,,,,,Eibar,,,,,,,,,,,,,,,,
Real_SpanishA_Leganes,Leganes,,,,,,Leganes,,,,,,,,,,,,,,,,
Real_SpanishA_Villarreal,Villarreal,,,,,,Villarreal,,,,,,,,,,,,,,,,
Real_SpanishA_Osasuna,Osasuna,,,,,,Osasuna,,,,,,,,,,,,,,,,
Real_SpanishA_Cadiz,Cadiz,,,,,,Cadiz,,,,,,,,,,,,,,,,
Real_SpanishA_Mallorca,Mallorca,,,,,,Mallorca,,,,,,,,,,,,,,,,
Real_SpanishA_Granada,Granada,,,,,,Granada,,,,,,,,,,,,,,,,
Real_SpanishA_Almeria,Almeria,,,,,,Almeria,,,,,,,,,,,,,,,,
Real_SpanishA_RealBetis,Real Betis,,,,,,Real Betis,,,,,,,,,,,,,,,,
Real_SpanishA_CeltadeVigo,Celtade Vigo,,,,,,Celtade Vigo,,,,,,,,,,,,,,,,
Real_SpanishA_RayoVallecano,Rayo Vallecano,,,,,,Rayo Vallecano,,,,,,,,,,,,,,,,
Real_SpanishA_Elche,Elche,,,,,,Elche,,,,,,,,,,,,,,,,
Real_SpanishA_Levante,Levante,,,,,,Levante,,,,,,,,,,,,,,,,
Real_SpanishA_Huesca,Huesca,,,,,,Huesca,,,,,,,,,,,,,,,,
Real_SpanishA_Valladolid,Valladolid,,,,,,Valladolid,,,,,,,,,,,,,,,,
Real_GermanA_BayernMunchen,Bayern Munchen,,,,,,Bayern Munchen,,,,,,,,,,,,,,,,
Real_GermanA_Dortmund,Dortmund,,,,,,Dortmund,,,,,,,,,,,,,,,,
Real_GermanA_RBLeipzig,RB Leipzig,,,,,,RB Leipzig,,,,,,,,,,,,,,,,
Real_GermanA_Bayer04Leverkusen,Bayer 04 Leverkusen,,,,,,Bayer 04 Leverkusen,,,,,,,,,,,,,,,,
Real_GermanA_Schalke04,Schalke 04,,,,,,Schalke 04,,,,,,,,,,,,,,,,
Real_GermanA_Frankfurt,Frankfurt,,,,,,Frankfurt,,,,,,,,,,,,,,,,
Real_GermanA_Monchengladbach,Monchengladbach,,,,,,Monchengladbach,,,,,,,,,,,,,,,,
Real_GermanA_Wolfsburg,Wolfsburg,,,,,,Wolfsburg,,,,,,,,,,,,,,,,
Real_GermanA_Mainz,Mainz,,,,,,Mainz,,,,,,,,,,,,,,,,
Real_GermanA_WerderBremen,Werder Bremen,,,,,,Werder Bremen,,,,,,,,,,,,,,,,
Real_GermanA_HerthaBerliner,Hertha Berliner,,,,,,Hertha Berliner,,,,,,,,,,,,,,,,
Real_GermanA_Freiburg,Freiburg,,,,,,Freiburg,,,,,,,,,,,,,,,,
Real_GermanA_Koln,Koln,,,,,,Koln,,,,,,,,,,,,,,,,
Real_GermanA_Augsburg,Augsburg,,,,,,Augsburg,,,,,,,,,,,,,,,,
Real_GermanA_Stuttgart,Stuttgart,,,,,,Stuttgart,,,,,,,,,,,,,,,,
Real_GermanA_Hamburg,Hamburg,,,,,,Hamburg,,,,,,,,,,,,,,,,
Real_GermanA_Bochum,Bochum,,,,,,Bochum,,,,,,,,,,,,,,,,
Real_GermanA_Bielefeld,Bielefeld,,,,,,Bielefeld,,,,,,,,,,,,,,,,
Real_GermanA_UnionBerlin,Union Berlin,,,,,,Union Berlin,,,,,,,,,,,,,,,,
Real_GermanA_Hoffenheim,Hoffenheim,,,,,,Hoffenheim,,,,,,,,,,,,,,,,
Real_GermanA_Fürth,Fürth,,,,,,Fürth,,,,,,,,,,,,,,,,
Real_GermanA_Paderborn,Paderborn,,,,,,Paderborn,,,,,,,,,,,,,,,,
Real_GermanA_Düsseldorf,Düsseldorf,,,,,,Düsseldorf,,,,,,,,,,,,,,,,
Real_GermanA_Hannover,Hannover,,,,,,Hannover,,,,,,,,,,,,,,,,
Real_GermanA_Nuremberg,Nuremberg,,,,,,Nuremberg,,,,,,,,,,,,,,,,
Real_ArgentinaA_AtléticoBocaJuniors,Boca Juniors,,,,,,Boca Juniors,,,,,,,,,,,,,,,,
Real_ArgentinaA_AtléticoRiverPlate,River Plate,,,,,,River Plate,,,,,,,,,,,,,,,,
Real_ArgentinaA_AtléticoVélezSársfield,CA Vélez Sarsfield,,,,,,CA Vélez Sarsfield,,,,,,,,,,,,,,,,
Real_ArgentinaA_Racing,Racing,,,,,,Racing,,,,,,,,,,,,,,,,
Real_ArgentinaA_AtléticaArgentinosJuniors,Argentinos Juniors,,,,,,Argentinos Juniors,,,,,,,,,,,,,,,,
Real_ArgentinaA_DefensayJusticia,Defensa y Justicia,,,,,,Defensa y Justicia,,,,,,,,,,,,,,,,
Real_ArgentinaA_AtléticoLanús,Atlético Lanús,,,,,,Atlético Lanús,,,,,,,,,,,,,,,,
Real_ArgentinaA_AtléticoSanLorenzo,San Lorenzo,,,,,,San Lorenzo,,,,,,,,,,,,,,,,
Real_ArgentinaA_AtléticoRosarioCentral,Rosario Central,,,,,,Rosario Central,,,,,,,,,,,,,,,,
Real_ArgentinaA_AtléticoNewell'sOldBoys,Newell's Old Boys,,,,,,Newell's Old Boys,,,,,,,,,,,,,,,,
Real_ArgentinaA_ArsenaldeSarandí,Arsenalde Sarandí,,,,,,Arsenalde Sarandí,,,,,,,,,,,,,,,,
Real_ArgentinaA_AtléticoTalleres,Atlético Talleres,,,,,,Atlético Talleres,,,,,,,,,,,,,,,,
Real_ArgentinaA_EstudiantesdeLaPlata,Estudiantes de La Plata,,,,,,Estudiantes de La Plata,,,,,,,,,,,,,,,,
Real_ArgentinaA_SarmientoJunin,Sarmiento Junin,,,,,,Sarmiento Junin,,,,,,,,,,,,,,,,
Real_ArgentinaA_Colón,Colón,,,,,,Colón,,,,,,,,,,,,,,,,
Real_ArgentinaA_Huracán,Huracán,,,,,,Huracán,,,,,,,,,,,,,,,,
Real_ArgentinaA_GimnasiayEsgrimaLaPlata,Gimnasia y Esgrima La Plata,,,,,,Gimnasia y Esgrima La Plata,,,,,,,,,,,,,,,,
Real_ArgentinaA_UnionSantaFe,Union Santa Fe,,,,,,Union Santa Fe,,,,,,,,,,,,,,,,
Real_ArgentinaA_AtléticoAldosivi,Atlético Aldosivi,,,,,,Atlético Aldosivi,,,,,,,,,,,,,,,,
Real_ArgentinaA_AtléticoIndependiente,Atlético Independiente,,,,,,Atlético Independiente,,,,,,,,,,,,,,,,
Real_ArgentinaA_DeportivoGodoyCruzAntonioTomba,Godoy Cruz Antonio Tomba,,,,,,Godoy Cruz Antonio Tomba,,,,,,,,,,,,,,,,
Real_ArgentinaA_AtléticoPlatense,Atlético Platense,,,,,,Atlético Platense,,,,,,,,,,,,,,,,
Real_ArgentinaA_AtléticoBanfield,Atlético Banfield,,,,,,Atlético Banfield,,,,,,,,,,,,,,,,
Real_ArgentinaA_AtléticoCentralCórdoba,Atlético Central Córdoba,,,,,,Atlético Central Córdoba,,,,,,,,,,,,,,,,
Real_ArgentinaA_AtléticoPatronato,Atlético Patronato,,,,,,Atlético Patronato,,,,,,,,,,,,,,,,
Real_ArgentinaA_AtléticoTucumán,Atlético Tucumán,,,,,,Atlético Tucumán,,,,,,,,,,,,,,,,
Real_ArgentinaA_ClubAtléticoTigre,Atlético Tigre,,,,,,Atlético Tigre,,,,,,,,,,,,,,,,
Real_BelgianA_BruggeK.V.,Brugge K.V.,,,,,,Brugge K.V.,,,,,,,,,,,,,,,,
Real_BelgianA_K.R.C.Genk,K.R.C.Genk,,,,,,K.R.C.Genk,,,,,,,,,,,,,,,,
Real_BelgianA_Anderlecht,Anderlecht,,,,,,Anderlecht,,,,,,,,,,,,,,,,
Real_PortugueseA_Porto,FC Porto,,,,,,FC Porto,,,,,,,,,,,,,,,,
Real_PortugueseA_SportingClubedePortugal,Sporting CP,,,,,,Sporting CP,,,,,,,,,,,,,,,,
Real_PortugueseA_Benfica,Benfica,,,,,,Benfica,,,,,,,,,,,,,,,,
Real_TurkishA_BeşiktaşJ.K.,Beşiktaş J.K.,,,,,,Beşiktaş J.K.,,,,,,,,,,,,,,,,
Real_TurkishA_İstanbulBaşakşehir,İstanbul Başakşehir,,,,,,İstanbul Başakşehir,,,,,,,,,,,,,,,,
Real_TurkishA_GalatasaraySpor,Galatasaray Spor,,,,,,Galatasaray Spor,,,,,,,,,,,,,,,,
Real_UkrainianA_ShakhtarDonetsk,Shakhtar Donetsk,,,,,,Shakhtar Donetsk,,,,,,,,,,,,,,,,
Real_UkrainianA_DynamoKyiv,Dynamo Kyiv,,,,,,Dynamo Kyiv,,,,,,,,,,,,,,,,
Real_DutchA_AjaxAmsterdam,Ajax,,,,,,Ajax,,,,,,,,,,,,,,,,
Real_DutchA_FeyenoordRotterdam,Feyenoord,,,,,,Feyenoord,,,,,,,,,,,,,,,,
Real_DutchA_Heerenveen,Heerenveen,,,,,,Heerenveen,,,,,,,,,,,,,,,,
Real_MoldovanA_Sheriff,Sheriff,,,,,,Sheriff,,,,,,,,,,,,,,,,
Real_SwissA_BSCYoungBoys,BSC Young Boys,,,,,,BSC Young Boys,,,,,,,,,,,,,,,,
Real_SwissA_Basel,Basel,,,,,,Basel,,,,,,,,,,,,,,,,
Real_AustrianA_RedBullSalzburg,Red Bull Salzburg,,,,,,Red Bull Salzburg,,,,,,,,,,,,,,,,
Real_RussianA_ZenitSaintPetersburg,Zenit Saint Petersburg,,,,,,Zenit Saint Petersburg,,,,,,,,,,,,,,,,
Real_RussianA_locomotiveMoscow,locomotive Moscow,,,,,,locomotive Moscow,,,,,,,,,,,,,,,,
Real_RussianA_Krasnodar,Krasnodar,,,,,,Krasnodar,,,,,,,,,,,,,,,,
Real_RussianA_PFCCSKAMoscow,PFC CSKA Moscow,,,,,,PFC CSKA Moscow,,,,,,,,,,,,,,,,
Real_RussianA_SpartakMoscow,Spartak Moscow,,,,,,Spartak Moscow,,,,,,,,,,,,,,,,
Real_GreekA_Olympiacos,Olympiacos,,,,,,Olympiacos,,,,,,,,,,,,,,,,
Real_GreekA_AEKAthensF.C.,AEK Athens F.C.,,,,,,AEK Athens F.C.,,,,,,,,,,,,,,,,
Real_CyprusA_Nicosia,Nicosia YB,,,,,,Nicosia YB,,,,,,,,,,,,,,,,
Real_DanishA_Midtjylland,Midtjylland,,,,,,Midtjylland,,,,,,,,,,,,,,,,
Real_SwedishA_Malmo,Malmo,,,,,,Malmo,,,,,,,,,,,,,,,,
Real_HungarianA_FerencvárosiTorna,Ferencvárosi Torna,,,,,,Ferencvárosi Torna,,,,,,,,,,,,,,,,
Real_SerbianA_CrvenaZvezda,Crvena Zvezda,,,,,,Crvena Zvezda,,,,,,,,,,,,,,,,
Real_CroatianA_GNKDinamoZagreb,GNK Dinamo Zagreb,,,,,,GNK Dinamo Zagreb,,,,,,,,,,,,,,,,
Real_CzechA_SKSlaviaPrague,SK Slavia Prague,,,,,,SK Slavia Prague,,,,,,,,,,,,,,,,
Real_CzechA_ViktoriaPlzeň,Viktoria Plzeň,,,,,,Viktoria Plzeň,,,,,,,,,,,,,,,,
Real_ScottishA_Celtic,Celtic,,,,,,Celtic,,,,,,,,,,,,,,,,
Real_AzerbaijaniA_QarabağFK,Qarabağ FK,,,,,,Qarabağ FK,,,,,,,,,,,,,,,,
Real_SlovenianA_Maribor,Maribor,,,,,,Maribor,,,,,,,,,,,,,,,,
Real_PeruvianA_UniversitariodeDeportes,Universitariode Deportes,,,,,,Universitariode Deportes,,,,,,,,,,,,,,,,
Real_PeruvianA_SportingCristal,Sporting Cristal,,,,,,Sporting Cristal,,,,,,,,,,,,,,,,
Real_PeruvianA_EscuelaMunicipalDeportivoBinacional,Escuela Municipal Deportivo Binacional,,,,,,Escuela Municipal Deportivo Binacional,,,,,,,,,,,,,,,,
Real_PeruvianA_ClubAlianzaLima,Alianza Lima,,,,,,Alianza Lima,,,,,,,,,,,,,,,,
Real_EcuadorianA_IndependientedelValle,Independiente del Valle,,,,,,Independiente del Valle,,,,,,,,,,,,,,,,
Real_EcuadorianA_BarcelonaSportingClub,Barcelona S.C.,,,,,,Barcelona S.C.,,,,,,,,,,,,,,,,
Real_EcuadorianA_LDUQuito,L.D.U. Quito,,,,,,L.D.U. Quito,,,,,,,,,,,,,,,,
Real_EcuadorianA_DelfínSportingClub,Delfín S.C.,,,,,,Delfín S.C.,,,,,,,,,,,,,,,,
Real_VenezuelanaA_DeportivoTáchiraF.C.,Deportivo Táchira F.C.,,,,,,Deportivo Táchira F.C.,,,,,,,,,,,,,,,,
Real_VenezuelanaA_DeportivoLaGuaira,Deportivo La Guaira,,,,,,Deportivo La Guaira,,,,,,,,,,,,,,,,
Real_VenezuelanaA_AcademiaPuertoCabello,Academia Puerto Cabello,,,,,,Academia Puerto Cabello,,,,,,,,,,,,,,,,
Real_VenezuelanaA_EstudiantesdeMérida,Estudiantes de Mérida FC,,,,,,Estudiantes de Mérida FC,,,,,,,,,,,,,,,,
Real_VenezuelanaA_CaracasFC,Caracas FC,,,,,,Caracas FC,,,,,,,,,,,,,,,,
Real_BolivianA_ClubAlwaysReady,Club Always Ready,,,,,,Club Always Ready,,,,,,,,,,,,,,,,
Real_BolivianA_TheStrongest,The Strongest,,,,,,The Strongest,,,,,,,,,,,,,,,,
Real_BolivianA_ClubBolívar,Club Bolívar,,,,,,Club Bolívar,,,,,,,,,,,,,,,,
Real_BolivianA_ClubJorgeWilstermann,Club Jorge Wilstermann,,,,,,Club Jorge Wilstermann,,,,,,,,,,,,,,,,
Real_UruguayanA_ClubAtléticoRentistas,Club Atlético Rentistas,,,,,,Club Atlético Rentistas,,,,,,,,,,,,,,,,
Real_UruguayanA_ClubNacionaldeFootball,Club Nacional de Football,,,,,,Club Nacional de Football,,,,,,,,,,,,,,,,
Real_UruguayanA_DanubioFútbolClub,Danubio Fútbol Club,,,,,,Danubio Fútbol Club,,,,,,,,,,,,,,,,
Real_UruguayanA_ClubAtléticoPeñarol,Club Atlético Peñarol,,,,,,Club Atlético Peñarol,,,,,,,,,,,,,,,,
Real_ColombianA_IndependienteSantaFe,Independiente Santa Fe,,,,,,Independiente Santa Fe,,,,,,,,,,,,,,,,
Real_ColombianA_AtléticoJunior,Atlético Junior,,,,,,Atlético Junior,,,,,,,,,,,,,,,,
Real_ColombianA_AtléticoNacional,Atlético Nacional,,,,,,Atlético Nacional,,,,,,,,,,,,,,,,
Real_ColombianA_IndependienteMedellín,Independiente Medellín,,,,,,Independiente Medellín,,,,,,,,,,,,,,,,
Real_ColombianA_CorporaciónDeportivaAmérica,Corporación Deportiva América,,,,,,Corporación Deportiva América,,,,,,,,,,,,,,,,
Real_ColombianA_MillonariosFútbolClub,Millonarios Fútbol Club,,,,,,Millonarios Fútbol Club,,,,,,,,,,,,,,,,
Real_ChileA_ClubDeportivoUniversidadCatólica,Club Deportivo Universidad Católica,,,,,,Club Deportivo Universidad Católica,,,,,,,,,,,,,,,,
Real_ChileA_UniónLaCalera,Unión La Calera,,,,,,Unión La Calera,,,,,,,,,,,,,,,,
Real_ChileA_ClubSocialyDeportivoColo-Colo,Club Social y Deportivo Colo-Colo,,,,,,Club Social y Deportivo Colo-Colo,,,,,,,,,,,,,,,,
Real_ParaguayanA_ClubCerroPorteño,Club Cerro Porteño,,,,,,Club Cerro Porteño,,,,,,,,,,,,,,,,
Real_ParaguayanA_ClubLibertad,Club Libertad,,,,,,Club Libertad,,,,,,,,,,,,,,,,
Real_ParaguayanA_ClubGuaraní,Club Guaraní,,,,,,Club Guaraní,,,,,,,,,,,,,,,,
Real_ParaguayanA_ClubOlimpia,Club Olimpia,,,,,,Club Olimpia,,,,,,,,,,,,,,,,
Real_DutchA_PhilipsSportVereniging,PSV,,,,,,PSV,,,,,,,,,,,,,,,,
Real_DutchA_Twente,Twente,,,,,,Twente,,,,,,,,,,,,,,,,
Real_DutchA_AZAlkmaar,AZ Alkmaar,,,,,,Alkmaar Zaanstreek,,,,,,,,,,,,,,,,
Real_DutchA_Vitesse,SBV Vitesse,,,,,,SBV Vitesse,,,,,,,,,,,,,,,,
Real_DutchA_FCUtrecht,FC Utrecht,,,,,,FC Utrecht,,,,,,,,,,,,,,,,
Real_DutchA_SCCambuur,SC Cambuur-Leeuwarden,,,,,,SC Cambuur-Leeuwarden,,,,,,,,,,,,,,,,
Real_DutchA_RKCWaalwijk,RKC Waalwijk,,,,,,RKC Waalwijk,,,,,,,,,,,,,,,,
Real_DutchA_NECNijmegen,NEC Nijmegen,,,,,,NEC Nijmegen,,,,,,,,,,,,,,,,
Real_DutchA_FCGroningen,FC Groningen,,,,,,FC Groningen,,,,,,,,,,,,,,,,
Real_DutchA_GoAheadEagles,Go Ahead Eagles,,,,,,Go Ahead Eagles,,,,,,,,,,,,,,,,
Real_DutchA_SpartaRotterdam,Sparta Rotterdam,,,,,,Sparta Rotterdam,,,,,,,,,,,,,,,,
Real_DutchA_FortunaSittard,Fortuna Sittard,,,,,,Fortuna Sittard,,,,,,,,,,,,,,,,
Real_DutchA_HeraclesAlmelo,Heracles Almelo,,,,,,Heracles Almelo,,,,,,,,,,,,,,,,
Real_DutchA_WillemII,Willem II,,,,,,Willem II,,,,,,,,,,,,,,,,
Real_DutchA_PECZwolle,PEC Zwolle,,,,,,PEC Zwolle,,,,,,,,,,,,,,,,
Real_PortugueseA_SportingClubedeBraga,Braga,,,,,,Braga,,,,,,,,,,,,,,,,
Real_PortugueseA_GilVicenteFutebolClube,Gil Vicente,,,,,,Gil Vicente,,,,,,,,,,,,,,,,
Real_PortugueseA_VitóriadeGuimarães,Vitória Sport Clube,,,,,,Vitória Sport Clube,,,,,,,,,,,,,,,,
Real_PortugueseA_CDSantaClara,C.D. Santa Clara,,,,,,C.D. Santa Clara,,,,,,,,,,,,,,,,
Real_PortugueseA_F.C.Famalicão,F.C. Famalicão,,,,,,F.C. Famalicão,,,,,,,,,,,,,,,,
Real_PortugueseA_G.D.EstorilPraia,G.D. Estoril Praia,,,,,,G.D. Estoril Praia,,,,,,,,,,,,,,,,
Real_PortugueseA_BoavistaF.C.,Boavista F.C.,,,,,,Boavista F.C.,,,,,,,,,,,,,,,,
Real_PortugueseA_C.S.Marítimo,C.S. Marítimo,,,,,,C.S. Marítimo,,,,,,,,,,,,,,,,
Real_PortugueseA_F.C.PaçosdeFerreira,F.C. Paçosde Ferreira,,,,,,F.C. Paçosde Ferreira,,,,,,,,,,,,,,,,
Real_PortugueseA_PortimonenseS.C.,Portimonense S.C.,,,,,,Portimonense S.C.,,,,,,,,,,,,,,,,
Real_PortugueseA_F.C.Vizela,F.C. Vizela,,,,,,F.C. Vizela,,,,,,,,,,,,,,,,
Real_PortugueseA_F.C.Arouca,F.C. Arouca,,,,,,F.C. Arouca,,,,,,,,,,,,,,,,
Real_PortugueseA_MoreirenseF.C.,Moreirense F.C.,,,,,,Moreirense F.C.,,,,,,,,,,,,,,,,
Real_PortugueseA_C.D.Tondela,C.D. Tondela,,,,,,C.D. Tondela,,,,,,,,,,,,,,,,
Real_PortugueseA_B-SAD,B-SAD,,,,,,B-SAD,,,,,,,,,,,,,,,,
CompName_EuropeanSuperCup,European Super Cup,Supercoupe européenne,Supercoppa europea,Europa-Superpokal,Supercopa europea,ヨーロッパ・スーパーカップ,Supercopa da Europa,Суперкубок Европы,欧洲超级杯,歐洲超級盃,歐洲超級盃,유럽 슈퍼 컵,كأس السوبر الأوروبي,Europese Supercup,Avrupa Süper Kupası,Piala Super Eropa,ยูโรเปี้ยน ซูเปอร์ คัพ,Siêu cúp châu Âu,,,Superpuchar Europy,,
CompName_EnglishSuperCup,English Super Cup,Supercoupe d'Angleterre,Supercoppa inglese,England-Superpokal,Supercopa inglesa,イギリス・スーパーカップ,Supercopa da Inglaterra,Суперкубок Англии,英格兰超级杯,英格蘭超級盃,英格蘭超級盃,영국 슈퍼 컵,كأس السوبر الإنجليزي,Engelse Super Cup,İngiltere Süper Kupası,Piala Super Inggris,ซูเปอร์คัพอังกฤษ,Siêu cúp Anh,,,Superpuchar Anglii,,
CompName_FrenchSuperCup,French Super Cup,Supercoupe de France,Supercoppa francese,Frankreich-Superpokal,Supercopa francesa,フランス・スーパーカップ,Supercopa da França,Суперкубок Франции,法国超级杯,法國超級盃,法國超級盃,프랑스 슈퍼 컵,كأس السوبر الفرنسي,Franse Super Cup,Fransa Süper Kupası,Piala Super Prancis,เฟร้นช์ ซูเปอร์ คัพ,Siêu cúp Pháp,,,Superpuchar Francji,,
CompName_ItalianSuperCup,Italian Super Cup,Supercoupe d'Italie,Supercoppa italiana,Italien-Superpokal,Supercopa italiana,イタリア・スーパーカップ,Supercopa da Itália,Суперкубок Италии,意大利超级杯,意大利超級盃,意大利超級盃,이탈리아 슈퍼 컵,كأس السوبر الإيطالي,Italiaanse Super Cup,İtalya Süper Kupası,Piala Super Italia,อิตาเลี่ยน ซูเปอร์ คัพ,Siêu cúp Nước Ý,,,Superpuchar Włoch,,
CompName_SpanishSuperCup,Spanish Super Cup,Supercoupe d'Espagne,Supercoppa spagnola,Spanien-Superpokal,Supercopa española,スペイン・スーパーカップ,Supercopa da Espanha,Суперкубок Испании,西班牙超级杯,西班牙超級盃,西班牙超級盃,스페인 슈퍼 컵,كاس السوبر الاسباني,Spaanse Super Cup,İspanya Süper Kupası,Piala Super Spanyol,สแปนิช ซูเปอร์ คัพ,Siêu cúp Tây Ban Nha,,,Superpuchar Hiszpanii,,
CompName_GermanSuperCup,German Super Cup,Supercoupe d'Allemagne,Supercoppa tedesca,Deutschland-Superpokal,Supercopa alemana,ドイツ・スーパーカップ,Supercopa da Alemanha,Суперкубок Германии,德国超级杯,德國超級盃,德國超級盃,독일 슈퍼 컵,كأس السوبر الألماني,Duitse Super Cup,Almanya Süper Kupası,Piala Super Jerman,เยอรมัน ซูเปอร์ คัพ,Siêu cúp Đức,,,Superpuchar Niemiec,,
CompName_BrazilSuperCup,Brazil  Super Cup,Supercoupe du Brésil,Supercoppa brasiliana,Brasilien-Superpokal,Supercopa brasileña,ブラジル・スーパーカップ,Supercopa do Brasil,Суперкубок Бразилии,巴西超级杯,巴西超級盃,巴西超級盃,브라질 슈퍼 컵,كأس السوبر البرازيلي,Braziliaanse Super Cup,Brezilya Süper Kupası,Piala Super Brasil,บราซิล ซูเปอร์ คัพ,Siêu cúp Brazil,,,Superpuchar Brazylii,,
CompName_ClubWorldCup,Global Champions Cup,Coupe des Champions Mondiale,Coppa dei Campioni Globale,Globaler Champions Cup,Copa de Campeones Global,グローバルチャンピオンズカップ,Taça dos Campeões Globais,Глобальный Кубок Чемпионов,全球冠军杯,全球冠軍盃,全球冠軍盃,글로벌 챔피언스컵,كأس الأبطال العالمي,Wereldwijde Champions Cup,Küresel Şampiyonlar Kupası,Piala Juara Global,แชมเปียนส์คัพระดับโลก,Cúp Vô địch Toàn cầu,,,Globalny Puchar Mistrzów,,
CompName_AmericanSuperCup,Major Super Cup,Supercoupe Majeure,Supercoppa Maggiore,Amerikanischer Superpokal,Supercopa Mayor,メジャーカップ,Supercopa PRINCIPAL,Суперкубок Главный,美国超级杯,美國超級盃,美國超級盃,메이저 슈퍼 컵,كأس السوبر الرئيسي,Grote Super beker,Major Süper Kupası,Piala Super Major,เมเจอร์ ซูเปอร์คัพ,Siêu cúp Chính,,,Superpuchar Major,,
CompName_TurkishSuperCup,Turkish Super Cup,Supercoupe de Turquie,Supercoppa Turchia,Türkei-Superpokal,Supercopa Turca,トルコ・スーパーカップ,Supercopa da TURCA,Суперкубок Турции,土耳其超级杯,土耳其超級盃,土耳其超級盃,터키 슈퍼 컵,كأس السوبر تركيا,Turkse Super beker,Türkiye Süper Kupası,Piala Super Turki,ซูเปอร์คัพตุรกี,Siêu cúp Thổ Nhĩ Kỳ,,,Superpuchar Turcji,,
ThailandLeagueA_BuriramUnited,Buriram,Buriram,Buriram,Buri Ram,Buriram,ブリラム,Buriram,Бурирам,武里南,武里南,武里南,부리람,بوريرام,Buriram,Buriram,Buriram,บุรีรัมย์,Buriram,,,Buriram,,
ThailandLeagueA_PortFC,Khlong Toei,Khlong Toei,Khlong Toei,Khlong Toei,Khlong Toei,クローントゥーイ区,Khlong Toei,Кхлонг Тоэй,孔提县,孔提縣,孔提縣,클롱뜨이,منطقة خلونج توي,provincie Kontee,Kontee İlçesi,Kabupaten Konte,เขตคลองเตย,Hồng Tới,,,Khlong Toei,,
ThailandLeagueA_BGPathumUnited,Pathum Thani,Pathum Thani,Pathum Thani,Pathum Thani,Pathum Thani,パトゥムターニー,Pathum Thani,Патхумтхани,巴吞他尼府,巴吞他尼府,巴吞他尼府,빠툼타니,باتهام ثاني,Pathum Thani,Pathum Thani,Pathum Thani,เทศบาลเมืองปทุมธานี,Pathum Thani,,,Pathum Thani,,
ThailandLeagueA_TrueBangkokUnited,Bangkok,Bangkok,Bangkok,Bangkok,Bangkok,バンコク,Banguecoque,Бангкок,曼谷,曼谷,曼谷,방콕,بانكوك,Bangkok,Bangkok,Bangkok,กรุงเทพมหานคร,Băng Cốc,,,Bangkok,,
ThailandLeagueA_MuangthongUnited,Nonthaburi,Nonthaburi,Nonthaburi,Nonthaburi,Nonthaburi,ノンタブリ,Nonthaburi,Нонтхабури,暖武里府,暖武里府,暖武里府,논타부리,نونثابوري,Nonthaburi,Nonthaburi,Nonthaburi,เทศบาลนครนนทบุรี,Nonthaburi,,,Nonthaburi,,
ThailandLeagueA_RatchaburiFC,Ratchaburi,Ratchaburi,Ratchaburi,Ratchaburi,Ratchaburi,ラーチャブリー,Ratchaburi,Ратбури,叻丕府,叻丕府,叻丕府,랏차부리 주,راتشابوري,Ratchaburi,Ratchaburi,Ratchaburi,อำเภอเมืองราชบุรี,Ratchaburi,,,Ratchaburi,,
ThailandLeagueA_ChonburiFC,Chon Buri,Chon Buri,Chon Buri,Chon Buri,Chon Buri,チョンブリー,Chon Buri,Чонбури,春武里府,春武里府,春武里府,촌부리 주,تشون بوري,Chonburi,Chon Buri,Chon Buri,จังหวัดชลบุรี,Chơn Buri,,,Chon Buri,,
ThailandLeagueA_LeoChiangraiUnited,Chiang Rai,Chiang Rai,Chiang Rai,Chiang Rai,Chiang Rai,チェンライ,Chiang Rai,Чианграй,清莱,清萊,清萊,치앙 라이,شيانج راي,Chiang Rai,Chiang Rai,Chiangrai,เชียงราย,Chiềng Rai,,,Chiang Rai,,
ThailandLeagueA_SukhothaiFC,Sukhothai Thani,Sukhothai Thani,Sukhothai Thani,Sukhothai Thani,Sukhothai Thani,スコータイターニー,Sukhothai Thani,Сукхотхай,素可泰他尼,素可泰他尼,素可泰他尼,수코타이,سوخوثاي ثاني,Sukhothai Thani,Sukhothai Thani,Sukhotai Thani,เทศบาลเมืองสุโขทัยธานี,Sukhothai Thani,,,Sukhothai Thani,,
ThailandLeagueA_LamphunWarriors,Lamphun,Lamphun,Lamphun,Lamphun,Lamphun,ランプーン,Lamphun,Лампхун,南奔,南奔,南奔,람푼,لامفون,Lamphun,Lamphun,Lamphun,เทศบาลเมืองลำพูน,lamphun,,,Lamphun,,
ThailandLeagueA_PoliceTeroFC,Bangkok Red,Bangkok Red,Bangkok Red,Bangkok Red,Bangkok Red,バンコクレッド,Bangkok Red,Бангкок Красный,曼谷红,曼谷紅,曼谷紅,방콕 레드,بانكوك ريد,Bangkok rood,Bangkok Kırmızısı,Merah Bangkok,กรุงเทพมหานคร สีแดง,đỏ Bangkok,,,Bangkok Czerwień,,
ThailandLeagueA_NongbuaPitchayaFC,Nong Bua Lamphu,Nong Bua Lamphu,Nong Bua Lamphu,Nong Bua Lamphu,Nong Bua Lamphu,ノン ブア ランプー,Nong Bua Lamphu,Нонгбуалампху,农布南布,農布南布,農布南布,농 푸 남부,نونغ بوا لامفو,Nong Bua Lamphu,Nong Bua Lamphu,Nong Bua Lamphu,เทศบาลเมืองหนองบัวลำภู,Nong Bua Lamphu,,,Nong Bua Lamphu,,
ThailandLeagueA_PTPrachuapFC,Prachuap Khiri Khan,Prachuap Khiri Khan,Prachuap Khiri Khan,Prachuap Khiri Khan,Prachuap Khiri Khan,プラチュワップ・キーリー・カーン,Prachuap Khiri Khan,Прачуапкхирикхан,巴蜀府,巴蜀府,巴蜀府,바슈현,براشواب خيرى خان,Prachuap Khiri Khan,Prachuap Khiri Khan,Prachuap Khiri Khan,เทศบาลเมืองประจวบคีรีขันธ์,Prachuap Khiri Khan,,,Prachuap Khiri Khan,,
ThailandLeagueA_KhonKaenUnited,Khon Kaen,Khon Kaen,Khon Kaen,Khon Kaen,Khon Kaen,コンケーン,Khon Kaen,Кхонкэн,孔敬,孔敬,孔敬,콘캔,خون كاين,Khon Kaen,Khon Kaen,Khon Kaen,เทศบาลนครขอนแก่น,Khon Kaen,,,Khon Kaen,,
ThailandLeagueA_LampangFC,Lampang,Lampang,Lampang,Lampang,Lampang,ランパーン,Lampang,Лампанг,南邦府,南邦府,南邦府,람팡,لامبانج,Lampang,Lampang,Lampang,เทศบาลนครลำปาง,Lâm Đồng,,,Lampang,,
ThailandLeagueA_NakhonratchasimaMazdaFC,Nakhon Ratchasima,Nakhon Ratchasima,Nakhon Ratchasima,Nakhon Ratchasima,Nakhon Ratchasima,ナコンラチャシマ,Nakhon Ratchasima,Накхонратчасима,呵叻府,呵叻府,呵叻府,나콘 랏차 시마,ناخون راتشاسيما,Nakhon Ratchasima,Nakhon Ratchasima,Nakhon Ratchasima,เทศบาลนครนครราชสีมา,Nakhon Ratchasima,,,Nakhon Ratchasima,,
ThailandLeagueA_SuphanburiFC,Suphan Buri,Suphan Buri,Suphan Buri,Suphan Buri,Suphan Buri,スパンブリー,Suphan Buri,Супханбури,素攀武里,素攀武里,素攀武里,수판부리,سوفان بوري,Suphan Buri,Suphan Buri,Suphan Buri,เทศบาลเมืองสุพรรณบุรี,Suphan Buri,,,Suphan Buri,,
ThailandLeagueA_UthaiThaniFC,Uthai Thani,Uthai Thani,Uthai Thani,Uthai Thani,Uthai Thani,ウタイターニー,Uthai Thani,Утхайтхани,乌泰他尼,烏泰他尼,烏泰他尼,우타이 타니,أوثاي ثاني,Uthai Thani,Uthai Thani,Uthai Thani,เทศบาลเมืองอุทัยธานี,Uthai Thani,,,Uthai Thani,,
ThailandLeagueA_AyutthayaUnited,Ayutthaya,Ayutthaya,Ayutthaya,Ayutthaya,Ayutthaya,アユタヤ,Sena,Аюттхая,大城府,大城府,大城府,아유타야,أيوثايا,Ayutthaya,Ayutthaya,Ayutthaya,อยุธยา,Ayutthaya,,,Ayutthaya,,
ThailandLeagueA_PhraeUnited,Phrae,Phrae,Phrae,Phrae,Phrae,プレー,Phrae,Пхрэ,帕,帕,帕,아빠,فراي,Phrae,Phrae,Phra,เทศบาลเมืองแพร่,Phrae,,,Phrae,,
ThailandLeagueA_RayongFC,Rayong,Rayong,Rayong,Rayong,Rayong,ラヨーン,Rayong,Районг,罗勇府,羅勇府,羅勇府,라용 주,رايونغ,Rayong,Rayong,Rayong,เทศบาลนครระยอง,Rayong,,,Rayong,,
ThailandLeagueA_NakhonpathomUnited,Nakhon Pathom,Nakhon Pathom,Nakhon Pathom,Nakhon Pathom,Nakhon Pathom,ナコンパトム,Nakhon Pathom,Накхонпатхом,佛统府,佛統府,佛統府,나콘 파톰,ناخون باتوم,Nakhon Pathom,Nakhon Pathom,Nakhon Pathom,เทศบาลนครนครปฐม,Nakhon Pathom,,,Nakhon Pathom,,
ThailandLeagueA_ChiangmaiUnited,Chiangmai Red,Chiangmai Red,Chiangmai Red,Chiangmai Red,Chiangmai Red,チェンマイレッド,Chiangmai Red,Чиангмай Красный,清迈红,清邁紅,清邁紅,치앙마이 레드,شيانغماي ريد,Chiangmai rood,Chiangmai Kırmızısı,Chiangmai Kırmızısı,เทศบาลนครเชียงใหม่ สีแดง,Đỏ Chiangmai,,,Czerwień Chiang Mai,,
ThailandLeagueA_KrabiFC,Krabi,Krabi,Krabi,Krabi,Krabi,クラビ,Krabi,Краби,甲米,甲米,甲米,끄라비,كرابي,Krabi,Krabi,Krabi,เทศบาลเมืองกระบี่,Krabi,,,Krabi,,
ThailandLeagueA_TratFC,Trat,Trat,Trat,Trat,Trat,トラート,Trat,Трат,达勒,達勒,達勒,골짜기,ترات,Trat,Trat,Trat,เทศบาลเมืองตราด,Trat,,,Trat,,
ThailandLeagueA_KasetsartFC,Chatuchak,Chatuchak,Chatuchak,Chatuchak,Chatuchak,チャトチャック,Chatuchak,Бангкок,乍都乍,乍都乍,乍都乍,짜뚜짝,شاتوشاك,Chatuchak,Chatuchak,Chatuchak,จตุจักร,Chatuchak,,,Chatuchak,,
ThailandLeagueA_GrandAndamanRanongUnited,Ranong,Ranong,Ranong,Ranong,Ranong,ラノーン,Ranong,Ранонг,拉廊府,拉廊府,拉廊府,라농,رانونج,Ranong,Ranong,Ranong,เทศบาลเมืองระนอง,Ranong,,,Ranong,,
ThailandLeagueA_NakhonsiUnited,Pak Kret,Pak Kret,Pak Kret,Pak Kret,Pak Kret,パックレット,Pak Kret,Паккрет,北革,北革,北革,베이지,باك كريت,Pak Kret,Pak Kret,Pak Kret,เทศบาลนครปากเกร็ด,Pak Kret,,,Pak Kret,,
ThailandLeagueA_SamutPrakanCity,Samut Prakan,Samut Prakan,Samut Prakan,Samut Prakan,Samut Prakan,サムットプラカン,Samut Prakan,Самутпракан,北榄府,北欖府,北欖府,사뭇쁘라깐주,ساموت براكان,Samut Prakan,Samut Prakan,Samut Prakan,จังหวัดสมุทรปราการ,Samut Prakan,,,Samuta Prakana,,
ThailandLeagueA_ChiangmaiFC,Chiangmai Blue,Chiangmai Blue,Chiangmai Blue,Chiangmai Blue,Chiangmai Blue,チェンマイブルー,Chiangmai Blue,Чиангмай Синий,清迈蓝,清邁藍,清邁藍,치앙마이 파란색,شيانغماي مافيسي,Chiangmai blauw,Chiangmai Mavisi,Chiang Mai Mavisi,เทศบาลนครเชียงใหม่ สีฟ้า,Xanh Chiang Mai,,,Błękit Chiang Mai,,
ThailandLeagueA_CustomsUnited,Bang Phli,Bang Phli,Bang Phli,Bang Phli,Bang Phli,バーンプリー島,Bang Phli,ударь первым,挽披,挽披,挽披,방플리군,بانغ فلي,Bang Phli,Bang Phli,Bang Phli,อำเภอบางพลี,Bằng Phli,,,Bang Phli,,
ThailandLeagueA_RajprachaFC,Bangkok White,Bangkok White,Bangkok White,Bangkok White,Bangkok White,バンコク ホワイト,Bangkok White,Бангкок Белый,曼谷白,曼谷白,曼谷白,방콕 하얀색,بانكوك وايت,Bangkok wit,Bangkok Beyaz,Bangkok Beyaz,กรุงเทพมหานคร สีขาว,trắng Bangkok,,,Bangkok Biel,,
ThailandLeagueA_ChainatHornbillFC,Chai Nat,Chai Nat,Chai Nat,Chai Nat,Chai Nat,チャイナット,Chai Nat,Чайнат,猜纳,猜納,猜納,차이낫,تشاي نات,Chai Nat,Chai Nat,Chai Nat,เทศบาลเมืองชัยนาท,Chai Nát,,,Chai Nat,,
ThailandLeagueA_UdonThaniFC,Udon Thani,Udon Thani,Udon Thani,Udon Thani,Udon Thani,ウドンターニー,Udon Thani,Удонтхани,乌隆他尼,烏隆他尼,烏隆他尼,우돈타니,أودون ثاني,Udon Thani,Udon Thani,Udon Thani,เทศบาลนครอุดรธานี,Udonthani,,,Udon Thani,,
CompName_SaudiArabianLeagueC,Saudi Arabian League C,Ligue saoudienne C,Leghe saudite C,Saudi-Arabische Liga C,Liga Saudí C,サウジアラビアリーグC,Liga Saudita C,Саудовская лига C,沙特阿拉伯联赛C,沙烏地阿拉伯聯賽C,沙烏地阿拉伯聯賽C,사우디 아라비아 리그 C,الدوري السعودي ج,Saudi-Arabische Liga C,Suudi Arabistan Ligi C,Liga Arab Saudi C,ลีกซาอุดีอาระเบีย สหรัฐฟุตบอล C,Giải vô địch bóng đá Ả Rập Saudi C,,,Liga Arabska C,,
CompName_SaudiArabianLeagueB,Saudi Arabian League B,Ligue saoudienne B,Leghe saudite B,Saudi-Arabische Liga B,Liga Saudí B,サウジアラビアリーグB,Liga Saudita B,Саудовская лига B,沙特阿拉伯联赛B,沙烏地阿拉伯聯賽B,沙烏地阿拉伯聯賽B,사우디 아라비아 리그 B,الدوري السعودي ب,Saudi-Arabische Liga B,Suudi Arabistan Ligi B,Liga Arab Saudi B,ลีกซาอุดีอาระเบีย สหรัฐฟุตบอล B,Giải vô địch bóng đá Ả Rập Saudi B,,,Liga Arabska B,,
CompName_SaudiArabianLeagueA,Saudi Arabian Super League,Super Ligue SaudiArabia,Serie A SaudiArabia,SaudiArabian Super Liga,Superliga Arabia Saudita,サウジプレミアリーグ,Superliga Saudí,Саудовская премьер-лига,沙特超级联赛,沙特超級聯賽,沙特超級聯賽,사우디 프리미어리그,الدوري السعودي الممتاز,SaudiArabian Super League,Suudi Süper Ligi,Liga Super SaudiArabia,ซาอุดีอาระเบีย พรีเมียร์ลีก,giải vô địch quốc gia ả rập xê út,,,Superliga Arabii Saudyjskiej,,
CompName_SaudiArabianCup,Saudi Arabian Cup,Coupe d'Arabie saoudite,Coppa dell'Arabia Saudita,Saudi-Arabien-Pokal,Copa de Arabia Saudita,サウジアラビアカップ,Copa da Arábia Saudita,Кубок Саудовской Аравии,沙特阿拉伯杯,沙特阿拉伯盃,沙特阿拉伯盃,사우디 아라비아 컵,كأس المملكة العربية السعودية,Saudi-Arabische Beker,Suudi Arabistan Kupası,Piala Arab Saudi,ถ้วยประเทศซาอุดีอาระเบีย,Cúp Ả Rập Saudi,,,Puchar Arabii Saudyjskiej,,
CompName_SaudiArabianSuperCup,Saudi Arabian Super Cup,Supercoupe d'Arabie saoudite,Supercoppa dell'Arabia Saudita,Saudi-Arabien-Superpokal,Supercopa de Arabia Saudita,サウジアラビアスーパーカップ,Supertaça da Arábia Saudita,Суперкубок Саудовской Аравии,沙特阿拉伯超级杯,沙特阿拉伯超級盃,沙特阿拉伯超級盃,사우디 아라비아 슈퍼 컵,كأس السوبر السعودي,Saudi-Arabische Super Cup,Suudi Arabistan Süper Kupa,Piala Super Arab Saudi,ซูเปอร์คัพสเปนแอราเบียซาอุดีอาระเบีย,Siêu cúp Ả Rập Saudi,,,Superpuchar Arabii Saudyjskiej,,
SaudiArabianA_AlHilalSFC,Riyadh Moon,Lune de Riyadh,Luna di Riyadh,Riyadh-Mond,Luna de Riyadh,リヤドムーン,Lua de Riyadh,Луна Рияда,利雅得月亮,利雅得月亮,利雅得月亮,리야드 달,الرياض مون,Riyadh Maan,Riyadh Ayı,Bulan Riyadh,จันทร์ริยาด,Mặt trăng Riyadh,,,Riyadh,,
SaudiArabianLeagueA_Al-AhliSaudiFC,Jeddah ,Jeddah,Jeddah,Dschidda,Yeda,ジッダ,Jidá,Джидда,吉达,吉達,吉達,제다,جدة,Djedda,Cidde,Jeddah,เจดดาห์,Jeddah,,,Dżudda,,
SaudiArabianLeagueA_Al Shabab,Riyadh Youth,Jeunesse de Riyadh,Giovani di Riyadh,Riyadh Jugend,Juventud de Riyadh,リヤドユース,Juventude de Riyadh,Молодежь Рияда,利雅得青年,利雅得青年,利雅得青年,리야드 유스,شباب الرياض,Riyadh Jeugd,Riyadh Gençlik,Pemuda Riyadh,วัยหนุ่มริยาด,Tuổi trẻ Riyadh,,,Riyadh Młodzież,,
SaudiArabianLeagueA_Al Taawon,Buraidah Yellow,Jaune de Buraidah,Giallo di Buraidah,Buraidah Gelb,Amarillo de Buraidah,ブライダイエロー,Amarelo de Buraidah,Бурайдах Желтый,布赖代黄,布賴代黃,布賴代黃,부라이다 노란,بريدة الأصفر,Buraidah Geel,Buraidah Sarı,Kuning Buraidah,สีเหลืองบราอิด,Vàng Buraidah,,,Buraidah Żółć,,
SaudiArabianLeagueA_Al-Fateh,Al-Ahsa Blue,Bleu d'Al-Ahsa,Blu di Al-Ahsa,Al-Ahsa Blau,Azul de Al-Ahsa,アル・アハサ・ブルー,Azul de Al-Ahsa,Аль-Ахса Синий,阿尔阿哈萨蓝,阿爾阿哈薩藍,阿爾阿哈薩藍,알아하사 블루,الاحساء الأزرق,Al-Ahsa Blauw,Al-Ahsa Mavi,Biru Al-Ahsa,สีน้ำเงินอัลอห์สา,Xanh dương Al-Ahsa,,,Al-Ahsa Błękit,,
SaudiArabianLeagueA_Al-Ettifaq,Dammam White ,Dammam Blanc,Dammam Bianco,Dammam Weiß,Dammam Blanco,ダンマム・ホワイト,Branco de Dammam,Даммам Белый,达曼白,達曼白,達曼白,담맘 화이트,الدمام الأبيض,Dammam Wit,Dammam Beyaz,Dammam Putih,ทีมดัมแมมสีขาว,Dammam Trắng,,,Dammam Biel,,
SaudiArabianLeagueA_Damac,Al Majma'ah Red,Al Majma'ah Rouge,Al Majma'ah Rosso,Al Majma'ah Rot,Al Majma'ah Rojo,アル・マジュマア・レッド,Vermelho de Al Majma'ah,Аль Маджма'а Красный,马吉马赫红,馬吉馬赫紅,馬吉馬赫紅,알 마지마 레드,المجمعة الأحمر,Al Majma'ah Rood,Al Majma'ah Kırmızı,Merah Al Majma'ah,ทีมอัลมัจมาห์สีแดง,Al Majma'ah Đỏ,,,Al Majma'ah Czerwień,,
SaudiArabianLeagueA_Al Raed,Buraidah Ace,Buraidah Ace,Buraidah Ace,Buraidah Ace,Buraidah Ace,ブライダ エース,Buraidah Ace,Бурайда Айс,布赖代王牌,布賴代王牌,布賴代王牌,부라이다 에이스,بريدة الصاعدة,Buraidah Ace,Buraidah Ace,Buraidah Ace,เบอร์ราอิดา เอซ,Buraidah Ace,,,Buraidah Ace,,
SaudiArabianLeagueA_Al Tai,Ha'il Black,Ha'il Noir,Ha'il Nero,Ha'il Schwarz,Ha'il Negro,ハイル・ブラック,Preto de Ha'il,Хайль Черный,海伊勒黑,海伊勒黑,海伊勒黑,하일 블랙,هيل الأسود,Ha'il Zwart,Ha'il Siyah,Hitam Ha'il,ทีมไฮยิลสีดำ,Ha'il Đen,,,Ha'il Czerń,,
SaudiArabianLeagueA_Al Feiha,Al Majma'ah Yellow,Al Majma'ah Jaune,Al Majma'ah Giallo,Al Majma'ah Gelb,Al Majma'ah Amarillo,アル・マジュマア・イエロー,Amarelo de Al Majma'ah,Аль-Маджма'а Желтый,阿尔阿哈萨黄,阿爾阿哈薩黃,阿爾阿哈薩黃,알 마지마 옐로우,المجمعة الأصفر,Al Majma'ah Geel,Al Majma'ah Sarı,Kuning Al Majma'ah,ทีมอัลมัจมาห์สีเหลือง,Al Majma'ah Vàng,,,Al Majma'ah Żółć,,
SaudiArabianLeagueA_Abha,Abha Blue,Abha Bleu,Abha Blu,Abha Blau,Abha Azul,アブハ・ブルー,Azul de Abha,Абха Синий,阿卜哈蓝,阿布哈藍,阿布哈藍,아브하 블루,أبها الأزرق,Abha Blauw,Abha Mavi,Biru Abha,ทีมอาบาฮาสีน้ำเงิน,Abha Xanh dương,,,Abha Błękit,,
SaudiArabianLeagueA_Al Wahda,Mecca Yellow,Mecque Jaune,Mecca Giallo,Mecca Gelb,Mecca Amarillo,メッカ・イエロー,Amarelo de Mecca,Мекка Желтый,麦加黄,麥加黃,麥加黃,메카 옐로우,مكة الأصفر,Mecca Geel,Mecca Sarı,Kuning Mecca,ทีมเมกกะสีเหลือง,Mecca Vàng,,,Mecca Żółć,,
SaudiArabianLeagueB_Al Khaleej,Saihat,Saihat,Saihat,Saihat,Saihat,サイハト,Saihat,Сайхат,赛哈特,賽哈特,賽哈特,사이하트,سيهات,Saihat,Saihat,Saihat,ไซฮัต,Saihat,,,Saihat,,
SaudiArabianLeagueA_Al Adalah,Al-Ahsa Black,Al-Ahsa Noir,Al-Ahsa Nero,Al-Ahsa Schwarz,Al-Ahsa Negro,アル・アハサ・ブラック,Preto de Al-Ahsa,Аль-Ахса Черный,阿尔阿哈萨黑,阿爾阿哈薩黑,阿爾阿哈薩黑,알 아하사 블랙,الأحساء الأسود,Al-Ahsa Zwart,Al-Ahsa Siyah,Hitam Al-Ahsa,ทีมอัลอห์สาสีดำ,Al-Ahsa Đen,,,Al-Ahsa Czerń,,
SaudiArabianLeagueA_Al Batin,al-Batin,al-Batin,al-Batin,al-Batin,al-Batin,アル・バティン,al-Batin,Аль-Батин,巴廷,巴廷,巴廷,알 바틴,الباطن,al-Batin,al-Batin,al-Batin,อัลบาติน,al-Batin,,,al-Batin,,
SaudiArabianLeagueB_Al Hazem,Buraidah,Buraidah,Buraidah,Buraidah,Buraidah,ブライダ,Buraidah,Бурайда,布赖代,布賴代,布賴代,부라이다부라이다,بريدة,Buraidah,Buraidah,Buraidah,บรไอดาห์,Buraidah,,,Buraidah,,
SaudiArabianLeagueB_Al-Faisaly,Harmah,Harmah,Harmah,Harmah,Harmah,ハルマ,Harmah,Харма,哈尔马,哈爾馬,哈爾馬,하르마,حرمة,Harmah,Harmah,Harmah,ฮาร์มะ,Harmah,,,Harmah,,
SaudiArabianLeagueB_Ohod Club,Medina Oh,Médine Oh,Medina Oh,Medina Oh,Medina Oh,メディナ・オー,Medina Oh,Медина Ох,麦地那oh,麥地那oh,麥地那oh,메디나 오,المدينة الموحد,Medina Oh,Medina Oh,Medina Oh,เมดีนา โอ,Medina Oh,,,Medina Oh,,
SaudiArabianLeagueB_Al Akhdood,Najran Akh,Najran Akh,Najran Akh,Najran Akh,Najran Akh,ナジュラン・アフ,Najran Akh,Наджран Ах,纳吉兰Akh,納吉蘭Akh,納吉蘭Akh,나지란 아흐,نجران آخ,Najran Akh,Najran Akh,Najran Akh,นัจราน อค,Najran Akh,,,Najran Akh,,
SaudiArabianLeagueB_Al Riyadh,Riyadh FC,Riyadh FC,Riyadh FC,Riyadh FC,Riyadh FC,リヤド FC,Riyadh FC,Рияд FC,利雅得足球,利雅得足球,利雅得足球,리야드 FC,نادي الرياض,Riyadh FC,Riyadh FC,Riyadh FC,สโมสรรัยยาด,Riyadh FC,,,Riyadh FC,,
SaudiArabianLeagueB_AL Ahli,Jeddah White,Jeddah Blanc,Jeddah Bianco,Jeddah Weiß,Jeddah Blanco,ジェッダ・ホワイト,Branco de Jeddah,Джедда Белый,吉达白,吉達白,吉達白,제다 화이트,جدة الأبيض,Jeddah Wit,Jeddah Beyaz,Putih Jeddah,ทีมเจดดะสีขาว,Jeddah Trắng,,,Jeddah Biel,,
SaudiArabianLeagueB_Hajer,Al-Hasa,Al-Hasa,Al-Hasa,Al-Hasa,Al-Hasa,アル・ハサ,Al-Hasa,Аль-Хаса,哈萨,哈薩,哈薩,알 하사,الأحساء,Al-Hasa,Al-Hasa,Al-Hasa,อัลฮัสอ,Al-Hasa,,,Al-Hasa,,
SaudiArabianLeagueB_AL Arabi,Unaizah,Unaizah,Unaizah,Unaizah,Unaizah,ウナイザ,Unaizah,Унаиза,乌纳伊扎,烏納伊扎,烏納伊扎,우나이자,عنيزة,Unaizah,Unaizah,Unaizah,อุไนซาห์,Unaizah,,,Unaizah,,
SaudiArabianLeagueB_Al-Jabalain,Ha'il,Ha'il,Ha'il,Ha'il,Ha'il,ハイル,Ha'il,Хайль,海伊勒,海伊勒,海伊勒,하일,حائل,Ha'il,Ha'il,Ha'il,ไฮล,Ha'il,,,Ha'il,,
SaudiArabianLeagueC_Al-Qadisiyah,Khobar,Khobar,Khobar,Khobar,Khobar,コバール,Khobar,Хобар,卡尔巴尔,卡爾巴爾,卡爾巴爾,코바르,الخبر,Khobar,Khobar,Khobar,โคบาร์,Khobar,,,Khobar,,
SaudiArabianLeagueC_Al Orobah,Sakakah,Sakakah,Sakakah,Sakakah,Sakakah,サカカ,Sakakah,Сакака,萨卡卡,薩卡卡,薩卡卡,사카카,سكاكا,Sakakah,Sakakah,Sakakah,ซากากา,Sakakah,,,Sakakah,,
SaudiArabianLeagueC_Al-Qaisumah,Qaisumah,Qaisumah,Qaisumah,Qaisumah,Qaisumah,カイスマ,Qaisumah,Кайсума,卡伊苏马,卡伊蘇馬,卡伊蘇馬,카이수마,القيصومة,Qaisumah,Qaisumah,Qaisumah,ไคซูมาห์,Qaisumah,,,Qaisumah,,
SaudiArabianLeagueC_Al Ain,Al Banah,Al Banah,Al Banah,Al Banah,Al Banah,アルバナ,Al Banah,Аль-Банах,阿尔巴纳,阿爾巴納,阿爾巴納,알바나,البنا,Al Banah,Al Banah,Al Banah,อัลบานาห์,Al Banah,,,Al Banah,,
SaudiArabianLeagueC_Jeddah Club,Jeddah FC,Jeddah FC,Jeddah FC,Jeddah FC,Jeddah FC,ジェッダ FC,Jeddah FC,Джидда FC,吉达足球,吉達足球,吉達足球,제다 FC,نادي جدة,Jeddah FC,Jeddah FC,Jeddah FC,สโมสรเจดดาห์,Jeddah FC,,,Jeddah FC,,
SaudiArabianLeagueC_Najran SC,Najran,Najran,Najran,Najran,Najran,ナジュラン,Najran,Наджран,纳季兰,納季蘭,納季蘭,나잔,نجران,Najran,Najran,Najran,นัจราน,Najran,,,Najran,,
SaudiArabianLeagueC_Al-Sahel SC,Qatif Sahel,Qatif Sahel,Qatif Sahel,Qatif Sahel,Qatif Sahel,カティフ・サヘル,Qatif Sahel,Катиф Сахель,卡蒂夫·萨赫勒,卡蒂夫·薩赫勒,卡蒂夫·薩赫勒,카티프 사헬,القطيف الساحل,Qatif Sahel,Qatif Sahel,Qatif Sahel,คะติฟ ซาเฮล,Qatif Sahel,,,Qatif Sahel,,
SaudiArabianLeagueC_Al Shoulla,Al-Kharj White,Al-Kharj Blanc,Al-Kharj Bianco,Al-Kharj Weiß,Al-Kharj Blanco,アル・ハルジ ホワイト,Al-Kharj Branco,Аль-Хардж Белый,阿尔哈尔白,阿爾哈爾白,阿爾哈爾白,알 하르지 화이트,الخرج الأبيض,Al-Kharj Wit,Al-Kharj Putih,Al-Kharj Beyaz,อัลคาร์จขาว,Al-Kharj Màu trắng,,,Al-Kharj Biały,,
CompName_ThailandLeagueC,Thailand League C,Ligue C de Thaïlande,Lega C della Thailandia,Thailandische Liga C,Liga C de Tailandia,タイランドリーグC,Liga C da Tailândia,Лига C Таиланда,泰国C联赛,泰國C聯賽,泰國C聯賽,태국 C 리그,الدوري التايلاندي ج,Thailandische Liga C,Tayland Ligi C,Liga C Thailand,ไทยลีก C,Giải vô địch bóng đá Thái Lan C,,,Liga Tajlandzka C,,
CompName_ThailandLeagueB,Thailand League B,Ligue B de Thaïlande,Lega B della Thailandia,Thailandische Liga B,Liga B de Tailandia,タイランドリーグB,Liga B da Tailândia,Лига B Таиланда,泰国B联赛,泰國B聯賽,泰國B聯賽,태국 B 리그,الدوري التايلاندي ب,Thailandische Liga B,Tayland Ligi B,Liga B Thailand,ไทยลีก B,Giải vô địch bóng đá Thái Lan B,,,Liga Tajlandzka B,,
CompName_ThailandLeagueA,Thailand Super League,Super Ligue Thailand,Serie Athailand,Thailand Super Liga,Superliga Tailandia,タイスーパーリーグ,Superliga Tailandia,Турецкая Суперлига,泰国A级联赛,泰國A級聯賽,泰國A級聯賽,태국 슈퍼리그,الدوري التايلاندي الممتاز,Thailand Super League,Tayland Süper Ligi,Liga Super Thailand,ไทยแลนด์ซุปเปอร์ลีก,Giải VĐQG Thái Lan,,,Liga Tajska,,
CompName_ThailandCup,Thailand Cup,Coupe de Thaïlande,Coppa di Thailandia,Thailand-Pokal,Copa de Tailandia,タイカップ,Copa da Tailândia,Кубок Таиланда,泰国杯,泰國盃,泰國盃,태국 컵,كأس تايلاند,Thailand Cup,Tayland Kupası,Piala Thailand,ถ้วยแห่งประเทศไทย,Cúp Thái Lan,,,Puchar Tajlandii,,
CompName_ThailandSuperCup,Thailand Super Cup,Coupe de la Super Thaïlande,Supercoppa dell'Thailandia,Thailand-Superpokal,Supercopa de Tailandia,タイランドスーパーカップ,Supertaça da Tailândia,Суперкубок Таиланда,泰国超级杯,泰國超級盃,泰國超級盃,태국 슈퍼 컵,كأس السوبر التايلاندي,Thailand Super Cup,Tayland Süper Kupa,Piala Super Thailand,ไทยแลนด์ซูเปอร์คัพ,Siêu cúp Thái Lan,,,Superpuchar Tajlandii,,
CompName_ThailandLeague,Thailand League,Ligue de Thaïlande,Lega Thailandese,Thailandische Liga,Liga de Tailandia,タイリーグ,Liga da Tailândia,Лига Таиланда,泰国联赛,泰國聯賽,泰國聯賽,태국 리그,الدوري التايلاندي,Thaise Liga,Tayland Ligi,Liga Thailand,ไทยลีก,Giải bóng đá Thái Lan,,,Liga Tajlandii,,
CompName_SaudiArabianLeague,Saudi Arabian League,Ligue saoudienne,Leghe saudite,Saudi-Arabische Liga,Liga Saudí,サウジアラビアリーグ,Liga Saudita,Саудовская лига,沙特阿拉伯联赛,沙烏地阿拉伯聯賽,沙烏地阿拉伯聯賽,사우디 아라비아 리그,الدوري السعودي,Saudi-Arabische Liga,Suudi Arabistan Ligi,Liga Arab Saudi,ลีกซาอุดีอาระเบีย,Giải vô địch bóng đá Ả Rập Saudi,,,Liga Arabska,,
SaudiArabianLeagueC_RedJeddah,Red Jeddah,Jeddah Rouge,Jeddah Rosso,Jeddah Rot,Jeddah Rojo,ジェッダ レッド,Jeddah Vermelho,Джедда Красный,吉达红,吉達紅,吉達紅,제다 레드,جدة الأحمر,Jeddah Rood,Jeddah Kırmızı,Jeddah Merah,เจดด้า แดง,Jeddah Màu đỏ,,,Jeddah Czerwień,,
SaudiArabianLeagueC_MeccaWhite,Mecca White,Mecque Blanc,Mecca Bianco,Mekka Weiß,La Meca Blanco,メッカ ホワイト,Meca Branco,Мекка Белый,麦加白,麥加白,麥加白,메카 화이트,مكة الأبيض,Mekka Wit,Mekke Beyaz,Mekkah Putih,เมกกา ขาว,Mecca Màu trắng,,,Mekka Biel,,
SaudiArabianLeagueC_NajranRed,Najran Red,Najran Rouge,Najran Rosso,Najran Rot,Najran Rojo,ナジュラン レッド,Najran Vermelho,Наджран Красный,纳季兰红,納基蘭紅,納基蘭紅,나즈란 레드,نجران الأحمر,Najran Rood,Necran Kırmızı,Najran Merah,นัจราน แดง,Najran Màu đỏ,,,Najran Czerwień,,
SaudiArabianLeagueC_QatifBlue,Qatif Blue,Qatif Bleu,Qatif Blu,Qatif Blau,Qatif Azul,カティフ ブルー,Qatif Azul,Катиф Синий,卡蒂夫蓝,卡蒂夫藍,卡蒂夫藍,카티프 블루,القطيف الأزرق,Qatif Blauw,Katif Mavi,Qatif Biru,คะติฟ สีน้ำเงิน,Qatif Màu xanh,,,Qatif Błękit,,
SaudiArabianLeagueC_SaihatBlue,Saihat Blue,Saihat Bleu,Saihat Blu,Saihat Blau,Saihat Azul,サイハット ブルー,Saihat Azul,Сайхат Синий,赛哈特蓝,賽哈特藍,賽哈特藍,사이하트 블루,السيهات الأزرق,Saihat Blauw,Saihat Mavi,Saihat Biru,ไซฮัต สีน้ำเงิน,Saihat Màu xanh,,,Saihat Błękit,,
SaudiArabianLeagueC_AbhaRed,Abha Red,Abha Rouge,Abha Rosso,Abha Rot,Abha Rojo,アブハ レッド,Abha Vermelho,Абха Красный,阿巴哈红,阿巴哈紅,阿巴哈紅,아바 레드,أبها الأحمر,Abha Rood,Abha Kırmızı,Abha Merah,อาบฮา สีแดง,Abha Màu đỏ,,,Abha Czerwień,,
SaudiArabianLeagueC_DammamBlue,Dammam Blue,Dammam Bleu,Dammam Blu,Dammam Blau,Dammam Azul,ダンマム ブルー,Dammam Azul,Даммам Синий,达曼蓝,達曼藍,達曼藍,담맘 블루,الدمام الأزرق,Dammam Blauw,Dammam Mavi,Dammam Biru,ดัมแมม สีน้ำเงิน,Dammam Màu xanh,,,Dammam Błękit,,
SaudiArabianLeagueC_BuraidahWhite,Buraidah White,Buraidah Blanc,Buraidah Bianco,Buraidah Weiß,Buraidah Blanco,ブライダ ホワイト,Buraidah Branco,Бурайда Белый,布赖代白,布萊代白,布萊代白,부라이다 화이트,بريدة الأبيض,Buraidah Wit,Buraidah Beyaz,Buraidah Putih,บราอิดา สีขาว,Buraidah Màu trắng,,,Buraidah Biel,,
ThailandLeagueA_PhraeRed,Phrae Red,Phrae Rouge,Phrae Rosso,Phrae Rot,Phrae Rojo,フレー レッド,Phrae Vermelho,Фре Красный,帕庙红,帕廟紅,帕廟紅,프래 레드,فراى ريد,Phrae Rood,Phrae Kırmızı,Phrae Merah,แพร่ สีแดง,Phrae Màu đỏ,,,Phrae Czerwień,,
ThailandLeagueA_RayongBlue,Rayong Blue,Rayong Bleu,Rayong Blu,Rayong Blau,Rayong Azul,ラヨーン ブルー,Rayong Azul,Районг Синий,拉勇蓝,拉永藍,拉永藍,라영 블루,رايونج بلو,Rayong Blauw,Rayong Mavi,Rayong Biru,ระยอง สีน้ำเงิน,Rayong Màu xanh,,,Rayong Błękit,,
ThailandLeagueA_BangkokWhite,Bangkok White,Bangkok Blanc,Bangkok Bianco,Bangkok Weiß,Bangkok Blanco,バンコク ホワイト,Bangkok Branco,Бангкок Белый,曼谷白,曼谷白,曼谷白,방콕 화이트,بانكوك وايت,Bangkok Wit,Bangkok Beyaz,Putih Bangkok,บางกอก สีขาว,Bangkok Màu trắng,,,Bangkok Biel,,
ThailandLeagueA_ChiangmaiRed,Chiangmai Red,Chiangmai Rouge,Chiangmai Rosso,Chiangmai Rot,Chiangmai Rojo,チェンマイ レッド,Chiangmai Vermelho,Чиангмай Красный,清迈红,清邁紅,清邁紅,치안마이 레드,شيانغماي ريد,Chiangmai Rood,Merah Chiangmai,Chiangmai Kırmızı,เชียงใหม่ สีแดง,Chiangmai Màu đỏ,,,Chiangmai Czerwień,,
ThailandLeagueA_KrabiBlue,Krabi Blue,Krabi Bleu,Krabi Blu,Krabi Blau,Krabi Azul,クラビ ブルー,Krabi Azul,Краби Синий,甲米蓝,甲米藍,甲米藍,크라비 블루,كرابي الأزرق,Krabi Blauw,Krabi Mavi,Biru Krabi,กระบี่ สีน้ำเงิน,Krabi Màu xanh,,,Krabi Błękit,,
ThailandLeagueA_TratBlue,Trat Blue,Trat Bleu,Trat Blu,Trat Blau,Trat Azul,トラート ブルー,Trat Azul,Трат Синий,特拉特蓝,特拉特藍,特拉特藍,트라트 블루,ترات بلو,Trat Blauw,Trat Mavi,Biru Trat,ตราด สีน้ำเงิน,Trat Màu xanh,,,Trat Błękit,,
ThailandLeagueA_ChatuchakRed,Chatuchak Red,Chatuchak Rouge,Chatuchak Rosso,Chatuchak Rot,Chatuchak Rojo,チャトチャック レッド,Chatuchak Vermelho,Чатучак Красный,查图查克红,查圖查克紅,查圖查克紅,차투착 레드,شاتوشاك ريد,Chatuchak Rood,Chatuchak Kırmızı,Merah Chatuchak,จตุจักร สีแดง,Chatuchak Màu đỏ,,,Chatuchak Czerwień,,
ThailandLeagueA_BuriramWhite,Buriram White,Buriram Blanc,Buriram Bianco,Buriram Weiß,Buriram Blanco,ブリラム ホワイト,Buriram Branco,Бурирам Белый,武里南白,武里南白,武里南白,부리람 화이트,بوريرام وايت,Buriram Wit,Buriram Beyaz,Putih Buriram,บุรีรัมย์ สีขาว,Buriram Màu trắng,,,Buriram Biel,,
CompName_PortugueseLeague,Portuguese League,ligue portugaise,Lega Portoghese,Portugiesische Liga,Liga Portuguesa,ポルトガルリーグ,LIGA PORTUGUESA,Португальская Лига,葡萄牙联赛,葡萄牙聯賽,葡萄牙聯賽,포르투갈 리그,الدوري البرتغالي,Portugese Competitie,Portekis ligi,Liga Portugal,ลีกโปรตุเกส,Giải VĐQG Bồ Đào Nha,,,Liga Portugalska,,
EventTitle,Champions challenge is finally here!,Le défi des champions est enfin là !,La sfida dei campioni è finalmente qui!,Die Champions Challenge ist endlich da!,¡El desafío de los campeones está por fin aquí!,チャンピオンズチャレンジはついにここにあります！,O desafio dos campeões finalmente chegou!,Чемпионский вызов наконец здесь!,冠军挑战终于来临！,冠軍挑戰終於來臨了！,冠軍挑戰終於來臨了！,챔피언스 챌린지가 드디어 여기에 있어요!,تحدي الأبطال هنا أخيرًا!,Kampioensuitdaging is eindelijk hier!,Şampiyonlar meydanı sonunda burada!,Tantangan Juara akhirnya ada di sini!,ท้าทายแชมเปี้ยนมาถึงแล้ว!,Thách thức vô địch đã đến cuối cùng!,,,Mistrzowie wyzwania są wreszcie tutaj!,,
EventBegin,"By taking on the reigning Champion team, you will not only get the opportunity to prove your skills but earn the rights to a player signing bonus.","En affrontant l'équipe championne en titre, vous aurez non seulement l'occasion de prouver vos compétences, mais aussi de gagner le droit à un bonus de recrutement de joueur.","Affrontando la squadra campione in carica, avrai non solo l'opportunità di dimostrare le tue capacità, ma anche il diritto a un bonus per la firma dei giocatori.","Indem du dich dem amtierenden Meisterteam stellst, erhältst du nicht nur die Möglichkeit, deine Fähigkeiten unter Beweis zu stellen, sondern auch das Recht auf einen Bonus für Spielerunterschriften.","Al enfrentar al equipo campeón reinante, no solo tendrás la oportunidad de demostrar tus habilidades, sino también ganar el derecho a un bono por fichaje de jugadores.",現役のチャンピオンチームに挑戦することで、自分のスキルを証明するだけでなく、選手の契約ボーナスの権利を得ることができます。,"Ao enfrentar a equipe campeã reinante, você não apenas terá a oportunidade de provar suas habilidades, mas também ganhará o direito a um bônus pela contratação de jogadores.","Вы принимаете вызов от команды, обладающей титулом чемпиона, и получаете возможность не только продемонстрировать свои навыки, но и получить право на бонус за подписание игрока.",通过挑战卫冕冠军队，您不仅有机会证明自己的技术，还能获得球员签约奖励的权益。,通過挑戰衛冕冠軍隊，您不僅有機會證明自己的技能，還能獲得球員簽約獎勵的權益。,通過挑戰衛冕冠軍隊，您不僅有機會證明自己的技能，還能獲得球員簽約獎勵的權益。,현역 챔피언 팀을 상대로 함으로써 당신은 당신의 기술을 입증할 수 있는 기회를 얻을 뿐만 아니라 선수 계약 보너스의 권리도 얻을 수 있습니다.,"عن طريق مواجهة فريق البطل الحالي ، لن تحصل فقط على فرصة إثبات مهاراتك ولكن أيضًا كسب حقوق مكافأة توقيع اللاعب.","Door het aangaan van het regerende Kampioensteam, krijg je niet alleen de kans om je vaardigheden te bewijzen, maar ook het recht op een bonus voor het aantrekken van spelers.","Geçerli Şampiyon takıma karşı oynayarak, sadece yeteneklerinizi kanıtlama fırsatı elde etmekle kalmaz, aynı zamanda bir oyuncu imzalama bonus hakkı kazanırsınız.","Dengan menghadapi tim Juara bertahan, Anda tidak hanya mendapatkan kesempatan untuk membuktikan keterampilan Anda tetapi juga mendapatkan hak bonus penandatanganan pemain.",โดยการเข้าร่วมทีมแชมเปี้ยนปัจจุบันคุณไม่เพียงแค่ได้รับโอกาสในการพิสูจน์ความสามารถของคุณ แต่ยังได้รับสิทธิ์ในการเซ็นสัญญาโบนัสสำหรับผู้เล่น,"Bằng cách đối đầu với đội vô địch, bạn không chỉ có cơ hội chứng minh kỹ năng của mình mà còn có quyền nhận thưởng ký hợp đồng cầu thủ.",,,"Przyjmując wyzwanie od aktualnego zespołu mistrzowskiego, nie tylko masz możliwość udowodnienia swoich umiejętności, ale również zyskujesz prawo do premii za podpisanie zawodnika.",,
EventFinish,"Now, go claim your reward in the career mode.","Maintenant, allez réclamer votre récompense en mode carrière.","Ora, vai a reclamare la tua ricompensa nella modalità carriera.",Jetzt hol dir deine Belohnung im Karrieremodus ab.,"Ahora, ve a reclamar tu recompensa en el modo carrera.",今、キャリアモードで報酬を請求してください。,"Agora, vá reivindicar sua recompensa no modo carreira.",Теперь заберите свою награду в карьерном режиме.,现在，在职业模式中领取你的奖励。,现在，去职业模式中领取您的奖励。,现在，去职业模式中领取您的奖励。,이제 경력 모드에서 보상을 청구하세요.,"الآن، اذهب واحصل على مكافآتك في وضع الحياة المهنية.","Nu, ga je beloning opeisen in de carrièremodus.","Şimdi, kariyer modunda ödülünü al.","Sekarang, pergilah klaim hadiah Anda dalam mode karier.",ตอนนี้ไปเรียกรับรางวัลของคุณในโหมดอาชีพ,"Bây giờ, hãy đến nhận phần thưởng của bạn trong chế độ nghề nghiệp.",,,Teraz odbierz swoją nagrodę w trybie kariery.,,
PlayerChoose,Choose the player you want to sign.（Please note that each contracted player can be used for ten matches.）,Choisissez le joueur que vous souhaitez signer. (Veuillez noter que chaque joueur sous contrat peut être utilisé pour dix matchs.),Scegliere il giocatore che si desidera firmare. (Si prega di notare che ogni giocatore con contratto può essere utilizzato per dieci partite.),"Wählen Sie den Spieler aus, den Sie unterzeichnen möchten. (Bitte beachten Sie, dass jeder vertraglich gebundene Spieler für zehn Spiele eingesetzt werden kann.)","Elige al jugador que quieres fichar.（Por favor, tenga en cuenta que cada jugador contratado se puede utilizar en diez partidos.）",契約したい選手を選んでください。（契約選手は10試合に使用できます。）,"Escolha o jogador que você deseja contratar.（Por favor, tenha em mente que cada jogador contratado pode ser usado em dez partidas.）","Выберите игрока, которого вы хотите подписать. (Пожалуйста, обратите внимание, что каждый контрактный игрок может использоваться в десяти матчах.)",选择您想签约的球员。（请注意，签约奖励球员可使用十场比赛。）,选择您想签约的球员。（请注意，每名签约奖励球员可用于十场比赛。）,选择您想签约的球员。（请注意，每名签约奖励球员可用于十场比赛。）,원하는 선수를 선택하세요. (서명 보너스 선수는 각각 열 개의 게임에 이용 가능합니다.),اختر اللاعب الذي ترغب في توقيعه. (يرجى ملاحظة أنه يمكن استخدام كل لاعب مبرمج لعشر مباريات.),Kies de speler die je wilt ondertekenen.（Let op: elke gecontracteerde speler kan gebruikt worden voor tien wedstrijden.）,"İmzalı bonus oyuncuları her biri için on maç mevcuttur. Lütfen dikkat edin, her kontratlı oyuncu on maç için kullanılabilir.",Pilih pemain yang ingin Anda tandatangani. (Harap dicatat bahwa setiap pemain yang dikontrak dapat digunakan untuk sepuluh pertandingan),เลือกผู้เล่นที่คุณต้องการเซ็นสัญญา (โปรดทราบว่าผู้เล่นโบนัสที่เซ็นสัญญามีให้บริการสำหรับสิบเกมแต่ละคน),Chọn cầu thủ mà bạn muốn ký hợp đồng.（Lưu ý rằng mỗi cầu thủ ký hợp đồng có thể được sử dụng trong mười trận đấu.）,,,"Wybierz zawodnika, którego chcesz podpisać. (Pamiętaj, że każdy zawodnik z umową może być używany w dziesięciu meczach.)",,
PlayerLeave,Please note that these players are leaving the team.,Veuillez noter que ces joueurs quittent l'équipe.,Si prega di notare che questi giocatori stanno lasciando la squadra.,"Bitte beachten Sie, dass diese Spieler das Team verlassen.","Por favor, tenga en cuenta que estos jugadores están dejando el equipo.",これらのプレイヤーがチームを離れていることに注意してください。,"Por favor, observe que esses jogadores estão deixando a equipe.","Пожалуйста, обратите внимание, что эти игроки покидают команду.",请注意这些球员正在离开球队。,請注意這些球員正在離開球隊。,請注意這些球員正在離開球隊。,이 선수들이 팀을 떠나고 있다는 것을 유의하세요.,يرجى ملاحظة أن هؤلاء اللاعبين يغادرون الفريق.,Let op dat deze spelers het team verlaten.,Lütfen bu oyuncuların takımdan ayrıldığını unutmayın.,Harap perhatikan bahwa para pemain ini meninggalkan tim.,โปรดทราบว่าผู้เล่นเหล่านี้กำลังออกจากทีม,Vui lòng lưu ý rằng những cầu thủ này đang rời khỏi đội.,,,"Proszę zwrócić uwagę, że ci zawodnicy opuszczają drużynę.",,
KoreanLeagueA_PohangSteelers,Pohang,Pohang,Pohang,Pohang,Pohang,浦項,Pohang,Понанг,浦项,浦項,浦項,포항,بوهانغ,Pohang,Pohang,Pohang,โปฮัง,Pohang,,,Pohang,,
KoreanLeagueA_SeoulFC,Seoul,Séoul,Seoul,Seoul,Seúl,ソウル,Seul,Сеул,首尔,首爾,首爾,서울,سيول,Seoel,Seul,Seoul,โซล,Seoul,,,Seul,,
KoreanLeagueA_IncheonUnited,Incheon,Incheon,Incheon,Incheon,Incheon,仁川,Incheon,Инчхон,仁川,仁川聯,仁川聯,인천,إنتشون,Incheon,Incheon,Incheon,อินชอน,Incheon,,,Incheon,,
KoreanLeagueA_SuwonFC,Suwon Red,Suwon Rouge,Suwon Rosso,Suwon Rot,Suwon Rojo,スウォンレッド,Suwon Vermelho,Сувон Красный,水原红,水原紅,水原紅,수원 레드,سوون الأحمر,Suwon Rood,Suwon Kırmızısı,Suwon Merah,수원 แดง,Suwon Đỏ,,,Suwon Czerwony,,
KoreanLeagueA_DaejeonCitizen,Daejeon,Daejeon,Daejeon,Daejeon,Daejeon,大田,Daejeon,Тэджон,大田,大田,大田,대전,دايجون,Daejeon,Daejeon,Daejeon,แทจอน,Daejeon,,,Daejeon,,
KoreanLeagueA_GangwonFC,Gangneung Yellow,Gangneung Jaune,Gangneung Giallo,Gangneung Gelb,Gangneung Amarillo,カンヌングイエロー,Gangneung Amarelo,Каннён желтый,江陵黄,江陵黃,江陵黃,강릉 옐로우,كانغنيونج الأصفر,Gangneung Geel,Gangneung Sarısı,Gangneung Kuning,กังเน็ง เหลือง,Gangneung Vàng,,,Gangneung Żółty,,
KoreanLeagueA_GwangjuFC,Gwangju,Gwangju,Gwangju,Gwangju,Gwangju,光州,Gwangju,Кванджу,光州,光州,光州,광주,كوانجو,Gwangju,Gwangju,Gwangju,กวางจู,Gwangju,,,Gwangju,,
KoreanLeagueA_BusanIPark,Busan,Busan,Busan,Busan,Busan,釜山,Busan,Пусан,釜山,釜山,釜山,부산,بوسان,Busan,Busan,Busan,บูซาน,Busan,,,Busan,,
KoreanLeagueA_GimcheonSangmuFC,Gimcheon,Gimcheon,Gimcheon,Gimcheon,Gimcheon,金泉,Gimcheon,Гимчхон,金泉,金泉,金泉,김천,غيمتشون,Gimcheon,Gimcheon,Gimcheon,คิมชอน,Gimcheon,,,Gimcheon,,
KoreanLeagueA_Bucheon1995,Bucheon,Bucheon,Bucheon,Bucheon,Bucheon,富川,Bucheon,Бучхон,富川,富川,富川,부천,بوتشون,Bucheon,Bucheon,Bucheon,บูเชอน,Bucheon,,,Bucheon,,
KoreanLeagueA_GimpoFC,Gimpo,Gimpo,Gimpo,Gimpo,Gimpo,金浦,Gimpo,Гимпо,金浦,金浦,金浦,김포,جيمبو,Gimpo,Gimpo,Gimpo,กิมโป,Gimpo,,,Gimpo,,
KoreanLeagueA_JeonnamDragons,Gwangyang,Gwangyang,Gwangyang,Gwangyang,Gwangyang,光陽,Gwangyang,Гванян,光阳,光陽,光陽,광양,غوانغ يانغ,Gwangyang,Gwangyang,Gwangyang,กวางยาง,Gwangyang,,,Gwangyang,,
CompName_KoreanSuperCup,Korean Super Cup,Coupe Super Coréenne,Coppa Super Coreana,Korea-Superpokal,Supercopa de Corea,韓国スーパーカップ,Supertaça da Coreia,Корейский Суперкубок,韩国超级杯,韓國超級盃,韓國超級盃,대한민국 슈퍼컵,كأس السوبر الكوري,Korea Super Cup,Kore Süper Kupası,Piala Super Korea,สู้ที่สุดของเกาหลี,Siêu Cúp Hàn Quốc,,,Superpuchar Korei,,
CompName_KoreanLeague,Korean League,ligue Coréenne,Lega Koreana,Koreanische Liga,Liga Coreana,韓国リーグ,LIGA COREANA,Корейская Лига,韩国联赛,韓國聯賽,韓國聯賽,한국 리그,الدوري الكوري,Koreaanse Competitie,Kore ligi,Liga Korea,ลีกเกาหลี,Giải VĐQG Hàn Quốc,,,Liga Koreańska,,
CompName_DutchSuperCup,Dutch Super Cup,Super Coupe des Pays-Bas,Supercoppa olandese,Niederländischer Supercup,Supercopa de los Países Bajos,ダッチスーパーカップ,Supertaça dos Países Baixos,Голландский Суперкубок,荷兰超级杯,荷蘭超級盃,荷蘭超級盃,네덜란드 슈퍼컵,كأس السوبر الهولندي,Johan Cruijff Schaal,Hollanda Süper Kupası,Piala Super Belanda,ดัตช์ซูเปอร์คัพ,Siêu cúp Hà Lan,,,Superpuchar Holandii,,
CompName_DutchLeague,Dutch League,ligue Hollandaise,Lega Olandese,Niederländische Liga,Liga Holandesa,オランダリーグ,LIGA HOLANDESA,Голландская Лига,荷兰联赛,荷蘭聯賽,荷蘭聯賽,네덜란드 리그,الدوري الهولندي,Nederlandse Competitie,Alman ligi,Liga Belanda,ลีกฮอลแลนด์,Giải VĐQG Hà Lan,,,Liga Holenderska,,
CompName_PortugueseLeagueA,Portuguese Super League,Super Ligue portugaise,Superlega portoghese,Portugiesische Super League,Superliga portuguesa,ポルトガルスーパーリーグ,Primeira Liga,Португальская Суперлига,葡萄牙超级联赛,葡萄牙超級聯賽,葡萄牙超級聯賽,포르투갈 슈퍼리그,الدوري البرتغالي الممتاز,Portugese Super League,Portekiz Süper Ligi,Liga Super Portugis,โปรตุเกสซูเปอร์ลีก,Siêu giải Bồ Đào Nha,,,Liga Portugalska,,
CompName_PortugueseLeagueB,Portuguese League B,Ligue B portugaise,Lega portoghese B,Portugiesische Liga B,Liga portuguesa B,ポルトガルリーグB,Segunda Liga,Португальская лига B,葡萄牙B级联赛,葡萄牙B級聯賽,葡萄牙B級聯賽,포르투갈 리그 B,الدوري البرتغالي ب,Portugese B-League,Portekiz B Ligi,Liga Portugis B,โปรตุเกส ลีกบี,Bồ Đào Nha B-League,,,Liga Portugalska B,,
CompName_PortugueseLeagueC,Portuguese League C,Ligue C portugaise,Lega portoghese C,Portugiesische Liga C,Liga portuguesa C,ポルトガルリーグC,Terceira Liga de Portuguesa,Португальская лига C,葡萄牙C级联赛,葡萄牙C級聯賽,葡萄牙C級聯賽,포르투갈 리그 C,الدوري البرتغالي ج,Portugese C-League,Portekiz C Ligi,Liga Portugis C,โปรตุเกส ซีลีก,Bồ Đào Nha C-League,,,Liga Portugalska C,,
PortugueseA_Chaves,Chaves,Chaves,Chaves,Chaves,Chaves,チャベス,Chaves,Шавес,查韦斯,查韋斯,查韋斯,샤베스,تشافيز,Chaves,Chaves,Chaves,ชาเวส,Chaves,,,Chaves,,
PortugueseA_RioAveFC,Vila do Conde,Vila do Conde,Vila do Conde,Vila do Conde,Vila do Conde,カウント,Vila do Conde,Вила-ду-Конди,孔迪,孔迪,孔迪,빌라두콘드,فيلا دو كوندي,Vila do Conde,Vila do Conde,Vila do Conde,วิลา โด คอนเด,Vila do Conde,,,Vila do Conde,,
PortugueseA_CasaPiaAC,Lisboa Black,Lisbonne Noir,Lisbona Nero,Lissabon Schwarz,Lisboa Negro,リスボン 黒,Lisboa Preto,Лісабон черный,里斯本 黑,里斯本 黑,里斯本 黑,리스본 블랙,لشبونة الأسود,Lissabon Zwart,Lizbon Siyahı,Lisboa Hitam,ลิสบอนแบล็ก,Lisbon đen,,,Lizbona Czerń,,
PortugueseA_SCFarense,Faro,Faro,Faro,Faro,Faro,ファロ,Faro,Фару,法鲁,法魯,法魯,파루,فارو,Faro,Faro,Faro,ฟารู,Faro,,,Faro,,
PortugueseA_CFEstrelaAmadoraSAD,Amadora,Amadora,Amadora,Amadora,Amadora,アマドーラ,Amadora,Амадора,阿马多拉,阿馬多拉,阿馬多拉,아마도라,أمادورا,Amadora,Amadora,Amadora,อามาโดรา,Amadora,,,Amadora,,
PortugueseA_AcademicoViseu,Viseu,Viseu,Viseu,Viseu,Viseo,ヴィゼウ,Viseu,Визеу,维塞乌,維塞烏,維塞烏,비제우,فيسيو,Viseu,Viseu,Viseu,วีเซว,Viseu,,,Viseu,,
PortugueseA_CDMafra,Mafra,Mafra,Mafra,Mafra,Mafra,マフラ,Mafra,Мафра,马夫拉,馬夫拉,馬夫拉,마프라,مافرا,Mafra,Mafra,Mafra,มาฟรา,Mafra,,,Mafra,,
PortugueseA_CDNacional,Funchal BW,Funchal BW,Funchal BW,Funchal BW,Funchal BW,フンシャルBW,Funchal BW,Фуншал BW,丰沙尔BW,豐沙爾BW,豐沙爾BW,펀샬 BW,فونشال BW,Funchal BW,Funchal BW,Funchal BW,ฟุงชาล BW,Funchal BW,,,Funchal BW,,
PortugueseA_CDFeirense,Santa Maria da Feira,Santa Maria da Feira,Santa Maria da Feira,Santa Maria da Feira,Santa Maria da Feira,サンタ マリア ダ フェイラ,Santa Maria da Feira,Санта-Мария-да-Фейра,圣玛丽亚达费拉,聖瑪麗亞達費拉,聖瑪麗亞達費拉,산타마리아다페이라,سانتا ماريا دا فييرا,Santa Maria da Feira,Santa Maria da Feira,Santa Maria da Feira,ซานตามาเรีย ดา เฟยรา,Santa Maria da Feira,,,Santa Maria da Feira,,
PortugueseA_UniaodeLeiria,Leiria,Leiria,Leiria,Leiria,Leiría,レイリア,Leiria,Лейрыя,莱里亚,萊裏亞,萊裏亞,레이리아,ليريا,Leiria,Leiria,Leiria,ไลรีอา,Leiria,,,Leiria,,
PortugueseA_SCUniaoTorreense,Torres Vedras,Torres Vedras,Torres Vedras,Torres Vedras,Torres Vedras,トーレス・ベドラス,Torres Vedras,Торриш-Ведраш,托雷斯韦德拉什,托雷斯韋德拉什,托雷斯韋德拉什,토레스 베드라스,توريس فيدراس,Torres Vedras,Torres Vedras,Torres Vedras,ตอร์เรส เวดราส,Torres Vedras,,,Torres Vedras,,
PortugueseA_AvsFutebolSAD,Aves,Vila das Aves,Aves,Vila das Aves,Vila das Aves,アヴィッシュタウン,Aves,город Авиш,阿维什镇,阿維什鎮,阿維什鎮,새마을,أفيس,Vila das Aves,Vila das Aves,Aves,หมู่บ้านนก,Aves,,,Aves,,
PortugueseA_LeixoesSC,Matosinhos,Matosinhos,Matosinhos,Matosinhos,Matosinhos,マトシンホス,Matosinhos,Матозиньюш,马托西纽什,馬托西紐什,馬托西紐什,마토지뉴스,متزنيش,Matosinhos,Matosinhos,Matosinhos,มาโตซินโญส,Matosinhos,,,Matosinhos,,
PortugueseA_FCPenafiel,Penafiel,Penafiel,Penafiel,Penafiel,Penafiel,ペナフィエル,Penafiel,Пенафиэль,佩纳菲耶尔,佩納菲耶爾,佩納菲耶爾,페나피엘,بينفايل,Penafiel,Penafiel,Penafiel,เปนาฟิล,Penafiel,,,Penafiel,,
PortugueseA_UDOliveirense,Oliveira de Azeméis,Oliveira de Azeméis,Oliveira de Azeméis,Oliveira de Azeméis,Oliveira de Azeméis,オリベイラ・デ・アゼメイス,Oliveira de Azeméis,Оливейра де Аземейш,奥利韦拉迪阿泽梅什,奧利韋拉迪阿澤梅什,奧利韋拉迪阿澤梅什,올리베이라 드 아제메이스,أوليفيرا دي ازميس,Oliveira de Azeméis,Oliveira de Azeméis,Oliveira de Azeméis,โอลิเวรา เด อาเซเมส,Oliveira de Azeméis,,,Oliveira de Azeméis,,
PortugueseA_LankFCVilaverdense,Vila Verde,Vila Verde,Vila Verde,Vila Verde,Vila Verde,グリーン ヴィル,Vila Verde,Грин Вилле,韦尔迪镇,韋爾迪鎮,韋爾迪鎮,그린빌,فيلا فيردي,Vila Verde,Vila Verde,Vila Verde,กรีนวิลล์,Vila Verde,,,Vila Verde,,
PortugueseA_FCFelgueiras1932,Felgueiras,Felgueiras,Felgueiras,Felgueiras,Felgueiras,フェルゲイラス,Felgueiras,Фельгейрас,费尔盖拉什,費爾蓋拉什,費爾蓋拉什,펠게이라스,فيلجويراس,Felgueiras,Felgueiras,Felgueiras,เฟลเกอิราส,Felgueiras,,,Felgueiras,,
PortugueseA_LusitaniaFCLoursa,Lourosa,Lourosa,Lourosa,Lourosa,Lourosa,ロローサ,Lourosa,Луроса,洛罗萨,洛羅薩,洛羅薩,루로사,لوروسا,Lourosa,Lourosa,Lourosa,โลโรซา,Lourosa,,,Lourosa,,
PortugueseA_ADFafe,Fafe,Fafe,Fafe,Fafe,Fafe,ファフェ,Fafe,Фафе,法菲,法菲,法菲,파페,فافي,Fafe,Fafe,Fafe,เฟฟ,Fafe,,,Fafe,,
PortugueseA_VarzimSC,Póvoa de Varzim,Póvoa de Varzim,Póvoa de Varzim,Póvoa de Varzim,Póvoa de Varzim,ポボア・デ・バルジン,Póvoa de Varzim,Повуа-ди-Варзин,波瓦-迪瓦尔津,波瓦-迪瓦爾津,波瓦-迪瓦爾津,포보아드바르징,بوفوا دي فارزيم,Póvoa de Varzim,Póvoa de Varzim,Póvoa de Varzim,โปโวอา เดอ วาร์ซิม,Póvoa de Varzim,,,Póvoa de Varzim,,
PortugueseA_SCCovilha,Covilhã,Covilhã,Covilhã,Covilhã,Covillana,コビリャン,Covilhã,Кавільян,科维良,科維良,科維良,코빌량,كوفيليا,Covilhã,Covilhã,Covilhã,โควิลฮา,Covilhã,,,Covilhã,,
PortugueseA_AcademicaCoimbra,Coimbra,Coimbra,Coimbra,Coimbra,Coímbra,コインブラ,Coimbra,Каімбра,科英布拉,科英布拉,科英布拉,코임브라,كويمبرا,Coimbra,Coimbra,Coimbra,กูอิงบรา,Coimbra,,,Coimbra,,
PortugueseA_AtleticoCP,Lisboa Yellow,Lisbonne Jaune,Lisbona Giallo,Lissabon Gelb,Lisboa Amarillo,リスボン 黄,Lisboa Amarelo,Лиссабонский желтый,里斯本 黄,里斯本 黃,里斯本 黃,리스본 옐로우,لشبونة يلو,Lissabon Geel,Lizbon Sarısı,Lisboa Kuning,ลิสบอนสีเหลือง,Lisbon màu vàng,,,Lizbona żółta,,
PortugueseA_FCAlverca,Alverca do Ribatejo,Alverca do Ribatejo,Alverca do Ribatejo,Alverca do Ribatejo,Alverca do Ribatejo,アルヴェルカ,Alverca do Ribatejo,Альверка,阿尔韦卡,阿爾韋卡,阿爾韋卡,알베르카,الفيركا دو ريباتيجو,Alverca do Ribatejo,Alverca do Ribatejo,Alverca do Ribatejo,อัลเวอร์ก้า,Alverca do Ribatejo,,,Alverca do Ribatejo,,
Str_National_CHINA_HONG_KONG,Hong Kong,Hong Kong,Hong Kong,Hongkong,Hong Kong,香港,Hong Kong,Гонконг,香港,香港,香港,홍콩,هونج كونج,Hong Kong,Hong Kong,Hongkong,ฮ่องกง,Hồng Kông,,,Hongkong,,
CompName_PortugueseCupOld,Portuguese Cup,Coupe du Portugal,Coppa Portoghese,Portugiesischer Pokal,Copa de Portugal,ポルトガルカップ,Taça de Portugal,Кубок Португалии,葡萄牙杯,葡萄牙杯,葡萄牙杯,포르투갈 컵,كأس البرتغال,Portugese Voetbalbeker,Portekiz Kupası,Piala Portugal,ถ้วยโปรตุเกส,Cúp Bồ Đào Nha,,,Puchar Portugalii,,
PortugueseCupOld,Portuguese Cup,Coupe du Portugal,Coppa Portoghese,Portugiesischer Pokal,Copa de Portugal,ポルトガルカップ,Taça de Portugal,Кубок Португалии,葡萄牙杯,葡萄牙杯,葡萄牙杯,포르투갈 컵,كأس البرتغال,Portugese Voetbalbeker,Portekiz Kupası,Piala Portugal,ถ้วยโปรตุเกส,Cúp Bồ Đào Nha,,,Puchar Portugalii,,
CompName_BangladeshLeague,Bangladesh Super League,Super Ligue du Bangladesh,Superlega del Bangladesh,Bangladesch Super League,Superliga de Bangladesh,バングラデシュスーパーリーグ,Superliga de Bangladesh,Бангладеш Суперлига,孟加拉国A级联赛,孟加拉A級聯賽,孟加拉A級聯賽,방글라데시 슈퍼리그,الدوري البنغلاديشي الممتاز,Bangladesh Super League,Bangladeş Süper Ligi,Liga Super Bangladesh,บังคลาเทศซูเปอร์ลีก,Siêu giải đấu Bangladesh,,,Super Liga Bangladeszu,,
CompName_BangladeshLeagueA,Bangladesh Super League,Super Ligue du Bangladesh,Superlega del Bangladesh,Bangladesch Super League,Superliga de Bangladesh,バングラデシュスーパーリーグ,Superliga de Bangladesh,Бангладеш Суперлига,孟加拉国超级联赛,孟加拉超級聯賽,孟加拉超級聯賽,방글라데시 슈퍼리그,الدوري البنغلاديشي الممتاز,Bangladesh Super League,Bangladeş Süper Ligi,Liga Super Bangladesh,บังคลาเทศซูเปอร์ลีก,Siêu giải đấu Bangladesh,,,Super Liga Bangladeszu,,
CompName_BangladeshCup,Bangladesh Cup,Coupe du Bangladesh,Coppa del Bangladesh,Bangladesch-Pokal,Copa de Bangladesh,バングラデシュカップ,Copa Bangladesh,Кубок Бангладеш,孟加拉国杯,孟加拉杯,孟加拉杯,방글라데시 컵,كأس بنغلاديش,Bangladesh-beker,Bangladeş Kupası,Piala Bangladesh,บังคลาเทศ คัพ,Cúp Bangladesh,,,Puchar Bangladeszu,,
CompName_BangladeshSuperCup,Bangladesh Super Cup,Super Coupe du Bangladesh,Supercoppa del Bangladesh,Bangladesch-Superpokal,Supercopa de Bangladesh,バングラデシュスーパーカップ,Supercopa de Bangladesh,Суперкубок Бангладеш,孟加拉国超级杯,孟加拉超級杯,孟加拉超級杯,방글라데시 슈퍼컵,كأس السوبر البنغلاديشي,Supercup van Bangladesh,Bangladeş Süper Kupası,Piala Super Bangladesh,บังกลาเทศ ซูเปอร์คัพ,Siêu cúp Bangladesh,,,Superpuchar Bangladeszu,,
BangladeshLeagueA_BashundharaKings,Bashundhara Dhaka,Bashundhara Dacca,Bashundhara Dacca,Bashundhara Dhaka,Bashundhara Dhaka,ボシュンダラ ダッカ,Bashundhara Daca,Башундхара Дакка,巴顺达拉 达卡,巴順達拉 達卡,巴順達拉 達卡,바순다라 다카,باشوندهارا دكا,Bashundhara Dhaka,Bashundhara Dakka,Bashundhara Dhaka,บาชุนดารา ธากา,Bashundhara Dhaka,,,Bashundhara Dhaka,,
BangladeshLeagueA_AbahaniLimitedDhaka,Dhanmondi Dhaka Blue,Dhanmondi Dhaka Bleu,Dhanmondi Dacca Blu,Dhanmondi Dhaka Blau,Dhanmondi Dhaka Azul,ダンモンディ ダッカ ブルー,Dhanmondi Dhaka Azul,Дханмонди Дакка Блю,丹蒙迪 达卡蓝,丹蒙迪 達卡藍,丹蒙迪 達卡藍,단몬디 다카 블루,دانموندي دكا بلو,Dhanmondi Dhaka Blauw,Dhanmondi Dakka Mavi,Dhanmondi Dhaka Biru,ธันมณฑิ ธากา บลู,Dhanmondi Dhaka xanh,,,Dhanmondi Dhaka Błękit,,
BangladeshLeagueA_SheikhJamalDhanmondi,Dhanmondi Dhaka Yellow,Dhanmondi Dhaka Jaune,Dhanmondi Dacca Giallo,Dhanmondi Dhaka Gelb,Dhanmondi Dhaka Amarillo,ダンモンディ ダッカ イエロー,Dhanmondi Dhaka Amarelo,Дханмонди Дакка Желтый,丹蒙迪 达卡黄,丹蒙迪 達卡黃,丹蒙迪 達卡黃,단몬디 다카 옐로우,دانموندي دكا الأصفر,Dhanmondi Dhaka Geel,Dhanmondi Dakka Sarı,Dhanmondi Dhaka Kuning,ธันมณฑิ ธากา เหลือง,Dhanmondi Dhaka Vàng,,,Dhanmondi Dhaka Żółć,,
BangladeshLeagueA_MohammedanSC,Dhaka White,Dacca Blanc,Dacca Bianca,Dhaka White,Dacca blanco,ダッカ ホワイト,Daca Branco,Дакка Уайт,达卡 白,達卡 白,達卡 白,다카 화이트,دكا وايت,Dhaka Wit,Dakka Beyaz,Dhaka Putih,ธากาไวท์,Dhaka trắng,,,Dhaka Biel,,
BangladeshLeagueA_BangladeshPoliceFC,Dhaka Blue,Dhaka Bleu,Dacca Blu,Dhaka Blau,Dhaka Azul,ダッカ ブルー,Dhaka Azul,Дакка Блю,达卡 蓝,達卡 藍,達卡 藍,다카 블루,دكا بلو,Dhaka Blauw,Dakka Mavi,Dhaka Biru,ธากาบลู,Dhaka xanh,,,Dhaka Błękit,,
BangladeshLeagueA_SheikhRusselKC,Dhaka Dove,Colombe de Dacca,Colomba di Dhaka,Dhaka-Taube,Paloma de Daca,ダッカ・ダブ,Pomba de Daca,Дакка Дав,达卡之鸽,達卡之鴿,達卡之鴿,다카 비둘기,دكا دوف,Dhaka-duif,Dakka güvercini,Merpati Dhaka,นกพิราบธากา,chim bồ câu Dhaka,,,Dhaka Gołąb,,
BangladeshLeagueA_RahmatganjMFS,Old Dhaka,Vieux Dacca,Vecchia Dacca,Altes Dhaka,Viejo Dacca,オールドダッカ,Velha Daca,Старая Дакка,旧达卡,舊達卡,舊達卡,올드 다카,دكا القديمة,Oude Dhaka,Eski Dakka,Dhaka tua,กรุงธากาเก่า,Dhaka cổ,,,Stara Dhaka,,
BangladeshLeagueA_ChittagongAbahani,Chittagong,Chittagong,Chittagong,Chittagong,Chittagong,チッタゴン,Chatigão,Чытагонг,吉大港,吉大港,吉大港,치타공,شيتاغونغ,Chittagong,Çitagong,Chittagong,จิตตะกอง,Chittagong,,,Chittagong,,
BangladeshLeagueA_FortisFC,Badda,Badda,Badda,Badda,Badda,バッダ,Badda,Бадда,巴达,巴達,巴達,바다,بادا,Badda,Badda,Badda,แบดดา,Badda,,,Badda,,
BangladeshLeagueA_BrothersUnion,Dhaka Orange,Orange de Dacca,Dacca arancione,Dhaka-Orange,Naranja Daca,ダッカ オレンジ,Laranja Daca,Дакка Оранжевый,达卡 橙,達卡 橙,達卡 橙,다카 오렌지,دكا أورانج,Dhaka Oranje,Dakka Portakalı,Jeruk Dhaka,ธากาส้ม,Cam Dhaka,,,Dhaka Pomarańcz,,
Str_National_Pakistan,Pakistan,Pakistan,Pakistan,Pakistan,Pakistán,パキスタン,Paquistão,Пакістан,巴基斯坦,巴基斯坦,巴基斯坦,파키스탄,باكستان,Pakistan,Pakistan,Pakistan,ประเทศปากีสถาน,Pakistan,,,Pakistan,,
Str_National_Libya,Libya,Libye,Libia,Libyen,Libia,リビア,Líbia,Лівія,利比亚,利比亞,利比亞,리비아,ليبيا,Libië,Libya,Libya,ประเทศลิเบีย,Libya,,,Libia,,
CompName_SouthAfricaLeague,South Africa League,Ligue d'Afrique du Sud,Lega del Sud Africa,Südafrika-Liga,Liga de Sudáfrica,南アフリカリーグ,Liga da África do Sul,Лига Южной Африки,南非联赛,南非A級聯賽,南非A級聯賽,남아프리카 리그,دوري جنوب إفريقيا,Zuid-Afrikaanse Liga,Güney Afrika Ligi,Liga Afrika Selatan,ลีกแอฟริกาใต้,Liên đoàn Nam Phi,,,Liga Republiki Południowej Afryki,,
CompName_SouthAfricaLeagueA,South Africa Super League,Super Ligue d'Afrique du Sud,Superlega sudafricana,Südafrika Super League,Superliga de Sudáfrica,南アフリカ スーパーリーグ,Superliga da África do Sul,Суперлига Южной Африки,南非A级联赛,南非A級聯賽,南非A級聯賽,남아프리카 슈퍼리그,دوري السوبر الجنوب إفريقي,Zuid-Afrikaanse Super League,Güney Afrika Süper Ligi,Liga Super Afrika Selatan,แอฟริกาใต้ ซูเปอร์ลีก,Siêu giải đấu Nam Phi,,,Superliga Republiki Południowej Afryki,,
CompName_SouthAfricaCup,South Africa Cup,Coupe d'Afrique du Sud,Coppa del Sud Africa,Südafrika-Cup,Copa de Sudáfrica,南アフリカカップ,Copa da África do Sul,Кубок Южной Африки,南非杯,南非杯,南非杯,남아프리카 컵,كأس جنوب إفريقيا,Zuid-Afrika beker,Güney Afrika Kupası,Piala Afrika Selatan,แอฟริกาใต้ คัพ,Cúp Nam Phi,,,Puchar Republiki Południowej Afryki,,
CompName_SouthAfricaSuperCup,South Africa Super Cup,Super Coupe d'Afrique du Sud,Supercoppa del Sud Africa,Südafrika-Supercup,Supercopa de Sudáfrica,南アフリカスーパーカップ,Supercopa da África do Sul,Суперкубок Южной Африки,南非超级杯,南非超級杯,南非超級杯,남아프리카 슈퍼컵,كأس السوبر بجنوب إفريقيا,Supercup van Zuid-Afrika,Güney Afrika Süper Kupası,Piala Super Afrika Selatan,แอฟริกาใต้ ซูเปอร์คัพ,Siêu cúp Nam Phi,,,Superpuchar Republiki Południowej Afryki,,
SouthAfricaLeagueA_MamelodiSundownsFC,Mamelodi,Mamelodi,Mamelodi,Mamelodi,Mamelodi,マメロディ,Mamelodi,Мамелоди,马姆洛迪,馬姆洛迪,馬姆洛迪,마멜로디,ماميلودي,Mamelodi,Mamelodi,Mamelodi,มาเมโลดี,Mamelodi,,,Mamelodi,,
SouthAfricaLeagueA_OrlandoPirates,Soweto Black,Soweto Noir,Soweto Nero,Soweto Black,Soweto Negro,ソウェト ブラック,Soweto Preto,Соуэто Блэк,索韦托 黑,索韋托 黑,索韋托 黑,소웨토 블랙,سويتو بلاك,Soweto Zwart,Soweto Siyah,Soweto Hitam,โซเวโต แบล็ค,Soweto đen,,,Soweto Czerń,,
SouthAfricaLeagueA_KaizerChiefs,Johannesburg South,Johannesbourg Sud,Johannesburg Sud,Johannesburg Süd,Johannesburgo Sur,ヨハネスブルグ南部,Joanesburgo Sul,Йоханнесбург Юг,约翰内斯堡南,約翰尼斯堡南,約翰尼斯堡南,요하네스버그 남부,جوهانسبرغ الجنوبية,Johannesburg Zuid,Johannesburg Güney,Johannesburg Selatan,โจฮันเนสเบิร์ก เซาท์,Nam Johannesburg,,,Johannesburg Południe,,
SouthAfricaLeagueA_AmaZuluFC,Durban Green,Vert Durban,Durban Verde,Verde Durban,Durban Green,ダーバングリーン,Verde Durban,Дурбан Грин,德班 绿,德班 綠,德班 綠,더반 그린,ديربان جرين,Durban Groen,Durban Yeşili,Durban Hijau,เดอร์บาน กรีน,Durban xanh,,,Durban Zieleń,,
SouthAfricaLeagueA_SiweleleFC,Bloemfontein,Bloemfontein,Bloemfontein,Bloemfontein,Bloemfontein,ブルームフォンテーン,Bloemfontein,Блумфонтейн,布隆方丹,布隆方丹,布隆方丹,블룸폰테인,بلومفونتين,Bloemfontein,Bloemfontein,Bloemfontein,บลูมฟอนเทน,Bloemfontein,,,Bloemfontein,,
SouthAfricaLeagueA_LamontvilleGoldenArrows,Durban Gold,L'or de Durban,Durban Oro,Durban-Gold,Oro de Durban,ダーバン ゴールド,Ouro de Durban,Дурбан Голд,德班 金,德班 金,德班 金,더반 골드,ديربان جولد,Durban-goud,Durban Altın,Emas Durban,เดอร์บานโกลด์,Vàng Durban,,,Durban Złoto,,
SouthAfricaLeagueA_CapeTownCityFC,Cape Town Blue,Bleu du Cap,Blu di Città del Capo,Kapstadtblau,Ciudad del Cabo Azul,ケープタウンブルー,Cidade do Cabo Azul,Кейптаун Блю,开普敦 蓝,開普敦 藍,開普敦 藍,케이프타운 블루,كيب تاون بلو,Kaapstad Blauw,Cape Town Mavisi,Tanjung Kota Biru,เคปทาวน์บลู,Cape Town màu xanh,,,Kapsztad Błękit,,
SouthAfricaLeagueA_MorokaSwallowsFC,Soweto White,Soweto Blanc,Soweto Bianco,Soweto White,Soweto Blanco,ソウェト ホワイト,Soweto Branco,Соуэто Белый,索韦托 白,索韋托 白,索韋托 白,소웨토 화이트,سويتو وايت,Soweto Wit,Soweto Beyaz,Soweto Putih,โซเวโต ไวท์,Soweto trắng,,,Soweto Biel,,
SouthAfricaLeagueA_SekhukhuneUnitedFC,Kempton Park,Kempton Park,Kempton Park,Kempton Park,Parque Kempton,ケンプトン パーク,Parque Kempton,Кемптон Парк,肯普顿公园,肯普頓公園,肯普頓公園,켐튼 파크,كمبتون بارك,Kemptonpark,Kempton Parkı,Taman Kempton,เคมป์ตัน พาร์ค,Công viên Kempton,,,Kempton Park,,
SouthAfricaLeagueA_StellenboschFC,Stellenbosch,Stellenbosch,Stellenbosch,Stellenbosch,Stellenbosch,ステレンボッシュ,Stellenbosch,Стелленбош,斯泰伦博斯,斯泰倫博斯,斯泰倫博斯,스텔렌보스,ستيلينبوش,Stellenbosch,Stellenbosch,Stellenbosch,สเตลเลนบอช,Stellenbosch,,,Stellenboscha,,
SouthAfricaLeagueA_ChippaUnited,Port Elizabeth,Port Elizabeth,Port Elizabeth,Port Elizabeth,Puerto Elizabeth,ポート・エリザベス,Porto Elizabeth,Порт-Элізабет,伊丽莎白港,伊莉莎白港,伊莉莎白港,포트엘리자베스,بورت إليزابيث,Port Elizabeth,Port Elizabeth,Port Elizabeth,พอร์ตเอลิซาเบท,Port Elizabeth,,,Port Elizabeth,,
SouthAfricaLeagueA_RichardsBayFC,Richards Bay,Richards Bay,Richards Bay,Richards Bay,Richards Bay,リチャーズ ベイ,Baía de Richards,Ричардс Бэй,理查兹湾,理查茲灣,理查茲灣,리차드 베이,خليج ريتشاردز,Richardsbaai,Richards Körfezi,Teluk Richards,ริชาร์ดเบย์,Richards Bay,,,Richards Bay,,
SouthAfricaLeagueA_TSGalaxyFC,Mpumalanga,Mpumalanga,Mpumalanga,Mpumalanga,Mpumalanga,ムプマランガ,Mepumalanga,Мпумаланга,姆普马兰加,姆普馬蘭加,姆普馬蘭加,음푸말랑가주,مبومالانجا,Mpumalanga,Mpumalanga,Mpumalanga,มปูมาลังกา,Mpumalanga,,,Mpumalanga,,
SouthAfricaLeagueA_RoyalAMFC,Durban Black,Durban Noir,Durban Nero,Durban Schwarz,Durban Negro,ダーバンブラック,Durban Preto,Дурбан Блэк,德班 黑,德班 黑,德班 黑,더반 블랙,ديربان بلاك,Durban Zwart,Durban Siyahı,Durban Hitam,เดอร์บาน แบล็ค,Durban đen,,,Durban Czerń,,
SouthAfricaLeagueA_CapeTownSpursFC,Cape Town Red,Rouge du Cap,Città del Capo Rossa,Kapstadtrot,Ciudad del Cabo Rojo,ケープタウンレッド,Cidade do Cabo Vermelho,Кейптаун Красный,开普敦 红,開普敦 紅,開普敦 紅,케이프타운 레드,كيب تاون ريد,Kaapstad Rood,Cape Town Kırmızı,Tanjung Kota Merah,เคปทาวน์สีแดง,Cape Town đỏ,,,Kapsztad Czerwień,,
SouthAfricaLeagueA_PolokwaneCityFC,Polokwane,Polokwane,Polokwane,Polokwane,Polokwane,ポロクワネ,Polokwane,Палакванэ,波洛夸内,波洛誇內,波洛誇內,폴로콰네,بولوكواني,Polokwane,Polokwane,Polokwane,โพโลควานี,Polokwane,,,Polokwane,,
Str_National_Mozambique,Mozambique,Mozambique,Mozambico,Mosambik,Mozambique,モザンビーク,Moçambique,Мозамбик,莫桑比克,莫三比克,莫三比克,모잠비크,موزمبيق,Mozambique,Mozambik,Mozambik,ประเทศโมซัมบิก,Mozambique,,,Mozambik,,
CompName_MalaysiaLeague,Malaysia League,Ligue de Malaisie,Lega della Malesia,Malaysia-Liga,Liga de Malasia,マレーシアリーグ,Liga da Malásia,Малайзийская лига,马来西亚联赛,馬來西亞聯賽,馬來西亞聯賽,말레이시아 리그,الدوري الماليزي,Maleisië Liga,Malezya Ligi,Liga Malaysia,ลีกมาเลเซีย,Giải Malaysia,,,Liga Malezji,,
CompName_MalaysiaLeagueA,Malaysia Super League,Ligue de Malaisie A,Lega della Malaysia A,Malaysia Liga A,Liga de Malasia A,マレーシアリーグA,Liga da Malásia A,Малайзийская Лига A,马来西亚联赛 A,馬來西亞聯賽 A,馬來西亞聯賽 A,말레이시아 리그 A,دوري ماليزيا أ,Malaysia League A,Malezya Ligi A,Liga Malaysia A,มาเลเซียลีก A,Giải Malaysia A,,,Liga Malezji A,,
CompName_MalaysiaCup,Malaysia Cup,Coupe de Malaisie,Coppa della Malesia,Malaysischer Pokal,Copa de Malasia,マレーシアカップ,Copa da Malásia,Кубок Малайзии,马来西亚杯,馬來西亞杯,馬來西亞杯,말레이시아 컵,كأس ماليزيا,Maleisische Beker,Malezya Kupası,Piala Malaysia,มาเลเซีย คัพ,Cúp Malaysia,,,Puchar Malezji,,
CompName_MalaysiaSuperCup,Malaysia Super Cup,Super Coupe de Malaisie,Supercoppa della Malesia,Malaysischer Superpokal,Supercopa de Malasia,マレーシアスーパーカップ,Supercopa da Malásia,Суперкубок Малайзии,马来西亚超级杯,馬來西亞超級杯,馬來西亞超級杯,말레이시아 슈퍼컵,كأس السوبر الماليزي,Maleisische Supercup,Malezya Süper Kupası,Piala Super Malaysia,มาเลเซียน ซูเปอร์คัพ,Siêu Cúp Malaysia,,,Superpuchar Malezji,,
MalaysiaLeagueA_SelangorFC,Petaling Jaya,Petaling Jaya,Petaling Jaya,Petaling Jaya,Petaling Jaya,ペタリン ジャヤ,Petaling Jaya,Петалинг-Джая,八打灵再也,八打靈再也,八打靈再也,프탈링자야,بيتالينغ جايا,Petaling Jaya,Petaling Jaya,Petaling Jaya,เปอตาลิง จายา,Petaling Jaya,,,Petaling Jaya,,
MalaysiaLeagueA_KedahDarulAmanFC,Alor Setar,Alor Setar,Alor Setar,Alor Setar,Alor Setar,アロースター,Alor Setar,Алор-Сетар,亚罗士打,亞羅士打,亞羅士打,알로르스타르,ألور ستار,Alor Setar,Alor Setar,Alor Setar,อาโลร์เซอตาร์,Alor Setar,,,Alor Setar,,
MalaysiaLeagueA_SabahFC,Kota Kinabalu,Kota Kinabalu,Kota Kinabalu,Kota Kinabalu,Kota Kinabalu,コタキナバル,Kota Kinabalu,Кота-Кинабалу,亚庇,亞庇,亞庇,코타키나발루,كوتا كينابالو,Kota Kinabalu,Kota Kinabalu,Kota Kinabalu,โกตากีนาบาลู,Kota Kinabalu,,,Kota Kinabalu,,
MalaysiaLeagueA_KualaLumpurCityFC,Cheras,Cheras,Cheras,Cheras,Cheras,チェラス,Cheras,Черас,蕉赖,蕉賴,蕉賴,체라스,تشيراس,Cheras,Cheras,Cheras,เชรัส,Cheras,,,Cheras,,
MalaysiaLeagueA_TerengganuFC,Kuala Terengganu,Kuala Terengganu,Kuala Terengganu,Kuala Terengganu,Kuala Terengganu,クアラトレンガヌ,Kuala Terengganu,Куала-Тренгану,瓜拉登嘉楼,瓜拉登嘉樓,瓜拉登嘉樓,쿠알라트렝가누,كوالا ترغكانو,Kuala Terengganu,Kuala Terengganu,Kuala Terengganu,กัวลาเตอเริงกานู,Kuala Terengganu,,,Kuala Terengganu,,
MalaysiaLeagueA_SriPahangFC,Kuantan,Kuantan,Kuantan,Kuantan,Kuantan,クアンタン,Kuantan,Куантан,关丹,關丹,關丹,쿠안탄,كوانتان,Kuantan,Kuantan,Kuantan,กวนตัน,Kuantan,,,Kuantan,,
MalaysiaLeagueA_NegeriSembilanFC,Seremban,Seremban,Seremban,Seremban,Seremban,スレンバン,Seremban,Серембан,芙蓉,芙蓉,芙蓉,스름반,سرمبن,Seremban,Seremban,Seremban,เซอเริมบัน,Seremban,,,Seremban,,
MalaysiaLeagueA_KuchingCity,Kuching,Kuching,Kuching,Kuching,Kuching,クチン,Kuching,Кучинг,古晋,古晉,古晉,쿠칭,كوتشينغ,Kuching,Kuching,Kuching,กูจิง,Kuching,,,Kuching,,
MalaysiaLeagueA_PenangFC,George Town,George Town,George Town,George Town,George Town,ジョージタウン,George Town,Джорджтаун,乔治市,喬治市,喬治市,조지타운,جورج تاون,George Town,George Town,George Town,จอร์จทาวน์,George Town,,,George Town,,
MalaysiaLeagueA_PerakFC,Ipoh,Ipoh,Ipoh,Ipoh,Ipoh,イポー,Ipoh,Ипох,怡保,怡保,怡保,이포,إيبوه,Ipoh,Ipoh,Ipoh,อีโปะฮ์,Ipoh,,,Ipoh,,
MalaysiaLeagueA_KelantanUnited,Kota Bharu Deer,Kota Bharu Cerf,Kota Bharu Cervo,Kota Bharu Reh,Kota Bharu Ciervo,コタバル 鹿,Kota Bharu Veado,Кота-Бару Олень,哥打巴鲁 鹿,哥打巴魯 鹿,哥打巴魯 鹿,코타바루 사슴,كوتا بهارو أيل,Kota Bharu Hert,Kota Bharu Geyik,Kota Bharu Rusa,เมืองใหม่กวาง,Kota Bharu Con nai,,,Kota Bharu Jeleń,,
MalaysiaLeagueA_KelantanFC,Kota Bharu Warrior,Kota Bharu Guerrier,Kota Bharu Guerriero,Kota Bharu Krieger,Kota Bharu Guerrero,コタバル 戦士,Kota Bharu,Кота-Бару Воин,哥打巴鲁 勇士,哥打巴魯 勇士,哥打巴魯 勇士,코타바루 전사,كوتا بهارو محارب,Kota Bharu Strijder,Kota Bharu Savaşçı,Kota Bharu Pejuang,เมืองใหม่นักรบ,Kota Bharu Chiến binh,,,Kota Bharu Wojownik,,
MalaysiaLeagueA_PDRMFC,Petaling Jaya Blue,Bleu du Petaling Jaya,Blu di Petaling Jaya,Petaling Jaya Blau,Petaling Jaya Azul,ペタリン ジャヤ ブルー,Petaling Jaya Azul,Петалинг-Джая Блю,八打灵再也 蓝,八打靈再也 藍,八打靈再也 藍,프탈링자야 블루,بيتالينغ جايا بلو,Petaling Jaya Blauw,Petaling Jaya Mavi,Petaling Jaya Biru,เปอตาลิง จายา สีฟ้า,Petaling Jaya xanh,,,Petaling Jaya Błękit,,
MalaysiaLeagueA_KualaLumpurRovers,Kuala Lumpur Red,Kuala Lumpur Rouge,Kuala Lumpur Rosso,Kuala Lumpur Rot,Kuala Lumpur Rojo,クアラルンプール・レッド,Kuala Lumpur Vermelho,Куала-Лумпур Красный,吉隆坡红,吉隆坡紅,吉隆坡紅,쿠알라룸푸르 레드,كوالالمبور الأحمر,Kuala Lumpur Rood,Kuala Lumpur Kırmızısı,Kuala Lumpur Merah,กัวลาลัมเปอร์ แดง,Kuala Lumpur Đỏ,,,Kuala Lumpur Czerwony,,
MalaysiaLeagueA_HariniFC,Selangor Red,Selangor Rouge,Selangor Rosso,Selangor Rot,Selangor Rojo,セランゴール・レッド,Selangor Vermelho,Селангор Красный,雪兰莪红,雪蘭莪紅,雪蘭莪紅,셀랑고르 레드,سلانجور الأحمر,Selangor Rood,Selangor Kırmızısı,Selangor Merah,สลังงอร์ แดง,Selangor Đỏ,,,Selangor Czerwony,,
Str_National_Saint_Kitts_and_Nevis,Saint Kitts and Nevis,Saint-Christophe-et-Niévès,Saint Kitts e Nevis,St. Kitts und Nevis,San Cristóbal y Nieves,セントクリストファー・ネーヴィス,Saint Kitts e Nevis,Сент-Китс и Невис,圣基茨和尼维斯,聖基茨和尼維斯,聖基茨和尼維斯,세인트키츠 네비스,سانت كيتس ونيفيس,Sint-Christoffel en Nieuwes,Saint Kitts ve Nevis,Saint Kitts dan Nevis,เซนต์คริสต์opheอและเนวิส,Saint Kitts và Nevis,,,Saint Kitts i Nevis,,
CompName_JapanLeagueB,Japanese League B,Ligue Japonaise B,Lega Giapponese B,Japanische Liga B,Liga Japonesa B,日本リーグB,Liga Japonesa B,Японская лига B,日本B级联赛,日本B級聯賽,日本B級聯賽,일본 리그 B,الدوري الياباني B,Japanse Liga B,Japon Ligi B,Liga Jepang B,ลีกญี่ปุ่น B,Giải bóng đá Nhật Bản,,,Liga Japońska B,,
CompName_JapanLeagueC,Japanese League C,Ligue Japonaise C,Lega Giapponese B,Japanische Liga C,Liga Japonesa C,日本リーグC,Liga Japonesa C,Японская лига C,日本C级联赛,日本C級聯賽,日本C級聯賽,일본 리그 C,الدوري الياباني C,Japanse Liga C,Japon Ligi C,Liga Jepang C,ลีกญี่ปุ่น C,Giải bóng đá Nhật Bản C,,,Liga Japońska C,,
CompName_JapanCupOld,Japanese Cup,Coupe du Japon,Coppa del Giappone,Japan-Pokal,Copa Japonesa,ジャパンカップ,TAÇA JAPONESA,Кубок Японии,日本杯,日本杯,日本杯,일본 컵,كأس اليابان,Japanse beker,Japon Kupası,Piala Jepang,ถ้วยญี่ปุ่น,Cúp Nhật Bản,,,Puchar Japonii,,
JapanCupOld,Japanese Cup,Coupe du Japon,Coppa del Giappone,Japan-Pokal,Copa Japonesa,ジャパンカップ,TAÇA JAPONESA,Кубок Японии,日本杯,日本杯,日本杯,일본 컵,كأس اليابان,Japanse beker,Japon Kupası,Piala Jepang,ถ้วยญี่ปุ่น,Cúp Nhật Bản,,,Puchar Japonii,,
JapanLeagueA_MachidaZelvia,Machida,Machida,Machida,Machida,Machida,町田,Machida,Матида,町田,町田,町田,마치다시,ماتشيدا,Machida,Machida,Machida,มาจิดะ,Machida,,,Machida,,
JapanLeagueA_JúbiloIwata,Iwata,Iwata,Iwata,Iwata,Iwata,磐田,Iwata,Ивата,磐田,磐田,磐田,이와타시,إيواتا,Iwata,Iwata,Iwata,อิวาตะ,Iwata,,,Iwata,,
JapanLeagueA_TokyoVerdy,Inagi,Inagi,Inagi,Inagi,Inagi,稲城,Inagi,Инаги,稻城,稻城,稻城,이나기시,إناغي,Inagi,Inagi,Inagi,อินางิ,Inagi,,,Inagi,,
JapanLeagueA_ShimizuS-Pulse,Shimizu,Shimizu,Shimizu,Shimizu,Shimizu,清水,Shimizu,Симидзу,清水,清水,清水,시미즈정,بلدة شيميزو,Shimizu,Shimizu,Shimizu,ตำบลชิมิซุ,Shimizu,,,Shimizu,,
JapanLeagueA_MontedioYamagata,Tendō,Tendō,Tendō,Tendō,Tendō,天童,Tendō,Тендо,天童,天童,天童,덴도시,تيندو,Tendo,Tendō,Tendō,เท็นโด,Tendō,,,Tendō,,
JapanLeagueA_V-VarenNagasaki,Nagasaki,Nagasaki,Nagasaki,Nagasaki,Nagasaki,長崎,Nagasaki,Нагасаки,长崎,長崎,長崎,나가사키시,ناغاساكي,Nagasaki,Nagasaki,Nagasaki,นางาซากิ,Nagasaki,,,Nagasaki,,
JapanLeagueA_FagianoOkayama,Okayama,Okayama,Okayama,Okayama,Okayama,岡山,Okayama,Окаяма,冈山,岡山,岡山,오카야마시,أوكاياما,Okayama,Okayama,Okayama,โอกายามะ,Okayama,,,Okayama,,
JapanLeagueA_JEFUnitedChiba,Chiba,Chiba,Chiba,Chiba,Chiba,千葉,Chiba,Тиба,千叶,千葉,千葉,지바현,تشيبا,Chiba,Chiba,Chiba,จังหวัดชิบะ,Chiba,,,Chiba,,
JapanLeagueA_OitaTrinita,Ōita,Ōita,Ōita,Ōita,Ōita,大分,Ōita,Оита,大分,大分,大分,오이타현,أويتا,Ōita,Ōita,Ōita,จังหวัดโออิตะ,Ōita,,,Ōita,,
JapanLeagueA_VegaltaSendai,Sendai,Sendai,Sendai,Sendai,Sendai,仙台,Sendai,Сендай,仙台,仙臺,仙臺,센다이시,سنداي,Sendai,Sendai,Sendai,เซ็นได,Sendai,,,Sendai,,
JapanLeagueA_TokushimaVortis,Tokushima,Tokushima,Tokushima,Tokushima,Tokushima,徳島,Tokushima,Токусима,德岛,德島,德島,도쿠시마현,توكوشيما,Tokushima,Tokushima,Tokushima,จังหวัดโทกูชิมะ,Tokushima,,,Tokushima,,
JapanLeagueA_VentforetKofu,Kōfu,Kōfu,Kōfu,Kōfu,Kōfu,甲府,Kōfu,Кофу,甲府,甲府,甲府,고후시,كوفو,Kofu,Kōfu,Kōfu,โคฟุ,Kōfu,,,Kōfu,,
JapanLeagueA_RenofaYamaguchi,Yamaguchi,Yamaguchi,Yamaguchi,Yamaguchi,Yamaguchi,山口,Yamaguchi,Ямагути,山口,山口,山口,야마구치현,ياماغوتشي,Yamaguchi,Yamaguchi,Yamaguchi,จังหวัดยามางูจิ,Yamaguchi,,,Yamaguchi,,
JapanLeagueA_KagoshimaUnited,Kagoshima,Kagoshima,Kagoshima,Kagoshima,Kagoshima,鹿児島,Kagoshima,Кагосима,鹿儿岛,鹿兒島,鹿兒島,가고시마현,كاغوشيما,Kagoshima,Kagoshima,Kagoshima,จังหวัดคาโงชิมะ,Kagoshima,,,Kagoshima,,
JapanLeagueA_BlaublitzAkita,Akita,Akita,Akita,Akita,Akita,秋田,Akita,Акита,秋田,秋田,秋田,아키타현,أكيتا,Akita,Akita,Akita,จังหวัดอากิตะ,Akita,,,Akita,,
JapanLeagueA_TochigiSC,Utsunomiya,Utsunomiya,Utsunomiya,Utsunomiya,Utsunomiya,宇都宮,Utsunomiya,Уцуномия,宇都宫,宇都宮,宇都宮,우쓰노미야시,أوتسونوميا,Utsunomiya,Utsunomiya,Utsunomiya,อุตสึโนมิยะ,Utsunomiya,,,Utsunomiya,,
JapanLeagueA_ThespaGunma,Maebashi,Maebashi,Maebashi,Maebashi,Maebashi,前橋,Maebashi,Маэбаси,前桥,前橋,前橋,마에바시시,مايه-باشي,Maebashi,Maebashi,Maebashi,มาเอบาชิ,Maebashi,,,Maebashi,,
JapanLeagueA_MitoHollyHock,Mito,Mito,Mito,Mito,Mito,水戸,Mito,Мито,水户,水戶,水戶,미토시,ميتو,Mito,Mito,Mito,มิโตะ,Mito,,,Mito,,
JapanLeagueA_FujiedaMYFC,Fujieda,Fujieda,Fujieda,Fujieda,Fujieda,藤枝,Fujieda,Фудзиэда,藤枝,藤枝,藤枝,후지에다시,فوجيدا,Fujieda,Fujieda,Fujieda,ฟูจิเอดะ,Fujieda,,,Fujieda,,
JapanLeagueA_EhimeFC,Matsuyama,Matsuyama,Matsuyama,Matsuyama,Matsuyama,松山,Matsuyama,Мацуяма,松山,松山,松山,마쓰야마시,ماتسوياما,Matsuyama,Matsuyama,Matsuyama,มัตสึยามะ,Matsuyama,,,Matsuyama,,
JapanLeagueA_IwakiFC,Iwaki,Iwaki,Iwaki,Iwaki,Iwaki,いわき,Iwaki,Иваки,磐城,磐城,磐城,이와키시,لواكي,Iwaki,Iwaki,Iwaki,อิวากิ,Iwaki,,,Iwaki,,
JapanLeagueA_RoassoKumamoto,Kumamoto,Kumamoto,Kumamoto,Kumamoto,Kumamoto,熊本,Kumamoto,Кумамото,熊本,熊本,熊本,구마모토시,كوماموتو,Kumamoto,Kumamoto,Kumamoto,คูมาโมโตะ,Kumamoto,,,Kumamoto,,
JapanLeagueA_ZweigenKanazawa,Kanazawa,Kanazawa,Kanazawa,Kanazawa,Kanazawa,金沢,Kanazawa,Канадзава,金泽,金澤,金澤,가나자와시,كانازاوا,Kanazawa,Kanazawa,Kanazawa,คานาซาวะ,Kanazawa,,,Kanazawa,,
JapanLeagueA_OmiyaArdija,Ōmiya,Ōmiya,Ōmiya,Ōmiya,Ōmiya,大宮,Ōmiya,Омия,大宫,大宮,大宮,오미야구,أوميا,Ōmiya,Ōmiya,Ōmiya,เขตโอมิยะ,Ōmiya,,,Ōmiya,,
CompName_EgyptianLeague,Egyptian League,Ligue Egyptienne,Lega Egitto,Ägypten Liga,Liga Egipto,エジプトリーグ,Liga Egito,Египта Лига,埃及联赛,埃及聯賽,埃及聯賽,이집트 리그,الدوري المصري,Egypte Competitie,Mısır ligi,Liga Mesir,ลีกอียิปต์,Giải đấu Ai Cập,,,Liga Egipska,,
CompName_EgyptianLeagueA,Egyptian League A,Ligue Egyptienne A,Lega Egitto A,Ägypten Liga A,Liga Egipto A,エジプトリーグ A,Liga Egito A,Египта Лига A,埃及甲级联赛,埃及甲級聯賽,埃及甲級聯賽,이집트 리그 A,الدوري المصري A,Egypte Competitie A,Mısır ligi A,Liga Mesir A,ลีกอียิปต์ A,Giải đấu Ai Cập A,,,Liga Egipska A,,
CompName_EgyptianLeagueB,Egyptian League B,Ligue Egyptienne B,Lega Egitto B,Ägypten Liga B,Liga Egipto B,エジプトリーグ B,Liga Egito B,Египта Лига B,埃及乙级联赛,埃及乙級聯賽,埃及乙級聯賽,이집트 리그 B,الدوري المصري B,Egypte Competitie B,Mısır ligi B,Liga Mesir B,ลีกอียิปต์ B,Giải đấu Ai Cập B,,,Liga Egipska B,,
CompName_EgyptianLeagueC,Egyptian League C,Ligue Egyptienne C,Lega Egitto C,Ägypten Liga C,Liga Egipto C,エジプトリーグ C,Liga Egito C,Египта Лига C,埃及丙级联赛,埃及丙級聯賽,埃及丙級聯賽,이집트 리그 C,الدوري المصري C,Egypte Competitie C,Mısır ligi C,Liga Mesir C,ลีกอียิปต์ C,Giải đấu Ai Cập C,,,Liga Egipska C,,
CompName_EgyptianCup,Egyptian Cup,Coupe Egyptienne,Coppa Egiziana,Ägyptischer Pokal,Copa Egipcia,エジプトカップ,Taça Egípcia,Египетский кубок,埃及杯,埃及杯,埃及杯,이집트 컵,كأس مصر,Egyptische Beker,Mısır Kupası,Piala Mesir,ถ้วยอียิปต์,Cúp Ai Cập,,,Puchar Egiptu,,
CompName_EgyptianSuperCup,Egyptian Super Cup,Super Coupe Egyptienne,Supercoppa Egiziana,Ägyptischer Superpokal,Supercopa Egipcia,エジプトスーパーカップ,Supertaça Egípcia,Египетский Суперкубок,埃及超级杯,埃及超級杯,埃及超級杯,이집트 슈퍼컵,كأس السوبر المصري,Egyptische Super Cup,Mısır Süper Kupası,Super Piala Mesir,ซุปเปอร์คัพอียิปต์,Siêu cúp Ai Cập,,,Superpuchar Egiptu,,
EgyptianLeagueA_PyramidsFC,New Cairo,Nouveau Caire,Nuovo Cairo,Neu-Kairo,Nuevo Cairo,ニューカイロ,Novo Cairo,Новый Каир,新开罗,新開羅,新開羅,뉴카이로,القاهرة الجديدة,Nieuw Caïro,Yeni Kahire,Kairo Baru,นิวไคโร,Cairo mới,,,Nowy Kair,,
EgyptianLeagueA_ZamalekSC,Giza White,Gizeh Blanc,Giza Bianco,Gizeh Weiß,Guiza Blanco,ギーザ 白,Gizé Branco,Эль-Гиза Белый,吉萨 白,吉薩 白,吉薩 白,기자 흰색,الجيزة أزرق,Gizeh Wit,Gize Beyaz,Giza Putih,กีซา ขาว,Giza Trắng,,,Giza Biel,,
EgyptianLeagueA_CleopatraFC,Giza Red,Gizeh Rouge,Giza Rosso,Gizeh Rot,Guiza Rojo,ギーザ 赤,Gizé Vermelho,Эль-Гиза Красный,吉萨 红,吉薩 紅,吉薩 紅,기자 빨간색,الجيزة أسود,Gizeh Rood,Gize Kırmızı,Giza Merah,กีซา แดง,Giza Đỏ,,,Giza Czerwień,,
EgyptianLeagueA_ElMasrySC,Port Said,Port-Saïd,Porto Said,Port Said,Puerto Saíd,ポートサイド,Porto Saíde,Порт-Саид,塞得港,塞得港,塞得港,포트사이드,بورسعيد,Port Said,Port Said,Bursaid,พอร์ตซาอิด,Port Said,,,Port Said,,
EgyptianLeagueA_BankElAhly,Cairo Orange,Le Caire Orange,Il Cairo Arancione,Kairo Orange,El Cairo Naranja,カイロ オレンジ,Cairo Laranja,Каир Оранжевый,开罗 橙,開羅 橙,開羅 橙,카이로 주황색,القاهرة الأحمر والأسود مستقبل,Caïro Oranje,Kahire Turuncu,Kairo Oranye,ไคโรแดงและดำ สีส้ม,Cairo Màu cam,,,Kair Pomarańcz,,
EgyptianLeagueA_ModernFutureFC,Cairo Future,Le Caire Futur,Il Cairo Futuro,Kairo Zukunft,El Cairo Futuro,カイロ 未来,Cairo Futuro,Каир Будущее,开罗 未来,開羅 未來,開羅 未來,카이로 미래,القاهرة الأحمر والأسود برتقالي,Caïro Toekomst,Kahire Gelecek,Kairo Masa Depan,ไคโรแดงและดำ อนาคต,Cairo Tương lai,,,Kair Przyszłość,,
EgyptianLeagueA_Tala'eaElGaish,Cairo RB,Le Caire RB,Il Cairo RB,Kairo RB,El Cairo RB,カイロ RB,Cairo RB,Каир RB,开罗 红黑,開羅 紅黑,開羅 紅黑,카이로 RB,القاهرة الأحمر والأسود,Caïro RB,Kahire RB,Kairo RB,ไคโรแดงและดำ,Cairo RB,,,Kair RB,,
EgyptianLeagueA_IttihadAlexandriaSC,Alexandria Green,Alexandrie Vert,Alessandria Vert,Alexandria Vert,Alejandría Verde,アレクサンドリア 緑,Alexandria Verde,Александрия Зелёный,亚历山大 绿,亞曆山大 綠,亞曆山大 綠,알렉산드리아 녹색,الإسكندرية أخضر,Alexandrië Groen,İskenderiye Yeşil,Aleksandria Hijau,อะเล็กซานเดรีย เขียว,Alexandria Xanh,,,Aleksandria Zieleń,,
EgyptianLeagueA_ElMokawloonSC,Nasr City,Nasr Ville,Nasr,Nasr City,Madīnat an-Naṣr,ナスル市,Cidade Nasr,Наср Сити,纳斯尔市,納斯爾市,納斯爾市,나스르 시티,مدينة نصر,Nasr Stad,Nasr City,Kota Nasr,นาสร์ซิตี้,Thành phố Nasr,,,Nasr City,,
EgyptianLeagueA_ZedFC,Giza Black,Gizeh Noir,Giza Nero,Gizeh Schwarz,Guiza Negro,ギーザ 黒,Gizé Preto,Эль-Гиза Черный,吉萨 黑,吉薩 黑,吉薩 黑,기자 검정색,الجيزة أحمر,Gizeh Zwart,Gize Siyah,Giza Hitam,กีซา ดำ,Giza Đen,,,Giza Czerń,,
EgyptianLeagueA_PharcoFC,Alexandria Orange,Alexandrie Orange,Alessandria Arancione,Alexandria Orange,Alejandría Naranja,アレクサンドリア オレンジ,Alexandria Laranja,Александрия Оранжевый,亚历山大 橙,亞曆山大 橙,亞曆山大 橙,알렉산드리아 주황색,الإسكندرية مستقبل,Alexandrië Oranje,İskenderiye Turuncu,Aleksandria Oranye,อะเล็กซานเดรีย สีส้ม,Alexandria Màu cam,,,Aleksandria Pomarańcz,,
EgyptianLeagueA_SmouhaSC,Alexandria Blue,Alexandrie Bleu,Alessandria Blu,Alexandria Blau,Alejandría Azul,アレクサンドリア 青,Alexandria Azul,Александрия Синий,亚历山大 蓝,亞曆山大 藍,亞曆山大 藍,알렉산드리아 파란색,الإسكندرية أبيض,Alexandrië Blauw,İskenderiye Mavi,Aleksandria Biru,อะเล็กซานเดรีย น้ำเงิน,Alexandria màu xanh,,,Aleksandria Błękit,,
EgyptianLeagueA_EnppiSC,Cairo Black,Le Caire Noir,Il Cairo Nero,Kairo Schwarz,El Cairo Negro,カイロブラック,Cairo Preto,Каир Блэк,开罗 黑,開羅 黑,開羅 黑,카이로 블랙,القاهرة الأسود,Caïro Zwart,Kahire Siyah,Kairo Hitam,ไคโรสีดำ,Đen Cairo,,,Kair Czerń,,
EgyptianLeagueA_IsmailySC,Ismailia,Ismaïlia,Ismailia,Ismailia,Ismailía,イスマイリア,Ismaília,Исмаилия,伊斯梅利亚,伊斯梅利亞,伊斯梅利亞,이스마일리아,الإسماعيلية,Ismaïlia,İsmailiye,Ismaïlia,อิสเมอิลีอา,Ismailia,,,Ismailia,,
EgyptianLeagueA_BaladiyatElMahalla,El Mahalla,El-Mahalla,el-Mahalla,al-Mahalla,Al-Mahalla,エル＝マハッラ,Al-Mahalla,Эль-Махалла,大迈哈莱,大邁哈萊,大邁哈萊,마할라알쿠브라,المحلة الكب ى,El-Mahalla,Mahalla,Mahalla,อัลมะฮัลละตุลกุบรอ,Mahalla,,,Al-Mahalla,,
EgyptianLeagueA_ElGounaFC,El Gouna,El Gouna,El Gouna,el-Guna,El Gouna,エルジュナ,El Gouna,Эль-Гуна,艾尔古纳,艾爾古納,艾爾古納,엘 주나,الجونة,El Gouna,El-Cûna,El Juna,เอล จูนา,El Juna,,,Al-Dżuna,,
EgyptianLeagueA_ElDakhliaSC,Abbassia,Abbassia,Abbasiya,Abbāsīya,Abbasiya,アッバシヤ,Abasiya,Аббасия,阿巴西亚,阿巴西亞,阿巴西亞,아바시야,العباسية,Abbasiya,Abbasiye,Abbasiyah,อับบาซิยา,Abbasiya,,,Abbasija,,
EgyptianLeagueA_AbouQirFertilizersSC,Abu Qir,Aboukir,Abukir,Abukir,Abukir,アブ・キール,Abuquir,Абу-Кир,阿布基尔,阿布基爾,阿布基爾,아부 키르,أبو قير,Aboe Qir,Ebu Kır,Abu Qir,อบู กีร,Abu Qir,,,Abu Kir,,
EgyptianLeagueA_AswanSC,Aswan,Assouan,Assuan,Assuan,Asuán,アスワン,Assuão,Асуан,阿斯旺,阿斯旺,阿斯旺,아스완,أسوان,Aswan,Asvan,Aswan,อัสวาน,Aswan,,,Asuan,,
EgyptianLeagueA_AsyutPetroleumSC,Manfalut,Manfalut,Manfalut,Manfalut,Manfalut,マンファルト,Manfalut,Манфалут,曼费卢特,曼費盧特,曼費盧特,만팔루트,منفلوط,Manfalut,Manfalut,Manfalut,มานฟาลุต,Manfalut,,,Manfalut,,
EgyptianLeagueA_DekernesSC,Dekernes,Dikirnis,Dekernes,Dekernes,Dikirnis,デカーネス,Dekernes,Дикирнис,德克内斯,德克內斯,德克內斯,데케르네스,دكرنس,Dekernes,Dekernes,Dekernes,เดเกอร์เนส,Dekernes,,,Dikirnis,,
EgyptianLeagueA_GhazlElMahallaSC,El Mahalla Blue,El-Mahalla Bleu,el-Mahalla Blu,al-Mahalla Blau,Al-Mahalla Azul,エル＝マハッラ 青,Al-Mahalla Azul,Эль-Махалла Синий,大迈哈莱 蓝,大邁哈萊 藍,大邁哈萊 藍,마할라알쿠브라 파란색,المحلة الكب ى أبيض,El-Mahalla Blauw,Mahalla Mavi,Mahalla Biru,อัลมะฮัลละตุลกุบรอ น้ำเงิน,Mahalla màu xanh,,,Al-Mahalla Błękit,,
EgyptianLeagueA_GomhoriatShebinSC,Shibin El Kom,Shibin El Kom,Shibin El Kom,Schibin al-Kaum,Shibin el-Kom,シビーン・コーム,Xibim Elcom,Шибин-эль-Ком,希宾库姆,希賓庫姆,希賓庫姆,시빈엘콤,شبين الكوم,Shibin al Kawm,Şibin el-Kom,Shibin El Kom,ชบีน เอล คูม,Shibin El Kom,,,Shibin El Kom,,
EgyptianLeagueA_HarasElHodoudSC,Alexandria Red,Alexandrie Rouge,Alessandria Rosso,Alexandria Rot,Alejandría Rojo,アレクサンドリア 赤,Alexandria Vermelho,Александрия Красный,亚历山大 红,亞曆山大 紅,亞曆山大 紅,알렉산드리아 빨간색,الإسكندرية أسود,Alexandrië Rood,İskenderiye Kırmızı,Aleksandria Merah,อะเล็กซานเดรีย แดง,Alexandria Đỏ,,,Aleksandria Czerwień,,
EgyptianLeagueA_LaVienaFC,Meidum,Meïdoum,Meidum,Meidum,Meidum,メイダム,Meidum,Медум,美杜姆,美杜姆,美杜姆,메이둠,ميدوم,Meidoem,Ortam,Meidum,ไมดุม,Meidum,,,Majdum,,
EgyptianLeagueA_MakadiFC,Hurghada Blue,Hurghada Bleu,Hurghada Blu,Hurghada Blau,Hurghada Azul,ハルガダブルー,Hurghada Azul,Хургада Синий,赫尔格达蓝,赫爾格達藍,赫爾格達藍,허르가다 블루,الغردقة الأزرق,Hurghada Blauw,Hurghada Mavisi,Hurghada Biru,ฮูร์กาดา น้ำเงิน,Hurghada Xanh Dương,,,Hurghada Niebieski,,
EgyptianLeagueA_MisrLelMakkasaSC,Faiyum,Fayoum,al-Fayyum,al-Fayyūm,Fayún,ファイユーム,Faium,Эль-Файюм,法尤姆,法尤姆,法尤姆,파이윰,الفيوم,El-Fajoem,Feyyum,Faiyum,ฟัยยูม,Faiyum,,,Fajum,,
EgyptianLeagueA_AlNasrLelTaa'denSC,Edfu,Edfou,Edfu,Edfu,Edfu,エドフ,Edfu,Идфу,埃德富,埃德富,埃德富,에드푸,إدفو,Edfu,Edfu,Edfu,เอ็ดฟู,Edfu,,,Edfu,,
EgyptianLeagueA_NogoomFC,6th of October,Ville du 6 octobre,6 Ottobre,Madinat as-Sadis min Uktubar,Seis de Octubre,10月6日市,Seis de outubro,Город имени 6 октября,十月六日城,十月六日城,十月六日城,10월 6일시,السادس من أكتوبر,Zes Oktober,6 Ekim Şehri,Enam Oktober,วันที่หกตุลาคม,Ngày sáu tháng mười,,,6 października,,
EgyptianLeagueA_PetrojetSC,Suez,Suez,Suez,Sues,Suez,スエズ,Suez,Суэц,苏伊士,蘇伊士,蘇伊士,수에즈,السويس,Suez,Süveyş,Suez,สุเอซ,Suez,,,Suez,,
EgyptianLeagueA_ProxySC,Abu El Matamir,Abou Al-Matamir,Abu Al-Matamir,Abu Al-Matamir,Abu Al Matamir,アブ・アル・マタミール,Abu Al-Matamir,Абу-эль-Матамир,马塔米尔,馬塔米爾,馬塔米爾,아부 알 마타미르,أبو المطامير,Abu Al Matamir,Ebu El-Matamir,Abu Al-Matamir,อบู อัล-มาตามีร์,Abu Al-Matamir,,,Abu al-Matamir,,
EgyptianLeagueA_ElQanahFC,Ismailia Blue,Ismailia Bleu,Ismailia Blu,Ismailia Blau,Ismailia Azul,イスマイリアブルー,Ismailia Azul,Исмаилия Синий,伊斯梅利亚蓝,伊斯梅利亞藍,伊斯梅利亞藍,이스마일리아 블루,الإسماعيلية الأزرق,Ismailia Blauw,Ismailia Mavisi,Ismailia Biru,อิสไมลียา น้ำเงิน,Ismailia Xanh Dương,,,Ismailia Niebieski,,
EgyptianLeagueA_RayaGhazlKafrElDawarSC,Kafr El Dawwar,Kafr el-Dawwar,Kafr el-Dawar,Kafr ad-Dawwar,Kafr El Dawwar,カフル・エル・ダワール,Kafr El Dawwar,Кафр-эд-Даввар,道瓦尔,道瓦爾,道瓦爾,카프르엘다우와르,كفر الدوار,Kafr El Dawar,Kafr El Dawar,Kafr El Dawwar,คาฟร์ เอล ดาวาร์,Kafr El Dawwar,,,Kafr El Dawwar,,
EgyptianLeagueA_ElSekkaElHadidSC,Nasr City Green,Nasr Ville Vert,Nasr Vert,Nasr City Vert,Madīnat an-Naṣr Verde,ナスル市 緑,Cidade Nasr Verde,Наср Сити  Зелёный,纳斯尔市 绿,納斯爾市 綠,納斯爾市 綠,나스르 시티 녹색,مدينة نصر أخضر,Nasr Stad Groen,Nasr City Yeşil,Kota Nasr Hijau,นาสร์ซิตี้ เขียว,Thành phố Nasr Xanh,,,Nasr City Zieleń,,
EgyptianLeagueA_TantaSC,Tanta,Tanta,Tanta,Tanta,Tanta,タンタ,Tanta,Танта,坦塔,坦塔,坦塔,탄타,طنطا,Tanta,Tanta,Tanta,ฏ็อนฏอ,Tanta,,,Tanta,,
EgyptianLeagueA_TelecomEgyptSC,Cairo T,Le Caire T,Il Cairo T,Kairo T,El Cairo T,カイロ T,Cairo T,Каир T,开罗 T,開羅 T,開羅 T,카이로 T,القاهرة الأحمر والأسود T,Caïro T,Kahire T,Kairo T,ไคโรแดงและดำ T,Cairo T,,,Kair T,,
EgyptianLeagueA_WadiDeglaS.C.,Maadi,Maadi,Maadi,Maadi,Maadi,マーディ,Maadi,Маади,马底,馬底,馬底,마아디,المعادي,Maadi,Maadi,Maadi,มาอะดี,Maadi,,,Maadi,,
EgyptianLeagueA_DayroutSC,Asyut,Assiout,Asyūṭ,Asyut,Asiut,アシュート,Assiute,Асьют,艾斯尤特,艾斯尤特,艾斯尤特,아시우트,أسيوط,Assioet,Asyut,Asyut,อัสยูฏ,Asyut,,,Asyut,,
EgyptianLeagueA_TersanaSC,Giza Blue,Gizeh Bleu,Giza Blu,Gizeh Blau,Guiza Azul,ギーザ 青,Gizé Azul,Эль-Гиза Синий,吉萨 蓝,吉薩 藍,吉薩 藍,기자 파란색,الجيزة أبيض,Gizeh Blauw,Gize Mavi,Giza Biru,กีซา น้ำเงิน,Giza màu xanh,,,Giza Błękit,,
EgyptianLeagueA_SuezSC,Suez White,Suez Blanc,Suez Bianco,Sues Weiß,Suez Blanco,スエズ 白,Suez Branco,Суэц Белый,苏伊士 白,蘇伊士 白,蘇伊士 白,수에즈 흰색,السويس أزرق,Suez Wit,Süveyş Beyaz,Suez Putih,สุเอซ ขาว,Suez Trắng,,,Suez Biel,,
EgyptianLeagueA_KahrabaIsmailiaSC,Ismailia Lightening,Ismaïlia Éclair,Ismailia Fulmine,Ismailia Blitz,Ismailía Rayo,イスマイリア いなずま,Ismaília Relâmpago,Исмаилия Молния,伊斯梅利亚 闪电,伊斯梅利亞 閃電,伊斯梅利亞 閃電,이스마일리아 번개,الإسماعيلية صاعقة,Ismaïlia Bliksem,İsmailiye Şimşek,Ismaïlia Kilat,อิสเมอิลีอา ฟ้าผ่า,Ismailia Sét,,,Ismailia Błyskawica,,
Str_National_Rwanda,Rwanda,Rwanda,Ruanda,Ruanda,Ruanda,ルワンダ,Ruanda,Руанда,卢旺达,盧安達,盧安達,르완다,رواندا,Rwanda,Ruanda,Rwanda,ประเทศรวันดา,Rwanda,,,Rwanda,,
VietnamA_CongAnHaNoiFC,HaNoi Police,Hanoï Police,HaNoi Polizia,HaNoi Policía,Hanói Rojo,ハノイ 警察,Hanói Polícia,Ханой Полиция,河内 警察,河內 員警,河內 員警,하노이 경찰,هانوي الشرطة,HaNoi Politie,HaNoi Polis,HaNoi Polisi,ฮานอย ตำรวจ,Hà nội Cảnh sát,,,HaNoi Policja,,
VietnamA_ThepXanhNamDinhFC,Nam Định,Nam Định,Nam Dinh,Nam Định,Nam Định,ナムディン,Nam Dinh,Намдинь,南定,南定,南定,남딘,نام دنه,Nam Định,Nam Định,Nam Định,นามดิ่ญ,Nam Định,,,Nam Định,,
VietnamA_TheCong-ViettelFC,HaNoi Red,Hanoï Rouge,HaNoi Rosso,HaNoi Rot,Hanói Rojo,ハノイ 赤,Hanói Vermelho,Ханой Красный,河内 红,河內 紅,河內 紅,하노이 빨간색,هانوي أسود,HaNoi Rood,HaNoi Kırmızı,HaNoi Merah,ฮานอย แดง,Hà nội Đỏ,,,HaNoi Czerwień,,
VietnamA_BecamexBinhDuongFC,Thủ Dầu Một,Thủ Dầu Một,Thủ Dầu Một,Thủ Dầu Một,Thủ Dầu Một,トゥーザウモット,Thủ Dầu Một,Тхузаумот,土龙木,土龍木,土龍木,투저우못,تو داو موت,Thủ Dầu Một,Thủ Dầu Một,Thủ Dầu Một,ทูเดามอต,Thủ Dầu Một,,,Thủ Dầu Một,,
VietnamA_DongAThanhHoaFC,Thanh Hóa,Thanh Hóa,Thanh Hóa,Thanh Hóa,Thanh Hóa,タンホア,Thanh Hóa,Тханьхоа,清化,清化,清化,타인호아,تانه هوا,Thanh Hóa,Thanh Hóa,Thanh Hóa,ทัญฮว้า,Thanh Hóa,,,Thanh Hóa,,
VietnamA_HoChiMinhCityFC,Ho Chi Minh City,Hô Chi Minh-Ville,Ho Chi Minh,Ho-Chi-Minh,Ciudad Ho Chi Minh,ホーチミン,Cidade de Ho Chi Minh,Хошимин,胡志明,胡志明市,胡志明市,호찌민시,مدينة هو تشي منه,Ho Chi Minhstad,Ho Chi Minh Kenti,Kota Hồ Chí Minh,นครโฮจิมินห์,Thành phố Hồ Chí Minh,,,Ho Chi Minh,,
VietnamA_HongLinhHaTinhFC,Hà Tĩnh,Hà Tĩnh,Ha Tinh,Hà Tĩnh,Hà Tĩnh,ハティン,Ha Tinh,Хатинь,河静,河靜,河靜,하띤성,محافظة ها تنه,Hà Tĩnh,Hà Tĩnh,Hà Tĩnh,จังหวัดห่าติ๋ญ,Hà Tĩnh,,,Hà Tĩnh,,
VietnamA_MerryLandQuyNhonBinhDinhFC,Quy Nhon,Quy Nhơn,Quy Nhơn,Quy Nhơn,Quy Nhơn,クイニョン,Quy Nhon,Куинён,归仁,歸仁,歸仁,꾸이년,كوي نهون,Qui Nhơn,Qui Nhơn,Qui Nhơn,กวีเญิน,Quy Nhơn,,,Quy Nhơn,,
VietnamA_LPBankHoangAnhGiaLaiFC,Pleiku,Pleiku,Pleiku,Pleiku,Pleiku,プレイク,Pleiku,Плейку,波来古,嘉萊黃英,嘉萊黃英,쁠래이꾸,بليكو,Pleiku,Pleiku,Pleiku,เปล็ยกู,Pleiku,,,Pleiku,,
VietnamA_SongLamNgheAnFC,Vinh,Vinh,Vinh,Vinh,Vinh,ヴィン,Vinh,Винь,荣市,榮市,榮市,빈,فينه,Vinh,Vinh,Vinh,วิญ,Vinh,,,Vinh,,
VietnamA_QuangNamFC,Tam Kỳ,Tam Kỳ,Tam Kỳ,Tam Kỳ,Tam Kỳ,タムキー,Tam Kỳ,Тамки,三岐,三岐,三岐,땀끼,تام كي,Tam Kỳ,Tam Kỳ,Tam Kỳ,แทม กี้,Tam Kỳ,,,Tam Kỳ,,
VietnamA_KhanhHoaFC,Khánh Hòa,Khánh Hòa,Khanh Hoa,Khánh Hòa,Khánh Hòa,カインホア,Khanh Hoa,Кханьхоа,庆和,慶和,慶和,카인호아성,محافظة كان هوا,Khánh Hòa,Khánh Hòa,Khanh Hoa,จังหวัดคั้ญฮหว่า,Khánh Hòa,,,Khánh Hòa,,
VietnamA_SHBDaNang,Da Nang,Da Nang,Đà Nẵng,Đà Nẵng,Đà Nẵng,ダナン,Da Nang,Дананг,岘港,峴港,峴港,다낭,دا نانغ,Đà Nẵng,Da Nang,Đà Nẵng,ดานัง,Đà Nẵng,,,Đà Nẵng,,
VietnamA_PVF-CANDFC,Hưng Yên,Hưng Yên,Hưng Yên,Hưng Yên,Hưng Yên,フンイエン,Hưng Yên,Хынгйен,兴安,興安,興安,흥옌,هونغ ين,Hưng Yên,Hưng Yên,Hưng Yên,แขวนเยน,Hưng Yên,,,Hưng Yên,,
CompName_VietnamLeague,Vietnam League,ligue Vietnamienne,Lega Vietnamita,Vietnamesische Liga,Liga Vietnamita,ベトナムリーグ,LIGA VIETNAMITA,Вьетнамская Лига,越南联赛,越南聯賽,越南聯賽,베트남 리그,رابطة فيتنام,Vietnamese Competitie,Vietnam ligi,Liga Vietnam,ลีกเวียดนาม,Giải VĐQG Việt Nam,,,Liga Wietnamska,,
CompName_VietnamCup,Vietnamese Cup,Coupe du Vietnam,Coppa del Vietnam,Vietnam-Pokal,Copa de Vietnam,ベトナムカップ,Copa do Vietnã,Кубок Вьетнама,越南杯,越南杯,越南杯,베트남 컵,كأس فيتنام,Vietnam Cup,Vietnam Kupası,Piala Vietnam,ถ้วยแชมป์เวียดนาม,Cúp Việt Nam,,,Puchar Wietnamu,,
CompName_VietnamSuperCup,Vietnamese Super Cup,Supercoupe du Vietnam,Supercoppa del Vietnam,Vietnam-Superpokal,Supercopa de Vietnam,ベトナムスーパーカップ,Supercopa do Vietnã,Суперкубок Вьетнама,越南超级杯,越南超級杯,越南超級杯,베트남 슈퍼 컵,كأس السوبر الفيتنامي,Vietnam Super Cup,Vietnam Süper Kupası,Super Piala Vietnam,ซุปเปอร์คัพเวียดนาม,Siêu Cúp Việt Nam,,,Superpuchar Wietnamu,,
Str_National_Argentina_1990,Argentina 1990,Argentine 1990,Argentina 1990,Argentinien 1990,Argentina 1990,アルゼンチン 1990,Argentina 1990,Аргентина 1990,阿根廷 1990,阿根廷 1990,阿根廷 1990,아르헨티나 1990,الأرجنتين 1990,Argentinië 1990,Arjantin 1990,Argentina 1990,อาร์เจนตินา 1990,Argentina 1990,,,Argentyna 1990,,
Str_National_Brazil_2002,Brazil 2002,Brésil 2002,Brasile 2002,Brasilien 2002,Brasil 2002,ブラジル 2002,Brasil 2002,Бразилия 2002,巴西 2002,巴西 2002,巴西 2002,브라질 2002,البرازيل 2002,Brazilië 2002,Brezilya 2002,Brazil 2002,บราซิล 2002,Brazil 2002,,,Brazylia 2002,,
Str_National_Germany_2002,Germany 2002,Allemagne 2002,Germania 2002,Deutschland 2002,Alemania 2002,ドイツ 2002,Alemanha 2002,Германия 2002,德国 2002,德國 2002,德國 2002,독일 2002,ألمانيا 2002,Duitsland 2002,Almanya 2002,Jerman 2002,เยอรมนี 2002,nước Đức 2002,,,Niemcy 2002,,
Str_National_Turkey_2002,Turkey 2002,Turquie 2002,Turchia 2002,Türkei 2002,Turquía 2002,トルコ 2002,Turquia 2002,Турция 2002,土耳其 2002,土耳其 2002,土耳其 2002,터키 2002,تركيا 2002,Turkije 2002,Türkiye 2002,Turki 2002,ประเทศตุรกี 2002,Thổ Nhĩ Kỳ 2002,,,Turcja 2002,,
Str_National_England_2002,England 2002,Angleterre 2002,Inghilterra 2002,England 2002,Inglaterra 2002,イングランド 2002,Inglaterra 2002,Англия 2002,英格兰 2002,英格蘭 2002,英格蘭 2002,영국 2002,إنكلترا 2002,Engeland 2002,İngiltere 2002,Inggris 2002,อังกฤษ 2002,nước Anh 2002,,,Anglia 2002,,
Str_National_Netherlands_1990,Netherlands 1990,Pays-Bas 1990,Olanda 1990,Niederlande 1990,Países Bajos 1990,オランダ 1990,Holanda 1990,Нидерланды 1990,荷兰 1990,荷蘭 1990,荷蘭 1990,네덜란드 1990,هولندا 1990,Nederland 1990,Hollanda 1990,Belanda 1990,เนเธอร์แลนด์ 1990,Hà Lan 1990,,,Holandia 1990,,
Str_National_Germany_1990,Germany 1990,Allemagne 1990,Germania 1990,Deutschland 1990,Alemania 1990,ドイツ 1990,Alemanha 1990,Германия 1990,德国 1990,德國 1990,德國 1990,독일 1990,ألمانيا 1990,Duitsland 1990,Almanya 1990,Jerman 1990,เยอรมนี 1990,nước Đức 1990,,,Niemcy 1990,,
Str_National_Yugoslavia_1990,Yugoslavia 1990,Yougoslavie 1990,Jugoslavia 1990,Jugoslawien 1990,Yugoslavia 1990,ユーゴスラビア 1990,Iugoslávia 1990,Югославия 1990,南斯拉夫 1990,南斯拉夫 1990,南斯拉夫 1990,유고슬라비아 1990,يوغوسلافيا 1990,Joegoslavië 1990,Yugoslavya 1990,Yugoslavia 1990,ยูโกสลาเวีย 1990,Nam Tư 1990,,,Jugosławia 1990,,
City_Milan,Milan,Milan,Milano,Mailand,Milán,ミラノ,Milão,Милан,米兰,米蘭,米蘭,밀라노,ميلانو,Milaan,Milano,Milan,มิลาน,Milano,,,Mediolan,,
City_Rome,Rome,Rome,Roma,Rom,Roma,ローマ,Roma,Рим,罗马,羅馬,羅馬,로마,روما,Rome,Roma,Roma,โรม,Roma,,,Rzym,,
CompName_RussianLeague,Russian League,Ligue Russe,Lega Russa,Russische Liga,Liga Rusa,ロシアリーグ,Liga Russa,Российская Лига,俄罗斯联赛,俄羅斯聯賽,俄羅斯聯賽,러시아 리그,الدوري الروسي,Russische Competitie,Rusya ligi,Liga Rusia,ลีกรัสเซีย,Giải VĐQG Nga,,,Rośińska Liga,,
CompName_RussianLeagueB,Russian League B,Ligue B Russe,Lega Russa B,Russische Liga B,Liga Rusa B,ロシアリーグ B,Liga Russa B,Российская Лига Б,俄罗斯B级联赛,俄羅斯B級聯賽,俄羅斯B級聯賽,러시아 리그 B,الدوري الروسي ب,Russische Liga B,Rusya Ligi B,Liga Rusia B,รัสเซีย ลีก บี,Giải VĐQG Nga B,,,Liga Rosyjska B,,
CompName_RussianLeagueC,Russian League C,Ligue C Russe,Lega Russa C,Russische Liga C,Liga Rusa C,ロシアリーグ C,Liga Russa C,Российская лига С,俄罗斯C级联赛,俄羅斯C級聯賽,俄羅斯C級聯賽,러시아 리그 C,الدوري الروسي ج,Russische Liga C,Rusya Ligi C,Liga Rusia C,รัสเซีย ลีก ซี,Giải VĐQG Nga C,,,Liga Rosyjska C,,
CompName_RussianSuperCup,Russian Super Cup,SuperCoupe de Russie,Supercoppa Russa,Russischer Superpokal,Supercopa de Rusia,ロシアスーパーカップ,Supercopa da Rússia,Суперкубок России,俄罗斯超级杯,俄羅斯超級杯,俄羅斯超級杯,러시아 슈퍼컵,كأس السوبر الروسي,Russische Supercup,Rusya Süper Kupası,Piala Super Rusia,รัสเซียน ซูเปอร์คัพ,Siêu cúp Nga,,,Superpuchar Rosji,,
RussianA_KrylyaSovetovSamara,Samara,Samara,Samara,Samara,Samara,サマーラ,Samara,Самара,萨马拉,薩馬拉,薩馬拉,사마라,سامارا,Samara,Samara,Samara,ซามารา,Samara,,,Samara,,
RussianA_FKRostov,Rostov,Rostov,Rostov,Rostow,Rostov,ロストフ,Rostov,Ростов,罗斯托夫,羅斯托夫,羅斯托夫,로스토프,روستوف,Rostov,Rostov,Rostov,รอสตอฟ,Rostov,,,Rostów,,
RussianA_FCSochi,Sochi,Sotchi,Sochi,Sotschi,Sochi,ソチ,Sochi,Сочи,索契,索契,索契,소치,سوتشي,Sotsji,Soçi,Sochi,โซซี,Sochi,,,Soczi,,
RussianA_AkhmatGrozny,Grozny,Grozny,Grozny,Grosny,Grozny,グロズヌイ,Grozny,Грозный,格罗兹尼,格羅茲尼,格羅茲尼,그로즈니,غروزني,Grozny,Grozni,Grozny,โกรซ์นี้,Grozny,,,Grozny,,
RussianA_FKOrenburg,Orenburg,Orenbourg,Orenburg,Orenburg,Oremburgo,オレンブルク,Oremburgo,Оренбург,奥伦堡,奧倫堡,奧倫堡,오렌부르크,أورينبورغ,Orenburg,Orenburg,Orenburg,โอเรนบุร์ก,Orenburg,,,Orenburg,,
RussianA_FCPariNizhniyNovgorod,Nizhny Novgorod,Nijni Novgorod,Nižnij Novgorod,Nischni Nowgorod,Nizhni Nóvgorod,ニジニ・ノヴゴロド,Nijni Novgorod,Нижний Новгород,下诺夫哥罗德,下諾夫哥羅德,下諾夫哥羅德,니즈니노브고로드,نيجني نوفغورود,Nizjni Novgorod,Nijni Novgorod,Nizhny Novgorod,นิจนีนอฟโกรอด,Nizhny Novgorod,,,Niżny Nowogród,,
RussianA_UralYekaterinburg,Yekaterinburg,Iekaterinbourg,Ekaterinburg,Jekaterinburg,Ekaterimburgo,エカテリンブルク,Ecaterimburgo,Екатеринбург,叶卡捷琳堡,葉卡捷琳堡,葉卡捷琳堡,예카테린부르크,يكاترينبورغ,Jekaterinenburg,Yekaterinburg,Ekaterinburg,เยคาเตรินบุร์ก,Yekaterinburg,,,Jekaterynburg,,
RussianA_BaltikaKaliningrad,Kaliningrad,Kaliningrad,Kaliningrad,Kaliningrad,Kaliningrado,カリーニングラード,Kaliningrado,Калининград,加里宁格勒,加裏寧格勒,加裏寧格勒,칼리닌그라드,كالينينغراد,Kaliningrad,Kaliningrad,Kaliningrad,คาลีนินกราด,Kaliningrad,,,Królewiec,,
RussianA_FakelVoronezh,Voronezh,Voronej,Voronež,Woronesch,Vorónezh,ヴォロネジ,Voronej,Воронеж,沃罗涅日,沃羅涅日,沃羅涅日,보로네시,فارونيش,Voronezj,Voronej,Voronezh,โวโรเนจ,Voronezh,,,Woroneż,,
RussianA_FKKhimki,Khimki,Khimki,Chimki,Chimki,Jimki,ヒムキ,Khimki,Химки,希姆基,希姆基,希姆基,힘키,خيمكي,Chimki,Himki,Khimki,คิมกี,Khimki,,,Chimki,,
RussianA_RodinaMoscow,Moscow BW,Moscou BW,Mosca BW,Moskau BW,Moscú BW,モスクワBW,Moscow BW,Москва сине-белая,莫斯科 蓝白,莫斯科 藍白,莫斯科 藍白,모스크바 BW,موسكو الأزرق والأبيض,Moskou BW,Moskova BW,Moskow Merah Putih,มอสโก BW,Moscow BW,,,Moskwa BW,,
RussianA_TorpedoMoscow,Moscow Black,Moscou Noir,Mosca Nero,Moskau Schwarz,Moscú Negro,モスクワ 黒,Moscow Preto,Москва Черный,莫斯科 黑,莫斯科 黑,莫斯科 黑,모스크바 검정색,موسكو الأسود,Moskou Zwart,Moskova Siyah,Moskow Hitam,มอสโก ดำ,Moscow Đen,,,Moskwa Czarna,,
RussianA_AkronTogliatti,Tolyatti,Togliatti,Togliatti,Toljatti,Toliatti,トリヤッチ,Togliatti,Тольятти,陶里亚蒂,陶裏亞蒂,陶裏亞蒂,톨리야티,تولياتي,Toljatti,Tolyatti,Tolyatti,โตลยาตติ,Tolyatti,,,Togliatti,,
RussianA_AlaniaVladikavkaz,Vladikavkaz,Vladikavkaz,Vladikavkaz,Wladikawkas,Vladikavkaz,ウラジカフカス,Vladikavkaz,Владикавказ,弗拉季高加索,弗拉季高加索,弗拉季高加索,블라디캅카스,فلاديقوقاز,Vladikavkaz,Vladikavkaz,Vladikavkaz,วลาดีคัฟคาซ,Vladikavkaz,,,Władykaukaz,,
RussianA_SKAKhabarovsk,Khabarovsk,Khabarovsk,Chabarovsk,Chabarowsk,Jabárovsk,ハバロフスク,Khabarovsk,Хабаровск,哈巴罗夫斯克（伯力）,哈巴羅夫斯克（伯力）,哈巴羅夫斯克（伯力）,하바롭스크,خاباروفسك,Chabarovsk,Habarovsk,Khabarovsk,ฮาบารอฟสค์,Khabarovsk,,,Chabarowsk,,
RussianA_ChernomoretsNovorossijsk,Novorossiysk,Novorossiïsk,Novorossijsk,Noworossijsk,Novorosíisk,ノヴォロシースク,Novorossiisk,Новороссийск,新罗西斯克,新羅西斯克,新羅西斯克,노보로시스크,نوفوروسيسك,Novorossiejsk,Novorossiysk,Novorossiysk,โนโวรอสซีสค์,Novorossiysk,,,Noworosyjsk,,
RussianA_FCYeniseyKrasnoyarsk,Krasnoyarsk,Krasnoïarsk,Krasnojarsk,Krasnojarsk,Krasnoyarsk,クラスノヤルスク,Krasnoiarsk,Красноярск,克拉斯诺亚尔斯克,克拉斯諾亞爾斯克,克拉斯諾亞爾斯克,크라스노야르스크,كراسنويارسك,Krasnojarsk,Krasnoyarsk,Krasnoyarsk,ครัสโนยาสค์,Krasnoyarsk,,,Krasnojarsk,,
RussianA_DinamoMakhachkala,Makhachkala,Makhatchkala,Machačkala,Machatschkala,Majachkalá,マハチカラ,Makhatchkala,Махачкала,马哈奇卡拉,馬哈奇卡拉,馬哈奇卡拉,마하치칼라,محج قلعة,Machatsjkala,Mahaçkale,Makhachkala,มาฮัชคาลา,Makhachkala,,,Machaczkała,,
RussianA_FKTyumen,Tyumen,Tioumen,Tjumen,Tjumen,Tiumén,チュメニ,Tiumen,Тюмень,秋明,秋明,秋明,튜멘,تيومين,Tjoemen,Tümen,Tyumen,ตูย์เมน,Tyumen,,,Tiumeń,,
RussianA_NeftekhimikNizhnekamsk,Nizhnekamsk,Nijnekamsk,Nižnekamsk,Nischnekamsk,Nizhnekamsk,ニジネカムスク,Nijnekamsk,Нижнекамск,下卡姆斯克,下卡姆斯克,下卡姆斯克,니즈네캄스크,نيجنكامسك,Nizjnekamsk,Nijnekamsk,Nizhnekamsk,นิซเนคัมสค์,Nizhnekamsk,,,Niżniekamsk,,
RussianA_VolgarAstrakhan,Astrakhan,Astrakhan,Astrachan,Astrachan,Astracán,アストラハン,Astracã,Астрахань,阿斯特拉罕,阿斯特拉罕,阿斯特拉罕,아스트라한,أستراخان,Astrachan,Astrahan,Astrakhan,อัสตราฮัน,Astrakhan,,,Astrachań,,
RussianA_SokolSaratov,Saratov,Saratov,Saratov,Saratow,Sarátov,サラトフ,Saratov,Саратов,萨拉托夫,薩拉托夫,薩拉托夫,사라토프,ساراتوف,Saratov,Saratov,Saratov,ซาราตอฟ,Saratov,,,Saratów,,
RussianA_KamAZNaberezhnyeChelny,Naberezhnye Chelny,Naberejnye Tchelny,Naberežnye Čelny,Nabereschnyje Tschelny,Náberezhnye Chelny,ナーベレジヌイェ・チェルヌイ,Naberejnye Tchelny,Набережные Челны,卡马河畔切尔内,卡馬河畔切爾內,卡馬河畔切爾內,나베레즈니예첼니,نابريجنيي تشلني,Naberezjnye Tsjelny,Yarçallı,Naberezhnye Chelny,นาเบเรจเนีย เชลนี่,Naberezhnye Chelny,,,Nabierieżnyje Czełny,,
RussianA_ShinnikYaroslavl,Yaroslavl,Iaroslavl,Jaroslavl',Jaroslawl,Yaroslavl,ヤロスラヴリ,Iaroslavl,Ярославль,雅罗斯拉夫尔,雅羅斯拉夫爾,雅羅斯拉夫爾,야로슬라블,ياروسلافل,Jaroslavl,Yaroslavl,Yaroslavl,ยาโรสลัฟล์,Yaroslavl,,,Jarosław,,
RussianA_KubanKrasnodar,Krasnodar Black,Krasnodar Noir,Krasnodar Nero,Krasnodar Schwarz,Krasnodar Negro,クラスノダール 黒,Krasnodar Preto,Краснодар Черный,克拉斯诺达尔 黑,卡斯洛達 黑,卡斯洛達 黑,크라스노다르 검정색,كراسنودار الأسود,Krasnodar Zwart,Krasnodar Siyah,Krasnodar Hitam,คราสโนดาร์ ดำ,Krasnodar Đen,,,Krasnodar Czarna,,
RussianA_FKLeningradets,Leningrad Oblast,Oblast de Léningrad,Oblast' di Leningrado,Oblast Leningrad,Óblast de Leningrado,レニングラード州,Oblast de Leningrado,Ленинградская область,列宁格勒州,列寧格勒州,列寧格勒州,레닌그라드주,مقاطعة لينينغراد,Oblast Leningrad,Leningrad Oblastı,Oblast Leningrad,แคว้นเลนินกราด,Leningrad,,,Obwód leningradzki,,
RussianA_RotorVolgograd,Volgograd,Volgograd,Volgograd,Wolgograd,Volgogrado,ヴォルゴグラード,Volgogrado,Волгоград,伏尔加格勒,伏爾加格勒,伏爾加格勒,볼고그라드,فولغوغراد,Wolgograd,Volgograd,Volgograd,วอลโกกราด,Volgograd,,,Wołgograd,,
RussianA_VelesMoscow,Moscow White,Moscou Blanc,Mosca Bianco,Moskau Weiß,Moscú Blanco,モスクワ 白,Moscow Branco,Москва Белый,莫斯科 白,莫斯科 白,莫斯科 白,모스크바 흰색,موسكو أزرق,Moskou Wit,Moskova Beyaz,Moskow Putih,มอสโก ขาว,Moscow Trắng,,,Moskwa Biały,,
RussianA_FKChelyabinsk,Chelyabinsk,Tcheliabinsk,Čeljabinsk,Tscheljabinsk,Cheliábinsk,チェリャビンスク,Tcheliabinsk,Челябинск,车里雅宾斯克,車裏雅賓斯克,車裏雅賓斯克,첼랴빈스크,تشيليابنسك,Tsjeljabinsk,Çelyabinsk,Chelyabinsk,เชเลียบินสค์,Chelyabinsk,,,Czelabińsk,,
RussianA_IrtyshOmsk,Omsk,Omsk,Omsk,Omsk,Omsk,オムスク,Omsk,Омск,鄂木斯克,鄂木斯克,鄂木斯克,옴스크,أومسك,Omsk,Omsk,Omsk,ออมสค์,Omsk,,,Omsk,,
RussianA_ChaikaPeschanokopskoe,Peschanokopskoye,Peschanokopskoe,Peschanokopskoe,Pestschanokopskoje,Peschanokopskoe,ペシャノコプスコエ,Peschanokopskoe,Песчанокопское,佩斯恰科普斯科耶,佩斯恰科普斯科耶,佩斯恰科普斯科耶,페샤노콥스코에,بيشانوكوبسسكوي,Peschanokopskoe,Peschanokopskoe,Peschanokopskoe,Peschanokopskoe,Peschanokopskoe,,,Piesczanokopskoje,,
RussianA_DinamoBryansk,Bryansk,Briansk,Brjansk,Brjansk,Briansk,ブリャンスク,Briansk,Брянск,布良斯克,布良斯克,布良斯克,브랸스크,بريانسك,Brjansk,Bryansk,Bryansk,เบรียนสค์,Bryansk,,,Briańsk,,
RussianA_MetallurgLipetsk,Lipetsk,Lipetsk,Lipeck,Lipezk,Lípetsk,リペツク,Lipetsk,Липецк,利佩茨克,利佩茨克,利佩茨克,리페츠크,ليبيتسك,Lipetsk,Lipetsk,Lipetsk,ลีเปตสค์,Lipetsk,,,Lipieck,,
RussianA_FKUfa,Ufa,Ufa,Ufa,Ufa,Ufa,ウファ,Ufa,Уфа,乌法,烏法,烏法,우파,أوفا,Ufa,Ufa,Ufa,อูฟา,Ufa,,,Ufa,,
MoroccanLeagueA_WydadCasablanca,Casablanca,Casablanca,Casablanca,Casablanca,Casablanca,カサブランカ,Casablanca,Касабланка,卡萨布兰卡,卡薩布蘭卡,卡薩布蘭卡,카사블랑카,الدار البيضاء,Casablanca,Kazablanka,Casablanca,กาซาบล็องกา,Casablanca,,,Casablanca,,
MoroccanLeagueA_RajaClubAthletic,Casablanca Eagle,Casablanca Aigle,Casablanca Aquila,Casablanca Adler,Casablanca Águila,カサブランカ イーグル,Casablanca Águia,Касабланка Орел,卡萨布兰卡 雄鹰,卡薩布蘭卡 雄鷹,卡薩布蘭卡 雄鷹,카사블랑카 독수리,الدار البيضاء نسر,Casablanca Arend,Kazablanka Kartal,Casablanca Elang,กาซาบล็องกา อินทรีย์,Casablanca Đại bàng,,,Casablanca Orzeł,,
MoroccanLeagueA_RenaissancedeBerkane,Berkane,Berkane,Berkane,Berkane,Berkán,ベルカンヌ,Berkane,Беркан,拜尔坎,拜爾坎,拜爾坎,베르카네,بركان,Berkane,Burkan,Berkane,เบอร์เคน,Berkane,,,Barkan,,
AlgerianLeagueA_CRBelouizdad,Algiers Red,Alger Rouge,Algeri Rosso,Algier Rot,Argel Rojo,アルジェ 赤,Argel Vermelho,Алжир Красный,阿尔及尔 红,阿爾及爾 紅,阿爾及爾 紅,알제 빨간색,الجزائر الحمراء,Algiers Rood,Cezayir Kırmızı,Aljir Merah,แอลเจียร์ แดง,Algiers Đỏ,,,Algier Czerwień,,
AlgerianLeagueA_JSKabylie,Tizi Ouzou,Tizi Ouzou,Tizi Ouzou,Tizi Ouzou,Tizi Uzu,ティジ・ウズー,Tizi Uzu,Тизи-Узу,提济乌祖,提濟烏祖,提濟烏祖,티지우주,تيزي وزو,Tizi Ouzou,Tizi Ouzou,Tizi Ouzou,ทิซี่ อูซู,Tizi Ouzou,,,Tizi Wuzu,,
AlgerianLeagueA_USMAlger,Algiers,Alger,Algeri,Algier,Argel,アルジェ,Argel,Алжир,阿尔及尔,阿爾及爾,阿爾及爾,알제,الجزائر,Algiers,Cezayir,Aljir,แอลเจียร์,Algiers,,,Algier,,
TunisianLeagueA_EtoileSportiveduSahel,Sousse,Sousse,Susa,Sousse,Susa,スース,Susa,Сус,苏塞,蘇塞,蘇塞,수스,سوسة,Sousse,Susa,Sousse,ซูสส์,Sousse,,,Susa,,
TunisianLeagueA_USMonastir,Monastir,Monastir,Monastir,Monastir,Monastir,モナスティル,Monastir,Монастир,莫纳斯提尔,莫納斯提爾,莫納斯提爾,모나스티르,المنستير,Monastir,Münestir,Monastir,โมนาสตีร์,Monastir,,,Monastyr,,
TanzanianLeagueA_SimbaSC,Dar es Salaam Lion,Dar es Salam Lion,Dar es Salaam Leone,Daressalam Löwe,Dar es-Salam León,ダルエスサラーム ライオン,Dar es Salaam Leão,Дар-эс-Салам Лев,达累斯萨拉姆 雄狮,達累斯薩拉姆 雄獅,達累斯薩拉姆 雄獅,다르에스살람주 사자,إقليم دار السلام أسد,Dar es Salaam Leeuw,Dar es Salam Aslan,Dar es Salaam Singa,ดาร์ เอส สลาม สิงโต,Dar es Salaam Sư tử,,,Dar es Salaam Lew,,
TanzanianLeagueA_YoungAfricansSC,Dar es Salaam,Dar es Salam,Dar es Salaam,Daressalam,Dar es-Salam,ダルエスサラーム,Dar es Salaam,Дар-эс-Салам,达累斯萨拉姆,達累斯薩拉姆,達累斯薩拉姆,다르에스살람주,إقليم دار السلام,Dar es Salaam,Dar es Salam,Dar es Salaam,ดาร์ เอส สลาม,Dar es Salaam,,,Dar es Salaam,,
TanzanianLeagueA_NamungoFC,Lindi,Lindi,Lindi,Lindi,Lindi,リンディ,Lindi,Линди,林迪,林迪,林迪,린디,ليندي,Lindi,Lindi,Lindi,ลินดี้,Lindi,,,Lindi,,
DRCongoLeagueA_TPMazembe,Lubumbashi Black,Lubumbashi Noir,Lubumbashi Nero,Lubumbashi Schwarz,Lubumbashi Negro,ルブンバシ 黒,Lubumbashi Preto,Лубумбаши Черный,卢本巴希 黑,盧本巴希 黑,盧本巴希 黑,루붐바시 검정색,لوبومباشي الأسود,Lubumbashi Zwart,Lubumbashi Siyah,Lubumbashi Hitam,ลูบูมบาชี ดำ,Lubumbashi Đen,,,Lubumbashi Czarna,,
DRCongoLeagueA_ASVitaClubKinshasa,Kinshasa,Kinshasa,Kinshasa,Kinshasa,Kinsasa,キンシャサ,Quinxassa,Киншаса,金沙萨,金沙薩,金沙薩,킨샤사,كينشاسا,Kinshasa,Kinşasa,Kinshasa,กินชาซา,Kinshasa,,,Kinszasa,,
DRCongoLeagueA_FCSaintEloiLupopo,Lubumbashi,Lubumbashi,Lubumbashi,Lubumbashi,Lubumbashi,ルブンバシ,Lubumbashi,Лубумбаши,卢本巴希,盧本巴希,盧本巴希,루붐바시,لوبومباشي,Lubumbashi,Lubumbashi,Lubumbashi,ลูบูมบาชี,Lubumbashi,,,Lubumbashi,,
AngolanLeagueA_CAPetróleosLuanda,Luanda,Luanda,Luanda,Luanda,Luanda,ルアンダ,Luanda,Луанда,罗安达,羅安達,羅安達,루안다,لواندا,Luanda,Luanda,Luanda,ลูอันดา,Luanda,,,Luanda,,
AngolanLeagueA_CD1ºdeAgosto,Luanda Star,Luanda Étoile,Luanda Stella,Luanda Stern,Luanda Estrella,ルアンダ スター,Luanda Estrela,Луанда Звезда,罗安达 星,羅安達 星,羅安達 星,루안다 별,لواندا نجم,Luanda Ster,Luanda Yıldız,Luanda Bintang,ลูอันดา ดาว,Luanda Ngôi sao,,,Luanda Gwiazda,,
AngolanLeagueA_AcadémicaPetróleosdoLobito,Lobito,Lobito,Lobito,Lobito,Lobito,ロビト,Lobito,Лобиту,洛比托,洛比托,洛比托,로비투,لوبيتو,Lobito,Lobito,Lobito,โลบิโต,Lobito,,,Lobito,,
SudanLeagueA_Al-HilalClub(Omdurman),Omdurman Blue,Omdourman Bleu,Omdurman Blu,Omdurman Blau,Omdurmán Azul,オムドゥルマンブルー,Ondurmã Azul,Омдурман Синий,恩图曼 蓝,恩圖曼 藍,恩圖曼 藍,옴두르만 블루,أم درمان الأزرق,Omdurman Blauw,Omdurman Mavi,Omdurman Biru,ออมเดอร์มานสีน้ำเงิน,Màu xanh da trời Omdurman,,,Omdurman Błękit,,
SudanLeagueA_Al-MerrikhSC,Omdurman Red,Omdourman Rouge,Omdurman Rosso,Omdurman Rot,Omdurmán Rojo,オムドゥルマンレッド,Ondurmã Vermelho,Омдурман Красный,恩图曼 红,恩圖曼 紅,恩圖曼 紅,옴두르만 레드,أم درمان الأحمر,Omdurman Rood,Omdurman Kırmızı,Omdurman Merah,ออมเดอร์แมนเรด,Màu đỏ Omdurman,,,Omdurman Czerwień,,
LibyaLeagueA_AlAhliSC(Tripoli),Tripoli Green,Tripoli Vert,Tripoli Verde,Tripoli Grün,Tripoli Verde,トリポリ・グリーン,Tripoli Verde,Триполи Зелёный,的黎波里绿,的黎波里綠,的黎波里綠,트리폴리 그린,طرابلس الأخضر,Tripoli Groen,Tripoli Yeşili,Tripoli Hijau,ตริโปลี เขียว,Tripoli Xanh Lá,,,Tripoli Zielony,,
LibyaLeagueA_Al-IttihadClub(Tripoli),Tripoli Red,Tripoli Rouge,Tripoli Rosso,Tripolis Rot,Trípoli Rojo,トリポリ レッド,Trípoli Vermelho,Триполи Красный,的黎波里 红,的黎波里 紅,的黎波里 紅,트리폴리 레드,طرابلس الأحمر,Tripoli Rood,Trablus Kırmızı,Tripoli Merah,ตริโปลี แดง,Màu đỏ Tripoli,,,Trypolis Czerwień,,
LibyaLeagueA_Al-HilalSC(Benghazi),Benghazi Blue,Benghazi Bleu,Benghazi Blu,Benghazi Blau,Benghazi Azul,ベンガジブルー,Benghazi Azul,Бенгази Синий,班加西蓝,班加西藍,班加西藍,벵가지 블루,بنغازي الأزرق,Benghazi Blauw,Benghazi Mavisi,Benghazi Biru,เบนกาซี น้ำเงิน,Benghazi Xanh Dương,,,Benghazi Niebieski,,
Ivory_CoastLeagueA_ASECMimosas,Abidjan,Abidjan,Abidjan,Abidjan,Abiyán,アビジャン,Abidjã,Абиджан,阿比让,阿比讓,阿比讓,아비장,أبيدجان,Abidjan,Abidjan,Abidjan,อาบีจาน,Abidjan,,,Abidżan,,
NigerianLeagueA_EnyimbaAba,Aba,Aba,Aba,Aba,Aba,アバ,Aba,Аба,阿巴,阿巴,阿巴,아바,آبا,Aba,Aba,Aba,อาปา,Aba,,,Aba,,
NigerianLeagueA_EnuguRangersIFC,Enugu,Enugu,Enugu,Enugu,Enugu,エヌグ,Enugu,Энугу,埃努古,埃努古,埃努古,에누구,إنوغو,Enugu,Enugu,Enugu,เอนูกู,Enugu,,,Enugu,,
GuineaLeagueA_HoroyaAC,Conakry,Conakry,Conakry,Conakry,Conakri,コナクリ,Conacri,Конакри,科纳克里,科納克里,科納克里,코나크리,كوناكري,Conakry,Konakri,Conakry,โกนากรี,Conakry,,,Konakry,,
CameroonLeagueA_CotonSportFCdeGaroua,Garoua,Garoua,Garoua,Garoua,Garua,ガルア,Garua,Гаруа,加鲁阿,加魯阿,加魯阿,가루아,غاروا,Garoua,Garoua,Garoua,การัว,Garoua,,,Garoua,,
ZambianLeagueA_ZanacoFC,Lusaka,Lusaka,Lusaka,Lusaka,Lusaka,ルサカ,Lusaca,Лусака,卢萨卡,盧薩卡,盧薩卡,루사카,لوساكا,Lusaka,Lusaka,Lusaka,ลูซากา,Lusaka,,,Lusaka,,
ZambianLeagueA_NkanaFC,Kitwe,Kitwe,Kitwe,Kitwe,Kitwe,キトウェ,Kitwe,Китве,基特韦,基特韋,基特韋,키트웨,كيتوي,Kitwe,Kitwe,Kitwe,กิเว่,Kitwe,,,Kitwe,,
CongoLeagueA_DiablesNoirsBrazzaville,Brazzaville,Brazzaville,Brazzaville,Brazzaville,Brazzaville,ブラザヴィル,Brazavile,Браззавиль,布拉柴维尔,布拉柴維爾,布拉柴維爾,브라자빌,برازافيل,Brazzaville,Brazzaville,Brazzaville,บราซาวีล,Brazzaville,,,Brazzaville,,
CongoLeagueA_ASOtôho,Oyo,Oyo,Oyo,Oyo,Oyo,オーヨ,Oió,Что,奥约,奧約,奧約,오요,أويو,Oyo,Oyo,Oyo,โอ้ย,Oyo,,,Oyo,,
MaliLeagueA_ASRealBamako,Bamako BW,Bamako BW,Bamako BW,Bamako BW,Bamako BW,バマコ BW,Bamaco BW,Бамако BW,巴马科 黑白,巴馬科 黑白,巴馬科 黑白,바마코 BW,باماكو BW,Bamako BW,Bamako BW,Bamako BW,บามาโก BW,Bamako BW,,,Bamako BW,,
MaliLeagueA_StadeMalien,Bamako,Bamako,Bamako,Bamako,Bamako,バマコ,Bamaco,Бамако,巴马科,巴馬科,巴馬科,바마코,باماكو,Bamako,Bamako,Bamako,บามาโก,Bamako,,,Bamako,,
TogoleseLeagueA_ASKOKara,Kara,Kara,Kara,Kara,Kara,カラ,Kara,Кара,卡拉,卡拉,卡拉,카라,كارا,Kara,Kara,Kara,คาร่า,Kara,,,Kara,,
UgandanLeagueA_VipersSC,Kampala,Kampala,Kampala,Kampala,Kampala,カンパラ,Kampala,Кампала,坎帕拉,坎帕拉,坎帕拉,캄팔라,كامبالا,Kampala,Kampala,Kampala,กัมปาลา,Kampala,,,Kampala,,
BotswanLeagueA_JwanengGalaxyFC,Jwaneng,Jwaneng,Jwaneng,Jwaneng,Jwaneng,ジュワネン,Jwaneng,Джваненг,朱瓦能,朱瓦能,朱瓦能,좌능,جوانينج,Jwaneng,Jwaneng,Jwaneng,จวาเน็ง,Jwaneng,,,Jwaneng,,
GhanaLeagueA_MedeamaSC,Tarkwa,Tarkwa,Tarkwa,Tarkwa,Tarkwa,タルクワ,Tarkwa,Тарква,塔尔卡瓦,塔爾卡瓦,塔爾卡瓦,타르크와,تاركوا,Tarkwa,Tarkwa,Tarkwa,ตารควา,Tarkwa,,,Tarkwa,,
GhanaLeagueA_DreamsFC,Greater Accra,Grand Accra,Grande Accra,Greater Accra,Gran Acra,グレーター・アクラ,Grande Acra,Большая Аккра,大阿克拉,大阿克拉,大阿克拉,그레이터아크라주,أكرا الكبرى,Greater Accra,Büyük Akra,Greater Accra,มหานครอักกรา,Đại Accra,,,Wielka Akra,,
MauritanianLeagueA_FCNouadhibou,Nouadhibou,Nouadhibou,Nouadhibou,Nouadhibou,Nuadibú,ヌアディブ,Nuadibu,Нуадибу,努瓦迪布,努瓦迪布,努瓦迪布,누아디부,نواذيبو,Nouadhibou,Nouadhibou,Nouadhibou,นาอาดีบู,Nouadhibou,,,Nawazibu,,
EswatiniLeagueA_RoyalLeopardsSimunye,Simunye,Simunye,Simunye,Simunye,Simunye,シムネ,Simunye,Симунье,锡穆涅,錫穆涅,錫穆涅,시무니에,سيموني,Simunye,Simunye,Simunye,ซิมุนเย,Simunye,,,Simunye,,
KenyaLeagueA_GorMahiaNairobi,Nairobi,Nairobi,Nairobi,Nairobi,Nairobi,ナイロビ,Nairóbi,Найроби,内罗毕,內羅畢,內羅畢,나이로비,نيروبي,Nairobi,Nairobi,Nairobi,ไนโรบี,Nairobi,,,Nairobi,,
New_ZealandLeagueA_AucklandCityFC,Auckland,Auckland,Auckland,Auckland,Auckland,オークランド,Auckland,Окленд,奥克兰,奧克蘭,奧克蘭,오클랜드,أوكلاند,Auckland,Auckland,Auckland,ออกแลนด์,Auckland,,,Auckland,,
CompName_ColombianLeague,Colombia League,Ligue Colombienne,Lega Colombia,Kolumbien Liga,Liga Colombia,コロンビアリーグ,LIGA COLOMBIANA,Колумбийская лига,哥伦比亚联赛,哥倫比亞聯賽,哥倫比亞聯賽,콜롬비아 리그,دوري كولومبيا,Colombia Competitie,Kolombiya Ligi,Liga Kolombia,ลีกโคลอมเบีย,Giải VĐQG Colombia,,,Liga Kolumbijska,,
CompName_ColombianLeagueB,Colombia League B,Ligue Colombienne B,Lega Colombiana B,Kolumbianische Liga B,Liga Colombiana B,コロンビアンリーグB,Liga Colombiana B,Колумбийская лига B,哥伦比亚B级联赛,哥倫比亞B級聯賽,哥倫比亞B級聯賽,콜롬비아 리그 B,الدوري الكولومبي B,Colombiaanse Liga B,Kolombiya Ligi B,Liga Kolombia B,ลีกโคลอมเบีย B,Giải bóng đá Colombia hạng B,,,Kolumbijska Liga B,,
CompName_ColombianLeagueC,Colombia League C,Ligue Colombienne C,Lega Colombiana C,Kolumbianische Liga C,Liga Colombiana C,コロンビアンリーグC,Liga Colombiana C,Колумбийская лига C,哥伦比亚C级联赛,哥倫比亞C級聯賽,哥倫比亞C級聯賽,콜롬비아 리그 C,الدوري الكولومبي C,Colombiaanse Liga C,Kolombiya Ligi C,Liga Kolombia C,ลีกโคลอมเบีย C,Giải bóng đá Colombia hạng C,,,Kolumbijska Liga C,,
CompName_ColombianSuperCup,Colombian Super Cup,Super Coupe de Colombie,Supercoppa Colombiana,Kolumbianischer Superpokal,Supercopa de Colombia,コロンビアスーパーカップ,Supercopa da Colômbia,Суперкубок Колумбии,哥伦比亚超级杯,哥倫比亞超級杯,哥倫比亞超級杯,콜롬비아 슈퍼컵,كأس السوبر الكولومبي,Colombiaanse Supercup,Kolombiya Süper Kupası,Piala Super Kolombia,โคลอมเบีย ซูเปอร์คัพ,Siêu cúp Colombia,,,Superpuchar Kolumbii,,
ColombianA_DeportesTolima,Ibagué,Ibagué,Ibagué,Ibagué,Ibagué,イバゲ,Ibagué,Ибаге,伊瓦格,伊瓦格,伊瓦格,이바게,إيباغيه,Ibagué,Ibagué,Ibagué,อีบาเก,Ibagué,,,Ibagué,,
ColombianA_RionegroÁguilas,Rionegro,Rionegro,Rionegro,Rionegro,Rionegro,リオネグロ,Rionegro,Рионегро,内格罗河,內格羅河,內格羅河,리오네그로,ريونيغرو,Rionegro,Rionegro,Rionegro,แม่น้ำดำ,Rionegro,,,Rionegro,,
ColombianA_DeportivoCali,Cali Green,Cali Vert,Cali Verde,Cali Grün,Cali Verde,カリグリーン,Cáli Verde,Кали Зеленый,卡利 绿,卡利 綠,卡利 綠,칼리 그린,جرين سانتياغو دي كالي,Cali Groen,Cali Yeşil,Cali Hijau,กาลีสีเขียว,Màu xanh lá Cali,,,Cali Zieleń,,
ColombianA_AlianzaFC,Valledupar,Valledupar,Valledupar,Valledupar,Valledupar,バジェドゥパル,Valledupar,Вальедупар,巴耶杜帕尔,巴耶杜帕爾,巴耶杜帕爾,바예두파르,فاليدوبار,Valledupar,Valledupar,Valledupar,บาเยดูปาร์,Valledupar,,,Valledupar,,
ColombianA_DeportivoPereira,Pereira,Pereira,Pereira,Pereira,Pereira,ペレイラ,Pereira,Перейра,佩雷拉,佩雷拉,佩雷拉,페레이라,بيريرا,Pereira,Pereira,Pereira,เปเรร่า,Pereira,,,Pereira,,
ColombianA_CDLaEquidadSegurosSA,Bogotá Green,Bogotá Vert,Bogotà Verde,Bogotá Grün,Bogotá Verde,ボゴタグリーン,Bogotá Verde,Богота Зеленый,波哥大 绿,波哥大 綠,波哥大 綠,보고타 그린,بوغوتا جرين,Bogotá Groen,Bogotá Yeşil,Bogotá Hijau,โบโกตาสีเขียว,Màu xanh lá Bogotá,,,Bogotá Zieleń,,
ColombianA_AtléticoBucaramanga,Bucaramanga,Bucaramanga,Bucaramanga,Bucaramanga,Bucaramanga,ブカラマンガ,Bucaramanga,Букараманга,布卡拉曼加,布卡拉曼加,布卡拉曼加,부카라망가,بوكارامانغا,Bucaramanga,Bucaramanga,Bucaramanga,บูการามังกา,Bucaramanga,,,Bucaramanga,,
ColombianA_OnceCaldas,Manizales,Manizales,Manizales,Manizales,Manizales,マニサレス,Manizales,Манисалес,马尼萨莱斯,馬尼薩萊斯,馬尼薩萊斯,마니살레스,مانيزاليس,Manizales,Manizales,Manizales,มานิซาราซ,Manizales,,,Manizales,,
ColombianA_EnvigadoFC,Envigado,Envigado,Envigado,Envigado,Envigado,エンビガド,Envigado,Энвигадо,恩维加多,恩維加多,恩維加多,엔비가도,إنفيغادو,Envigado,Envigado,Envigado,เอวิกาโด,Envigado,,,Envigado,,
ColombianA_JaguaresdeCórdoba,Montería,Montería,Montería,Montería,Montería,モンテリア,Montería,Монтерия,蒙特里亚,蒙特裏亞,蒙特裏亞,몬테리아,مونتيريا,Montería,Montería,Montería,การล่าสัตว์,Montería,,,Montería,,
ColombianA_AsociaciónDeportivoPasto,Pasto,Pasto,Pasto,Pasto,Pasto,パスト,Pasto,Пасто,帕斯托,帕斯托,帕斯托,파스토,باستو,Pasto,Pasto,Pasto,หญ้า,Pasto,,,Pasto,,
ColombianA_FortalezaCEIF,Bogotá White,Bogotá Blanc,Bogotà Bianco,Bogotá Weiß,Bogotá Blanco,ボゴタ 白,Bogotá Branco,Богота Белый,波哥大 白,波哥大 白,波哥大 白,보고타 흰색,بوغوتا أزرق,Bogotá Wit,Bogotá Beyaz,Bogotá Putih,โบโกตา ขาว,Bogotá Trắng,,,Bogotá Biały,,
ColombianA_BoyacáChicóFC,Bogotá Black,Bogotá Noir,Bogotà Nero,Bogotá Schwarz,Bogotá Negro,ボゴタ 黒,Bogotá Preto,Богота Черный,波哥大 黑,波哥大 黑,波哥大 黑,보고타 검정색,بوغوتا أحمر,Bogotá Zwart,Bogotá Siyah,Bogotá Hitam,โบโกตา ดำ,Bogotá Đen,,,Bogotá Czarny,,
ColombianA_BoyacáPatriotasFC,Tunja,Tunja,Tunja,Tunja,Tunja,トゥンハ,Tunja,Тунха,通哈,通哈,通哈,퉁하,تونخا,Tunja,Tunja,Tunja,ตุนจา,Tunja,,,Tunja,,
ColombianA_CDRealCartagena,Cartagena Yellow,Cartagena Jaune,Cartagena Giallo,Cartagena Gelb,Cartagena Amarillo,カルタヘナ・イエロー,Cartagena Amarelo,Картахена Жёлтый,卡塔赫纳黄,卡塔赫納黃,卡塔赫納黃,카르타헤나 옐로우,كرتاجينا الأصفر,Cartagena Geel,Cartagena Sarısı,Cartagena Kuning,คาร์ตาเฮนา เหลือง,Cartagena Vàng,,,Cartagena Żółty,,
ColombianA_CúcutaDeportivo,Cúcuta,Cúcuta,Cúcuta,Cúcuta,Cúcuta,ククタ,Cúcuta,Кукута,库库塔,庫庫塔,庫庫塔,쿠쿠타,كوكوتا,Cúcuta,Cúcuta,Kukuta,กูกูตา,Cúcuta,,,Cúcuta,,
ColombianA_LlanerosFC,Villavicencio,Villavicencio,Villavicencio,Villavicencio,Villavicencio,ビリャビセンシオ,Villavicencio,Вильявисенсио,比亚维森西奥,比亞維森西奧,比亞維森西奧,비야비센시오,فيلافيسنسيو,Villavicencio,Villavicencio,Villavicencio,บิยาบิเซนซิโอ,Villavicencio,,,Villavicencio,,
ColombianA_CDAtléticoHuila,Neiva,Neiva,Neiva,Neiva,Neiva,ネイバ,Neiva,Нейва,内瓦,內瓦,內瓦,네이바,نيفا,Neiva,Neiva,Neiva,เนวา,Neiva,,,Neiva,,
ColombianA_ADUnionMagdalena,Santa Marta,Santa Marta,Santa Marta,Santa Marta,Santa Marta,サンタ・マルタ,Santa Marta,Санта-Марта,圣玛尔塔,聖瑪爾塔,聖瑪爾塔,산타마르타,سانتا مارتا,Santa Marta,Santa Marta,Santa Marta,ซานตามาร์ตา,Santa Marta,,,Santa Marta,,
ColombianA_BarranquillaFC,Barranquilla Red,Barranquilla Rouge,Barranquilla Rosso,Barranquilla Rot,Barranquilla Rojo,バランキージャ 赤,Barranquilla Vermelho,Барранкилья Красный,巴兰基亚 红,巴蘭基亞 紅,巴蘭基亞 紅,바랑키야 빨간색,بارانكويلا أسود,Barranquilla Rood,Barranquilla Kırmızı,Barranquilla Merah,บารากิลล่า แดง,Barranquilla Đỏ,,,Barranquilla Czerwony,,
ColombianA_DeportesQuindío,Armenia,Armenia,Armenia,Armenia,Armenia,アルメニア,Armênia,Армения,亚美尼亚城,亞美尼亞城,亞美尼亞城,아르메니아,أرمينيا,Armenia,Armenia,Armenia,อาร์เมเนีย,Armenia,,,Armenia,,
ColombianA_RealCundinamarca,Soacha,Soacha,Soacha,Soacha,Soacha,ソアチャ,Soacha,Соача,索阿查,索阿查,索阿查,소차,سواتشا,Soacha,Soacha,Soacha,โซชา,Soacha,,,Soacha,,
ColombianA_ClubBocaJuniorsdeCali,Cali Blue,Cali Blanc,Cali Bianco,Cali Weiß,Cali Blanco,カリ 青,Cáli Azul,Кали Синий,卡利 蓝,卡利 藍,卡利 藍,칼리 파란색,كالي أبيض,Cali Blauw,Cali Mavi,Cali Biru,กาลิ น้ำเงิน,Cali Xanh,,,Cali Błękit,,
ColombianA_LeonesFC,Itagüí,Itagüí,Itagüí,Itagüí,Itagüí,イタグイ,Itagüí,Итагуи,伊塔圭,伊塔圭,伊塔圭,이타구이,إيتاجوي,Itagüí,Itagüí,Itagüí,อิตากี,Itagüí,,,Itagüí,,
ColombianA_InternacionaldePalmira,Palmira,Palmira,Palmira,Palmira,Palmira,パルミラ,Palmira,Пальмира,帕尔米拉,帕爾米拉,帕爾米拉,팔미라,تدمر,Palmira,Palmira,Palmira,พาลไมรา,Palmira,,,Palmira,,
ColombianA_TigresFC,Bogotá Gray,Bogotá Gris,Bogotà Grigio,Bogotá Grau,Bogotá Gris,ボゴタ グレー,Bogotá Cinza,Богота Серый,波哥大 灰,波哥大 灰,波哥大 灰,보고타 회색,بوغوتا رمادي,Bogotá Grijs,Bogotá Gri,Bogotá Abu-abu,โบโกตา สีเทา,Bogotá Xám,,,Bogotá Szary,,
ColombianA_AtléticoFC,Cali Gray,Cali Gris,Cali Grigio,Cali Grau,Cali Gris,カリ グレー,Cali Cinza,Кали Серый,卡利 灰,卡利 灰,卡利 灰,칼리 회색,كالي رمادي,Cali Grijs,Cali Gri,Cali Abu-abu,กาลิ สีเทา,Cali Xám,,,Cali Szary,,
ColombianA_RealSantander,Bucaramanga Blue,Bucaramanga Bleu,Bucaramanga Blu,Bucaramanga Blau,Bucaramanga Azul,ブカラマンガブルー,Bucaramanga Azul,Букараманга Синий,布卡拉曼加 蓝,布卡拉曼加 藍,布卡拉曼加 藍,부카라망가 블루,بوكارامانغا الأزرق,Bucaramanga Blauw,Bucaramanga Mavi,Bucaramanga Biru,บูการามังกา น้ำเงิน,Bucaramanga màu xanh,,,Bucaramanga Błękit,,
ColombianA_BogotáFC,Bogotá Yellow,Bogotá Jaune,Bogotà Giallo,Bogotá Gelb,Bogotá Amarillo,ボゴタ 黄,Bogotá Amarelo,Богота Жёлтый,波哥大 黄,波哥大 黃,波哥大 黃,보고타 노랑,بوغوتا أصفر,Bogotá Geel,Bogotá Sarı,Bogotá Kuning,โบโกตา สีเหลือง,Bogotá Màu vàng,,,Bogotá Żółty,,
ColombianA_OrsomarsoSC,Palmira Blue,Palmira Blanc,Palmira Bianco,Palmira Weiß,Palmira Blanco,パルミラ 青,Palmira Azul,Пальмира Синий,帕尔米拉 蓝,帕爾米拉 藍,帕爾米拉 藍,팔미라 파란색,تدمر أبيض,Palmira Blauw,Palmira Mavi,Palmira Biru,พาลไมรา น้ำเงิน,Palmira Xanh,,,Palmira Błękit,,
ColombianA_TotalSoccer,Medellín White,Medellín Blanc,Medellín Bianco,Medellín Weiß,Medellín Blanco,メデジン 白,Medellín Branco,Медельин Белый,麦德林 白,麥德林 白,麥德林 白,메데인 흰색,ميديلين أزرق,Medellín Wit,Medellín Beyaz,Medellín Putih,เมเดยิน ขาว,Medellin Trắng,,,Medellin Biały,,
ColombianA_CiamenF.C.,Cúcuta Red,Cúcuta Rouge,Cúcuta Rosso,Cúcuta Rot,Cúcuta Rojo,ククタ 赤,Cúcuta Vermelho,Кукута Красный,库库塔 红,庫庫塔 紅,庫庫塔 紅,쿠쿠타 빨간색,كوكوتا أسود,Cúcuta Rood,Cúcuta Kırmızı,Kukuta Merah,กูกูตา แดง,Cúcuta Đỏ,,,Cúcuta Czerwony,,
ColombianA_IlusiónNaranja,Barranquilla White,Barranquilla Blanc,Barranquilla Bianco,Barranquilla Weiß,Barranquilla Blanco,バランキージャ 白,Barranquilla Branco,Барранкилья Белый,巴兰基亚 白,巴蘭基亞 白,巴蘭基亞 白,바랑키야 흰색,بارانكويلا أزرق,Barranquilla Wit,Barranquilla Beyaz,Barranquilla Putih,บารากิลล่า ขาว,Barranquilla Trắng,,,Barranquilla Biały,,
ColombianA_AtléticoAracataca,Aracataca,Aracataca,Aracataca,Aracataca,Aracataca,アラカタカ,Aracataca,Аракатака,阿拉卡塔卡,阿拉卡塔卡,阿拉卡塔卡,아라카타카,أراكاتاكا,Aracataca,Aracataca,Aracataca,อารากาตากา,Aracataca,,,Aracataca,,
ColombianA_FiorentinaF.C.,Florencia,Florencia,Florencia,Florencia,Florencia,フロレンシア,Florencia,Флоренсия,弗洛伦西亚,弗洛倫西亞,弗洛倫西亞,플로렌시아,فلورنسيا,Florencia,Florencia,Florencia,ฟลอเรนซ์,Florencia,,,Florencia,,
ColombianA_AtletasdelMañana,Bosconia,Bosconia,Bosconia,Bosconia,Bosconia,ボスコニア,Bosconia,Боскония,博斯科尼亚,博斯科尼亞,博斯科尼亞,보스코니아,بوسكونيا,Bosconia,Bosconia,Bosconia,บอสโคเนีย,Bosconia,,,Bosconia,,
Str_National_France_1998,France 1998,France 1998,Francia 1998,Frankreich 1998,Francia 1998,フランス 1998,França 1998,Франция 1998,法国 1998,法國 1998,法國 1998,프랑스 1998,فرنسا 1998,Frankrijk 1998,Fransa 1998,Perancis 1998,ฝรั่งเศส 1998,Pháp 1998,,,Francja 1998,,
Str_National_Montenegro,Montenegro,Monténégro,Montenegro,Montenegro,Montenegro,モンテネグロ,Montenegro,Черногория,黑山,黑山,黑山,몬테네그로,الجبل الأسود,Montenegro,Karadağ,Montenegro,มอนเตเนโกร,Montenegro,,,Czarnogóra,,
Str_National_Luxembourg,Luxembourg,Luxembourg,Lussemburgo,Luxemburg,Luxemburgo,ルクセンブルク,Luxemburgo,Люксембург,卢森堡,盧森堡,盧森堡,룩셈부르크,لوكسمبورغ,Luxemburg,Lüksemburg,Luksemburg,ลักเซมเบิร์ก,Lúc-xăm-bua,,,Luksemburg,,
Str_National_Armenia,Armenia,Arménie,Armenia,Armenien,Armenia,アルメニア,Armênia,Армения,亚美尼亚,亞美尼亞,亞美尼亞,아르메니아,أرمينيا,Armenië,Ermenistan,Armenia,อาร์เมเนีย,Ai Cập,,,Armenia,,
Str_National_Kosovo,Kosovo,Kosovo,Kosovo,Kosovo,Kosovo,コソボ,Kosovo,Косово,科索沃,科索沃,科索沃,코소보,كوسوفو,Kosovo,Kosova,Kosovo,โคโซโว,Kosovo,,,Kosowo,,
Str_National_Azerbaijan,Azerbaijan,Azerbaïdjan,Azerbaigian,Aserbaidschan,Azerbaiyán,アゼルバイジャン,Azerbaijão,Азербайджан,阿塞拜疆,阿塞拜疆,阿塞拜疆,아제르바이잔,أذربيجان,Azerbeidzjan,Azerbaycan,Azerbaijan,อาเซอร์ไบจาน,Azerbaijan,,,Azerbejdżan,,
Str_National_Estonia,Estonia,Estonie,Estonia,Estland,Estonia,エストニア,Estônia,Эстония,爱沙尼亚,愛沙尼亞,愛沙尼亞,에스토니아,إستونيا,Estland,Estonya,Estonia,เอสโตเนีย,Estonia,,,Estonia,,
Str_National_Cyprus,Cyprus,Chypre,Cipro,Zypern,Chipre,キプロス,Chipre,Кипр,塞浦路斯,塞浦路斯,塞浦路斯,키프로스,قبرص,Cyprus,Kıbrıs,Siprus,ไซปรัส,Síp,,,Cypr,,
Str_National_Faroe_Islands,Faroe Islands,Îles Féroé,Isole Fær Øer,Färöer-Inseln,Islas Feroe,フェロー諸島,Ilhas Faroé,Фарерские острова,法罗群岛,法羅群島,法羅群島,페로 제도,جزر فارو,Faeröer Eilanden,Faroe Adaları,Kepulauan Faroe,หมู่เกาะแฟโร,Quần đảo Faroe,,,Wyspy Owcze,,
Str_National_Lithuania,Lithuania,Lituanie,Lituania,Litauen,Lituania,リトアニア,Lituânia,Литва,立陶宛,立陶宛,立陶宛,리투아니아,ليتوانيا,Litouwen,Litvanya,Lituania,ลิทัวเนีย,Litva,,,Litwa,,
Str_National_Moldova,Moldova,Moldavie,Moldavia,Moldawien,Moldavia,モルドバ,Moldávia,Молдавия,摩尔多瓦,摩爾多瓦,摩爾多瓦,몰도바,مولدوفا,Moldavië,Moldova,Moldova,มอลโดวา,Moldova,,,Mołdawia,,
Str_National_Andorra,Andorra,Andorre,Andorra,Andorra,Andorra,アンドラ,Andorra,Андорра,安道尔,安道爾,安道爾,안도라,أندورا,Andorra,Andorra,Andorra,อันดอร์รา,Andorra,,,Andora,,
Str_National_Malta,Malta,Malte,Malta,Malta,Malta,マルタ,Malta,Мальта,马耳他,馬耳他,馬耳他,몰타,مالطا,Malta,Malta,Malta,มอลตา,Malta,,,Malta,,
Str_National_Liechtenstein,Liechtenstein,Liechtenstein,Liechtenstein,Liechtenstein,Liechtenstein,リヒテンシュタイン,Liechtenstein,Лихтенштейн,列支敦士登,列支敦士登,列支敦士登,리히텐슈타인,ليختنشتاين,Liechtenstein,Lihtenştayn,Liechtenstein,ลิกเตนสไตน์,Liechtenstein,,,Liechtenstein,,
Str_National_Gibraltar,Gibraltar,Gibraltar,Gibilterra,Gibraltar,Gibraltar,ジブラルタル,Gibraltar,Гибралтар,直布罗陀,直布羅陀,直布羅陀,지브롤터,جبل طارق,Gibraltar,Cebelitarık,Gibraltar,ยิบรอลตาร์,Gibraltar,,,Gibraltar,,
Str_National_CHINESE_TAIPEI,Chinese Taipei,Taipei chinois,Taipei cinese,Chinesisches Taipeh,Taipei chino,中華台北,Taipei chinês,Китайский Тайбэй,中华台北,中華台北,中華台北,중화 타이베이,تايبيه الصينية,Chinees Taipei,Çin Taipei,Taipei Cina,ไต้หวันจีน,Trung Hoa Đài Bắc,,,Chińskie Tajpej,,
Str_National_Maldives,Maldives,Maldives,Maldive,Malediven,Maldivas,モルディブ,Maldivas,Мальдивы,马尔代夫,馬爾代夫,馬爾代夫,몰디브,جزر المالديف,Maldiven,Maldivler,Maladewa,มัลดีฟส์,Maldives,,,Malediwy,,
Str_National_Nepal,Nepal,Népal,Nepal,Nepal,Nepal,ネパール,Nepal,Непал,尼泊尔,尼泊爾,尼泊爾,네팔,نيبال,Nepal,Nepal,Nepal,เนปาล,Nepal,,,Nepal,,
Str_National_Cambodia,Cambodia,Cambodge,Cambogia,Kambodscha,Camboya,カンボジア,Camboja,Камбоджа,柬埔寨,柬埔寨,柬埔寨,캄보디아,كمبوديا,Cambodja,Kamboçya,Kamboja,กัมพูชา,Campuchia,,,Kambodża,,
Str_National_Bhutan,Bhutan,Bhoutan,Bhutan,Bhutan,Bután,ブータン,Butão,Бутан,不丹,不丹,不丹,부탄,بوتان,Bhutan,Bhutan,Bhutan,ภูฏาน,Bhutan,,,Bhutan,,
Str_National_CHINA_MACAO,Macau,Macao,Macao,Macao,Macao,マカオ,Macau,Макао,澳门,澳門,澳門,마카오,ماكاو,Macau,Makao,Makau,มาเก๊า,Ma Cao,,,Makau,,
Str_National_Laos,Laos,Laos,Laos,Laos,Laos,ラオス,Laos,Лаос,老挝,老撾,老撾,라오스,لاوس,Laos,Laos,Laos,ลาว,Lào,,,Laos,,
Str_National_Mongolia,Mongolia,Mongolie,Mongolia,Mongolei,Mongolia,モンゴル,Mongólia,Монголия,蒙古,蒙古,蒙古,몽골,منغوليا,Mongolië,Moğolistan,Mongolia,มองโกเลีย,Mông Cổ,,,Mongolia,,
Str_National_Brunei,Brunei,Brunei,Brunei,Brunei,Brunéi,ブルネイ,Brunei,Бруней,文莱,文萊,文萊,브루나이,بروناي,Brunei,Brunei,Brunei,บรูไน,Brunei,,,Brunei,,
Str_National_TIMOR_LESTE,Timor-Leste,Timor-Leste,Timor Est,Osttimor,Timor Oriental,東ティモール,Timor-Leste,Восточный Тимор,东帝汶,東帝汶,東帝汶,동티모르,تيمور الشرقية,Oost-Timor,Doğu Timor,Timor Leste,ติมอร์-เลสเต,Đông Timor,,,Timor Wschodni,,
Str_National_Sri_Lanka,Sri Lanka,Sri Lanka,Sri Lanka,Sri Lanka,Sri Lanka,スリランカ,Sri Lanka,Шри-Ланка,斯里兰卡,斯里蘭卡,斯里蘭卡,스리랑카,سريلانكا,Sri Lanka,Sri Lanka,Sri Lanka,ศรีลังกา,Sri Lanka,,,Sri Lanka,,
Str_National_Guam,Guam,Guam,Guam,Guam,Guam,グアム,Guame,Гуам,关岛,關島,關島,괌,غوام,Guam,Guam,Guam,กวม,Guam,,,Guam,,
Str_National_Central_African_Republic,Central African Republic,République centrafricaine,Repubblica Centrafricana,Zentralafrikanische Republik,República Centroafricana,中央アフリカ共和国,República Centro-Africana,Центральноафриканская Республика,中非共和国,中非共和國,中非共和國,중앙아프리카 공화국,جمهورية أفريقيا الوسطى,Centraal-Afrikaanse Republiek,Orta Afrika Cumhuriyeti,Republik Afrika Tengah,สาธารณรัฐแอฟริกากลาง,Cộng hòa Trung Phi,,,Republika Środkowoafrykańska,,
Str_National_Botswana,Botswana,Botswana,Botswana,Botswana,Botsuana,ボツワナ,Botsuana,Ботсвана,博茨瓦纳,博茨瓦纳,博茨瓦纳,보츠와나,بوتسوانا,Botswana,Botsvana,Botswana,บอตสวานา,Botswana,,,Botswana,,
Str_National_Swaziland,Swaziland,Swaziland,Swaziland,Swasiland,Suazilandia,スワジランド,Suazilândia,Свазиленд,斯威士兰,斯威士蘭,斯威士蘭,스와질란드,سوازيلاند,Swaziland,Svaziland,Swaziland,สวาซิแลนด์,Swaziland,,,Suazi,,
Str_National_Lesotho,Lesotho,Lesotho,Lesotho,Lesotho,Lesoto,レソト,Lesoto,Лесото,莱索托,賴索托,賴索托,레소토,ليسوتو,Lesotho,Lesotho,Lesotho,เลโซโท,Lesotho,,,Lesotho,,
CompName_IndianLeague,Indian League,Ligue Indienne,Lega Indiano,Indische Liga,Liga India,インドリーグ,LIGA INDIANA,Индийская лига,印度联赛,印度聯賽,印度聯賽,인디언 리그,الدوري الهندي,Indiase competitie,Hindistan Ligi,Liga India,ลีกอินเดีย,Giải đấu Ấn Độ,,,Liga Indyjska,,
CompName_IndianLeagueB,Indian League B,Ligue Indienne B,Lega Indiano B,Indische Liga B,Liga India B,インドリーグ B,LIGA INDIANA B,Индийская лига B,印度联赛 B,印度聯賽 B,印度聯賽 B,인디언 리그 B,الدوري الهندي B,Indiase competitie B,Hindistan Ligi B,Liga India B,ลีกอินเดีย B,Giải đấu Ấn Độ B,,,Liga Indyjska B,,
CompName_IndianLeagueC,Indian League C,Ligue Indienne C,Lega Indiano C,Indische Liga C,Liga India C,インドリーグ C,LIGA INDIANA C,Индийская лига C,印度联赛 C,印度聯賽 C,印度聯賽 C,인디언 리그 C,الدوري الهندي C,Indiase competitie C,Hindistan Ligi C,Liga India C,ลีกอินเดีย C,Giải đấu Ấn Độ C,,,Liga Indyjska C,,
CompName_IndianSuperCup,Indian Super Cup,Super Coupe d'Inde,Supercoppa Indiana,Indischer Superpokal,Supercopa de India,インディアン・スーパーカップ,Supercopa da Índia,Суперкубок Индии,印度超级杯,印度超級杯,印度超級杯,인디언슈퍼컵,كأس السوبر الهندي,Indiase Supercup,Hindistan Süper Kupası,Piala Super India,อินเดียนซูเปอร์คัพ,Siêu cúp Ấn Độ,,,Superpuchar Indii,,
IndianA_MohunBaganSuperGiant,Kolkata,Calcutta,Calcutta,Kolkata,Calcuta,コルカタ,Calcutá,Калькутта,加尔各答,加爾各答,加爾各答,콜카타,كلكتا,Calcutta,Kalküta,Kolkata,โกลกาตา,Kolkata,,,Kolkata,,
IndianA_KeralaBlastersFC,Kochi Yellow,Kochi Jaune,Kochi Giallo,Kochi Gelb,Kochi Amarillo,コーチ・イエロー,Kochi Amarelo,Коти Жёлтый,科钦黄,科欽黃,科欽黃,고치 옐로우,كوتشي الأصفر,Kochi Geel,Kochi Sarısı,Kochi Kuning,โคจิ เหลือง,Kochi Vàng,,,Kochi Żółty,,
IndianA_BengaluruFC,Bangalore,Bangalore,Bangalore,Bengaluru,Bangalore,ベンガルール,Bangalor,Бангалор,班加罗尔,班加羅爾,班加羅爾,벵갈루루,بنغالور,Bangalore,Bangalore,Bengaluru,เบงคลูรู,Bengaluru,,,Bengaluru,,
IndianA_OdishaFC,Bhubaneswar,Bhubaneswar,Bhubaneswar,Bhubaneswar,Bhubaneswar,ブバネーシュワル,Bubanesvar,Бхубанешвар,布巴内什瓦尔,布巴內什瓦爾,布巴內什瓦爾,부바네스와르,بوبانسوار,Bhubaneswar,Bhubaneswar,Bhubaneswar,ภุพเนศวร,Bhubaneswar,,,Bhubaneswar,,
IndianA_EastBengalFC,Kolkata Red,Calcutta Rouge,Calcutta Rosso,Kolkata Rot,Calcuta Rojo,コルカタ 赤,Calcutá Vermelho,Калькутта Красный,加尔各答 红,加爾各答 紅,加爾各答 紅,콜카타 빨간색,كلكتا أسود,Calcutta Rood,Kalküta Kırmızı,Kolkata Merah,โกลกาตา แดง,Kolkata Đỏ,,,Kolkata Czerwony,,
IndianA_NorthEastUnitedFC,Guwahati,Guwahati,Guwahati,Guwahati,Guwahati,グワーハーティー,Guwahati,Гувахати,古瓦哈蒂,古瓦哈蒂,古瓦哈蒂,구와하티,غواهاتي,Guwahati,Guwahati,Guwahati,คุวาหาฏี,Guwahati,,,Guwahati,,
IndianA_PunjabFC,Mohali,Mohali,Mohali,Mohali,Mohali,モハリ,Mohali,Мохали,莫哈里,莫哈裏,莫哈裏,현지의,موهالي,Mohali,Mohali,Mohali,ท้องถิ่น,Mohali,,,Mohali,,
IndianA_ChennaiyinFC,Chennai,Chennai,Chennai,Chennai,Chennai,チェンナイ,Chenai,Ченнаи,金奈,金奈,金奈,첸나이,تشيناي,Chennai,Chennai,Chennai,เจนไน,Chennai,,,Ćennaj,,
IndianA_JamshedpurFC,Jamshedpur,Jamshedpur,Jamshedpur,Jamshedpur,Jamshedpur,ジャムシェードプル,Jamshedpur,Джамшедпур,贾姆谢德布尔,賈姆謝德布爾,賈姆謝德布爾,잠셰드푸르,جمشيدبور,Jamshedpur,Cemşidpur,Jamshedpur,ชัมเศทปุระ,Jamshedpur,,,Jamshedpur,,
IndianA_HyderabadFC,Hyderabad,Hyderabad,Hyderabad,Hyderabad,Hyderabad,ハイデラバード,Haiderabade,Хайдарабад,海得拉巴,海得拉巴,海得拉巴,하이데라바드,حيدر آباد,Haiderabade,Hyderabad,Hyderabad,ไฮเดอราบาด,Hyderabad,,,Hajdarabad,,
IndianA_SreenidiDeccanFC,Telangana,Telangana,Telangana,Telangana,Telangana,テランガーナ,Telanganá,Телингана,特伦甘纳,特倫甘納,特倫甘納,텔랑가나주,تلنغانة,Telangana,Telangana,Telangana,รัฐเตลังคานา,Telangana,,,Telangana,,
IndianA_GokulamKeralaFC,Kerala,Kerala,Kerala,Kerala,Kerala,ケララ,Querala,Керала,喀拉拉,喀拉拉,喀拉拉,케랄라주,كيرلا,Kerala,Kerala,Kerala,รัฐเกรละ,Kerala,,,Kerala,,
IndianA_InterKashi,Uttar Pradesh,Uttar Pradesh,Uttar Pradesh,Uttar Pradesh,Uttar Pradesh,ウッタル・プラデーシュ州,Utar Pradexe,Уттар-Прадеш,北方邦,北方邦,北方邦,우타르프라데시주,أتر برديش,Uttar Pradesh,Uttar Pradeş,Uttar Pradesh,รัฐอุตตรประเทศ,Uttar Pradesh,,,Uttar Pradesh,,
IndianA_RealKashmirFC,Jammu and Kashmir,Jammu-et-Cachemire,Jammu e Kashmir,Jammu und Kashmir,Jammu y Cachemira,ジャンムー・カシミール,Jamu e Caxemira,Джамму и Кашмир,查谟和克什米尔,查謨和喀什米爾,查謨和喀什米爾,잠무 카슈미르,جامو وكشمير,Jammu en Kasjmir,Cemmu ve Keşmir,Jammu dan Kashmir,ชัมมูและกัศมีร์,Jammu và Kashmir,,,Dżammu i Kaszmir,,
IndianA_ChurchillBrothersFC,Goa Red,Goa Rouge,Goa Rosso,Goa Rot,Goa Rojo,ゴア 赤,Goa Vermelho,Гоа Красный,果阿 红,果阿 紅,果阿 紅,고아 빨간색,غوا أسود,Goa Rood,Goa Kırmızı,Goa Merah,โกอา แดง,Goa Đỏ,,,Goa Czerwony,,
IndianA_AizawlFC,Mizoram,Mizoram,Mizoram,Mizoram,Mizoram,ミゾラム,Mizorão,Мизорам,米佐拉姆,米佐拉姆,米佐拉姆,미조람주,ميزورام,Mizoram,Mizoram,Mizoram,รัฐมิโซรัม,Mizoram,,,Mizoram,,
IndianA_ShillongLajongFC,Meghalaya,Meghalaya,Meghalaya,Meghalaya,Meghalaya,メーガーラヤ,Megalaia,Мегхалая,梅加拉亚,梅加拉亞,梅加拉亞,메갈라야주,ميغالايا,Meghalaya,Meghalaya,Meghalaya,รัฐเมฆาลัย,Meghalaya,,,Meghalaya,,
IndianA_RajasthanUnited,Rajasthan,Rajasthan,Rajasthan,Rajasthan,Rayastán,ラージャスターン,Rajastão,Раджастхан,拉贾斯坦,拉賈斯坦,拉賈斯坦,라자스탄주,راجستان,Rajasthan,Racastan,Rajasthan,รัฐราชสถาน,Rajasthan,,,Radżastan,,
IndianA_NamdhariFootballClub,Punjab,Pendjab,Punjab,Punjab,Punyab,パンジャーブ,Punjab,Пенджаб,旁遮普,旁遮普,旁遮普,펀자브주,بنجاب,Punjab,Pencap,Punjab,รัฐปัญจาบ,Punjab,,,Pendżab,,
IndianA_DelhiFC,Delhi,Delhi,Delhi,Delhi,Delhi,デリー,Deli,Дели,德里,德裏,德裏,델리,دلهي,Delhi,Delhi,Delhi,เดลี,Delhi,,,Delhi,,
IndianA_TRAUFC,Imphal Red,Imphal Rouge,Imphal Rosso,Imphal Rot,Imphal Rojo,インパル・レッド,Imphal Vermelho,Импхал Красный,因帕尔红,因帕爾紅,因帕爾紅,임팔 레드,إمفال الأحمر,Imphal Rood,Imphal Kırmızısı,Imphal Merah,อิมพาล แดง,Imphal Đỏ,,,Imphal Czerwony,,
IndianA_NEROCAFC,Imphal Orange,Imphāl Orange,Imphal Arancione,Imphal Orange,Imfal Naranja,インパール オレンジ,Infal Laranja,Импхал Оранжевый,因帕尔 橙,因帕爾 橙,因帕爾 橙,임팔 주황색,إمفال مستقبل,Imphal Oranje,Imphal Turuncu,Imphal Oranye,อิมผาล สีส้ม,Imphal Màu cam,,,Imphal Pomarańczowy,,
IndianA_KenkreFC,Mumbai Green,Bombay Vert,Mumbai Verde,Mumbai Grün,Mumbai Verde,ムンバイ 緑,Mumbai Verde,Мумбаи Зелёный,孟买 绿,孟買 綠,孟買 綠,뭄바이 녹색,مومباي أخضر,Mumbai Groen,Bombay Yeşil,Mumbai Hijau,มุมไบ เขียว,Mumbai Xanh,,,Mumbai Zielony,,
IndianA_SCBengaluru,Bangalore Tiger,Bangalore Tigre,Bangalore Tigre,Bengaluru Tiger,Bangalore Tigre,ベンガルール 虎,Bangalor Tigre,Бангалор Тигр,班加罗尔 虎,班加羅爾 虎,班加羅爾 虎,벵갈루루 호랑이,بنغالور نمر,Bangalore Tijger,Bangalore Kaplan,Bengaluru Harimau,เบงคลูรู เสือ,Bengaluru Hổ,,,Bengaluru Tygrys,,
IndianA_SudevaDelhiFC,Delhi Yellow,Delhi Jaune,Delhi Giallo,Delhi Gelb,Delhi Amarillo,デリー 黄,Deli Amarelo,Дели Жёлтый,德里 黄,德裏 黃,德裏 黃,델리 노랑,دلهي أصفر,Delhi Geel,Delhi Sarı,Delhi Kuning,เดลี สีเหลือง,Delhi Màu vàng,,,Delhi Żółty,,
IndianA_DempoSC,Goa Blue,Goa Bleu,Goa Blu,Goa Blau,Goa Azul,ゴア 青,Goa Azul,Гоа Синий,果阿 蓝,果阿 藍,果阿 藍,고아 파란색,غوا أبيض,Goa Blauw,Goa Mavi,Goa Biru,โกอา น้ำเงิน,Goa Xanh,,,Goa Niebieski,,
IndianA_UnitedSC,Kolkata Purple,Calcutta Violet,Calcutta Viola,Kolkata Lila,Calcuta Morado,コルカタ 紫,Calcutá Roxo,Калькутта Фиолетовый,加尔各答 紫,加爾各答 紫,加爾各答 紫,콜카타 보라색,كلكتا بنفسجي,Calcutta Paars,Kalküta Mor,Kolkata Ungu,โกลกาตา สีม่วง,Kolkata Màu tím,,,Kolkata Fioletowy,,
IndianA_TheOranjeFC,Mumbai Yellow,Bombay Jaune,Mumbai Giallo,Mumbai Gelb,Mumbai Amarillo,ムンバイ 黄,Mumbai Amarelo,Мумбаи Жёлтый,孟买 黄,孟買 黃,孟買 黃,뭄바이 노랑,مومباي أصفر,Mumbai Geel,Bombay Sarı,Mumbai Kuning,มุมไบ สีเหลือง,Mumbai Màu vàng,,,Mumbai Żółty,,
IndianA_FCBengaluruUnited,Karnataka,Karnāṭaka,Karnataka,Karnataka,Karnataka,カルナータカ,Carnataca,Карнатака,卡纳塔克,卡納塔克,卡納塔克,카르나타카주,كرناتكا,Karnataka,Karnataka,Karnataka,รัฐกรณาฏกะ,Karnataka,,,Karnataka,,
IndianA_SportingClubdeGoa,Goa Orange,Goa Orange,Goa Arancione,Goa Orange,Goa Naranja,ゴア オレンジ,Goa Laranja,Гоа Оранжевый,果阿 橙,果阿 橙,果阿 橙,고아 주황색,غوا مستقبل,Goa Oranje,Goa Turuncu,Goa Oranye,โกอา สีส้ม,Goa Màu cam,,,Goa Pomarańczowy,,
IndianA_InternationalFC,Phagwara,Phagwara,Phagwara,Phagwara,Phagwara,ファグワラ,Phagwara,Пхагвара,帕格瓦拉,帕格瓦拉,帕格瓦拉,파그와라,فاجوارا,Phagwara,Phagwara,Phagwara,ภัควารา,Phagwara,,,Phagwara,,
IndianA_ARAFC,Ahmedabad,Ahmedabad,Ahmedabad,Ahmedabad,Ahmedabad,アフマダーバード,Ahmedabad,Ахмадабад,艾哈迈达巴德,艾哈邁達巴德,艾哈邁達巴德,아마다바드,أحمد آباد,Ahmedabad,Ahmedabad,Ahmedabad,อะห์มดาบาด,Ahmedabad,,,Ahmedabad,,
IndianA_LakecityFC,Bhopal,Bhopal,Bhopal,Bhopal,Bhopal,ボーパール,Bopal,Бхопал,博帕尔,博帕爾,博帕爾,보팔,بوبال,Bhopal,Bhopal,Bhopal,โภปาล,Bhopal,,,Bhopal,,
IndianA_NewFriendsClub,Bade Bacheli,Bade Bachéli,Bade Bacheli,Bade Bacheli,Bade Bacheli,バーデ・バチェリ,Bade Bacheli,Баде Бачели,巴德巴切利,巴德巴切利,巴德巴切利,바데 바첼리,بادي باتشيلي,Bade Bacheli,Bade Baçeli,Bade Bacheli,รถบีเอของบีเอ,Bade Bacheli,,,Bade Bacheli,,
IndianA_JaipurEliteFC,Jaipur,Jaipur,Jaipur,Jaipur,Jaipur,ジャイプル,Jaipur,Джайпур,斋浦尔,齋浦爾,齋浦爾,자이푸르,جيبور,Jaipur,Jaipur,Jaipur,ชัยปุระ,Jaipur,,,Jaipur,,
IndianA_SportsOdisha,Cuttack,Cuttack,Cuttack,Cuttack,Cuttack,カタック,Cuttack,Каттак,克塔克,克塔克,克塔克,쿠타크,كوتاك,Cuttack,Cuttack,Cuttack,คัตแทค,Cuttack,,,Cuttack,,
IndianA_BarodaFootballAcademy,Vadodara,Vadodara,Vadodara,Vadodara,Vadodara,ヴァドーダラー,Vadodara,Вадодара,巴罗达,巴羅達,巴羅達,바도다라,فادودارا,Vadodara,Vadodara,Vadodara,วโฑทรา,Vadodara,,,Vadodara,,
IndianA_UnitedChirangDuarFC,Chirang,Chirang,Chirang,Chirang,Chirang,チラン,Chirang,Чиранг,奇朗,奇朗,奇朗,치랑,شيرانج,Chirang,Çirang,Chirang,จีรัง,Chirang,,,Chirang,,
IndianA_KLASAFC,Bishnupur,Bishnupur,Bishnupur,Bishnupur,Bishnupur,ビシェンプール,Bishnupur,Бишнупур,比什努布尔,比什努布爾,比什努布爾,비슈누푸르,بيشنوبور,Bishnupur,Bishnupur,Bishnupur,พิศณุปุระ,Bishnupur,,,Bishnupur,,
IndianA_JeppiarInstituteofTechnologyFC,Pondicherry,Pondichéry,Puducherry,Puducherry,Puducherry,ポンディシェリ,Pondicherry,Пондичерри,本地治里,本地治裏,本地治裏,폰디체리,بونديشيري,Puducherry,Puduçeri,Pondicherry,ปอนดิเชอร์รี,Pondicherry,,,Puducherry,,
Str_National_Liberia,Liberia,Libéria,Liberia,Liberia,Liberia,リベリア,Libéria,Либерия,利比里亚,賴比瑞亞,賴比瑞亞,라이베리아,ليبيريا,Liberia,Liberya,Liberia,ไลบีเรีย,Liberia,,,Liberia,,
Str_National_South_Sudan,South Sudan,Soudan du Sud,Sudan del Sud,Südsudan,Sudán del Sur,南スーダン,Sudão do Sul,Южный Судан,南苏丹,南蘇丹,南蘇丹,남수단,جنوب السودان,Zuid-Soedan,Güney Sudan,Sudan Selatan,ซูดานใต้,Nam Sudan,,,Sudan Południowy,,
Str_National_Chad,Chad,Tchad,Ciad,Tschad,Chad,チャド,Chade,Чад,乍得,乍得,乍得,차드,تشاد,Tsjaad,Çad,Chad,ชาด,Tchad,,,Czad,,
Str_National_Mauritius,Mauritius,Maurice,Mauritius,Mauritius,Mauricio,モーリシャス,Maurícia,Маврикий,毛里求斯,模里西斯,模里西斯,모리셔스,موريشيوس,Mauritius,Morityus,Mauritius,มอริเชียส,Mauritius,,,Mauritius,,
Str_National_Sao_Tome_and_Principe,Sao Tome and Principe,Sao Tomé-et-Principe,Sao Tomé e Principe,São Tomé und Príncipe,Santo Tomé y Príncipe,サントメ・プリンシペ,São Tomé e Príncipe,Сан-Томе и Принсипи,圣多美和普林西比,聖多美和普林西比,聖多美和普林西比,상투메 프린시페,ساو تومي وبرينسيبي,Sao Tomé en Principe,Sao Tome ve Principe,Sao Tome dan Principe,เซาตูเมและปรินซิปี,Sao Tome và Principe,,,Wyspy Świętego Tomasza i Książęca,,
Str_National_Djibouti,Djibouti,Djibouti,Gibuti,Dschibuti,Yibuti,ジブチ,Djibouti,Джибути,吉布提,吉布地,吉布地,지부티,جيبوتي,Djibouti,Cibuti,Djibouti,จิบูตี,Djibouti,,,Dżibuti,,
Str_National_Seychelles,Seychelles,Seychelles,Seychelles,Seychellen,Seychelles,セーシェル,Seicheles,Сейшельские острова,塞舌尔,塞舌爾,塞舌爾,세이셸,سيشل,Seychellen,Seyşeller,Seychelles,เซเชลส์,Seychelles,,,Seszele,,
Str_National_Somalia,Somalia,Somalie,Somalia,Somalia,Somalia,ソマリア,Somália,Сомали,索马里,索馬利亞,索馬利亞,소말리아,الصومال,Somalië,Somali,Somalia,โซมาเลีย,Somalia,,,Somalia,,
Str_National_Antigua_and_Barbuda,Antigua and Barbuda,Antigua-et-Barbuda,Antigua e Barbuda,Antigua und Barbuda,Antigua y Barbuda,アンティグア・バーブーダ,Antígua e Barbuda,Антигуа и Барбуда,安提瓜和巴布达,安地卡及巴布達,安地卡及巴布達,앤티가 바부다,أنتيغوا وبربودا,Antigua en Barbuda,Antigua ve Barbuda,Antigua dan Barbuda,แอนติกาและบาร์บูดา,Antigua và Barbuda,,,Antigua i Barbuda,,
Str_National_Dominican_Republic,Dominican Republic,République dominicaine,Repubblica Dominicana,Dominikanische Republik,República Dominicana,ドミニカ共和国,República Dominicana,Доминиканская Республика,多米尼加共和国,多明尼加共和國,多明尼加共和國,도미니카 공화국,جمهورية الدومينيكان,Dominicaanse Republiek,Dominik Cumhuriyeti,Republik Dominika,สาธารณรัฐโดมินิกัน,Cộng hòa Dominica,,,Republika Dominikańska,,
Str_National_Puerto_Rico,Puerto Rico,Porto Rico,Porto Rico,Puerto Rico,Puerto Rico,プエルトリコ,Porto Rico,Пуэрто-Рико,波多黎各,波多黎各,波多黎各,푸에르토리코,بورتوريكو,Puerto Rico,Porto Riko,Puerto Riko,เปอร์โตริโก,Puerto Rico,,,Puerto Rico,,
Str_National_Saint_Lucia,Saint Lucia,Sainte-Lucie,Santa Lucia,Saint Lucia,Santa Lucía,セントルシア,Santa Lúcia,Сент-Люсия,圣卢西亚,聖盧西亞,聖盧西亞,세인트루시아,سانت لوسيا,Saint Lucia,Saint Lucia,Saint Lucia,เซนต์ลูเซีย,Saint Lucia,,,Saint Lucia,,
Str_National_Saint_Vincent_and_the_Grenadines,St. Vincent and the Grenadines,Saint-Vincent-et-les-Grenadines,Saint Vincent e Grenadine,St. Vincent und die Grenadinen,San Vicente y las Granadinas,セントビンセントおよびグレナディーン,São Vicente e Granadinas,Сент-Винсент и Гренадины,圣文森特和格林纳丁斯,聖文森及格瑞那丁,聖文森及格瑞那丁,세인트빈센트 그레나딘,سانت فنسنت والغرينادين,Saint Vincent en de Grenadines,Saint Vincent ve Grenadinler,Saint Vincent dan Grenadines,เซนต์วินเซนต์และเกรนาดีนส์,Saint Vincent và Grenadines,,,Saint Vincent i Grenadyny,,
Str_National_Barbados,Barbados,Barbade,Barbados,Barbados,Barbados,バルバドス,Barbados,Барбадос,巴巴多斯,巴巴多斯,巴巴多斯,바베이도스,بربادوس,Barbados,Barbados,Barbados,บาร์เบโดส,Barbados,,,Barbados,,
Str_National_Solomon_Islands,Solomon Islands,Îles Salomon,Isole Salomone,Salomonen,Islas Salomón,ソロモン諸島,Ilhas Salomão,Соломоновы острова,所罗门群岛,索羅門群島,索羅門群島,솔로몬 제도,جزر سليمان,Salomonseilanden,Solomon Adaları,Kepulauan Solomon,หมู่เกาะโซโลมอน,Quần đảo Solomon,,,Wyspy Salomona,,
Str_National_New_Caledonia,New Caledonia,Nouvelle-Calédonie,Nuova Caledonia,Neukaledonien,Nueva Caledonia,ニューカレドニア,Nova Caledônia,Новая Каледония,新喀里多尼亚,新喀里多尼亞,新喀里多尼亞,뉴칼레도니아,كاليدونيا الجديدة,Nieuw-Caledonië,Yeni Kaledonya,Kaledonia Baru,นิวแคลิโดเนีย,Niu Caledonia,,,Nowa Kaledonia,,
Str_National_Tahiti,Tahiti,Tahiti,Tahiti,Tahiti,Tahití,タヒチ,Tahiti,Таити,塔希提,塔希提,塔希提,타히티,تاهيتي,Tahiti,Tahiti,Tahiti,ทาฮีตี,Tahiti,,,Tahiti,,
Str_National_Papua_New_Guinea,Papua New Guinea,Papouasie-Nouvelle-Guinée,Papua Nuova Guinea,Papua-Neuguinea,Papúa Nueva Guinea,パプアニューギニア,Papua-Nova Guiné,Папуа — Новая Гвинея,巴布亚新几内亚,巴布亞新幾內亞,巴布亞新幾內亞,파푸아뉴기니,بابوا غينيا الجديدة,Papoea-Nieuw-Guinea,Papua Yeni Gine,Papua Nugini,ปาปัวนิวกินี,Papua New Guinea,,,Papua-Nowa Gwinea,,
Str_National_Fiji,Fiji,Fidji,Figi,Fidschi,Fiyi,フィジー,Fiji,Фиджи,斐济,斐濟,斐濟,피지,فيجي,Fiji,Fiji,Fiji,ฟีจี,Fiji,,,Fidżi,,
CompName_ScottishLeague,Scottish League,Ligue écossaise,Lega Scozzese,Schottische Liga,Liga Escocesa,スコティッシュリーグ,Liga Escocesa,Шотландская лига,苏格兰联赛,蘇格蘭聯賽,蘇格蘭聯賽,스코틀랜드 리그,الدوري الاسكتلندي,Schotse Liga,İskoçya Ligi,Liga Skotlandia,สก็อตแลนด์ลีก,Giải vô địch Scotland,,,Liga Szkocka,,
CompName_ScottishLeagueB,Scottish League B,Ligue écossaise B,Lega Scozzese B,Schottische Liga B,Liga Escocesa B,スコティッシュリーグ B,Liga Escocesa B,Шотландская лига B,苏格兰B级联赛,蘇格蘭B級聯賽,蘇格蘭B級聯賽,스코틀랜드 리그B,الدوري الاسكتلندي B,Schotse Liga B,İskoçya Ligi B,Liga Skotlandia B,สก็อตแลนด์ลีก B,Giải vô địch Scotland B,,,Liga Szkocka B,,
CompName_ScottishLeagueC,Scottish League C,Ligue écossaise C,Lega Scozzese C,Schottische Liga C,Liga Escocesa C,スコティッシュリーグ C,Liga Escocesa C,Шотландская лига C,苏格兰C级联赛,蘇格蘭C級聯賽,蘇格蘭C級聯賽,스코틀랜드 리그C,الدوري الاسكتلندي C,Schotse Liga C,İskoçya Ligi C,Liga Skotlandia C,สก็อตแลนด์ลีก C,Giải vô địch Scotland C,,,Liga Szkocka C,,
CompName_ScottishCup,Scottish Cup,Coupe d'Écosse,Coppa di Scozia,Schottischer Pokal,Copa de Escocia,スコティッシュカップ,Copa da Escócia,Шотландский кубок,苏格兰杯,蘇格蘭杯,蘇格蘭杯,스코티시 컵,كأس اسكتلنديا,Schotse Beker,İskoçya Kupası,Piala Skotlandia,สก็อตติชคัพ,Cúp Scotland,,,Puchar Szkocji,,
CompName_ScottishSuperCup,Scottish Super Cup,Super Coupe d'Écosse,Supercoppa di Scozia,Schottischer Superpokal,Supercopa de Escocia,スコティッシュスーパーカップ,Supercopa da Escócia,Суперкубок Шотландии,苏格兰超级杯,蘇格蘭超級杯,蘇格蘭超級杯,스코티시 슈퍼 컵,كأس السوبر الاسكتلندي,Schotse Supercup,İskoçya Süper Kupası,Piala Super Skotlandia,สุเปอร์คัพสก็อตติช,Siêu Cúp Scotland,,,Superpuchar Szkocji,,
ScottishA_RangersFC,Glasgow Blue,Glasgow Bleu,Glasgow Blu,Glasgow Blau,Glasgow Azul,グラスゴー 青,Glasgow Azul,Глазго Синий,格拉斯哥 蓝,格拉斯哥 藍,格拉斯哥 藍,글라스고 파란색,غلاسكو أبيض,Glasgow Blauw,Glasgow Mavi,Glasgow Biru,กลาสโกว์ น้ำเงิน,Glasgow Xanh,,,Glasgow Niebieski,,
ScottishA_HeartofMidlothianFC,Glasgow Brown,Glasgow Marron,Glasgow Marrone,Glasgow Braun,Glasgow Marrón,グラスゴー 茶,Glasgow Marrom,Глазго Коричневый,格拉斯哥 棕,格拉斯哥 棕,格拉斯哥 棕,글라스고 갈색,غلاسكو بني,Glasgow Bruin,Glasgow Kahverengi,Glasgow Coklat,กลาสโกว์ สีน้ำตาล,Glasgow Màu nâu,,,Glasgow Brązowy,,
ScottishA_AberdeenFC,Aberdeen,Aberdeen,Aberdeen,Aberdeen,Aberdeen,アバディーン,Aberdeen,Абердин,阿伯丁,阿伯丁,阿伯丁,애버딘,أبردين,Aberdeen,Aberdeen,Aberdeen,แอเบอร์ดีน,Aberdeen,,,Aberdeen,,
ScottishA_HibernianFC,Edinburgh,Édimbourg,Edimburgo,Edinburgh,Edimburgo,エディンバラ,Edimburgo,Эдинбург,爱丁堡,愛丁堡,愛丁堡,에든버러,إدنبرة,Edinburgh,Edinburgh,Edinburgh,เอดินบะระ,Edinburgh,,,Edynburg,,
ScottishA_MotherwellFC,Motherwell,Motherwell,Motherwell,Motherwell,Motherwell,マザーウェル,Motherwell,Мотеруэлл,马瑟维尔,馬瑟維爾,馬瑟維爾,머더웰,مذرويل,Motherwell,Motherwell,Motherwell,มาเธอร์เวลล์,Motherwell,,,Motherwell,,
ScottishA_St.MirrenFC,Paisley,Paisley,Paisley,Paisley,Paisley,ペイズリー,Paisley,Пейсли,佩斯利,佩斯利,佩斯利,페이즐리,بيزلي,Paisley,Paisley,Paisley,เพสลีย์,Paisley,,,Paisley,,
ScottishA_DundeeFC,Dundee Black,Dundee Noir,Dundee Nero,Dundee Schwarz,Dundee Negro,ダンディー 黒,Dundee Preto,Данди Черный,邓迪 黑,鄧迪 黑,鄧迪 黑,던디 검정색,دندي أحمر,Dundee Zwart,Dundee Siyah,Dundee Hitam,ดันดี ดำ,Dundee Đen,,,Dundee Czarny,,
ScottishA_KilmarnockFC,Kilmarnock,Kilmarnock,Kilmarnock,Kilmarnock,Kilmarnock,キルマーノック,Kilmarnock,Килмарнок,基尔马诺克,基爾馬諾克,基爾馬諾克,킬마녹,كيلمارنوك,Kilmarnock,Kilmarnock,Kilmarnock,คิลมาร์น็อค,Kilmarnock,,,Kilmarnock,,
ScottishA_RossCountyFC,Dingwall,Dingwall,Dingwall,Dingwall,Dingwall,ディングウォール,Dingwall,Дингуолл,丁沃尔,丁沃爾,丁沃爾,딩월,دينجوال,Dingwall,Dingwall,Dingwall,ดิงวอลล์,Dingwall,,,Dingwall,,
ScottishA_LivingstonFC,Livingston,Livingston,Livingston,Livingston,Livingston,リヴィングストン,Livingston,Ливингстон,利文斯通,利文斯通,利文斯通,리빙스턴,ليفينغستون,Livingston,Livingston,Livingston,ลิฟวิงสตัน,Livingston,,,Livingston,,
ScottishA_St.JohnsonFC,Perth Eagle,Perth Aigle,Perth Aquila,Perth Adler,Perth Águila,パース・イーグル,Perth Águia,Перт Орёл,珀斯鹰,珀斯鷹,珀斯鷹,퍼스 이글,بيرث النسر,Perth Adelaar,Perth Kartalı,Perth Elang,เพิร์ท อินทรีย์,Perth Đại Bàng,,,Perth Orzeł,,
ScottishA_RaithRoversFC,Kirkcaldy,Kirkcaldy,Kirkcaldy,Kirkcaldy,Kirkcaldy,カーコーディ,Kirkcaldy,Керколди,柯科迪,柯科迪,柯科迪,커콜디,كيركالدي,Kirkcaldy,Kirkcaldy,Kirkcaldy,เคิร์กคาลดี,Kirkcaldy,,,Kirkcaldy,,
ScottishA_DundeeUnitedFC,Dundee,Dundee,Dundee,Dundee,Dundee,ダンディー,Dundee,Данди,邓迪,鄧迪,鄧迪,던디,دندي,Dundee,Dundee,Dundee,ดันดี,Dundee,,,Dundee,,
ScottishA_PartickThistleFC,Glasgow Black,Glasgow Noir,Glasgow Nero,Glasgow Schwarz,Glasgow Negro,グラスゴー 黒,Glasgow Preto,Глазго Черный,格拉斯哥 黑,格拉斯哥 黑,格拉斯哥 黑,글라스고 검정색,غلاسكو أحمر,Glasgow Zwart,Glasgow Siyah,Glasgow Hitam,กลาสโกว์ ดำ,Glasgow Đen,,,Glasgow Czarny,,
ScottishA_InvernessCaledonianThistleFC,Inverness,Inverness,Inverness,Inverness,Inverness,インヴァネス,Inverness,Инвернесс,因佛内斯,因佛內斯,因佛內斯,인버네스,إنفرنيس,Inverness,Inverness,Inverness,อินเวอร์เนสส์,Inverness,,,Inverness,,
ScottishA_Queen'sParkFC,Glasgow White,Glasgow Blanc,Glasgow Bianco,Glasgow Weiß,Glasgow Blanco,グラスゴー 白,Glasgow Branco,Глазго Белый,格拉斯哥 白,格拉斯哥 白,格拉斯哥 白,글라스고 흰색,غلاسكو أزرق,Glasgow Wit,Glasgow Beyaz,Glasgow Putih,กลาสโกว์ ขาว,Glasgow Trắng,,,Glasgow Biały,,
ScottishA_AyrUnitedFC,Ayr,Ayr,Ayr,Ayr,Ayr,エア,Ayr,Эр,艾尔,艾爾,艾爾,에어,آير,Ayr,Ayr,Ayr,แอร์,Ayr,,,Ayr,,
ScottishA_GreenockMortonFC,Greenock,Greenock,Greenock,Greenock,Greenock,グリーノック,Greenock,Гринок,格里诺克,格裏諾克,格裏諾克,그리녹,غرينوك,Greenock,Greenock,Greenock,กรีน็อค,Greenock,,,Greenock,,
ScottishA_DunfermlineAthleticFC,Dunfermline,Dunfermline,Dunfermline,Dunfermline,Dunfermline,ダンファームリン,Dunfermline,Данфермлин,邓弗姆林,鄧弗姆林,鄧弗姆林,던펌린,دنفيرملين,Dunfermline,Dunfermline,Dunfermline,ดันเฟิร์มลิน,Dunfermline,,,Dunfermline,,
ScottishA_AirdrieoniansFC,Airdrie,Airdrie,Airdrie,Airdrie,Airdrie,エアドリー,Airdrie,Эрдри,埃尔德里,埃爾德裏,埃爾德裏,에어드리,ايردري,Airdrie,Airdrie,Airdrie,แอร์ดรี,Airdrie,,,Airdrie,,
ScottishA_ArbroathFC,Arbroath,Arbroath,Arbroath,Arbroath,Arbroath,アーブロース,Arbroath,Арброт,阿布罗斯,阿布羅斯,阿布羅斯,아브로스,أربروث,Arbroath,Arbroath,Arbroath,อาร์โบรธ,Arbroath,,,Arbroath,,
ScottishA_HamiltonAcademicalFC,Hamilton RW,Hamilton RV,Hamilton RV,Hamilton RW,Hamilton RV,ハミルトンRW,Hamilton RV,Гамильтон КБ,汉密尔顿RW,漢密爾頓RW,漢密爾頓RW,해밀턴 RW,هاميلتون RW,Hamilton RW,Hamilton KY,Hamilton MR,แฮมิลตัน RW,Hamilton RW,,,Hamilton RW,,
ScottishA_QueenoftheSouthFC,Dumfries,Dumfries,Dumfries,Dumfries,Dumfries,ダンフリーズ,Dumfries,Дамфрис,邓弗里斯,鄧弗裏斯,鄧弗裏斯,덤프리스,دومفريز,Dumfries,Dumfries,Dumfries,ดัมฟรีส์,Dumfries,,,Dumfries,,
ScottishA_FalkirkFC,Falkirk,Falkirk,Falkirk,Falkirk,Falkirk,フォルカーク,Falkirk,Фолкерк,福尔柯克,福爾柯克,福爾柯克,폴커크,فلكرك,Falkirk,Falkirk,Falkirk,ฟอลเคิร์ก,Falkirk,,,Falkirk,,
ScottishA_AnnanAthleticFC,Annan,Annan,Annan,Annan,Annan,アナン,Annan,Аннан,安南,安南,安南,아난,حسنا,Annan,Annan,Annan,อันนัน,Annan,,,Annan,,
ScottishA_StirlingAlbionFC,Stirling,Stirling,Stirling,Stirling,Stirling,スターリング,Stirling,Стерлинг,斯特灵,斯特靈,斯特靈,스털링,إستيرلينغ,Stirling,Stirling,Stirling,สเตอร์ลิง,Stirling,,,Stirling,,
ScottishA_AlloaAthleticFC,Alloa,Alloa,Alloa,Alloa,Alloa,アロア,Alloa,Аллоа,阿洛阿,阿洛阿,阿洛阿,앨로아,ألوا,Alloa,Alloa,Alloa,สวัสดี,Alloa,,,Alloa,,
ScottishA_CoveRangersFC,Aberdeen Blue,Aberdeen Bleu,Aberdeen Blu,Aberdeen Blau,Aberdeen Azul,アバディーン 青,Aberdeen Azul,Абердин Синий,阿伯丁 蓝,阿伯丁 藍,阿伯丁 藍,애버딘 파란색,أبردين أبيض,Aberdeen Blauw,Aberdeen Mavi,Aberdeen Biru,แอเบอร์ดีน น้ำเงิน,Aberdeen Xanh,,,Aberdeen Niebieski,,
ScottishA_MontroseFC,Montrose,Montrose,Montrose,Montrose,Montrose,モントローズ,Montrose,Монтроз,蒙罗斯,蒙羅斯,蒙羅斯,몬트로즈,مونتروز,Montrose,Montrose,Montrose,มอนโทรส,Montrose,,,Montrose,,
ScottishA_EdinburghCity,Edinburgh White,Édimbourg Blanc,Edimburgo Bianco,Edinburgh Weiß,Edimburgo Blanco,エディンバラ 白,Edimburgo Branco,Эдинбург Белый,爱丁堡 白,愛丁堡 白,愛丁堡 白,에든버러 흰색,إدنبرة أزرق,Edinburgh Wit,Edinburgh Beyaz,Edinburgh Putih,เอดินบะระ ขาว,Edinburgh Trắng,,,Edynburg Biały,,
ScottishA_KeltyHeartsFC,Kelty,Kelty,Kelty,Kelty,Kelty,ケルティ,Kelty,Келти,凯尔迪,凱爾迪,凱爾迪,켈티,كيلتي,Kelty,Kelty,Kelty,เคลตี้,Kelty,,,Kelty,,
ScottishA_ClydeFC,Clyde,Clyde,Clyde,Clyde,Clyde,クライド,Clyde,Клайд,克莱德,克萊德,克萊德,클라이드강,كلايد,Clyde,Clyde,Clyde,ไคลด์,Clyde,,,Clyde,,
ScottishA_TheSpartansFC,Edinburgh Red,Édimbourg Rouge,Edimburgo Rosso,Edinburgh Rot,Edimburgo Rojo,エディンバラ 赤,Edimburgo Vermelho,Эдинбург Красный,爱丁堡 红,愛丁堡 紅,愛丁堡 紅,에든버러 빨간색,إدنبرة أسود,Edinburgh Rood,Edinburgh Kırmızı,Edinburgh Merah,เอดินบะระ แดง,Edinburgh Đỏ,,,Edynburg Czerwony,,
ScottishA_PeterheadFC,Peterhead,Peterhead,Peterhead,Peterhead,Peterhead,ピーターヘッド,Peterhead,Питерхед,彼得黑德,彼得黑德,彼得黑德,피터헤드,بيترهيد,Peterhead,Peterhead,Peterhead,ปีเตอร์เฮด,Peterhead,,,Peterhead,,
ScottishA_DumbartonFC,Dumbarton,Dumbarton,Dumbarton,Dumbarton,Dumbarton,ダンバートン,Dumbarton,Дамбартон,邓巴顿,登巴頓,登巴頓,덤버턴,دمبارتون,Dumbarton,Dumbarton,Dumbarton,ดัมบาร์ตัน,Dumbarton,,,Dumbarton,,
ScottishA_EastFifeFC,Methil,Methil,Methil,Methil,Methil,メチル,Methil,Метил,梅希尔,梅希爾,梅希爾,메틸,ميثيل,Methil,Methil,Methil,เมธิล,Methil,,,Methil,,
ScottishA_ElginCityFC,Elgin,Elgin,Elgin,Elgin,Elgin,エルギン,Elgin,Элгин,埃尔金,埃爾金,埃爾金,엘긴,إلغين,Elgin,Elgin,Elgin,เอลจิน,Elgin,,,Elgin,,
ScottishA_StenhousemuirFC,Stenhousemuir,Stenhousemuir,Stenhousemuir,Stenhousemuir,Stenhousemuir,ステンハウスミュア,Stenhousemuir,Стенхаусмюр,斯坦豪斯摩尔,斯坦豪斯摩爾,斯坦豪斯摩爾,스텐하우스뮤어,ستينهاوسيموير,Stenhousemuir,Stenhousemuir,Stenhousemuir,สเตนเฮาส์มัวร์,Stenhousemuir,,,Stenhousemuir,,
ScottishA_StranraerFC,Stranraer,Stranraer,Stranraer,Stranraer,Stranraer,ストランラー,Stranraer,Странрар,斯特兰拉尔,斯特蘭拉爾,斯特蘭拉爾,스트란래어,غريب,Stranraer,Stranraer,Stranraer,สแตรนราร์,Stranraer,,,Stranraer,,
ScottishA_ForfarAthleticFC,Forfar,Forfar,Forfar,Forfar,Forfar,フォーファー,Forfar,Форфар,福弗尔,福弗爾,福弗爾,포퍼,فوفر,Forfar,Forfar,Forfar,ฟอร์ฟาร์,Forfar,,,Forfar,,
ScottishA_BonnyriggRoseFC,Bonnyrigg,Bonnyrigg,Bonnyrigg,Bonnyrigg,Bonnyrigg,ボニーリッグ,Bonnyrigg,Бонниригг,邦尼里格,邦尼裏格,邦尼裏格,보니릭,بونيريج,Bonnyrigg,Bonnyrigg,Bonnyrigg,บอนนี่ริกก์,Bonnyrigg,,,Bonnyrigg,,
CompName_EcuadorianLeagueA,Ecuadorian Super League,Super Ligue Équatorienne,Superliga Ecuatoriana,Ecuadorianische Superliga,Superliga Ecuatoriana,エクアドル・スーパーリーグ,Superliga Equatoriana,Эквадорская Суперлига,厄瓜多尔超级联赛,厄瓜多爾超級聯賽,厄瓜多爾超級聯賽,에콰도르 슈퍼 리그,الدوري السوبر الإكوادوري,Ecuadoriaanse Superliga,Ekvador Süper Ligi,Liga Super Ekuador,ลีกซุปเปอร์เอกวาดอร์,Siêu Giải Ecuador,,,Ekwiadorska Superliga,,
CompName_EcuadorianCup,Ecuadorian Cup,Coupe Équatorienne,Coppa Ecuadoriana,Ecuadorianischer Pokal,Copa Ecuatoriana,エクアドリアンカップ,Copa Equatoriana,Эквадорский Кубок,厄瓜多尔杯,厄瓜多爾杯,厄瓜多爾杯,에콰도리안 컵,كأس الإكوادوري,Ecuadoraanse Beker,Ekvador Kupası,Piala Ekuador,ถ้วยแชมป์เอกวาดอร์,Cúp Ecuador,,,Puchar Ekwadoru,,
CompName_EcuadorianSuperCup,Ecuadorian Super Cup,Supercoupe Équatorienne,Supercoppa Ecuatoriana,Ecuadorianischer Supercup,Supercopa Ecuatoriana,エクアドリアン・スーパーカップ,Supertaça Equatoriana,Эквадорский Суперкубок,厄瓜多尔超级杯,厄瓜多爾超級杯,厄瓜多爾超級杯,에콰도리안 슈퍼컵,الكأس السوبر الإكوادوري,Ecuadoraanse Supercup,Ekvador Süper Kupası,Piala Super Ekuador,ซูเปอร์คัพเอกวาดอร์,Siêu Cúp Ecuador,,,Superpuchar Ekwadoru,,
EcuadorianA_SDAucas,Quito Yellow,Quito Jaune,Quito Giallo,Quito Gelb,Quito Amarillo,キト 黄,Quito Amarelo,Кито Жёлтый,基多 黄,基多 黃,基多 黃,키토 노랑,كيتو أصفر,Quito Geel,Quito Sarı,Quito Kuning,กีโต้ สีเหลือง,Quito Màu vàng,,,Quito Żółty,,
EcuadorianA_CDUniversidadCatólica,Quito Blue,Quito Bleu,Quito Blu,Quito Blau,Quito Azul,キト 青,Quito Azul,Кито Синий,基多 蓝,基多 藍,基多 藍,키토 파란색,كيتو أبيض,Quito Blauw,Quito Mavi,Quito Biru,กีโต้ น้ำเงิน,Quito Xanh,,,Quito Niebieski,,
EcuadorianA_CSEmelec,Guayaquil Blue,Guayaquil Bleu,Guayaquil Blu,Guayaquil Blau,Guayaquil Azul,グアヤキル 青,Guayaquil Azul,Гуаякиль Синий,瓜亚基尔 蓝,瓜亞基爾 藍,瓜亞基爾 藍,과야킬 파란색,غواياكيل أبيض,Guayaquil Blauw,Guayaquil Mavi,Guayaquil Biru,กวายากิล น้ำเงิน,Guayaquil Xanh,,,Guayaquil Niebieski,,
EcuadorianA_MushucRunaSC,Ambato,Ambato,Ambato,Ambato,Ambato,アンバート,Ambato,Амбато,安巴托,安巴托,安巴托,암바토,أمباتو,Ambato,Ambato,Ambato,อัมบาโต,Ambato,,,Ambato,,
EcuadorianA_OrenseSC,Machala,Machala,Machala,Machala,Machala,マチャラ,Machala,Мачала,马查拉,馬查拉,馬查拉,마찰라,ماتشالا,Machala,Machala,Machala,มาชาลา,Machala,,,Machala,,
EcuadorianA_TécnicoUniversitario,Ambato Red,Ambato Rouge,Ambato Rosso,Ambato Rot,Ambato Rojo,アンバート 赤,Ambato Vermelho,Амбато Красный,安巴托 红,安巴托 紅,安巴托 紅,암바토 빨간색,أمباتو أسود,Ambato Rood,Ambato Kırmızı,Ambato Merah,อัมบาโต แดง,Ambato Đỏ,,,Ambato Czerwony,,
EcuadorianA_CDElNacional,Quito Red,Quito Rouge,Quito Rosso,Quito Rot,Quito Rojo,キト 赤,Quito Vermelho,Кито Красный,基多 红,基多 紅,基多 紅,키토 빨간색,كيتو أسود,Quito Rood,Quito Kırmızı,Quito Merah,กีโต้ แดง,Quito Đỏ,,,Quito Czerwony,,
EcuadorianA_DeportivoCuenca,Cuenca,Cuenca,Cuenca,Cuenca,Cuenca,クエンカ,Cuenca,Куэнка,昆卡,昆卡,昆卡,쿠엥카,كوينكا,Cuenca,Cuenca,Cuenca,กูเองกา,Cuenca,,,Cuenca,,
EcuadorianA_CDMacará,Ambato Blue,Ambato Bleu,Ambato Blu,Ambato Blau,Ambato Azul,アンバート 青,Ambato Azul,Амбато Синий,安巴托 蓝,安巴托 藍,安巴托 藍,암바토 파란색,أمباتو أبيض,Ambato Blauw,Ambato Mavi,Ambato Biru,อัมบาโต น้ำเงิน,Ambato Xanh,,,Ambato Niebieski,,
EcuadorianA_CumbayáFC,Quito Black,Quito Noir,Quito Nero,Quito Schwarz,Quito Negro,キト 黒,Quito Preto,Кито Черный,基多 黑,基多 黑,基多 黑,키토 검정색,كيتو أحمر,Quito Zwart,Quito Siyah,Quito Hitam,กีโต้ ดำ,Quito Đen,,,Quito Czarny,,
EcuadorianA_ImbaburaSC,Ibarra,Ibarra,Ibarra,Ibarra,Ibarra,イバラ,Ibarra,Ибарра,伊瓦拉,伊瓦拉,伊瓦拉,이바라,إيبارا,Ibarra,Ibarra,Ibarra,อิบาร์รา,Ibarra,,,Ibarra,,
EcuadorianA_LibertadFC,Loja,Loja,Loja,Loja,Loja,ロハ,Loja,Лоха,洛哈,洛哈,洛哈,로하,لوخا,Loja,Loja,Loja,โลจา,Loja,,,Loja,,
CompName_DutchLeagueB,Dutch League B,ligue Hollandaise B,Lega Olandese B,Niederländische Liga B,Liga Holandesa B,オランダリーグ B,LIGA HOLANDESA B,Голландская Лига B,荷兰B级联赛,荷蘭B級聯賽,荷蘭B級聯賽,네덜란드 리그B,الدوري الهولندي B,Nederlandse Competitie B,Alman ligi B,Liga Belanda B,ลีกฮอลแลนด์B,Giải VĐQG Hà Lan B,,,Holenderska Liga B,,
CompName_DutchLeagueC,Dutch League C,ligue Hollandaise C,Lega Olandese C,Niederländische Liga C,Liga Holandesa C,オランダリーグ C,LIGA HOLANDESA C,Голландская Лига C,荷兰C级联赛,荷蘭C級聯賽,荷蘭C級聯賽,네덜란드 리그C,الدوري الهولندي C,Nederlandse Competitie C,Alman ligi C,Liga Belanda C,ลีกฮอลแลนด์C,Giải VĐQG Hà Lan C,,,Holenderska Liga C,,
CompName_DutchCupOld,Dutch Cup,Coupe des Pays-Bas,Coppa d'Olanda,Niederländischer Pokal,Copa de Holanda,ダッチカップ,TAÇA HOLANDESA,Кубок Голландии,荷兰杯,荷蘭杯,荷蘭杯,더치 컵,كأس هولندا,Nederlandse beker,Hollanda Kupası,Piala Belanda,ดัตช์คัพ,Cúp Hà Lan,,,Puchar Holandii,,
DutchCupOld,Dutch Cup,Coupe des Pays-Bas,Coppa d'Olanda,Niederländischer Pokal,Copa de Holanda,ダッチカップ,TAÇA HOLANDESA,Кубок Голландии,荷兰杯,荷蘭杯,荷蘭杯,더치 컵,كأس هولندا,Nederlandse beker,Hollanda Kupası,Piala Belanda,ดัตช์คัพ,Cúp Hà Lan,,,Puchar Holandii,,
DutchA_ExcelsiorRotterdam,Rotterdam black,Rotterdam Noir,Rotterdam Nero,Rotterdam Schwarz,Róterdam Negro,ロッテルダム 黒,Roterdão Preto,Роттердам Черный,鹿特丹 黑,鹿特丹 黑,鹿特丹 黑,로테르담 검정색,روتردام أحمر,Rotterdam Zwart,Rotterdam Siyah,Rotterdam Hitam,รอตเทอร์ดาม ดำ,Rotterdam Đen,,,Rotterdam Czarny,,
DutchA_AlmereCityFC,Almere,Almere,Almere,Almere,Almere,アルメレ,Almere,Алмере,阿尔梅勒,阿尔梅勒,阿尔梅勒,알메러,ألمير,Almere,Almere,Almere,อัลเมเรอ,Almere,,,Almere,,
DutchA_FCVolendam,Volendam,Volendam,Volendam,Volendam,Volendam,フォーレンダム,Volendam,Волендам,福伦丹,福伦丹,福伦丹,폴렌담,فولندام,Volendam,Volendam,Volendam,โวเลนดัม,Volendam,,,Volendam,,
DutchA_NACBreda,Breda,Bréda,Breda,Breda,Breda,ブレダ,Breda,Бреда,布雷达,布雷达,布雷达,브레다,بريدا,Breda,Breda,Breda,เบรดา,Breda,,,Breda,,
DutchA_FCDordrecht,Dordrecht,Dordrecht,Dordrecht,Dordrecht,Dordrecht,ドルトレヒト,Dordrecht,Дордрехт,多德雷赫特,多德雷赫特,多德雷赫特,도르드레흐트,دوردريخت,Dordrecht,Dordrecht,Dordrecht,ดอร์เดรชท์,Dordrecht,,,Dordrecht,,
DutchA_RodaJCKerkrade,Kerkrade,Kerkrade,Kerkrade,Kerkrade,Kerkrade,ケルクラーデ,Kerkrade,Керкраде,凯尔克拉德,凯尔克拉德,凯尔克拉德,케르크라더,كركرادة,Kerkrade,Kerkrade,Kerkrade,แกร์กราเดอ,Kerkrade,,,Kerkrade,,
DutchA_ADODenHaag,The Hague,La Haye,L'Aia,Den Haag,La Haya,デン・ハーグ,Haia,Гаага,海牙,海牙,海牙,헤이그,لاهاي,Den Haag,Lahey,Den Haag,เดอะเฮก,Den Haag,,,Haga,,
DutchA_DeGraafschapDoetinchem,Doetinchem,Doetinchem,Doetinchem,Doetinchem,Doetinchem,ドゥーティンヘム,Doetinchem,Дутинхем,杜廷赫姆,杜廷赫姆,杜廷赫姆,두틴험,دوتينخيم,Doetinchem,Doetinchem,Doetinchem,โดตินเชม,Doetinchem,,,Doetinchem,,
DutchA_FCDenBosch,'s-Hertogenbosch,Bois-le-Duc,'s-Hertogenbosch,'s-Hertogenbosch,Bolduque,スヘルトーヘンボス,'s-Hertogenbosch,Хертогенбос,斯海尔托亨博斯,斯海尔托亨博斯,斯海尔托亨博斯,스헤르토헨보스,سيرتوخيمبوس,'s-Hertogenbosch,'s-Hertogenbosch,'s-Hertogenbosch,เซร์โทเคนบอส,'s-Hertogenbosch,,,'s-Hertogenbosch,,
DutchA_FCEmmen,Emmen,Emmen,Emmen,Emmen,Emmen,エメン,Emmen,Эммен,埃门,埃门,埃门,에먼,إيمين,Emmen,Emmen,Emmen,เอ็มเมน,Emmen,,,Emmen,,
DutchA_FCEindhoven,Eindhoven Blue,Eindhoven Bleu,Eindhoven Blu,Eindhoven Blau,Eindhoven Azul,アイントホーフェン 青,Eindhoven Azul,Эйндховен Синий,埃因霍温 蓝,埃因霍温 蓝,埃因霍温 蓝,아인트호벤 파란색,أيندهوفن أبيض,Eindhoven Blauw,Eindhoven Mavi,Eindhoven Biru,ไอนด์โฮเฟ่น น้ำเงิน,Eindhoven Xanh,,,Eindhoven Niebieski,,
DutchA_VVV-Venlo,Venlo,Venlo,Venlo,Venlo,Venlo,フェンロー,Venlo,Венло,芬洛,芬洛,芬洛,펜로,فينلو,Venlo,Venlo,Venlo,เวนโล,Venlo,,,Venlo,,
DutchA_HelmondSport,Helmond,Helmond,Helmond,Helmond,Helmond,ヘルモント,Helmond,Хелмонд,海尔蒙德,海尔蒙德,海尔蒙德,헬몬트,هيلموند,Helmond,Helmond,Helmond,เฮลมอนด์,Helmond,,,Helmond,,
DutchA_MVVMaastricht,Maastricht,Maastricht,Maastricht,Maastricht,Maastricht,マーストリヒト,Maastricht,Маастрихт,马斯特里赫特,马斯特里赫特,马斯特里赫特,마스트리흐트,ماستريخت,Maastricht,Maastricht,Maastricht,มาสทริชท์,Maastricht,,,Maastricht,,
DutchA_TOPOss,Oss,Oss,Oss,Oss,Oss,オス,Oss,Осс,奥斯,奥斯,奥斯,오스,أوس,Oss,Oss,Oss,ออสส์,Oss,,,Oss,,
DutchA_SCTelstar,Velsen,Velsen,Velsen,Velsen,Velsen,フェルセン,Velsen,Велзен,费尔森,费尔森,费尔森,펠선,فيلسن,Velsen,Velsen,Velsen,เวลเซ่น,Velsen,,,Velsen,,
DutchA_QuickBoys,Katwijk,Katwijk,Katwijk,Katwijk,Katwijk,カトウェイク,Katwijk,Катвейк,卡特韦克,卡特韦克,卡特韦克,카트베이크,كاتفايك,Katwijk,Katwijk,Katwijk,กัตไวก์,Katwijk,,,Katwijk,,
DutchA_KoninklijkeHFCHaarlem,Haarlem,Haarlem,Haarlem,Haarlem,Haarlem,ハールレム,Haarlem,Харлем,哈勒姆,哈勒姆,哈勒姆,하를럼,هارلم,Haarlem,Haarlem,Haarlem,ฮาร์เลม,Haarlem,,,Haarlem,,
DutchA_ACVAssen,Assen,Assen,Assen,Assen,Assen,アッセン,Assen,Ассен,阿森,阿森,阿森,아선,أسن,Assen,Assen,Assen,อาสเซิน,Assen,,,Assen,,
DutchA_ADO'20Heemskerk,Heemskerk,Heemskerk,Heemskerk,Heemskerk,Heemskerk,ヘームスケルク,Heemskerk,Хемскерк,海姆斯凯尔克,海姆斯凯尔克,海姆斯凯尔克,헴스케르크,هيمسكيرك,Heemskerk,Heemskerk,Heemskerk,ฮีมสเคิร์ก,Heemskerk,,,Heemskerk,,
DutchA_AFCAmsterdam,Amsterdam V,Amsterdam V,Amsterdam V,Amsterdam V,Amsterdam V,アムステルダム V,Amsterdam V,Амстердам V,阿姆斯特丹 V,阿積士 V,阿積士 V,암스테르담 V,أمستردام V,Amsterdam V,Amsterdam V,Amsterdam V,อัมสเตอร์ดัมV,Amsterdam V,,,Amsterdam V,,
DutchA_ExcelsiorMaassluis,Maassluis,Maassluis,Maassluis,Maassluis,Maassluis,マースルイス,Maassluis,Масслёйс,马斯勒伊斯,马斯勒伊斯,马斯勒伊斯,마슬루이스,ماسلاوس,Maassluis,Maassluis,Maassluis,มาสเลาส์,Maassluis,,,Maassluis,,
DutchA_GVVVVeenendaal,Veenendaal,Veenendaal,Veenendaal,Veenendaal,Veenendaal,ヴィーネンダール,Veenendaal,Венендал,费嫩达尔,费嫩达尔,费嫩达尔,페이넨달,فينندال,Veenendaal,Veenendaal,Veenendaal,เวเนนดาล,Veenendaal,,,Veenendaal,,
DutchA_HHCHardenberg,Hardenberg,Hardenberg,Hardenberg,Hardenberg,Hardenberg,ハルデンベルク,Hardenberg,Гарденберг,哈登贝赫,哈登贝赫,哈登贝赫,하르덴베르흐,هاردنبيرخ,Hardenberg,Hardenberg,Hardenberg,ฮาร์เดนเบิร์ก,Hardenberg,,,Hardenberg,,
Str_National_Eswatini,Swaziland,Swaziland,Swaziland,Swasiland,Suazilandia,スワジランド,Suazilândia,Свазиленд,斯威士兰,斯威士蘭,斯威士蘭,스와질란드,سوازيلاند,Swaziland,Svaziland,Swaziland,สวาซิแลนด์,Swaziland,,,Suazi,,
CompName_GreekLeagueA,Greek League A,Ligue Grecque A,Lega Greca A,Griechische Liga A,Liga Griega A,グリークリーグA,Liga Grega A,Греческая Лига A,希腊联赛 A,希臘聯賽 A,希臘聯賽 A,그릭 리그 A,الدوري اليوناني أ,Griekse League A,Yunan Ligi A,Liga Yunani A,กรีกลีก A,Giải Hy Lạp A,,,Liga Grecka A,,
CompName_GreekCup,Greek Cup,Coupe Grecque,Coppa Greca,Griechischer Pokal,Copa Griega,ギリシャカップ,Copa Grega,Греческий Кубок,希腊杯,希臘杯,希臘杯,그리스컵,كأس اليونان,Griekse Beker,Yunan Kupası,Piala Yunani,ถ้วยแชมป์กรีก,Cúp Hy Lạp,,,Puchar Grecji,,
CompName_GreekSuperCup,Greek Super Cup,Supercoupe Grecque,Supercoppa Greca,Griechischer Superpokal,Supercopa Griega,ギリシャスーパーカップ,Supertaça Grega,Греческий Суперкубок,希腊超级杯,希臘超級杯,希臘超級杯,그리스 슈퍼컵,كأس اليونان السوبر,Griekse Supercup,Yunan Süper Kupası,Piala Super Yunani,ซุปเปอร์คัพกรีก,Siêu Cúp Hy Lạp,,,Superpuchar Grecji,,
GreekA_PAOKThessaloniki,Thessaloniki Black,Thessalonique Noir,Salonicco Nero,Thessaloniki Schwarz,Salónica Negro,テッサロニキ 黒,Salonica Preto,Салоники Черный,塞萨洛尼基 黑,塞萨洛尼基 黑,塞萨洛尼基 黑,테살로니키 검정색,سالونيك أحمر,Thessaloniki Zwart,Selanik Siyah,Thessaloniki Hitam,เทสซาโลนีกี ดำ,Thessaloniki Đen,,,Saloniki Czarny,,
GreekA_PanathinaikosFC,Athens Green,Athènes Vert,Atene Verde,Athens Grün,Atenas Verde,アテネ 緑,Atenas Verde,Афины Зелёный,雅典 绿,雅典 绿,雅典 绿,아테네 녹색,أثينا أخضر,Athene Groen,Atina Yeşil,Athena Hijau,เอเธนส์ เขียว,Athens Xanh,,,Ateny Zielony,,
GreekA_ArisThessaloniki,Thessaloniki Yellow,Thessalonique Jaune,Salonicco Giallo,Thessaloniki Gelb,Salónica Amarillo,テッサロニキ 黄,Salonica Amarelo,Салоники Жёлтый,塞萨洛尼基 黄,塞萨洛尼基 黄,塞萨洛尼基 黄,테살로니키 노랑,سالونيك أصفر,Thessaloniki Geel,Selanik Sarı,Thessaloniki Kuning,เทสซาโลนีกี สีเหลือง,Thessaloniki Màu vàng,,,Saloniki Żółty,,
GreekA_PanetolikosGFS,Agrinio,Agrínio,Agrinio,Agrinio,Agrinio,アグリニオ,Agrínio,Агринион,阿格里尼奥,阿格里尼奥,阿格里尼奥,아그리니오,أغرينيو,Agrinio,Agrinio,Agrinio,อากรินิโอ,Agrinio,,,Agrinio,,
GreekA_AsterasTripolis,Tripoli Yellow,Tripoli Jaune,Tripoli Giallo,Tripoli Gelb,Tripoli Amarillo,トリポリ・イエロー,Tripoli Amarelo,Триполи Жёлтый,特里波利斯黄,特里波利斯黃,特里波利斯黃,트리폴리 옐로우,طرابلس الأصفر,Tripoli Geel,Tripoli Sarısı,Tripoli Kuning,ตริโปลี เหลือง,Tripoli Vàng,,,Tripoli Żółty,,
GreekA_AtromitosAthens,Peristeri,Peristéri,Peristeri,Peristeri,Peristeri,ペリスタリー,Peristeri,Перистерион,佩里斯特里,佩里斯特里,佩里斯特里,페리스테리,بيريستيري,Peristeri,Peristeri,Peristeri,เพริสเตอร์,Peristeri,,,Peristeri,,
GreekA_OFICreteFC,Heraklion,Héraklion,Candia,Iraklio,Heraclión,イラクリオン,Heraclião,Ираклион,伊拉克利翁,伊拉克利翁,伊拉克利翁,이라클리오,كاندية,Iraklion,Kandiye,Heraklion,ฮีราคลีออน,Heraklion,,,Heraklion,,
GreekA_VolosNPS,Volos,Vólos,Volos,Volos,Volos,ヴォロス,Vólos,Волос,沃洛斯,沃洛斯,沃洛斯,볼로스,فولوس,Volos,Volos,Volos,โวลอส,Volos,,,Wolos,,
GreekA_Panserraikos,Serres,Serrès,Serres,Serres,Serres,セレス,Serres,Сере,塞雷斯,塞雷斯,塞雷斯,세레스,سيرس,Serres,Serez,Serres,เซอร์เรส,Serres,,,Seres,,
GreekA_AthensKallithea,Kallithea,Kallithéa,Kallithea,Kallithea,Kallithea,カリテア,Kallithea,Калитея,卡利地亚,卡利地亚,卡利地亚,칼리테아,كاليثيا,Kallithea,Kallithea,Kallithea,คาลิเทีย,Kallithea,,,Kallithea,,
GreekA_APOLevadiakos,Livadeia,Livadiá,Livadeia,Livadia,Lebadea,リヴァディア,Livadiá,Левадия,莱瓦贾,莱瓦贾,莱瓦贾,리바디아,ليفاذيا,Livadeia,Livadya,Livadeia,ทุ่งหญ้า,Livadeia,,,Liwadia,,
GreekA_PASLamia1964,Lamia,Lamia,Lamia,Lamia,Lamía,ラミア,Lâmia,Ламия,拉米亚,拉米亚,拉米亚,라미아,لمياء,Lamia,Lamya,Lamia,ลาเมีย,Lamia,,,Lamia,,
GreekA_AEKifisias,Attica,Attique,Attica,Attika,Ática,アッティカ,Attica,Аттика,阿提卡,阿提卡,阿提卡,아티키,أتيكا,Attica,Attika,Attica,แอตติกา,Attica,,,Attyka,,
GreekA_AELarisa,Larissa,Larissa,Larissa,Larisa,Larisa,ラリサ,Lárissa,Лариса,拉里萨,拉里萨,拉里萨,라리사,لاريسا,Larissa,Larisa,Larissa,ลาริสซา,Larissa,,,Larisa,,
CompName_SouthAfricaLeagueB,South Africa League B,Ligue B d'Afrique du Sud,Lega B del Sud Africa,Südafrika-Liga B,Liga B de Sudáfrica,南アフリカリーグB,Liga B da África do Sul,Лига Южной Африки B,南非B级联赛,南非B級聯賽,南非B級聯賽,남아프리카 리그B,دوري جنوب إفريقيا B,Zuid-Afrikaanse Liga B,Güney Afrika Ligi B,Liga Afrika Selatan B,ลีกแอฟริกาใต้B,Liên đoàn Nam Phi B,,,Liga B Republiki Południowej Afryki,,
CompName_SouthAfricaLeagueC,South Africa League C,Ligue C d'Afrique du Sud,Lega C del Sud Africa,Südafrika-Liga C,Liga C de Sudáfrica,南アフリカリーグC,Liga C da África do Sul,Лига Южной Африки C,南非C级联赛,南非C級聯賽,南非C級聯賽,남아프리카 리그C,دوري جنوب إفريقيا C,Zuid-Afrikaanse Liga C,Güney Afrika Ligi C,Liga Afrika Selatan C,ลีกแอฟริกาใต้C,Liên đoàn Nam Phi C,,,Liga C Republiki Południowej Afryki,,
SouthAfricaLeagueA_UniversityofPretoriaFC,Pretoria White,Pretoria Blanc,Pretoria Bianco,Pretoria Weiß,Pretoria Blanco,プレトリア 白,Pretória Branco,Претория Белый,普勒托利亚 白,普勒托利亞 白,普勒托利亞 白,프리토리아 흰색,بريتوريا أزرق,Pretoria Wit,Pretoria Beyaz,Pretoria Putih,พริทอเรีย ขาว,Pretoria Trắng,,,Pretoria Biały,,
SouthAfricaLeagueA_MilfordFC,Milford,Milford,Milford,Milford,Milford,ミルフォード,Milford,Милфорд,米尔福德,米爾福德,米爾福德,밀포드,ميلفورد,Milford,Milford,Milford,มิลฟอร์ด,Milford,,,Milford,,
SouthAfricaLeagueA_FCRavens,KwaZulu-Natal,KwaZulu-Natal,KwaZulu-Natal,KwaZulu-Natal,KwaZulu-Natal,クワズール・ナタール,Cuazulo-Natal,Квазулу-Натал,夸祖鲁-纳塔尔,誇祖魯-納塔爾,誇祖魯-納塔爾,콰줄루나탈주,كوازولو ناتال,KwaZoeloe-Natal,KwaZulu-Natal,KwaZulu-Natal,ควาซูลู-นาทาล,KwaZulu-Natal,,,KwaZulu-Natal,,
SouthAfricaLeagueA_HungryLionsFC,Postmasburg,Postmasburg,Postmasburg,Postmasburg,Postmasburg,ポストマスバーグ,Postmasburg,Постмасбург,波斯特马斯堡,波斯特馬斯堡,波斯特馬斯堡,포스트마스버그,بوستماسبورج,Postmasburg,Postmasburg,Postmasburg,โพสมาสเบิร์ก,Postmasburg,,,Postmasburg,,
SouthAfricaLeagueA_D'GeneralFC,Botshabelo,Botshabelo,Botshabelo,Botshabelo,Botshabelo,ボシャベロ,Botshabelo,Ботшабело,博沙贝洛,博沙貝洛,博沙貝洛,보샤벨로,بوتشابيلو,Botshabelo,Botshabelo,Botshabelo,บอตชาเบโล,Botshabelo,,,Botshabelo,,
SouthAfricaLeagueA_MaritzburgUnitedFC,Pietermaritzburg,Pietermaritzburg,Pietermaritzburg,Pietermaritzburg,Pietermaritzburg,ピーターマリッツバーグ,Pietermaritzburg,Питермарицбург,彼得马里茨堡,彼得馬里茨堡,彼得馬里茨堡,피터마리츠버그,بيترماريتزبرغ,Pietermaritzburg,Pietermaritzburg,Pietermaritzburg,ปีเตอร์มาริตซ์เบิร์ก,Pietermaritzburg,,,Pietermaritzburg,,
SouthAfricaLeagueA_NBLaMasiaFC,Gauteng Blue,Gauteng Bleu,Gauteng Blu,Gauteng Blau,Gauteng Azul,ハウテン 青,Gauteng Azul,Гаутенг Синий,豪登 蓝,豪登 藍,豪登 藍,하우텡주 파란색,خاوتينغ أبيض,Gauteng Blauw,Gauteng Mavi,Gauteng Biru,จังหวัดเคาเต็ง น้ำเงิน,Gauteng Xanh,,,Gauteng Niebieski,,
SouthAfricaLeagueA_HighlandsPark,Gauteng Red,Gauteng Rouge,Gauteng Rosso,Gauteng Rot,Gauteng Rojo,ハウテン 赤,Gauteng Vermelho,Гаутенг Красный,豪登 红,豪登 紅,豪登 紅,하우텡주 빨간색,خاوتينغ أسود,Gauteng Rood,Gauteng Kırmızı,Gauteng Merah,จังหวัดเคาเต็ง แดง,Gauteng Đỏ,,,Gauteng Czerwony,,
SouthAfricaLeagueA_PretoriaCalliesFC,Pretoria Blue,Pretoria Bleu,Pretoria Blu,Pretoria Blau,Pretoria Azul,プレトリア 青,Pretória Azul,Претория Синий,普勒托利亚 蓝,普勒托利亞 藍,普勒托利亞 藍,프리토리아 파란색,بريتوريا أبيض,Pretoria Blauw,Pretoria Mavi,Pretoria Biru,พริทอเรีย น้ำเงิน,Pretoria Xanh,,,Pretoria Niebieski,,
SouthAfricaLeagueA_SpainFC,Cape Town South,Sud du Cap,Città del Capo Sud,Kapstadtrot Süd,Ciudad del Cabo Sur,ケープタウン南部,Cidade do Cabo Sul,Кейптаун Юг,开普敦 南,開普敦 南,開普敦 南,케이프타운 남부,كيب تاون الجنوبية,Kaapstad Zuid,Cape Town Güney,Tanjung Kota Selatan,เคปทาวน์ เซาท์,Nam Cape Town,,,Kapsztad Południe,,
SouthAfricaLeagueA_CrystalLakeFC,Mbombela,Mbombela,Mbombela,Mbombela,Mbombela,ムボンベラ,Mbombela,Мбомбела,姆邦贝拉,姆邦貝拉,姆邦貝拉,음봄벨라,نيلسبرويت,Mbombela,Mbombela,Mbombela,อึมบอมเบลา,Mbombela,,,Mbombela,,
SouthAfricaLeagueA_JDRStarsFC,Pretoria Star,Pretoria Étoile,Pretoria Stella,Pretoria Stern,Pretoria Estrella,プレトリア スター,Pretória Estrela,Претория Звезда,普勒托利亚 星,普勒托利亞 星,普勒托利亞 星,프리토리아 별,بريتوريا نجم,Pretoria Ster,Pretoria Yıldız,Pretoria Bintang,พริทอเรีย ดาว,Pretoria Ngôi sao,,,Pretoria Gwiazda,,
SouthAfricaLeagueA_PlatinumCity,Mogwase,Mogwase,Mogwase,Mogwase,Mogwase,モグワセ,Mogwase,Могвасе,莫格瓦斯,莫格瓦斯,莫格瓦斯,모과세,موغواسي,Mogwase,Mogwase,Mogwase,ม็อกวาเซะ,Mogwase,,,Mogwase,,
SouthAfricaLeagueA_PaarlUnited,Paarl,Paarl,Paarl,Paarl,Paarl,パール,Paarl,Паарл,帕尔,帕爾,帕爾,팔,بارل,Paarl,Paarl,Paarl,พาร์ล,Paarl,,,Paarl,,
SouthAfricaLeagueA_MadridtasFC,Thohoyandou White,Thohoyandou Blanc,Thohoyandou Bianco,Thohoyandou Weiß,Thohoyandou Blanco,トホヤンドゥ 白,Thohoyandou Branco,Тхохояндоу Белый,托霍延杜 白,托霍延杜 白,托霍延杜 白,토호얀두 흰색,ثوهوياندو أزرق,Thohoyandou Wit,Thohoyandou Beyaz,Thohoyandou Putih,โธโฮยานดู ขาว,Thohoyandou Trắng,,,Thohoyandou Biały,,
SouthAfricaLeagueA_NCProfessionals,Kathu,Kathu,Kathu,Kathu,Kathu,カトゥー,Kathu,Кату,卡图,卡圖,卡圖,카투,كاثو,Kathu,Kathu,Kathu,กะทู้,Kathu,,,Kathu,,
SouthAfricaLeagueA_MarumoGallantsFC,Limpopo,Limpopo,Limpopo,Limpopo,Limpopo,リンポポ,Limpopo,Лимпопо,林波波,林波波,林波波,림포포주,ليمبوبو,Limpopo,Limpopo,Limpopo,ลิมโปโป,Limpopo,,,Limpopo,,
SouthAfricaLeagueA_CasricStarsFC,Mpumalanga Yellow,Mpumalanga Jaune,Mpumalanga Giallo,Mpumalanga Gelb,Mpumalanga Amarillo,ムプマランガ 黄,Mepumalanga Amarelo,Мпумаланга Жёлтый,姆普马兰加 黄,姆普馬蘭加 黃,姆普馬蘭加 黃,음푸말랑가주 노랑,مبومالانجا أصفر,Mpumalanga Geel,Mpumalanga Sarı,Mpumalanga Kuning,มปูมาลังกา สีเหลือง,Mpumalanga Màu vàng,,,Mpumalanga Żółty,,
SouthAfricaLeagueA_ORBITCollegeFC,North West,Nord-Ouest,Nordovest,Nordwest,Noroeste,北西州,Noroeste,Северо-Западная,西北省,西北省,西北省,노스웨스트주,الشمالية الغربي,Noordwest,Kuzeybatı,North West,ตะวันตกเฉียงเหนือ,Tây Bắc,,,Północno-Zachodnia,,
SouthAfricaLeagueA_MagesiFC,Limpopo Blue,Limpopo Bleu,Limpopo Blu,Limpopo Blau,Limpopo Azul,リンポポ 青,Limpopo Azul,Лимпопо Синий,林波波 蓝,林波波 藍,林波波 藍,림포포주 파란색,ليمبوبو أبيض,Limpopo Blauw,Limpopo Mavi,Limpopo Biru,ลิมโปโป น้ำเงิน,Limpopo Xanh,,,Limpopo Niebieski,,
SouthAfricaLeagueA_BarokaFC,Polokwane Green,Polokwane Vert,Polokwane Verde,Polokwane Grün,Polokwane Verde,ポロクワネ 緑,Polokwane Verde,Палакванэ Зелёный,波洛夸内 绿,波洛誇內 綠,波洛誇內 綠,폴로콰네 녹색,بولوكواني أخضر,Polokwane Groen,Polokwane Yeşil,Polokwane Hijau,โพโลควานี เขียว,Polokwane Xanh,,,Polokwane Zielony,,
SouthAfricaLeagueA_VendaF.C.,Venda,Venda,Venda,Venda,Venda,ヴェンダ,Venda,Венда,文达,文達,文達,벤다,فندا,Venda,Venda,Venda,เวนดา,Venda,,,Venda,,
SouthAfricaLeagueA_UpingtonCity,Northern Cape,Cap-Nord,Capo Settentrionale,Nordkap,Cabo Septentrional,北ケープ,Cabo Setentrional,Северо-Капская,北开普,北開普,北開普,노던케이프주,كيب الشمالية,Noord-Kaap,Kuzey Kap,Northern Cape,แหลมเหนือ,Bắc Cape,,,Przylądkowa Północna,,
SouthAfricaLeagueA_BlackLeopardsFC,Thohoyandou Yellow,Thohoyandou Jaune,Thohoyandou Giallo,Thohoyandou Gelb,Thohoyandou Amarillo,トホヤンドゥ 黄,Thohoyandou Amarelo,Тхохояндоу Жёлтый,托霍延杜 黄,托霍延杜 黃,托霍延杜 黃,토호얀두 노랑,ثوهوياندو أصفر,Thohoyandou Geel,Thohoyandou Sarı,Thohoyandou Kuning,โธโฮยานดู ขาว,Thohoyandou Trắng,,,Thohoyandou Biały,,
SouthAfricaLeagueA_HighburyF.C.,Eastern Cape,Cap-Oriental,Capo Orientale,Ostkap,Cabo Oriental,東ケープ,Cabo Oriental,Восточно-Капская,东开普,東開普,東開普,이스턴케이프주,كيب الشرقية,Oost-Kaap,Doğu Kap,Eastern Cape,อีสเทิร์นเคป,Đông Cape,,,Przylądkowa Wschodnia,,
SouthAfricaLeagueA_KrugerUnitedF.C.,Mpumalanga Red,Mpumalanga Rouge,Mpumalanga Rosso,Mpumalanga Rot,Mpumalanga Rojo,ムプマランガ 赤,Mepumalanga Vermelho,Мпумаланга Красный,姆普马兰加 红,姆普馬蘭加 紅,姆普馬蘭加 紅,음푸말랑가주 빨간색,مبومالانجا أسود,Mpumalanga Rood,Mpumalanga Kırmızı,Mpumalanga Merah,มปูมาลังกา สีเหลือง,Mpumalanga Màu vàng,,,Mpumalanga Żółty,,
City_London,London,Londres,Londra,London,Londres,ロンドン,Londres,Лондон,伦敦,倫敦,倫敦,런던,لندن,Londen,Londra,London,ลอนดอน,Luân Đôn,,,Londyn,,
CompName_PeruvianLeagueA,Peruvian Super League,Super Ligue Péruvienne,Super League Peruviana,Peruanische Super League,Superliga Peruana,ペルー・スーパーリーグ,Super Liga Peruana,Перуанская Суперлига,秘鲁超级联赛,秘鲁超级联赛,秘鲁超级联赛,페루 슈퍼 리그,الدوري البيروفي السوبر,Peruviaanse Super League,Peru Süper Ligi,Liga Super Peru,ซุปเปอร์ลีกเปรู,Siêu giải đấu Peru,,,Peruwiańska Superliga,,
CompName_PeruvianCup,Peruvian Cup,Coupe Péruvienne,Coppa Peruviana,Peruanischer Pokal,Copa Peruana,ペルー・カップ,Copa Peruana,Перуанский Кубок,秘鲁杯,秘鲁杯,秘鲁杯,페루 컵,كأس بيرو,Peruviaanse Beker,Peru Kupası,Piala Peru,ถ้วยปีรู,Cúp Peru,,,Puchar Peru,,
CompName_PeruvianSuperCup,Peruvian Super Cup,Supercoupe Péruvienne,Supercoppa Peruviana,Peruanischer Supercup,Supercopa Peruana,ペルー・スーパーカップ,Supercopa Peruana,Перуанский Суперкубок,秘鲁超级杯,秘鲁超级杯,秘鲁超级杯,페루 수퍼 컵,كأس بيرو السوبر,Peruviaanse Supercup,Peru Süper Kupası,Super Piala Peru,ซุปเปอร์คัพเปรู,Siêu Cúp Peru,,,Superpuchar Peru,,
PeruvianA_FBCMelgar,Arequipa,Arequipa,Arequipa,Arequipa,Arequipa,アレキパ,Arequipa,Арекипа,阿雷基帕,阿雷基帕,阿雷基帕,아레키파,أريكيبا,Arequipa,Arequipa,Arequipa,อาเรกิปา,Arequipa,,,Arequipa,,
PeruvianA_UniversidadCésarVallejo,Trujillo Orange,Trujillo Orange,Trujillo Arancione,Trujillo Orange,Trujillo Naranja,トルヒーリョ オレンジ,Trujillo Laranja,Трухильо Оранжевый,特鲁希略 橙,特鲁希略 橙,特鲁希略 橙,트루히요 주황색,تروخيو مستقبل,Trujillo Oranje,Trujillo Turuncu,Trujillo Oranye,ทรูจิลโล สีส้ม,Trujillo Màu cam,,,Trujillo Pomarańczowy,,
PeruvianA_SportBoysAssociation,Callao,Callao,Callao,Callao,Callao,カヤオ,Callao,Кальяо,卡亚俄,卡亚俄,卡亚俄,카야오,كاياو,Callao,Callao,Callao,กายาโอ,Callao,,,Callao,,
PeruvianA_ClubAtléticoGrau,Piura,Piura,Piura,Piura,Piura,ピウラ,Piura,Пьюра,皮乌拉,皮乌拉,皮乌拉,피우라,بيورا,Piura,Piura,Piura,ปิวรา,Piura,,,Piura,,
PeruvianA_ClubCienciano,Cusco Red,Cuzco Rouge,Cusco Rosso,Cusco Rot,Cuzco Rojo,クスコ 赤,Cusco Vermelho,Куско Красный,库斯科 红,库斯科 红,库斯科 红,쿠스코 빨간색,كوسكو أسود,Cuzco Rood,Cuzco Kırmızı,Cusco Merah,กุสโก แดง,Cuzco Đỏ,,,Cuzco Czerwony,,
PeruvianA_CuscoFC,Cusco Yellow,Cuzco Jaune,Cusco Giallo,Cusco Gelb,Cuzco Amarillo,クスコ 黄,Cusco Amarelo,Куско Жёлтый,库斯科 黄,库斯科 黄,库斯科 黄,쿠스코 노랑,كوسكو أصفر,Cuzco Geel,Cuzco Sarı,Cusco Kuning,กุสโก สีเหลือง,Cuzco Màu vàng,,,Cuzco Żółty,,
PeruvianA_SportHuancayo,Huancayo,Huancayo,Huancayo,Huancayo,Huancayo,ワンカヨ,Huancayo,Уанкайо,万卡约,万卡约,万卡约,우앙카요,وانكاشو,Huancayo,Huancayo,Huancayo,วังกาโย,Huancayo,,,Huancayo,,
PeruvianA_AlianzaAtléticoSullana,Sullana,Sullana,Sullana,Sullana,Sullana,スヤナ,Sullana,Сульяна,苏亚那,苏亚那,苏亚那,술라나,سولانا,Sullana,Sullana,Sullana,ซัลลานา,Sullana,,,Sullana,,
PeruvianA_CarlosA.Mannucci,Trujillo Blue,Trujillo Bleu,Trujillo Blu,Trujillo Blau,Trujillo Azul,トルヒーリョ 青,Trujillo Azul,Трухильо Синий,特鲁希略 蓝,特鲁希略 蓝,特鲁希略 蓝,트루히요 파란색,تروخيو أبيض,Trujillo Blauw,Trujillo Mavi,Trujillo Biru,ทรูจิลโล น้ำเงิน,Trujillo Xanh,,,Trujillo Niebieski,,
PeruvianA_AsociaciónDeportivaTarma,Tarma,Tarma,Tarma,Tarma,Tarma,タルマ,Tarma,Тарма,塔尔玛,塔尔玛,塔尔玛,타르마,تارما,Tarma,Tarma,Tarma,ทาร์มา,Tarma,,,Tarma,,
PeruvianA_CDLosChankas,Andahuaylas,Andahuaylas,Andahuaylas,Andahuaylas,Andahuaylas,アンダワイラス,Andahuaylas,Андауайлас,安达韦拉斯,安达韦拉斯,安达韦拉斯,안다와일라스,أنداهوايلاس,Andahuaylas,Andahuaylas,Andahuaylas,อันดาฮอยลาส,Andahuaylas,,,Andahuaylas,,
PeruvianA_ComerciantesUnidos,Cutervo,Cutervo,Cutervo,Cutervo,Cutervo,クテルボ,Cutervo,Кутерво,库特尔沃,库特尔沃,库特尔沃,큐터보,كوتيرفو,Cutervo,Cutervo,Cutervo,คูเตอร์โว,Cutervo,,,Cutervo,,
PeruvianA_DeportivoGarcilaso,Cusco Blue,Cuzco Bleu,Cusco Blu,Cusco Blau,Cuzco Azul,クスコ 青,Cusco Azul,Куско Синий,库斯科 蓝,库斯科 蓝,库斯科 蓝,쿠스코 파란색,كوسكو أبيض,Cuzco Blauw,Cuzco Mavi,Cusco Biru,กุสโก น้ำเงิน,Cuzco Xanh,,,Cuzco Niebieski,,
PeruvianA_CDUniónComercio,San Martín,San Martín,San Martín,San Martín,San Martín,サン・マルティン,San Martín,Сан-Мартин,圣马丁,圣马丁,圣马丁,산마르틴,سان مارتين,San Martín,San Martín,San Martín,ซาน มาร์ติน,San Martín,,,San Martín,,
PeruvianA_UniversidadTécnicadeCajamarca,Cajamarca,Cajamarca,Cajamarca,Cajamarca,Cajamarca,カハマルカ,Cajamarca,Кахамарка,卡哈马卡,卡哈马卡,卡哈马卡,카하마르카,كاخاماركا,Cajamarca,Cajamarca,Cajamarca,กาฆามาร์กา,Cajamarca,,,Cajamarca,,
Str_National_Argentina_1986,Argentina 1986,Argentine 1986,Argentina 1986,Argentinien 1986,Argentina 1986,アルゼンチン 1986,Argentina 1986,Аргентина 1986,阿根廷 1986,阿根廷 1986,阿根廷 1986,아르헨티나 1986,الأرجنتين 1986,Argentinië 1986,Arjantin 1986,Argentina 1986,อาร์เจนตินา 1986,Argentina 1986,,,Argentyna 1986,,
Str_National_Italy_1986,Italy 1986,Italie 1986,Italia 1986,Italien 1986,Italia 1986,イタリア 1986,Itália 1986,Италия 1986,意大利 1986,義大利 1986,義大利 1986,이탈리아 1986,إيطاليا 1986,Italië 1986,İtalya 1986,Italia 1986,อิตาลี 1986,Nước Ý 1986,,,Włochy 1986,,
Str_National_England_1986,England 1986,Angleterre 1986,Inghilterra 1986,England 1986,Inglaterra 1986,イングランド 1986,Inglaterra 1986,Англия 1986,英格兰 1986,英格蘭 1986,英格蘭 1986,영국 1986,إنكلترا 1986,Engeland 1986,İngiltere 1986,Inggris 1986,อังกฤษ 1986,nước Anh 1986,,,Anglia 1986,,
Str_National_Germany_1986,Germany 1986,Allemagne 1986,Germania 1986,Deutschland 1986,Alemania 1986,ドイツ 1986,Alemanha 1986,Германия 1986,德国 1986,德國 1986,德國 1986,독일 1986,ألمانيا 1986,Duitsland 1986,Almanya 1986,Jerman 1986,เยอรมนี 1986,nước Đức 1986,,,Niemcy 1986,,
SerbianA_FKPartizanBelgrade,Belgrade Black,Belgrade Noir,Belgrado Nero,Belgrad Schwarz,Belgrado Negro,ベオグラード 黒,Belgrado Preto,Белград Черный,贝尔格莱德 黑,貝爾格萊德 黑,貝爾格萊德 黑,베오그라드 검정색,بلغراد أحمر,Belgrado Zwart,Belgrad Siyah,Belgrade Hitam,เบลเกรด ดำ,Beograd Đen,,,Belgrad Czarny,,
SerbianA_FKTSCBackaTopola,Bačka Topola,Bačka Topola,Bačka Topola,Bačka Topola,Bačka Topola,バッカ トポラ,Bačka Topola,Бачка-Топола,巴奇卡托波拉,巴奇卡托波拉,巴奇卡托波拉,바치카토폴라,باتشكا توبولا,Bačka Topola,Baçka Topola,Bačka Topola,บัคก้า โทโพลา,Bačka Topola,,,Bačka Topola,,
SwissA_ServetteFC,Geneva,Genève,Ginevra,Genf,Ginebra,ジュネーヴ,Genebra,Женева,日内瓦,日內瓦,日內瓦,제네바,جنيف,Genève,Cenevre,Jenewa,เจนีวา,Genève,,,Genewa,,
UkrainianA_ZoryaLugansk,Luhansk,Louhansk,Luhans'k,Luhansk,Lugansk,ルハーンシク,Lugansk,Луганск,卢甘斯克,盧甘斯克,盧甘斯克,루한스크,لوهانسك,Loehansk,Luhansk,Luhansk,ลูฮันสก์,Luhansk,,,Ługańsk,,
CzechA_ACSpartaPrague,Prague Brown,Prague Marron,Praga Marrone,Prag Braun,Praga Marrón,プラハ 茶,Praga Marrom,Прага Коричневый,布拉格 棕,布拉格 棕,布拉格 棕,프라하 갈색,براغ بني,Praag Bruin,Prag Kahverengi,Praha Coklat,ปราก สีน้ำตาล,Praha Màu nâu,,,Praga Brązowy,,
NorwegianA_FKBodø/Glimt,Bodø,Bodø,Bodø,Bodø,Bodø,ボードー,Bodø,Будё,博德,博德,博德,보되,بودو,Bodø,Bodø,Bodø,โบโด,Bodø,,,Bodø,,
NorwegianA_MoldeFK,Molde,Molde,Molde,Molde,Molde,モルデ,Molde,Молде,莫尔德,莫爾德,莫爾德,몰데,مولده,Molde,Molde,Molde,โมลเด,Molde,,,Molde,,
CroatianA_HNKHajdukSplit,Split,Split,Spalato,Split,Split,スプリト,Split,Сплит,斯普利特,斯普利特,斯普利特,스플리트,سبليت,Split,Split,Split,สปลิต,Split,,,Split,,
CompName_KoreanLeagueB,Korean League B,ligue B Coréenne,Lega B Koreana,Koreanische Liga B,Liga B Coreana,韓国リーグB,LIGA B COREANA,Корейская Лига B,韩国B级联赛,韓國B級聯賽,韓國B級聯賽,한국 리그 B,الدوري الكوري B,Koreaanse Competitie B,Kore ligi B,Liga B Korea,ลีกเกาหลี B,Giải VĐQG Hàn Quốc B,,,Liga B Koreańśka,,
CompName_KoreanLeagueC,Korean League C,ligue C Coréenne,Lega C Koreana,Koreanische Liga C,Liga C Coreana,韓国リーグC,LIGA C COREANA,Корейская Лига C,韩国C级联赛,韓國C級聯賽,韓國C級聯賽,한국 리그 C,الدوري الكوري C,Koreaanse Competitie C,Kore ligi C,Liga C Korea,ลีกเกาหลี C,Giải VĐQG Hàn Quốc C,,,Liga C Koreańśka,,
CompName_KoreanCupOld,Korean Cup,Coupe de Corée,Coppa di Corea,Koreanischer Pokal,Copa de Corea,韓国カップ,TAÇA COREANA,Кубок Кореи,韩国杯,韓國杯,韓國杯,한국 컵,كأس كوريا,Koreaanse beker,Kore Kupası,Piala Korea,เกาหลีคัพ,Cúp Hàn Quốc,,,Puchar Korei,,
KoreanLeagueA_SeoulE-Land,Seoul Black,Séoul Noir,Seoul Nero,Seoul Schwarz,Seúl Negro,ソウル 黒,Seul Preto,Сеул Черный,首尔 黑,首爾 黑,首爾 黑,서울 검정색,سيول أحمر,Seoel Zwart,Seul Siyah,Seoul Hitam,โซล ดำ,Seoul Đen,,,Seul Czarny,,
KoreanLeagueA_SeongnamFC,Seongnam,Seongnam,Seongnam,Seongnam,Seongnam,城南,Seongnam,Соннам,城南,城南,城南,성남시,سيونغنام,Seongnam,Seongnam,Seongnam,ซองนัม,Seongnam,,,Seongnam,,
KoreanLeagueA_FCAnyang,Anyang,Anyang,Anyang,Anyang,Anyang,安養,Anyang,Анян,安养,安養,安養,안양시,انيانغ,Anyang,Anyang,Anyang,อันยาง,Anyang,,,Anyang,,
KoreanLeagueA_ChungnamAsan,Asan Yellow,Asan Jaune,Asan Giallo,Asan Gelb,Asan Amarillo,牙山 黄,Asan Amarelo,Асан Жёлтый,牙山 黄,牙山 黃,牙山 黃,아산시 노랑,آسان أصفر,Asan Geel,Asan Sarı,Asan Kuning,อาซัน สีเหลือง,Asan Màu vàng,,,Asan Żółty,,
KoreanLeagueA_CheonanCity,Cheonan,Cheonan,Cheonan,Cheonan,Cheonan,天安,Cheonan,Чхонан,天安,天安,天安,천안시,تشونان,Cheonan,Cheonan,Cheonan,ชอนอัน,Cheonan,,,Cheonan,,
KoreanLeagueA_ChungbukCheongjuFC,Cheongju,Cheongju,Cheongju,Cheongju,Cheongju,清州,Cheongju,Чхонджу,清州,清州,清州,청주시,تشونغجو,Cheongju,Cheongju,Cheongju,ช็องจู,Cheongju,,,Cheongju,,
KoreanLeagueA_AnsanGreeners,Asan Green,Asan Vert,Asan Verde,Asan Grün,Asan Verde,牙山 緑,Asan Verde,Асан Зелёный,牙山 绿,牙山 綠,牙山 綠,아산시 녹색,آسان أخضر,Asan Groen,Asan Yeşil,Asan Hijau,อาซัน เขียว,Asan Xanh,,,Asan Zielony,,
KoreanLeagueA_GyeongjuKoreaHydro&NuclearPower,Gyeongju,Gyeongju,Gyeongju,Gyeongju,Gyeongju,慶州,Gyeongju,Кёнджу,庆州,慶州,慶州,경주시,غيونغجو,Gyeongju,Gyeongju,Gyeongju,คย็องจู,Gyeongju,,,Gyeongju,,
KoreanLeagueA_ChuncheonCitizen,Chuncheon,Chuncheon,Chuncheon,Chuncheon,Chuncheon,春川,Chuncheon,Чхунчхон,春川,春川,春川,춘천시,تشنتشون,Chuncheon,Chuncheon,Chuncheon,ชุนชอน,Chuncheon,,,Chuncheon,,
KoreanLeagueA_GangneungCitizen,Gangneung Blue,Gangneung Bleu,Gangneung Blu,Gangneung Blau,Gangneung Azul,カンヌングブルー,Gangneung Azul,Каннён синий,江陵蓝,江陵藍,江陵藍,강릉 파랑,كانغنيونج الأزرق,Gangneung Blauw,Gangneung Mavisi,Gangneung Biru,กังเน็ง น้ำเงิน,Gangneung Xanh Dương,,,Gangneung Niebieski,,
KoreanLeagueA_FCMokpo,Mokpo,Mokpo,Mokpo,Mokpo,Mokpo,木浦,Mokpo,Мокпхо,木浦,木浦,木浦,목포시,موكبو,Mokpo,Mokpo,Mokpo,มกโพ,Mokpo,,,Mokpo,,
KoreanLeagueA_PajuCitizen,Paju,Paju,Paju,Paju,Paju,坡州,Paju,Пхаджу,坡州,坡州,坡州,파주시,باجو,Paju,Paju,Paju,พาจู,Paju,,,Paju,,
KoreanLeagueA_GimhaeFC,Gimhae,Gimhae,Gimhae,Gimhae,Gimhae,金海,Gimhae,Кимхэ,金海,金海,金海,김해시,جيمهاي,Gimhae,Gimhae,Gimhae,กิมแฮ,Gimhae,,,Gimhae,,
KoreanLeagueA_DaejeonKorailFC,Daejeon White,Daejeon Blanc,Daejeon Bianco,Daejeon Weiß,Daejeon Blanco,大田 白,Daejeon Branco,Тэджон Белый,大田 白,大田 白,大田 白,대전 흰색,دايجون أزرق,Daejeon Wit,Daejeon Beyaz,Daejeon Putih,แทจอน ขาว,Daejeon Trắng,,,Daejeon Biały,,
KoreanLeagueA_YeojuFC,Yeoju,Yeoju,Yeoju,Yeoju,Yeoju,驪州,Yeoju,Йоджу,骊州,驪州,驪州,여주시,يوجو,Yeoju,Yeoju,Yeoju,ยอจู,Yeoju,,,Yeoju,,
KoreanLeagueA_PocheonCitizen,Pocheon,Pocheon,Pocheon,Pocheon,Pocheon,抱川,Pocheon,Пхочхон,抱川,抱川,抱川,포천시,بوتشون,Pocheon,Pocheon,Pocheon,โพชอน,Pocheon,,,Pocheon,,
KoreanLeagueA_BusanTransportationCorp.,Busan Blue,Busan Bleu,Busan Blu,Busan Blau,Busan Azul,釜山 青,Busan Azul,Пусан Синий,釜山 蓝,釜山 藍,釜山 藍,부산 파란색,بوسان أبيض,Busan Blauw,Busan Mavi,Busan Biru,ปูซาน น้ำเงิน,Busan Xanh,,,Busan Niebieski,,
KoreanLeagueA_SiheungCity,Siheung,Siheung,Siheung,Siheung,Siheung,始興,Siheung,Сихын,始兴,始興,始興,시흥시,سيهيونغ,Siheung,Siheung,Siheung,ซีฮึง,Siheung,,,Siheung,,
KoreanLeagueA_YangpyeongFC,Gyeonggi,Gyeonggi,Gyeonggi,Gyeonggi,Gyeonggi,京畿道,Gyeonggi,Кёнгидо,京畿道,京畿道,京畿道,경기도,غيونغي,Gyeonggi,Gyeonggi,Gyeonggi,จังหวัดคย็องกี,Gyeonggi,,,Gyeonggi,,
KoreanLeagueA_UlsanCitizen,Ulsan New,Ulsan Nouveau,Ulsan Nuovo,Ulsan Neu,Ulsan Nuevo,新しいウルサン,Ulsan Novo,Ульсан Новый,新蔚山,新蔚山,新蔚山,새로운울산,أولسان جديد,Ulsan Nieuw,Ulsan Yeni,Ulsan Baru,อุลซัน ใหม่,Ulsan Mới,,,Ulsan Nowy,,
KoreanLeagueA_ChangwonFC,Changwon,Changwon,Changwon,Changwon,Changwon,昌原,Changwon,Чханвон,昌原,昌原,昌原,창원시,تشانغوون,Changwon,Changwon,Changwon,ชางวอน,Changwon,,,Changwon,,
KoreanLeagueA_HwaseongFC,Hwaseong,Hwaseong,Hwaseong,Hwaseong,Hwaseong,華城,Hwaseong,Хвасон,华城,華城,華城,화성시,هواسونغ,Hwaseong,Hwaseong,Hwaseong,ฮวาซ็อง,Hwaseong,,,Hwaseong,,
KoreanLeagueA_JinjuCitizen,Jinju,Jinju,Jinju,Jinju,Jinju,晋州,Jinju,Чинджу,晋州,晉州,晉州,진주시,جينجو,Jinju,Jinju,Jinju,ไข่มุก,Jinju,,,Jinju,,
KoreanLeagueA_GeojeCitizen,Geoje,Geoje,Geoje,Geoje,Geoje,巨済,Geoje,Кодже,巨济,巨濟,巨濟,거제시,جيوجي,Geoje,Geoje,Geoje,กอเจ,Geoje,,,Geoje,,
CompName_BelgianSuperCup,Belgian Super Cup,Supercoupe de Belgique,Supercoppa del Belgio,Belgischer Supercup,Supercopa de Bélgica,ベルギー・スーパーカップ,Supercopa da Bélgica,Суперкубок Бельгии,比利时超级杯,比利時超級杯,比利時超級杯,벨기에 슈퍼컵,كأس السوبر البلجيكي,Belgische Supercup,Belçika Süper Kupası,Piala Super Belgia,ซูเปอร์คัพเบลเยียม,Siêu cúp Bỉ,,,Superpuchar Belgii,,
CompName_BelgianLeagueA,Belgian League A,Ligue A Belge,Lega A Belga,Belgische Liga A,Liga A Belga,ベルギーリーグA,Liga A Belga,Лига A Бельгии,比利时A级联赛,比利時A級聯賽,比利時A級聯賽,벨기에 리그 A,الدوري البلجيكي A,Belgische Liga A,Belçika Ligi A,Liga A Belgia,ลีก A เบลเยียม,Giải VĐQG Bỉ A,,,Liga A Belgii,,
CompName_BelgianLeagueB,Belgian League B,Ligue B Belge,Lega B Belga,Belgische Liga B,Liga B Belga,ベルギーリーグB,Liga B Belga,Лига B Бельгии,比利时B级联赛,比利時B級聯賽,比利時B級聯賽,벨기에 리그 B,الدوري البلجيكي B,Belgische Liga B,Belçika Ligi B,Liga B Belgia,ลีก B เบลเยียม,Giải VĐQG Bỉ B,,,Liga B Belgii,,
CompName_BelgianLeagueC,Belgian League C,Ligue C Belge,Lega C Belga,Belgische Liga C,Liga C Belga,ベルギーリーグC,Liga C Belga,Лига C Бельгии,比利时C级联赛,比利時C級聯賽,比利時C級聯賽,벨기에 리그 C,الدوري البلجيكي C,Belgische Liga C,Belçika Ligi C,Liga C Belgia,ลีก C เบลเยียม,Giải VĐQG Bỉ C,,,Liga C Belgii,,
BelgianA_UnionSaint-Gilloise,Forest,Forest,Forest,Forest,Forest,フォレ,Forest,Форе,福雷,福雷,福雷,포레,فوريست,Vorst,Forest,Forest,ฟอเรสต์,Forest,,,Forest,,
BelgianA_KVCWesterlo,Westerlo,Westerlo,Westerlo,Westerlo,Westerlo,ウェスターロ,Westerlo,Вестерло,韦斯特洛,韋斯特洛,韋斯特洛,베스테를로,ويستيرلو,Westerlo,Westerlo,Westerlo,เวสเตอร์โล,Westerlo,,,Westerlo,,
BelgianA_KVMechelen,Mechelen,Malines,Malines,Mechelen,Malinas,メヘレン,Mechelen,Мехелен,梅赫伦,梅赫倫,梅赫倫,메헬렌,مشلين,Mechelen,Mechelen,Mechelen,เมเคอเลิน,Mechelen,,,Mechelen,,
BelgianA_Sint-TruidenseVV,Sint-Truiden,Saint-Trond,Sint-Truiden,Sint-Truiden,Sint-Truiden,シント＝トロイデン,Sint-Truiden,Синт-Трёйден,圣图尔登,聖圖爾登,聖圖爾登,신트트라위던,سانت تروند,Sint-Truiden,Sint-Truiden,Sint-Truiden,ซินต์-เตรยเดิน,Sint-Truiden,,,Sint-Truiden,,
BelgianA_FCVDenderEH,Denderleeuw,Denderleeuw,Denderleeuw,Denderleeuw,Denderleeuw,デンダールー,Denderleeuw,Дендерлеу,登德尔莱乌,登德爾萊烏,登德爾萊烏,덴더리우,ديندرليو,Denderleeuw,Denderleeuw,Denderleeuw,เฮนเดอรี่ลูว์,Denderleeuw,,,Denderleeuw,,
BelgianA_LommelSK,Lommel,Lommel,Lommel,Lommel,Lommel,ロンメル,Lommel,Ломмел,洛默尔,洛默爾,洛默爾,로멀,لمل,Lommel,Lommel,Lommel,โลมเมิล,Lommel,,,Lommel,,
BelgianA_ZulteWaregem,Waregem,Waregem,Waregem,Waregem,Waregem,ワレヘム,Waregem,Варегем,瓦勒海姆,瓦勒海姆,瓦勒海姆,바레험,واريم,Waregem,Waregem,Waregem,วาเรเจม,Waregem,,,Waregem,,
BelgianA_RWDMolenbeek,Molenbeek,Molenbeek,Molenbeek,Molenbeek,Molenbeek,モーレンベーク,Molenbeek,Моленбек,莫伦贝克,莫倫貝克,莫倫貝克,몰뢴베크,مولينبيك,Molenbeek,Molenbeek,Molenbeek,โมเลนบีค,Molenbeek,,,Molenbeek,,
BelgianA_ClubNXT,Bruges Black,Bruges Noir,Bruges Nero,Brügge Schwarz,Brujas Negro,ブルッヘ 黒,Bruges Preto,Брюгге Черный,布鲁日 黑,布魯日 黑,布魯日 黑,브뤼허 검정색,بروج أحمر,Brugge Zwart,Brugge Siyah,Brugge Hitam,บรูช ดำ,Brugge Đen,,,Brugia Czarny,,
BelgianA_KMSKDeinze,Deinze,Deinze,Deinze,Deinze,Deinze,デインズ,Deinze,Дейнзе,丹泽,丹澤,丹澤,데인제,ديينز,Deinze,Deinze,Deinze,ดีนซ์,Deinze,,,Deinze,,
BelgianA_SKBeveren,Beveren,Beveren,Beveren,Beveren,Beveren,ベフェレン,Beveren,Беверен,贝弗伦,貝弗倫,貝弗倫,베베런,بيفيرن,Beveren,Beveren,Beveren,เบเวเรน,Beveren,,,Beveren,,
BelgianA_FrancsBorains,Boussu,Boussu,Boussu,Boussu,Boussu,ブッス,Boussu,Буссю,布叙,布敘,布敘,부수,بوسو,Boussu,Boussu,Boussu,บุสซู,Boussu,,,Boussu,,
BelgianA_KLierseSK,Lier,Lierre,Lier,Lier,Lier,リール,Lier,Лир,利尔,利爾,利爾,리르,ليير,Lier,Lier,Lier,ลีเออร์,Lier,,,Lier,,
BelgianA_RFCLüttich,Liège Red,Liège Rouge,Liegi Rosso,Lüttich Rot,Lieja Rojo,リエージュ 赤,Liège Vermelho,Льеж Красный,列日 红,列日 紅,列日 紅,리에주 빨간색,لياج أسود,Luik Rood,Liège Kırmızı,Liège Merah,ลีแยฌ แดง,Liège Đỏ,,,Liège Czerwony,,
BelgianA_PatroEisdenMaasmechelen,Maasmechelen,Maasmechelen,Maasmechelen,Maasmechelen,Maasmechelen,マースメヘレン,Maasmechelen,Маасмехелен,马斯梅赫伦,馬斯梅赫倫,馬斯梅赫倫,마스메헬런,مسمخلين,Maasmechelen,Maasmechelen,Maasmechelen,มาสเมเคอเลิน,Maasmechelen,,,Maasmechelen,,
BelgianA_RFCSeraing,Seraing,Seraing,Seraing,Seraing,Seraing,スラン,Seraing,Серен,瑟兰,瑟蘭,瑟蘭,세랭,سيراين,Seraing,Seraing,Seraing,เซอแร็ง,Seraing,,,Seraing,,
BelgianA_RAALLaLouvière,La Louvière,La Louvière,La Louvière,La Louvière,La Louvière,ラ・ルヴィエール,La Louvière,Ла-Лувьер,拉卢维耶尔,拉盧維耶爾,拉盧維耶爾,라루비에르,لا لوفيير,La Louvière,La Louvière,La Louvière,ลา ลูเวียร์,La Louvière,,,La Louvière,,
BelgianA_KSCLokeren-Temse,Lokeren,Lokeren,Lokeren,Lokeren,Lokeren,ロケレン,Lokeren,Локерен,洛克伦,洛克倫,洛克倫,로케런,لوكيرين,Lokeren,Lokeren,Lokeren,โลเคเรน,Lokeren,,,Lokeren,,
BelgianA_RoyalExcelsiorVirton,Virton,Virton,Virton,Virton,Virton,ヴィルトン,Virton,Виртон,维尔通,維爾通,維爾通,비르통,فيرتون,Virton,Virton,Virton,เวอร์ตัน,Virton,,,Virton,,
BelgianA_RenaissanceAECMons,Mons,Mons,Mons,Mons,Mons,モンス,Mons,Монс,蒙斯,蒙斯,蒙斯,몽스,منس,Mons,Mons,Mons,มงส์,Mons,,,Mons,,
BelgianA_OlympicCharleroi,Charleroi White,Charleroi Blanc,Charleroi Bianco,Charleroi Weiß,Charleroi Blanco,シャルルロワ 白,Charleroi Branco,Шарлеруа Белый,沙勒罗瓦 白,沙勒羅瓦 白,沙勒羅瓦 白,샤를루아 흰색,شرلروة أزرق,Charleroi Wit,Charleroi Beyaz,Charleroi Putih,ชาร์เลอรัว ขาว,Charleroi Trắng,,,Charleroi Biały,,
BelgianA_RFCTournai,Tournai,Tournai,Tournai,Tournai,Tournai,トゥルネー,Tournai,Турне,图尔奈,圖爾奈,圖爾奈,투르네,طرناي,Doornik,Tournai,Tournai,ตูร์แน,Tournai,,,Tournai,,
BelgianA_UnionNamur,Namur,Namur,Namur,Namur,Namur,ナミュール,Namur,Намюр,那慕尔,那慕爾,那慕爾,나뮈르,نامور,Namen,Namur,Namur,นามูร์,Namur,,,Namur,,
BelgianA_RoyalUnionTubize-Braine,Tubize,Tubize,Tubize,Tubize,Tubize,チューブイズ,Tubize,Тюбиз,蒂比兹,蒂比茲,蒂比茲,튀비즈,توبيز,Tubeke,Tubize,Tubize,ทูไบซ์,Tubize,,,Tubize,,
BelgianA_KFCDesselSport,Dessel,Dessel,Dessel,Dessel,Dessel,デッセル,Dessel,Дессель,代瑟尔,代瑟爾,代瑟爾,데설,ديسيل,Dessel,Dessel,Dessel,เดสเซล,Dessel,,,Dessel,,
BelgianA_SportingHasselt,Hasselt,Hasselt,Hasselt,Hasselt,Hasselt,ハッセルト,Hasselt,Хасселт,哈瑟尔特,哈瑟爾特,哈瑟爾特,하셀트,هسلت,Hasselt,Hasselt,Hasselt,ฮัสเซิลต์,Hasselt,,,Hasselt,,
BelgianA_KVKTienen,Tienen,Tirlemont,Tienen,Tienen,Tienen,ティエネン,Tienen,Тинен,蒂嫩,蒂嫩,蒂嫩,티넌,تينين,Tienen,Tienen,Tienen,เทียนเนน,Tienen,,,Tienen,,
BelgianA_HoogstratenVV,Hoogstraten,Hoogstraten,Hoogstraten,Hoogstraten,Hoogstraten,ホーグストラテン,Hoogstraten,Хогстратен,霍赫斯特拉滕,霍赫斯特拉滕,霍赫斯特拉滕,후그스트라텐,هوخستراتن,Hoogstraten,Hoogstraten,Hoogstraten,ฮูกสเตรเทน,Hoogstraten,,,Hoogstraten,,
BelgianA_RoyalCappellenFC,Kapellen,Kapellen,Kapellen,Kapellen,Kapellen,チャペル,Kapellen,Капеллен,卡佩伦,卡佩倫,卡佩倫,카펠런,المصليات,Kapellen,Kapellen,Kapellen,โบสถ์,Kapellen,,,Kapellen,,
BelgianA_FCKnokke,Knokke-Heist,Knokke-Heist,Knokke-Heist,Knokke-Heist,Knokke-Heist,クノック＝ヘイスト,Knokke-Heist,Кнокке-Хейст,克诺克-海斯特,克諾克-海斯特,克諾克-海斯特,크노커헤이스트,كنوكه- هايست,Knokke-Heist,Knokke-Heist,Knokke-Heist,น็อคเคอ-เฮสต์,Knokke-Heist,,,Knokke-Heist,,
CompName_USAWomenLeauge,American Women's League,Ligue des Femmes Américaines,Lega delle Donne Americane,Amerikanische Frauenliga,Liga de Mujeres Americanas,アメリカ女性リーグ,Liga das Mulheres Americanas,Лига Американских Женщин,美国女足联赛,美國女足聯賽,美國女足聯賽,미국 여성 리그,الدوري الأمريكي للسيدات,Amerikaanse Vrouwenliga,Amerikalı Kadınlar Ligi,Liga Wanita Amerika,อเมริกัน วีเมนส์ ลีก,Giải bóng đá nữ Mỹ,,,Liga Kobiet Amerykańskich,,
CompName_USAWomenLeaugeA,American Women's League A,Ligue des Femmes Américaines A,Lega delle Donne Americane A,Amerikanische Frauenliga A,Liga de Mujeres Americanas A,アメリカ女性リーグ A,Liga das Mulheres Americanas A,Лига Американских Женщин A,美国女足A级联赛,美國女足A級聯賽,美國女足A級聯賽,미국 여성 리그 A,الدوري الأمريكي للسيدات A,Amerikaanse Vrouwenliga A,Amerikalı Kadınlar Ligi A,Liga Wanita Amerika A,อเมริกัน วีเมนส์ ลีก A,Giải bóng đá nữ Mỹ A,,,Liga Kobiet Amerykańskich A,,
CompName_USAWomenCup,American Women's Cup,Coupe des Femmes Américaines,Coppa delle Donne Americane,Amerikanischer Frauenpokal,Copa de Mujeres Americanas,アメリカ女性カップ,Taça das Mulheres Americanas,Кубок Американских Женщин,美国女足杯,美國女足杯,美國女足杯,미국 여성 컵,كأس النساء الأمريكيات,Amerikaanse Vrouwenbeker,Amerikalı Kadınlar Kupası,Piala Wanita Amerika,ถ้วยสตรีอเมริกัน,Cúp Phụ Nữ Mỹ,,,Puchar Amerykańskich Kobiet,,
CompName_USAWomenSuperCup,American Women's Super Cup,Super Coupe des Femmes Américaines,Super Coppa delle Donne Americane,Amerikanischer Frauen Superpokal,Supercopa de Mujeres Americanas,アメリカ女性スーパーカップ,Supertaça das Mulheres Americanas,Суперкубок Американских Женщин,美国女足超级杯,美國女足超級杯,美國女足超級杯,미국 여성 슈퍼컵,كأس السوبر للنساء الأمريكيات,Amerikaanse Vrouwen Supercup,Amerikalı Kadınlar Süper Kupası,Super Piala Wanita Amerika,ซูเปอร์คัพสตรีอเมริกัน,Siêu Cúp Phụ Nữ Mỹ,,,Superpuchar Amerykańskich Kobiet,,
USAWomenLeaugeA_AngelCityFC,Los Angeles Women,Los Angeles Femmes,Los Angeles Donne,Los Angeles Frauen,Los Ángeles Mujeres,ロサンゼルス 女性,Los Angeles Mulheres,Лос-Анджелес Женщины,洛杉矶 女足,洛杉磯 女足,洛杉磯 女足,로스앤젤레스 여성,لوس أنجلوس نساء,Los Angeles Vrouwen,Los Angeles Kadınlar,Los Angeles Perempuan,ลอสแอนเจลิส ผู้หญิง,Los Angeles Phụ Nữ,,,Los Angeles Kobiety,,
USAWomenLeaugeA_BayFC,San José Women,San José Femmes,San Jose Donne,San José Frauen,San José Mujeres,サンノゼ 女性,San José Mulheres,Сан-Хосе Женщины,圣何塞 女足,聖荷西 女足,聖荷西 女足,산호세 여성,سان خوسيه نساء,San Jose Vrouwen,San Jose Kadınlar,San Jose Perempuan,แซนโฮเซ ผู้หญิง,San Jose Phụ Nữ,,,San Jose Kobiety,,
USAWomenLeaugeA_ChicagoRedStars,Bridgeview Women,Bridgeview Femmes,Bridgeview Donne,Bridgeview Frauen,Bridgeview Mujeres,ブリッジビュー 女性,Bridgeview Mulheres,Бриджвью Женщины,布里奇维尤 女足,布里奇维尤 女足,布里奇维尤 女足,브리지뷰 여성,بريجفيو نساء,Bridgeview Vrouwen,Bridgeview Kadınlar,Bridgeview Perempuan,บริดจ์วิว ผู้หญิง,Bridgeview Phụ Nữ,,,Bridgeview Kobiety,,
USAWomenLeaugeA_HoustonDash,Houston Women,Houston Femmes,Houston Donne,Houston Frauen,Houston Mujeres,ヒューストン 女性,Houston Mulheres,Хьюстон Женщины,休斯顿 女足,侯斯頓 女足,侯斯頓 女足,휴스턴 여성,هيوستن نساء,Houston Vrouwen,Houston Kadınlar,Houston Perempuan,ฮูสตัน ผู้หญิง,Houston Phụ Nữ,,,Houston Kobiety,,
USAWomenLeaugeA_KansasCityCurrent,Kansas City Women,Kansas City Femmes,Kansas City Donne,Kansas City Frauen,Kansas City Mujeres,カンザスシティ 女性,Kansas City Mulheres,Канзас-Сити Женщины,堪萨斯城 女足,堪薩斯城 女足,堪薩斯城 女足,캔자스시티 여성,كانساس سيتي نساء,Kansas City Vrouwen,Kansas City Kadınlar,Kansas City Perempuan,แคนซัสซิตี ผู้หญิง,Kansas City Phụ Nữ,,,Kansas City Kobiety,,
USAWomenLeaugeA_NJ/NYGothamFC,Harrison Women,Harrison Femmes,Harrison Donne,Harrison Frauen,Harrison Mujeres,ハリソン 女性,Harrison Mulheres,Гаррисон Женщины,哈里逊 女足,哈裏遜 女足,哈裏遜 女足,해리슨 여성,هاريسون نساء,Harrison Vrouwen,Harrison Kadınlar,Harrison Perempuan,แฮร์ริสัน ผู้หญิง,Harrison Phụ Nữ,,,Harrison Kobiety,,
USAWomenLeaugeA_NorthCarolinaCourage,Cary Women,Cary Femmes,Cary Donne,Cary Frauen,Cary Mujeres,ケーリー 女性,Cary Mulheres,Кэри Женщины,凯里 女足,凱裏 女足,凱裏 女足,캐리 여성,كاري نساء,Cary Vrouwen,Cary Kadınlar,Cary Perempuan,แครี่ ผู้หญิง,Cary Phụ Nữ,,,Cary Kobiety,,
USAWomenLeaugeA_OrlandoPride,Orlando Women,Orlando Femmes,Orlando Donne,Orlando Frauen,Orlando Mujeres,オーランド 女性,Orlando Mulheres,Орландо Женщины,奥兰多 女足,奧蘭多 女足,奧蘭多 女足,올랜도 여성,أورلاندو نساء,Orlando Vrouwen,Orlando Kadınlar,Orlando Perempuan,ออร์แลนโด ผู้หญิง,Orlando Phụ Nữ,,,Orlando Kobiety,,
USAWomenLeaugeA_PortlandThornsFC,Portland Women,Portland Femmes,Portland Donne,Portland Frauen,Portland Mujeres,ポートランド 女性,Portland Mulheres,Портленд Женщины,波特兰 女足,波特蘭 女足,波特蘭 女足,포틀랜드 여성,بورتلاند نساء,Portland Vrouwen,Portland Kadınlar,Portland Perempuan,พอร์ตแลนด์ ผู้หญิง,Portland Phụ Nữ,,,Portland Kobiety,,
USAWomenLeaugeA_RacingLouisvilleFC,Louisville Women,Louisville Femmes,Louisville Donne,Louisville Frauen,Louisville Mujeres,ルイビル 女性,Louisville Mulheres,Луисвилл Женщины,路易维尔 女足,路易斯維爾 女足,路易斯維爾 女足,루이빌 여성,لويزفيل نساء,Louisville Vrouwen,Louisville Kadınlar,Louisville Perempuan,ลุยส์วิลล์ ผู้หญิง,Louisville Phụ Nữ,,,Louisville Kobiety,,
USAWomenLeaugeA_SanDiegoWaveFC,San Diego Women,San Diego Femmes,San Diego Donne,San Diego Frauen,San Diego Mujeres,サンディエゴ 女性,San Diego Mulheres,Сан-Диего Женщины,圣地亚哥 女足,聖地牙哥 女足,聖地牙哥 女足,샌디에고 여성,سان دييغو نساء,San Diego Vrouwen,San Diego Kadınlar,San Diego Perempuan,แซนดีเอโก ผู้หญิง,San Diego Phụ Nữ,,,San Diego Kobiety,,
USAWomenLeaugeA_SeattleReignFC,Seattle Women,Seattle Femmes,Seattle Donne,Seattle Frauen,Seattle Mujeres,シアトル 女性,Seattle Mulheres,Сиэтл Женщины,西雅图 女足,西雅圖 女足,西雅圖 女足,시애틀 여성,سياتل نساء,Seattle Vrouwen,Seattle Kadınlar,Seattle Perempuan,ซีแอตเทิล ผู้หญิง,Seattle Phụ Nữ,,,Seattle Kobiety,,
USAWomenLeaugeA_UtahRoyals,Sandy Women,Sandy Femmes,Sandy Donne,Sandy Frauen,Sandy Mujeres,サンディ 女性,Sandy Mulheres,Санди Женщины,桑迪 女足,桑迪 女足,桑迪 女足,샌디 여성,ساندي نساء,Sandy Vrouwen,Sandy Kadınlar,Sandy Perempuan,แซนดี้ ผู้หญิง,Sandy Phụ Nữ,,,Sandy Kobiety,,
USAWomenLeaugeA_WashingtonSpirit,Washington Women,Washington Femmes,Washington Donne,Washington Frauen,Washington Mujeres,ワシントン 女性,Washington Mulheres,Вашингтон Женщины,华盛顿 女足,華盛頓 女足,華盛頓 女足,워싱턴 여성,واشنطن نساء,Washington Vrouwen,Washington Kadınlar,Washington Perempuan,วอชิงตัน ผู้หญิง,Washington Phụ Nữ,,,Waszyngton Kobiety,,
MexicanWomenLeaugeA_TigresUANLFemenil,San Nicolás de los Garza Women,San Nicolás de los Garza Femmes,San Nicolás de los Garza Donne,San Nicolás de los Garza Frauen,San Nicolás de los Garza Mujeres,サン・ニコラス・デ・ロス・ガルサ 女性,San Nicolás de los Garza Mulheres,Сан-Николас-де-лос-Гарса Женщины,圣尼古拉斯-德洛斯加尔萨 女足,聖尼古拉斯-德洛斯加爾薩 女足,聖尼古拉斯-德洛斯加爾薩 女足,산니콜라스데로스가르사 여성,سان نيكولاس دي لوس غارزا نساء,San Nicolás de los Garza Vrouwen,San Nicolás de los Garza Kadınlar,San Nicolás de los Garza Perempuan,ซาน นิโคลัส เด ลอส เฮโรส์ ผู้หญิง,San Nicolás de los Garza Phụ Nữ,,,San Nicolás de los Garza Kobiety,,
MexicanWomenLeaugeA_C.F.MonterreyFemenil,Guadalupe Women,Guadalupe Femmes,Guadalupe Donne,Guadalupe Frauen,Guadalupe Mujeres,グアダルーペ 女性,Guadalupe Mulheres,Гуадалупе Женщины,瓜达卢佩 女足,瓜達盧佩 女足,瓜達盧佩 女足,과달루페 여성,جوادلوب نساء,Guadalupe Vrouwen,Guadalupe Kadınlar,Guadalupe Perempuan,กัวดาลูป ผู้หญิง,Guadalupe Phụ Nữ,,,Guadalupe Kobiety,,
City_MexicoCity,Mexico City,Mexico,Città del Messico,Mexiko-Stadt,Ciudad de México,メキシコシティ,Cidade do México,Мехико,墨西哥城,墨西哥城,墨西哥城,멕시코시티,مدينة مكسيكو,Mexico-Stad,Meksiko,Kota Meksiko,เม็กซิโกซิตี,Thành phố México,,,Meksyk,,
CompName_IranLeague,Iranian League,Ligue d'Iran,Lega Iraniana,Iranische Liga,Liga Iraní,イランリーグ,Liga Iraniana,Иранская лига,伊朗联赛,伊朗聯賽,伊朗聯賽,이란 리그,الدوري الإيراني,Iraanse Liga,İran Ligi,Liga Iran,ลีกอิหร่าน,Giải Vô địch Iran,,,Liga Irańska,,
CompName_IranLeagueA,Iranian League A,Ligue A d'Iran,Lega A Iraniana,Iranische Liga A,Liga A Iraní,イランリーグA,Liga A Iraniana,Иранская лига A,伊朗A级联赛,伊朗A級聯賽,伊朗A級聯賽,이란 리그 A,الدوري الإيراني A,Iraanse Liga A,İran Ligi A,Liga A Iran,ลีกอิหร่าน A,Giải Vô địch A Iran,,,Liga A Irańska,,
CompName_IranLeagueB,Iranian League B,Ligue B d'Iran,Lega B Iraniana,Iranische Liga B,Liga B Iraní,イランリーグB,Liga B Iraniana,Иранская лига B,伊朗B级联赛,伊朗B級聯賽,伊朗B級聯賽,이란 리그 B,الدوري الإيراني B,Iraanse Liga B,İran Ligi B,Liga B Iran,ลีกอิหร่าน B,Giải Vô địch B Iran,,,Liga B Irańska,,
CompName_IranLeagueC,Iranian League C,Ligue C d'Iran,Lega C Iraniana,Iranische Liga C,Liga C Iraní,イランリーグC,Liga C Iraniana,Иранская лига C,伊朗C级联赛,伊朗C級聯賽,伊朗C級聯賽,이란 리그 C,الدوري الإيراني C,Iraanse Liga C,İran Ligi C,Liga C Iran,ลีกอิหร่าน C,Giải Vô địch C Iran,,,Liga C Irańska,,
CompName_IranCup,Iranian Cup,Coupe d'Iran,Coppa d'Iran,Iranischer Pokal,Copa Iraní,イランカップ,Taça do Irã,Кубок Ирана,伊朗杯,伊朗杯,伊朗杯,이란컵,كأس إيران,Iraanse Beker,İran Kupası,Piala Iran,ถ้วยอิหร่าน,Cúp Iran,,,Puchar Iranu,,
CompName_IranSuperCup,Iranian Super Cup,Supercoupe d'Iran,Supercoppa d'Iran,Iranischer Superpokal,Supercopa Iraní,イラン・スーパーカップ,Supertaça do Irã,Суперкубок Ирана,伊朗超级杯,伊朗超級杯,伊朗超級杯,이란 슈퍼컵,السوبر الإيراني,Iraanse Supercup,İran Süper Kupası,Piala Super Iran,ซูเปอร์คัพอิหร่าน,Siêu cúp Iran,,,Superpuchar Iranu,,
IranLeagueA_SepahanFC,Isfahan,Ispahan,Esfahan,Isfahan,Isfahán,エスファハーン,Isfahan,Исфахан,伊斯法罕,伊斯法罕,伊斯法罕,이스파한,أصفهان,Isfahan,İsfahan,Isfahan,เอสแฟฮอน,Isfahan,,,Isfahan,,
IranLeagueA_GolGoharSirjanFC,Sirjan,Sirdjan,Sirjan,Sirdschan,Sirjan,シルジャン,Sirjã,Сирджан,锡尔詹,錫爾詹,錫爾詹,시리잔,سيرجان,Sirjan,Sirjan,Sirjan,เซอร์จัน,Sirjan,,,Sirjan,,
IranLeagueA_MalavanBandarAnzali,Bandar-e Anzali,Bandar-e Anzali,Bandar-e Anzali,Bandar Anzali,Bandar-e Anzali,バンダレ・アンザリー,Bandar-e Anzali,Бендер-Энзели,安扎利港,安紮利港,安紮利港,반다르에안잘리,بندر أنزلي,Bandar-e Anzali,Bender Enzeli,Bandar-e Anzali,บันดาร์-เอ อันซาลี,Bandar-e Anzali,,,Bandar-e Anzali,,
IranLeagueA_FooladFC,Ahvaz,Ahvaz,Ahvaz,Ahvaz,Ahvaz,アフヴァーズ,Ahvaz,Ахваз,阿瓦士,阿瓦士,阿瓦士,아바즈,الأهواز,Ahvaz,Ahvaz,Ahvaz,แอฮ์วอซ,Ahvaz,,,Ahwaz,,
IranLeagueA_KheybarKhorramabadFC,Khorramabad,Khorramabad,Khorramabad,Chorramabad,Jorramabad,ホッラマーバード,Corramabade,Хорремабад,霍拉马巴德,霍拉馬巴德,霍拉馬巴德,호라마바드,خرم أباد,Khorramabad,Hürremabad,Khorramabad,โฆร์แรมอบอด,Khorramabad,,,Chorramabad,,
IranLeagueA_EsteghlalKhuzestan,Ahvaz Blue,Ahvaz Bleu,Ahvaz Blu,Ahvaz Blau,Ahvaz Azul,アフヴァーズ 青,Ahvaz Azul,Ахваз Синий,阿瓦士 蓝,阿瓦士 藍,阿瓦士 藍,아바즈 파란색,الأهواز أزرق,Ahvaz Blauw,Ahvaz Mavi,Ahvaz Biru,แอฮ์วอซ น้ำเงิน,Ahvaz Xanh,,,Ahwaz Błękit,,
IranLeagueA_FCNassajiMazandaran,Qaem Shahr,Qaem-Chahr,Qaemshahr,Qaem-Schahr,Qaem Shahr,カエム・シャール,Qaem Shahr,Каэмшехр,加埃姆沙赫尔,加埃姆沙赫爾,加埃姆沙赫爾,쳄 샤흐르,قائم شهر,Qaem Shahr,Gaimşehr,Qaem Shahr,คัม ชาห์ร,Qaem Shahr,,,Gha’emszahr,,
IranLeagueA_ChadormaluSC,Yazd,Yazd,Yazd,Yazd,Yazd,ヤズド,Iazde,Йезд,亚兹德,亞茲德,亞茲德,야즈드,يزد,Yazd,Yezd,Yazd,แยซด์,Yazd,,,Jazd,,
IranLeagueA_AluminiumArakFC,Arak,Arak,Arak,Arak,Arak,アラーク,Araque,Эрак,阿拉克,阿拉克,阿拉克,아라크,أراك,Arak,Erak,Arak,แอรอก,Arak,,,Arak,,
IranLeagueA_MesRafsanjan,Rafsanjan,Rafsandjan,Rafsanjan,Rafsandschan,Rafsanján,ラフサンジャン,Rafsanjan,Рефсенджан,拉夫桑詹,拉夫桑詹,拉夫桑詹,라프산잔,رفسنجان,Rafsanjan,Refsencan,Rafsanjan,ราฟซานจัน,Rafsanjan,,,Rafsandżan,,
IranLeagueA_ShamsAzarQazvin,Qazvin,Qazvin,Qazvin,Qazvin,Qazvín,ガズヴィーン,Gasvim,Казвин,加兹温,加茲溫,加茲溫,카즈빈,قزوين,Qazvin,Kazvin,Qazvin,แกซวีน,Qazvin,,,Kazwin,,
IranLeagueA_HavadarSC,Tehran Purple,Téhéran Violet,Teheran Viola,Teheran Lila,Teherán Morado,テヘラン 紫,Teerã Roxo,Тегеран Фиолетовый,德黑兰 紫,德黑蘭 紫,德黑蘭 紫,테헤란 보라색,طهران بنفسجي,Teheran Paars,Tahran Mor,Teheran Ungu,เตหะราน สีม่วง,Tehran Màu tím,,,Teheran Fioletowy,,
IranLeagueA_PaykanFC,Tehran BW,Téhéran BW,Teheran BW,Teheran BW,Teherán BW,テヘラン 青白,Teerã BW,Тегеран BW,德黑兰 蓝白,德黑蘭 藍白,德黑蘭 藍白,테헤란 BW,طهران BW,Teheran BW,Tahran BW,Teheran BW,เตหะราน BW,Tehran BW,,,Teheran BW,,
IranLeagueA_FajrSepasiShiraz,Shiraz,Chiraz,Shiraz,Schiras,Shiraz,シーラーズ,Xiraz,Шираз,设拉子,設拉子,設拉子,시라즈,شيراز,Shiraz,Şiraz,Syiraz,ชีรอซ,Shiraz,,,Sziraz,,
IranLeagueA_SanatNaftFC,Abadan,Abadan,Abadan,Abadan,Abadán,アーバーダーン,Abadã,Абадан,阿巴丹,阿巴丹,阿巴丹,아바단,عبادان,Abadan,Abadan,Abadan,ออบอดอน,Abadan,,,Abadan,,
IranLeagueA_SaipaFC,Tehran Orange,Téhéran Orange,Teheran Arancione,Teheran Orange,Teherán Naranja,テヘラン オレンジ,Teerã Laranja,Тегеран Оранжевый,德黑兰 橙,德黑蘭 橙,德黑蘭 橙,테헤란 주황색,طهران برتقالي,Teheran Oranje,Tahran Turuncu,Teheran Oranye,เตหะราน สีส้ม,Tehran Màu cam,,,Teheran Pomarańczowy,,
IranLeagueA_MesShahrBabakFC,Sirjan Black,Sirdjan Noir,Sirjan Nero,Sirdschan Schwarz,Sirjan Negro,シルジャン 黒,Sirjã Preto,Сирджан Черный,锡尔詹 黑,錫爾詹 黑,錫爾詹 黑,시리잔 검정색,سيرجان أسود,Sirjan Zwart,Sirjan Siyah,Sirjan Hitam,เซอร์จัน ดำ,Sirjan Đen,,,Sirjan Czarny,,
IranLeagueA_MesKerman,Kerman,Kerman,Kerman,Kerman,Kermán,ケルマーン,Carmânia,Керман,克尔曼,克爾曼,克爾曼,케르만,كرمان,Kerman,Kirman,Kerman,เคร์มอน,Kerman,,,Kerman,,
IranLeagueA_DamashGilanFC,Rasht,Racht,Rasht,Rascht,Rasht,ラシュト,Resht,Решт,拉什特,拉什特,拉什特,라슈트,رشت,Rasjt,Reşt,Rasht,แรชต์,Rasht,,,Raszt,,
IranLeagueA_MesSoongounVarzaghan,Varzaghan,Varzaghan,Varzaghan,Varzaghan,Varzaghan,ヴァルザガン,Varzaghan,Варзаган,瓦尔扎甘,瓦爾紮甘,瓦爾紮甘,바르자칸,ورزقان,Varzaghan,Verzigan,Varzaghan,แวร์แซฆอน,Varzaghan,,,Warzaghan,,
IranLeagueA_NaftMasjedSoleymanFC,Masjed Soleyman,Masjed Soleiman,Masjed-e Soleyman,Masdsched Soleyman,Masjed Soleyman,マスジェデ・ソレイマーン,Masjed Soleyman,Месджеде-Солейман,马斯吉德苏莱曼,馬斯吉德蘇萊曼,馬斯吉德蘇萊曼,마스제드솔레이만,مسجد سليمان,Masjedsoleiman,Mescid-i Süleyman,Masjed Soleyman,มาสเจด โซไลมาน,Masjed-Soleyman,,,Masdżed-e Solejman,,
IranLeagueA_ParsJonoubiJam,Jam,Jam,Jam,Jam,Jam,ジャム,Jam,Джем,贾姆,賈姆,賈姆,잼,جام,Jam,Cem,Jam,แยม,Jam,,,Jam,,
IranLeagueA_PalayeshNaftBandarAbbas,Bandar Abbas,Bandar Abbas,Bandar Abbas,Bandar Abbas,Bandar Abbás,バンダレ・アッバース,Bandar Abbas,Бендер-Аббас,阿巴斯港,阿巴斯港,阿巴斯港,반다르아바스,بندر عباس,Bandar Abbas,Bendar Abbas,Bandar Abbas,แบนแดร์แอบบอส,Bandar-Abbas,,,Bandar Abbas,,
IranLeagueA_ArioEslamshahr,Eslamshahr,Eslamchahr,Eslamshahr,Eslamschahr,Eslamshahr,エスラムシャール,Eslamshahr,Исламшехр,埃斯兰夏尔,埃斯蘭夏爾,埃斯蘭夏爾,에스람샤르,إسلام شهر,Eslamshahr,İslamşehr,Eslamshahr,อิสลามชาห์ร,Eslamshahr,,,Eslamszahr,,
IranLeagueA_ShahrdariAstara,Astara,Astara,Astara,Astara,Astara,アスタラ,Astara,Астара,阿斯塔拉,阿斯塔拉,阿斯塔拉,아스타라,أستارا,Astara,Astara,Astara,แอสทารา,Astara,,,Astara,,
IranLeagueA_ShahrRazFC,Shiraz Orange,Chiraz Orange,Shiraz Arancione,Schiras Orange,Shiraz Naranja,シーラーズ オレンジ,Xiraz Laranja,Шираз Оранжевый,设拉子 橙,設拉子 橙,設拉子 橙,시라즈 주황색,شيراز برتقالي,Shiraz Oranje,Şiraz Turuncu,Syiraz Oranye,ชีรอซ สีส้ม,Shiraz Màu cam,,,Sziraz Pomarańczowy,,
IranLeagueA_ShahrdariNowshahr,Noshahr,Noshahr,Nushahr,Nouschahr,Nowshahr,ノシャフル,Noshahr,Ношахр,瑙沙赫尔,瑙沙赫爾,瑙沙赫爾,노샤르,نوشهر,Noshahr,Novşehr,Noshahr,โนชาห์ร,Noshahr,,,Nouszahr,,
IranLeagueA_NaftGachsaranFC,Gachsaran,Gatchsaran,Gachsaran,Gachsaran,Gachsarán,ガクサラン,Gachsaran,Гачсаран,加奇萨兰,加奇薩蘭,加奇薩蘭,갓사랑,دوغنبدان,Gachsaran,Gachsaran,Gachsaran,กัสสราญ,Gachsaran,,,Gachsaran,,
IranLeagueA_Be'satKermanshah,Kermanshah,Kermanchah,Kermanshah,Kermanschah,Kermanshah,ケルマーンシャー,Quermanxá,Керманшах,克尔曼沙赫,克爾曼沙赫,克爾曼沙赫,케르만샤,كرمانشاه,Kermanshah,Kirmanşah,Kermanshah,เคร์มอนชอฮ์,Kermanshah,,,Kermanszah,,
IranLeagueA_NiroyeZaminiFC,Tehran White,Téhéran Blanc,Teheran Bianco,Teheran Weiß,Teherán Blanco,テヘラン 白,Teerã Branco,Тегеран Белый,德黑兰 白,德黑蘭 白,德黑蘭 白,테헤란 흰색,طهران أبيض,Teheran Wit,Tahran Beyaz,Teheran Putih,เตหะราน ขาว,Tehran Trắng,,,Teheran Biały,,
IranLeagueA_KhoshehTalaeiSaveh,Saveh,Saveh,Saveh,Saveh,Saveh,サベ,Saveh,Саве,萨韦,薩韋,薩韋,사베,ساوة,Saveh,Save,Saveh,ซาเวห์,Saveh,,,Sawe,,
IranLeagueA_DaryaCaspianBabol,Babol,Babol,Babol,Babol,Babol,バボル,Babol,Баболь,巴博勒,巴博勒,巴博勒,바볼,بابل,Babol,Babol,Babol,บาโบล,Babol,,,Babol,,
IranLeagueA_SepidroodRashtFC,Rasht Red,Racht Rouge,Rasht Rosso,Rascht Rot,Rasht Rojo,ラシュト 赤,Resht Vermelho,Решт Красный,拉什特 红,拉什特 紅,拉什特 紅,라슈트 빨간색,رشت أحمر,Rasjt Rood,Reşt Kırmızı,Rasht Merah,แรชต์ แดง,Rasht Đỏ,,,Raszt Czerwony,,
IranLeagueA_FCNikapars,Chalus,Tchalous,Chalus,Tschalus,Chalus,チャールース,Chalous,Чалус,恰卢斯,恰盧斯,恰盧斯,샬루스,شالوس,Chalus,Çalus,Chalus,ชาลัส,Chalus,,,Czalus,,
IranLeagueA_ShahinBandarAmeri,Bushehr,Bouchehr,Bushehr,Buschehr,Bushehr,ブーシェフル,Bushehr,Бушир,布什尔,布希爾,布希爾,부셰르,بوشهر,Bushehr,Buşehr,Bushehr,บุชเชอร์,Bushehr,,,Buszehr,,
IranLeagueA_ShahrdariMahshahr,Bandar-e Mahshahr,Bandar-e Mahchahr,Mahshahr,Mahschahr,Bandar-e Mahshahr,バンダレ・マハシャール,Bandar-e Mahshahr,Бендер-Махшехр,马赫沙赫尔港,馬赫沙赫爾港,馬赫沙赫爾港,반다르 마샤흐르,معشور,Bandar-e Mahshahr,Mahşehr,Bandar-e Mahshahr,บันดาร์-อี มาห์ชาห์ร,Bandar-e Mahshahr,,,Bandar-e Mahszahr,,
IranLeagueA_ChookaTaleshFC,Talesh,Talesh,Talesh,Talesh,Talesh,タレシュ,Talesh,Хештпер,塔莱什,塔萊什,塔萊什,탈레쉬,هشتبر,Talesh,Talesh,Talesh,ทาเลช,Talesh,,,Talesh,,
IranLeagueA_ShahidGhandiYazd,Yazd Green,Yazd Vert,Yazd Verde,Yazd Grün,Yazd Verde,ヤズド 緑,Iazde Verde,Йезд Зелёный,亚兹德 绿,亞茲德 綠,亞茲德 綠,야즈드 녹색,يزد أخضر,Yazd Groen,Yezd Yeşil,Yazd Hijau,แยซด์ เขียว,Yazd Xanh,,,Jazd Zielony,,
CompName_MoroccanLeague,Moroccan League,Ligue Marocaine,Lega Marocchina,Marokkanische Liga,Liga Marroquí,モロッコリーグ,Liga Marroquina,Марокканская лига,摩洛哥联赛,摩洛哥聯賽,摩洛哥聯賽,모로코 리그,الدوري المغربي,Marokkaanse Liga,Fas Ligi,Liga Maroko,ลีกโมร็อกโก,Giải Vô địch Maroc,,,Liga Marokańska,,
CompName_MoroccanLeagueA,Moroccan League A,Ligue A du Maroc,Lega A Marocchina,Marokkanische Liga A,Liga A Marroquí,モロッコリーグA,Liga A Marroquina,Марокканская лига A,摩洛哥A级联赛,摩洛哥A級聯賽,摩洛哥A級聯賽,모로코 리그 A,الدوري المغربي A,Marokkaanse Liga A,Fas Ligi A,Liga A Maroko,ลีกโมร็อกโก A,Giải Vô địch A Maroc,,,Liga A Marokańska,,
CompName_MoroccanCup,Moroccan Cup,Coupe du Maroc,Coppa del Marocco,Marokkanischer Pokal,Copa Marroquí,モロッコカップ,Taça de Marrocos,Кубок Марокко,摩洛哥杯,摩洛哥杯,摩洛哥杯,모로코컵,كأس المغرب,Marokkaanse Beker,Fas Kupası,Piala Maroko,ถ้วยโมร็อกโก,Cúp Maroc,,,Puchar Maroka,,
CompName_MoroccanSuperCup,Moroccan Super Cup,Supercoupe du Maroc,Supercoppa del Marocco,Marokkanischer Superpokal,Supercopa Marroquí,モロッコ・スーパーカップ,Supertaça de Marrocos,Суперкубок Марокко,摩洛哥超级杯,摩洛哥超級杯,摩洛哥超級杯,모로코 슈퍼컵,السوبر المغربي,Marokkaanse Supercup,Fas Süper Kupa,Piala Super Maroko,ซูเปอร์คัพโมร็อกโก,Siêu cúp Maroc,,,Superpuchar Maroka,,
MoroccanLeagueA_FARRabat,Rabat,Rabat,Rabat,Rabat,Rabat,ラバト,Rabat,Рабат,拉巴特,拉巴特,拉巴特,라바트,الرباط,Rabat,Rabat,Rabat,ราบัต,Rabat,,,Rabat,,
MoroccanLeagueA_FUSRabat,Rabat Red,Rabat Rouge,Rabat Rosso,Rabat Rot,Rabat Rojo,ラバト 赤,Rabat Vermelho,Рабат Красный,拉巴特 红,拉巴特 紅,拉巴特 紅,라바트 빨간색,الرباط أحمر,Rabat Rood,Rabat Kırmızı,Rabat Merah,ราบัต แดง,Rabat Đỏ,,,Rabat Czerwony,,
MoroccanLeagueA_MASFès,Fez,Fès,Fès,Fès,Fez,フェズ,Fez,Фес,非斯,非斯,非斯,페스,فاس,Fez,Fes,Fez,แฟ็ส,Fes,,,Fez,,
MoroccanLeagueA_RenaissanceZemamra,Zemamra,Zemamra,Zemamra,Zemamra,Zemamra,ゼマムラ,Zemamra,Земамра,泽马姆拉,澤馬姆拉,澤馬姆拉,제마므라,الزمامرة,Zemamra,Zemamra,Zemamra,เซมัมรา,Zemamra,,,Zamamira,,
MoroccanLeagueA_Hassaniad'Agadir,Agadir,Agadir,Agadir,Agadir,Agadir,アガディール,Agadir,Агадир,阿加迪尔,阿加迪爾,阿加迪爾,아가디르,أكادير,Agadir,Agadir,Agadir,อากาดีร์,Agadir,,,Agadir,,
MoroccanLeagueA_OlympiqueSafi,Safi,Safi,Safi,Safi,Safí,サフィ,Safim,Сафи,萨菲,薩菲,薩菲,사피,آسفي,Safi,Asfi,Safi,ซาฟี,Safi,,,Safi,,
MoroccanLeagueA_IttihadTanger,Tanger,Tanger,Tangeri,Tanger,Tánger,タンジェ,Tânger,Танжер,丹吉尔,丹吉爾,丹吉爾,탕헤르,طنجة,Tanger,Tanca,Tangier,แทนเจอร์,Tangier,,,Tanger,,
MoroccanLeagueA_UnionTouargaSportif,Rabat Yellow,Rabat Jaune,Rabat Giallo,Rabat Gelb,Rabat Amarillo,ラバト 黄,Rabat Amarelo,Рабат Жёлтый,拉巴特 黄,拉巴特 黃,拉巴特 黃,라바트 노랑,الرباط أصفر,Rabat Geel,Rabat Sarı,Rabat Kuning,ราบัต สีเหลือง,Rabat Màu vàng,,,Rabat Żółty,,
MoroccanLeagueA_JeunesseSportivedeSoualem,Soualem,Soualem,Soualem,Soualem,Soualem,スアレム,Soualem,Суалем,苏阿兰,蘇阿蘭,蘇阿蘭,수알렘,السوالم,Soualem,Soualem,Soualem,โซอาเลม,Soualem,,,Sawalim,,
MoroccanLeagueA_DifaâElJadida,El Jadida,El Jadida,El Jadida,El Jadida,El Yadida,アル・ジャディーダ,El Jadida,Эль-Джадида,杰迪代,傑迪代,傑迪代,엘자디다,الجديدة,El Jadida,El Jadida,El Jadida,แอลฌาดีดา,El Jadida,,,Al-Dżadida,,
MoroccanLeagueA_CODMeknès,Meknès,Meknès,Meknès,Meknès,Mequinez,メクネス,Mequinez,Мекнес,梅克内斯,梅克內斯,梅克內斯,메크네스,مكناس,Meknes,Meknes,Meknes,แม็กแน็ส,Meknes,,,Meknes,,
MoroccanLeagueA_MoghrebAtléticoTétouan,Tétouan,Tétouan,Tétouan,Tétouan,Tetuán,テトゥアン,Tetuão,Тетуан,得土安,得土安,得土安,테투안,تطوان,Tétouan,Tetuan,Tétouan,เตตวน,Tétouan,,,Tetuan,,
MoroccanLeagueA_SCChababMohammédia,Mohammédia,Mohammédia,Mohammedia,Mohammedia,Mohammedía,モハメディア,Mohammedia,Мохаммедия,穆罕默迪耶,穆罕默迪耶,穆罕默迪耶,모하메디아,المحمدية,Mohammedia,Muhammediye,Mohammedia,โมฮัมเมเดีย,Mohammédia,,,Al-Muhammadijja,,
QatarLeagueA_Al-ArabiSC,Doha Red,Doha Rouge,Doha Rosso,Doha Rot,Doha Rojo,ドーハ 赤,Doha Vermelho,Доха Красный,多哈 红,多哈 紅,多哈 紅,도하 빨간색,الدوحة أحمر,Doha Rood,Doha Kırmızı,Doha Merah,โดฮา แดง,Doha Đỏ,,,Doha Czerwony,,
QatarLeagueA_Al-AhliSC,Doha Green,Doha Vert,Doha Verde,Doha Grün,Doha Verde,ドーハ 緑,Doha Verde,Доха Зелёный,多哈 绿,多哈 綠,多哈 綠,도하 녹색,الدوحة أخضر,Doha Groen,Doha Yeşil,Doha Hijau,โดฮา เขียว,Doha Xanh,,,Doha Zielony,,
IraqLeagueA_Al-ShortaSC,Baghdad Green,Bagdad Vert,Baghdad Verde,Bagdad Grün,Bagdad Verde,バグダード 緑,Bagdá Verde,Багдад Зелёный,巴格达 绿,巴格達 綠,巴格達 綠,바그다드 녹색,بغداد أخضر,Baghdad Groen,Bağdat Yeşil,Bagdad Hijau,แบกแดด เขียว,Bagdad Xanh,,,Bagdad Zielony,,
IraqLeagueA_Al-QuwaAl-Jawiya,Baghdad Blue,Bagdad Bleu,Baghdad Blu,Bagdad Blau,Bagdad Azul,バグダード 青,Bagdá Azul,Багдад Синий,巴格达 蓝,巴格達 藍,巴格達 藍,바그다드 파란색,بغداد أزرق,Baghdad Blauw,Bağdat Mavi,Bagdad Biru,แบกแดด น้ำเงิน,Bagdad Xanh,,,Bagdad Błękit,,
AustralianLeagueA_CentralCoastMariners,Gosford,Gosford,Gosford,Gosford,Gosford,ゴスフォード,Gosford,Госфорд,戈斯福德,戈斯福德,戈斯福德,고스퍼드,غوسفورد,Gosford,Gosford,Gosford,กอสฟอร์ด,Gosford,,,Gosford,,
CompName_AsianSuperChampionshipCup,Asian Super Champions Cup,Coupe des Super Champions Asiatiques,Coppa dei Super Campioni Asiatici,Asiatische Super Champions Cup,Copa de los Super Campeones Asiáticos,アジアスーパーチャンピオンズカップ,Copa dos Super Campeões Asiáticos,Кубок Супер чемпионов Азии,亚洲超级冠军杯,亞洲超級冠軍杯,亞洲超級冠軍杯,아시안 슈퍼 챔피언스컵,كأس الأبطال السوبر الآسيوي,Asians Super Champions Cup,Asya Süper Şampiyonlar Kupası,Piala Super Juara Asia,ถ้วยซูเปอร์แชมป์เอเชีย,Cúp Siêu Vô Địch Châu Á,,,Puchar Super Mistrzów Azji,,
CompName_EuropeanLeagueCup,European League Cup,Coupe de la Ligue Européenne,Coppa della Lega Europea,Europäische Ligapokal,Copa de la Liga Europea,ヨーロピアンリーグカップ,Copa da Liga Europeia,Европейский Кубок Лиги,欧洲联赛杯,歐洲聯賽杯,歐洲聯賽杯,유럽 리그컵,كأس الدوري الأوروبي,Europese League Cup,Avrupa Lig Kupası,Piala Liga Eropa,ถ้วยลีกยุโรป,Cúp Liên Đoàn Châu Âu,,,Puchar Ligi Europejskiej,,
SerbianA_FKCukaricki,Belgrade White,Belgrade Blanc,Belgrado Bianco,Belgrad Weiß,Belgrado Blanco,ベオグラード 白,Belgrado Branco,Белград Белый,贝尔格莱德 白,貝爾格萊德 白,貝爾格萊德 白,베오그라드 흰색,بلغراد أبيض,Belgrado Wit,Belgrad Beyaz,Belgrade Putih,เบลเกรด ขาว,Beograd Trắng,,,Belgrad Biały,,
SerbianA_FKVojvodinaNoviSad,Novi Sad,Novi Sad,Novi Sad,Novi Sad,Novi Sad,ノヴィ・サド,Novi Sad,Нови-Сад,诺维萨德,諾維薩德,諾維薩德,노비사드,نوفي ساد,Novi Sad,Novi Sad,Novi Sad,นอวีซาด,Novi Sad,,,Nowy Sad,,
UkrainianA_KryvbasKryvyiRig,Kryvyi Rih,Kryvyï Rih,Kryvyj Rih,Krywyj Rih,Krivói Rog,クルィヴィーイ・リーフ,Kryvy Rih,Кривой Рог,克里维里赫,克裏維裏赫,克裏維裏赫,크리우이리,كريفي ريه,Kryvy Rih,Krıvıy Rih,Kryvyi Rih,กรือวึยรีห์,Kryvyi Rih,,,Krzywy Róg,,
DanishA_BröndbyIF,Copenhagen Yellow,Copenhague Jaune,Copenaghen Giallo,Kopenhagen Gelb,Copenhague Amarillo,コペンハーゲン 黄,Copenhaga Amarelo,Копенгаген Жёлтый,哥本哈根 黄,哥本哈根 黃,哥本哈根 黃,코펜하겐 노랑,كوبنهاغن أصفر,Kopenhagen Geel,Kopenhag Sarı,Kopenhagen Kuning,โคเปนเฮเกน สีเหลือง,Copenhagen Màu vàng,,,Kopenhaga Żółty,,
CroatianA_HNKRijeka,Rijeka,Rijeka,Rijeka,Rijeka,Rijeka,リエカ,Rijeka,Риека,里耶卡,裏耶卡,裏耶卡,리예카,رييكا,Rijeka,Rijeka,Rijeka,ริเยกา,Rijeka,,,Rijeka,,
IsraelA_MaccabiHaifa,Haifa,Haïfa,Haifa,Haifa,Haifa,ハイファ,Haifa,Хайфа,海法,海法,海法,하이파,حيفا,Haifa,Hayfa,Haifa,ไฮฟา,Haifa,,,Hajfa,,
IsraelA_MaccabiTelAviv,Tel Aviv,Tel Aviv,Tel Aviv,Tel Aviv,Tel Aviv,テルアビブ,Tel Aviv,Тель-Авив,特拉维夫,特拉維夫,特拉維夫,텔아비브,تل أبيب,Tel Aviv,Tel Aviv,Tel Aviv,เทลอาวีฟ,Tel Aviv,,,Tel Awiw,,
CyprusA_ArisLimassol,Limassol,Limassol,Limassol,Limassol,Limasol,リマソール,Limassol,Лимасол,利马索尔,利馬索爾,利馬索爾,리마솔,اللمسون,Limasol,Limasol,Limassol,ลีมาซอล,Limassol,,,Limassol,,
SwedishA_BKHäcken,Gothenburg,Göteborg,Göteborg,Göteborg,Gotemburgo,ヨーテボリ,Gotemburgo,Гётеборг,哥德堡,哥德堡,哥德堡,예테보리,غوتنبرغ,Göteborg,Göteborg,Göteborg,กอเทนเบิร์ก,Göteborg,,,Göteborg,,
HungarianA_PuskásAkadémiaFC,Felcsút,Felcsút,Felcsút,Felcsút,Felcsút,フェルクスート,Felcsút,Фельчут,费尔丘特,費爾丘特,費爾丘特,펠추트,فيلكسيت,Felcsút,Felcsút,Felcsút,เฟลคซูต,Felcsút,,,Felcsút,,
CompName_AlgerianLeague,Algerian League,Ligue Algérienne,Lega Algerina,Algerische Liga,Liga Argelina,アルジェリアリーグ,Liga Argelina,Алжирская Лига,阿尔及利亚联赛,阿爾及利亞聯賽,阿爾及利亞聯賽,알제리 리그,الدوري الجزائري,Algerijnse Liga,Cezayir Ligi,Liga Aljazair,ลีกอัลจีเรีย,Giải Vô địch Algeria,,,Liga Algieria,,
CompName_AlgerianLeagueA,Algerian League A,Ligue A Algérienne,Lega A Algerina,Algerische Liga A,Liga A Argelina,アルジェリアリーグA,Liga A Argelina,Алжирская Лига A,阿尔及利亚A级联赛,阿爾及利亞A級聯賽,阿爾及利亞A級聯賽,알제리 리그 A,الدوري الجزائري A,Algerijnse Liga A,Cezayir Ligi A,Liga A Aljazair,ลีกอัลจีเรีย A,Giải Vô địch A Algeria,,,Liga A Algieria,,
CompName_AlgerianCup,Algerian Cup,Coupe d'Algérie,Coppa d'Algeria,Algerischer Pokal,Copa de Argelia,アルジェリアカップ,Taça da Argélia,Кубок Алжира,阿尔及利亚杯,阿爾及利亞杯,阿爾及利亞杯,알제리컵,كأس الجزائر,Beker van Algerije,Cezayir Kupası,Piala Aljazair,ถ้วยอัลจีเรีย,Cúp Quốc gia Algeria,,,Puchar Algierii,,
CompName_AlgerianSuperCup,Algerian Super Cup,Supercoupe d'Algérie,Supercoppa d'Algeria,Algerischer Superpokal,Supercopa de Argelia,アルジェリアスーパーカップ,Supertaça da Argélia,Суперкубок Алжира,阿尔及利亚超级杯,阿爾及利亞超級杯,阿爾及利亞超級杯,알제리 슈퍼컵,كأس السوبر الجزائري,Supercup van Algerije,Cezayir Süper Kupa,Supercup Aljazair,ซูเปอร์คัพอัลจีเรีย,Siêu cúp Algeria,,,Superpuchar Algierii,,
AlgerianLeagueA_MCAlgiers,Algiers Green,Alger Vert,Algeri Verde,Algier Grün,Argel Verde,アルジェ 緑,Argel Verde,Алжир Зелёный,阿尔及尔 绿,阿爾及爾 綠,阿爾及爾 綠,알제 녹색,الجزائر أخضر,Algiers Groen,Cezayir Yeşil,Aljir Hijau,แอลเจียร์ เขียว,Algiers Xanh,,,Algier Zielony,,
AlgerianLeagueA_MCOran,Oran,Oran,Orano,Oran,Orán,オラン,Orã,Оран,瓦赫兰,瓦赫蘭,瓦赫蘭,오랑,وهران,Oran,Vahran,Oran,ออราน,Oran,,,Oran,,
AlgerianLeagueA_CSConstantine,Constantine,Constantine,Costantina,Constantine,Constantina,コンスタンティーヌ,Constantina,Константина,君士坦丁,君士坦丁,君士坦丁,콩스탕틴,قسنطينة,Constantine,Konstantin,Konstantin,กงส์ต็องตีน,Constantine,,,Konstantyna,,
AlgerianLeagueA_ParadouAC,Algiers Yellow,Alger Jaune,Algeri Giallo,Algier Gelb,Argel Amarillo,アルジェ 黄,Argel Amarelo,Алжир Жёлтый,阿尔及尔 黄,阿爾及爾 黃,阿爾及爾 黃,알제 노랑,الجزائر أصفر,Algiers Geel,Cezayir Sarı,Aljir Kuning,แอลเจียร์ สีเหลือง,Algiers Màu vàng,,,Algier Żółty,,
AlgerianLeagueA_ESSétif,Sétif,Sétif,Sétif,Sétif,Sétif,セティフ,Sétif,Сетиф,塞提夫,塞提夫,塞提夫,세티프,سطيف,Sétif,Sétif,Sétif,เซติฟ,Sétif,,,Satif,,
AlgerianLeagueA_JSSaoura,Béchar,Béchar,Béchar,Bechar,Béchar,ベシャール,Bexar,Бешар,贝沙尔,貝沙爾,貝沙爾,베샤르주,ولاية بشار,Béchar,Beşar,Bechar,เบชาร์,Béchar,,,Baszszar,,
AlgerianLeagueA_USMKhenchela,Khenchela,Khenchela,Khenchela,Khenchela,Jenchela,ヘンシュラ,Khenchela,Хеншела,汉舍莱,漢舍萊,漢舍萊,켄셸라,خنشلة,Khenchela,Khenchela,Khenchela,เคนเชล่า,Khenchela,,,Chanszala,,
AlgerianLeagueA_USBiskra,Biskra,Biskra,Biskra,Biskra,Biskra,ビスクラ,Biskra,Бискра,比斯克拉,比斯克拉,比斯克拉,비스크라,بسكرة,Biskra,Biskra,Biskra,บิสครา,Biskra,,,Biskira,,
AlgerianLeagueA_ASOChlef,Chlef,Chlef,Chlef,Ech Cheliff,Chlef,シュレフ,Chlef,Эш-Шелифф,谢利夫,謝利夫,謝利夫,슐레프,الشلف,Chlef,Chlef,Chlef,เชฟ,Chlef,,,Szalif,,
AlgerianLeagueA_ESMostaganem,Mostaganem,Mostaganem,Mostaganem,Mostaganem,Mostaganem,モスタガネム,Mostaganém,Мостаганем,穆斯塔加奈姆,穆斯塔加奈姆,穆斯塔加奈姆,모스타가넴,مستغانم,Mostaganem,Mostaganem,Mostaganem,มอสตากาเนม,Mostaganem,,,Mustaghanim,,
AlgerianLeagueA_NCMagra,M'Sila,M'Sila,M'Sila,M'Sila,M'Sila,ムシラ,Massila,Мсила,姆西拉,姆西拉,姆西拉,음실라,المسيلة,M'Sila,M'Sila,M'Sila,มศิลา,M'Sila,,,Al-Masila,,
AlgerianLeagueA_OlympiqueAkbou,Kabylia,Kabylie,Cabilia,Kabylei,Cabilia,カビリア,Cabília,Кабилия,卡比利亚,卡比利亞,卡比利亞,카빌리아,القبائل,Kabylië,Kabîliye,Kabylia,คาบิเลีย,Kabylia,,,Kabylia,,
AlgerianLeagueA_MCElBayadh,El Bayadh,El Bayadh,El Bayadh,El Bayadh,El Bayadh,エル・バヤード,El Bayadh,Эль-Баяд,巴亚兹,巴亞茲,巴亞茲,엘바야드,البيض,El Bayadh,El Bayadh,El Bayadh,บายาด,El Bayadh,,,Al-Bajad,,
ParaguayanA_ClubNacionalAsunción,Asunción NA,Asunción NA,Asunción NA,Asunción NA,Asunción NA,アスンシオン NA,Asunción NA,Асунсьон NA,亚松森 NA,亞松森 NA,亞松森 NA,아순시온 NA,أسونسيون NA,Asunción NA,Asunción NA,Asunción NA,อาซุนซิออน NA,Asunción NA,,,Asunción NA,,
ParaguayanA_SportivoAmeliano,Asunción SA,Asunción SA,Asunción SA,Asunción SA,Asunción SA,アスンシオン SA,Asunción SA,Асунсьон SA,亚松森 SA,亞松森 SA,亞松森 SA,아순시온 SA,أسونسيون SA,Asunción SA,Asunción SA,Asunción SA,อาซุนซิออน SA,Asunción SA,,,Asunción SA,,
ParaguayanA_SportivoLuqueño,Luque YB,Luque YB,Luque YB,Luque YB,Luque YB,ルケ YB,Luque YB,Луке YB,卢克 YB,盧克 YB,盧克 YB,루케 YB,لوكي YB,Luque YB,Luque YB,Luque YB,ลูเก้ YB,Luque YB,,,Luque YB,,
ParaguayanA_ClubSportivoTrinidense,Asunción ST,Asunción ST,Asunción ST,Asunción ST,Asunción ST,アスンシオン ST,Asunción ST,Асунсьон ST,亚松森 ST,亞松森 ST,亞松森 ST,아순시온 ST,أسونسيون ST,Asunción ST,Asunción ST,Asunción ST,อาซุนซิออน ST,Asunción ST,,,Asunción ST,,
ParaguayanA_ClubSportivo2deMayo,Pedro BW,Pedro BW,Pedro BW,Pedro BW,Pedro BW,ペドロ BW,Pedro BW,Педро BW,佩德罗 BW,佩德羅 BW,佩德羅 BW,페드로 BW,بيدرو BW,Pedro BW,Pedro BW,Pedro BW,เปโดร BW,Pedro BW,,,Pedro BW,,
ParaguayanA_ClubGeneralCaballero,Encarnación Red,Encarnación Rouge,Encarnación Rosso,Encarnación Rot,Encarnación Rojo,エンカルナシオン レッド,Encarnación Vermelho,Энкарнасьон Красный,恩卡纳西翁 红,恩卡納西翁 紅,恩卡納西翁 紅色,엔카르나시온 레드,إنكارناسيون أحمر,Encarnación Rood,Enkarnasyon Kırmızısı,Encarnación Merah,เอนการ์นาซิออน แดง,Encarnación Đỏ,,,Encarnación Czerwony,,
ParaguayanA_TacuaryFootballClub,Asunción TF,Asunción TF,Asunción TF,Asunción TF,Asunción TF,アスンシオン TF,Asunción TF,Асунсьон TF,亚松森 TF,亞松森 TF,亞松森 TF,아순시온 TF,أسونسيون TF,Asunción TF,Asunción TF,Asunción TF,อาซุนซิออน TF,Asunción TF,,,Asunción TF,,
ParaguayanA_ClubSoldeAmérica,Asunción Blue,Asunción Bleu,Asunción Blu,Asunción Blau,Asunción Azul,アスンシオン ブルー,Asunción Azul,Асунсьон Синий,亚松森 蓝,亞松森 藍,亞松森 藍色,아순시온 블루,أسونسيون أزرق,Asunción Blauw,Asunción Mavi,Asunción Biru,อาซุนซิออน น้ำเงิน,Asunción Xanh,,,Asunción Niebieski,,
CompName_ParaguayanLeague,Paraguayan League,Ligue du Paraguay,Lega del Paraguay,Paraguay Liga,Liga de Paraguay,パラグアイリーグ,Liga do Paraguai,Лига Парагвая,巴拉圭联赛,巴拉圭聯賽,巴拉圭聯賽,파라과이 리그,دوري باراغواي,Paraguay Liga,Paraguay Ligi,Liga Paraguay,ลีกปารากวัย,Giải Vô địch Paraguay,,,Liga Paragwaju,,
CompName_ParaguayanCup,Paraguayan Cup,Coupe du Paraguay,Coppa del Paraguay,Paraguayischer Pokal,Copa Paraguay,パラグアイカップ,Copa do Paraguai,Кубок Парагвая,巴拉圭杯,巴拉圭盃,巴拉圭盃,파라과이 컵,كأس الباراغواي,Paraguayaanse Beker,Paraguay Kupası,Piala Paraguay,ปารากวัยคัพ,Cúp Paraguay,,,Puchar Paragwaju,,
CompName_ParaguayanSuperCup,Paraguayan Super Cup,Supercoupe du Paraguay,Supercoppa del Paraguay,Paraguayischer Supercup,Supercopa Paraguay,パラグアイ・スーパーカップ,Supercopa do Paraguai,Суперкубок Парагвая,巴拉圭超级杯,巴拉圭超級盃,巴拉圭超級盃,파라과이 슈퍼컵,كأس السوبر الباراغوياني,Paraguayaanse Supercup,Paraguay Süper Kupa,Piala Super Paraguay,ซูเปอร์คัพปารากวัย,Siêu cúp Paraguay,,,Superpuchar Paragwaju,,
EnglishA_Liverpool_2018,Liverpool Red 2018,Rouge de Liverpool 2018,Liverpool Red 2018,Liverpool Red 2018,Liverpool rojo 2018,リバプールレッド 2018,Liverpool Vermelho 2018,Ливерпуль Красный 2018,利物浦 红 2018,利物浦 红2018,利物浦 红2018,리버풀 레드 2018,ليفربول ريد 2018,Liverpool Rood 2018,Liverpool Kırmızısı 2018,Liverpool Merah 2018,หงส์แดง 2018,Liverpool đỏ 2018,,,Liverpool Czerwień 2018,,
EnglishA_Arsenal_2018,London Red 2018,Rouge de Londres 2018,London Red 2018,London Red 2018,London Red 2018,ロンドンレッド 2018,London Vermelho 2018,Лондон Красный 2018,伦敦 红 2018,阿仙奴 2018,阿仙奴 2018,런던 레드 2018,لندن ريد 2018,London Red 2018,Londra Kırmızısı 2018,London Merah 2018,อาร์เซนอล 2018,London Red 2018,,,Londyn Czerwień 2018,,
EnglishA_ManchesterUnited_2012,Manchester Red 2012,Rouge Manchester 2012,Manchester Red 2012,Manchester Red 2012,Manchester rojo 2012,マンチェスターレッド 2012,Manchester Vermelho 2012,Манчестер Красный 2012,曼彻斯特 红 2012,曼徹斯特 紅 2012,曼徹斯特 紅 2012,맨체스터 레드 2012,مانشستر ريد 2012,Manchester Red 2012,Manchester Kırmızısı 2012,Manchester Merah 2012,ผีแดง 2012,Manchester Red 2012,,,Manchester Czerwień 2012,,
EnglishA_LeicesterCity_2021,Leicester 2021,Leicester 2021,Leicester 2021,Leicester 2021,Leicester 2021,レスター 2021,Leicester 2021,Лестер 2021,莱斯特城 2021,李斯特城 2021,李斯特城 2021,레스터 2021,ليستر 2021,Leicester 2021,Leicester 2021,Leicester 2021,เลสเตอร์ 2021,Leicester 2021,,,Leicester 2021,,
EnglishA_NewcastleUnited_2012,Newcastle 2012,Newcastle 2012,Newcastle 2012,Newcastle 2012,Newcastle 2012,ニューカッスル 2012,Newcastle 2012,Ньюкасл 2012,纽卡斯尔 2012,紐卡素 2012,紐卡素 2012,뉴캐슬어폰타인 2012,نيوكاسل 2012,Newcastle 2012,Newcastle 2012,Newcastle 2012,นิวคาสเซิลอะพอน 2012,Newcastle 2012,,,Newcastle 2012,,
EnglishA_ManchesterCity_2021,Manchester Blue 2021,Bleu Manchester 2021,Manchester Blue 2021,Manchester Blue 2021,Manchester azul 2021,マンチェスターブルー 2021,Manchester Azul 2021,Манчестер Голубой 2021,曼彻斯特 蓝 2021,曼徹斯特 藍 2021,曼徹斯特 藍 2021,맨체스터 블루 2021,مانشستر بلو 2021,Manchester Blue 2021,Manchester Mavisi 2021,Manchester Biru 2021,เรือใบน้ำเงิน 2021,Manchester Blue 2021,,,Manchester Błękit 2021,,
ClassicClub_RealMadrid_2018,Madrid White 2018,Madrid Blanc 2018,Madrid Bianco 2018,Madrid Weiß 2018,Madrid Blanco 2018,マドリッドホワイト2018,Madrid Branco 2018,Мадрид Белый 2018,马德里 白 2018,馬德里 白 2018,馬德里 白 2018,마드리드 화이트 2018,مدريد الأبيض 2018,Madrid Wit 2018,Madrid Beyaz 2018,Madrid Putih 2018,มาดริด ไวท์ 2018,Madrid Trắng 2018,,,Madryt Biały 2018,,
ClassicClub_Barcelona_2009,Barcelona RB 2009,Barcelona RB 2009,Barcelona RB 2009,Barcelona RB 2009,Barcelona RB 2009,バルセロナRB 2009,Barcelona RB 2009,Барселона RB 2009,巴塞罗那 RB 2009,巴塞羅那 RB 2009,巴塞羅那 RB 2009,바르셀로나 RB 2009,برشلونة RB 2009,Barcelona RB 2009,Barcelona RB 2009,Barcelona RB 2009,บาร์เซโลนา RB 2009,Barcelona RB 2009,,,Barcelona RB 2009,,
ClassicClub_ManchesterUnited_1999,Manchester Red 1999,Manchester Red 1999,Manchester Red 1999,Manchester Red 1999,Manchester Red 1999,マンチェスターレッド 1999,Manchester Red 1999,Манчестер Ред 1999,曼彻斯特 红 1999,曼徹斯特 紅 1999,曼徹斯特 紅 1999,맨체스터 레드 1999,مانشستر الأحمر 1999,Manchester Red 1999,Manchester Red 1999,Manchester Red 1999,แมนเชสเตอร์ เรด 1999,Manchester Red 1999,,,Manchester Red 1999,,
ClassicClub_ACMilan_2003,Milano Red 2003,Milano Red 2003,Milano Red 2003,Milano Red 2003,Milano Red 2003,ミラノレッド 2003,Milano Red 2003,Милано Ред 2003,米兰 红 2003,米蘭 紅 2003,米蘭 紅 2003,밀라노 레드 2003,ميلانو الأحمر 2003,Milano Red 2003,Milano Red 2003,Milano Red 2003,มิลาน เรด 2003,Milano Red 2003,,,Milano Red 2003,,
ClassicClub_BayernMünchen_2013,Munchen 2013,Munchen 2013,Munchen 2013,München 2013,Múnich 2013,ミュンヘン 2013,Munique 2013,Мюнхен 2013,慕尼黑 2013,慕尼黑 2013,慕尼黑 2013,뮌헨 2013,ميونيخ 2013,München 2013,Münih 2013,Munchen 2013,มิวนิก 2013,Munich 2013,,,Monachium 2013,,
ClassicClub_Chelsea_2005,London Blue 2005,London Blue 2005,London Blue 2005,London Blue 2005,London Blue 2005,ロンドンブルー 2005,London Blue 2005,Лондон Блю 2005,伦敦 蓝 2005,倫敦 藍 2005,倫敦 藍 2005,런던 블루 2005,لندن الأزرق 2005,London Blue 2005,London Blue 2005,London Blue 2005,ลอนดอน บลู 2005,London Blue 2005,,,Londyn Blue 2005,,
ClassicClub_InterMilan_2010,Milano Blue 2010,Milano Blue 2010,Milano Blue 2010,Milano Blue 2010,Milano Blue 2010,ミラノブルー 2010,Milano Blue 2010,Милано Блю 2010,米兰 蓝 2010,米蘭 藍 2010,米蘭 藍 2010,밀라노 블루 2010,ميلانو الأزرق 2010,Milano Blue 2010,Milano Blue 2010,Milano Blue 2010,มิลาน บลู 2010,Milano Blue 2010,,,Milano Blue 2010,,
ClassicClub_Arsenal_2004,London Red 2004,London Red 2004,London Red 2004,London Red 2004,London Red 2004,ロンドンレッド 2004,London Red 2004,Лондон Ред 2004,伦敦 红 2004,倫敦 紅 2004,倫敦 紅 2004,런던 레드 2004,لندن الأحمر 2004,London Red 2004,London Red 2004,London Red 2004,ลอนดอน เรด 2004,London Red 2004,,,Londyn Red 2004,,
CompName_CroatianLeague,Croatian League,Championnat croate,Campionato croato,Kroatische Liga,Liga croata,クロアチアリーグ,Liga Croata,Чемпионат Хорватии,克罗地亚联赛,克羅地亞聯賽,克羅地亞聯賽,크로아시아 리그,بطولة كرواتيا,Kroatische competitie,Hırvatistan Ligi,Liga Kroasia,League โครเอเชีย,Giải đấu Croatia,,,Liga Chorwacka,,
CompName_CroatianCup,Croatian Cup,Coupe de Croatie,Coppa di Croazia,Kroatischer Pokal,Copa de Croacia,クロアチアカップ,Taça da Croácia,Кубок Хорватии,克罗地亚杯,克羅地亞杯,克羅地亞杯,크로아티아 컵,كأس كرواتيا,Kroatische Beker,Hırvatistan Kupası,Piala Kroasia,ถ้วยโครเอเชีย,Cúp Croatia,,,Puchar Chorwacji,,
CompName_CroatianSuperCup,Croatian Super Cup,Supercoupe de Croatie,Supercoppa di Croazia,Kroatischer Supercup,Supercopa de Croacia,クロアチアスーパーカップ,Supertaça da Croácia,Суперкубок Хорватии,克罗地亚超级杯,克羅地亞超級杯,克羅地亞超級杯,크로아티아 슈퍼컵,كأس السوبر الكرواتي,Kroatische Supercup,Hırvatistan Süper Kupa,Piala Super Kroasia,ซูเปอร์คัพโครเอเชีย,Siêu Cúp Croatia,,,Superpuchar Chorwacji,,
CroatianA_Osijek,Osijek,Osijek,Osijek,Osijek,Osijek,オシエク,Osijek,Осиек,奥西耶克,奧西耶克,奧西耶克,오시예크,أوسييك,Osijek,Osijek,Osijek,โอซิเยค,Osijek,,,Osijek,,
CroatianA_LokomotivaZagreb,Zagreb Horseshoe,Fer à cheval de Zagreb,Ferro di cavallo di Zagabria,Hufeisen von Zagreb,Herradura de Zagreb,ザグレブの蹄鉄,Ferradura de Zagreb,Подкова Загреба,萨格勒布 马蹄铁,薩格勒布 馬蹄鐵,薩格勒布 馬蹄鐵,자그레브의 말굽,حدوة حصان زغرب,Hufeisen van Zagreb,Zagreb Nalbur,Kuku Kuda Zagreb,เกือกม้าซาเกร็บ,Móng Ngựa Zagreb,,,Podkowa Zagrzeb,,
CroatianA_SlavenBelupo,Koprivnica,Koprivnica,Koprivnica,Koprivnica,Koprivnica,コプリヴニツァ,Koprivnica,Копривница,科普里夫尼察,科普里夫尼察,科普里夫尼察,코프리브니차,كوبرفنيتشا,Koprivnica,Koprivnica,Koprivnica,โคปริฟนิคา,Koprivnica,,,Koprivnica,,
CroatianA_Istra1961,Pula,Pula,Pula,Pula,Pula,プラ,Pula,Пула,普拉,普拉,普拉,풀라,بولا,Pula,Pula,Pula,พูล่า,Pula,,,Pula,,
CroatianA_Varaždin,Varaždin,Varaždin,Varaždin,Varaždin,Varaždin,ヴァラジュディン,Varaždin,Вараждин,瓦拉热丁,瓦拉熱丁,瓦拉熱丁,바라즈딘,فاراجدين,Varaždin,Varaždin,Varaždin,วาราซดิ้น,Varaždin,,,Varaždin,,
CroatianA_Šibenik,Šibenik,Šibenik,Sebenico,Šibenik,Sibenik,シベニク,Šibenik,Шибеник,希贝尼克,希貝尼克,希貝尼克,시베니크,شibenik,Šibenik,Šibenik,Šibenik,ชิเบนิค,Šibenik,,,Szybenik,,
CroatianA_Gorica,Gorica,Gorica,Gorica,Gorica,Gorica,ゴリツァ,Gorica,Горица,戈里察,戈里察,戈里察,고리차,غوريتسا,Gorica,Gorica,Gorica,โกริซา,Gorica,,,Gorica,,
Str_National_Spain_2010,Spain 2010,Espagne 2010,Spagna 2010,Spanien 2010,España 2010,スペイン2010,Espanha 2010,Испания 2010,西班牙 2010,西班牙 2010,西班牙 2010,스페인 2010,إسبانيا 2010,Spanje 2010,İspanya 2010,Spanyol 2010,สเปน 2010,Tây Ban Nha 2010,,,Hiszpania 2010,,
Str_National_Brazil_1958,Brazil 1958,Brésil 1958,Brasile 1958,Brasilien 1958,Brasil 1958,ブラジル 1958,Brasil 1958,Бразилия 1958,巴西 1958,巴西 1958,巴西 1958,브라질 1958,البرازيل 1958,Brazilië 1958,Brezilya 1958,Brasil 1958,บราซิล 1958,Brazil 1958,,,Brazylia 1958,,
Str_National_Brazil_1962,Brazil 1962,Brésil 1962,Brasile 1962,Brasilien 1962,Brasil 1962,ブラジル 1962,Brasil 1962,Бразилия 1962,巴西 1962,巴西 1962,巴西 1962,브라질 1962,البرازيل 1962,Brazilië 1962,Brezilya 1962,Brasil 1962,บราซิล 1962,Brazil 1962,,,Brazylia 1962,,
Str_National_Brazil_1970,Brazil 1970,Brésil 1970,Brasile 1970,Brasilien 1970,Brasil 1970,ブラジル 1970,Brasil 1970,Бразилия 1970,巴西 1970,巴西 1970,巴西 1970,브라질 1970,البرازيل 1970,Brazilië 1970,Brezilya 1970,Brasil 1970,บราซิล 1970,Brazil 1970,,,Brazylia 1970,,
Str_National_Sweden_1958,Sweden 1958,Suède 1958,Svezia 1958,Schweden 1958,Suecia 1958,スウェーデン 1958,Suécia 1958,Швеция 1958,瑞典 1958,瑞典 1958,瑞典 1958,스웨덴 1958,السويد 1958,Zweden 1958,İsveç 1958,Swedia 1958,สวีเดน 1958,Thụy Điển 1958,,,Szwecja 1958,,
Str_National_Czechoslovakia_1962,Czechoslovakia 1962,Tchécoslovaquie 1962,Cecoslovacchia 1962,Tschechoslowakei 1962,Checoslovaquia 1962,チェコスロバキア 1962,Tchecoslováquia 1962,Чехословакия 1962,捷克斯洛伐克 1962,捷克斯洛伐克 1962,捷克斯洛伐克 1962,체코슬로바키아 1962,تشيكوسلوفاكيا 1962,Tsjecho-Slowakije 1962,Çekoslovakya 1962,Cekoslowakia 1962,เชโกสโลวะเกีย 1962,Tiệp Khắc 1962,,,Czechosłowacja 1962,,
Str_National_Italy_1970,Italy 1970,Italie 1970,Italia 1970,Italien 1970,Italia 1970,イタリア 1970,Itália 1970,Италия 1970,意大利 1970,義大利 1970,義大利 1970,이탈리아 1970,إيطاليا 1970,Italië 1970,İtalya 1970,Italia 1970,อิตาลี 1970,Nước Ý 1970,,,Włochy 1970,,
VenezuelanaA_CaraboboFC,Carabobo,carabobo,carabobo,Karabobo,carabobo,カラボボ,carabobo,карабобо,卡拉沃沃,卡拉沃沃,卡拉沃沃,카라보보,كارابوبو,carabobo,karabobo,carabobo,คาราโบโบ,carabobo,,,karabobo,,
VenezuelanaA_UniversidadCentraldeVenezuela,Caracas RB,Caracas RB,Caracas RB,Caracas RB,Caracas RB,カラカス・レッド,Caracas Vermelho,Caracas RB,卡拉卡斯 红蓝,卡拉卡斯 紅藍,卡拉卡斯 紅藍,카라카스 레드,كاراكاس ريد,Caracas RB,Caracas RB,Caracas RB,คาราคัสเรด,Caracas RB,,,Caracas Czerwień,,
VenezuelanaA_MonagasSC,Monagas,Monagas,Monaco,Monagas,Monagas,モナガス,Monagas,Монагас,莫纳加斯,莫納加斯,莫納加斯,모나가,موناجاس,Monaga's,Monagas,Monagas,โมนากัส,Monagas,,,Monaga,,
VenezuelanaA_AnzoáteguiFC,Anzoátegui,anzoategui,anzoategui,anzoategui,anzoátegui,アンソアテギ,anzoátegui,анзоатеги,安索阿特吉,安索阿特吉,安索阿特吉,안조아테기,أنزواتيغي,anzoategui,Anzoategui,anzoategui,อันโซอาเตกี,anzoategui,,,anzoategui,,
VenezuelanaA_MetropolitanosFC,Metropolitan,métropole,metropoli,Metropole,metrópoli,メトロポリターノ,Metrópole,Метрополис,大都会,大都會,大都會,중심지,متروبوليتانوس,Metropolis,Metropol,Metropolis,มหานคร,đô thị,,,Metropolia,,
VenezuelanaA_Dvo.RayoZuliano,Zuliano,Zugliano,Zugliano,Zugliano,zugliano,ラヨズリアーノ,Zugliano,Сульяно,祖利亚诺,祖利亞諾,祖利亞諾,추글리아노,رايوزوليانو,Zogliano,Zogliano,Zogliano,โซกลิอาโน,Zogliano,,,Zogliano,,
VenezuelanaA_ZamoraFC,Zamora,Zamora,Zamora,Zamora,Zamora,サモラ,Zamora,Самора,萨莫拉,薩莫拉,薩莫拉,사모라,زامورا,Zamora,Zamora,Zamora,ซาโมรา,Zamora,,,Zamory,,
VenezuelanaA_PortuguesaFC,Acarigua,acarigua,acarigua,Acarigua,acarigua,ポルトゲーザ,acariguá,акаригуа,阿卡里瓜,阿卡里瓜,阿卡里瓜,아카리과,البرتغالية,acarigua,akaragua,akarigua,อะคาริกัว,acarigua,,,akarigua,,
VenezuelanaA_YaracuyanosFC,San Felipe,San Felipe,San Filippo,San Felipe,san felipe,ヤラクヤノス,são felipe,Сан-Фелипе,圣费利佩,聖費利佩,聖費利佩,산 펠리페,يراكويانوس,San Felipe,san felipe,san felipe,ซาน เฟลิเป,San Felipe,,,San Felipe,,
VenezuelanaA_Atlético La Cruz,Maturín Red,Rouge Maturín,Maturín rosso,Maturín rot,Maturín rojo,マトゥリン レッド,Maturín vermelho,Матурин красный,马图林红,馬圖林紅,馬圖林紅,마투린 레드,أحمر ماتورين,Maturín rood,Maturín kırmızısı,Maturín merah,มัทตูรินแดง,Maturín đỏ,,,Maturín czerwony,,
VenezuelanaA_Angostura FC,Bolívar bule,Bolívar bule,Bolívar rosso,Bolívar bule,Bolívar azul,ボリバル ブルー,Bolívar bule,Боливар буле,玻利瓦尔蓝,玻利瓦爾藍,玻利瓦爾藍,볼리바르 블루,بوليفار بولي,Bolívar blauw,Bolivar bule,Bolivar bule,โบลิวาร์บูเล่,Bolívar bule,,,Bolívar bule,,
CompName_VenezuelaLeagueA,Venezuela League,Ligue du Venezuela,VenezuelaLega,Venezuela-Liga,Liga de Venezuela,ベネズエラリーグ,Liga Venezuela,ВенесуэлаЛига,委内瑞拉联赛,委內瑞拉聯賽,委內瑞拉聯賽,베네수엘라리그,الدوري الفنزويلي,VenezuelaLeague,VenezuelaLigi,Liga Venezuela,เวเนซุเอลาลีก,VenezuelaLeague,,,VenezuelaLeague,,
CompName_VenezuelaCup,Venezuela Cup,Coupe du Venezuela,VenezuelaCoppa,Venezuela-Pokal,Copa de Venezuela,ベネズエラカップ,Taça Venezuela,Кубок Венесуэлы,委内瑞拉杯,委內瑞拉杯,委內瑞拉杯,베네수엘라컵,كأس فنزويلا,VenezuelaCup,VenezuelaKupası,Piala Venezuela,เวเนซุเอลาคัพ,VenezuelaCup,,,VenezuelaCup,,
CompName_VenezuelaSuperCup,Venezuela Super Cup,Supercoupe du Venezuela,VenezuelaSuperCoppa,Venezuela-Superpokal,Supercopa de Venezuela,ベネズエラスーパーカップ,VenezuelaSuperCup,Суперкубок Венесуэлы,委内瑞拉超级杯,委內瑞拉超級盃,委內瑞拉超級盃,베네수엘라슈퍼컵,كأس السوبر الفنزويلي,VenezuelaSuperCup,VenezuelaSüperKupası,Piala Super Venezuela,เวเนซุเอลาซูเปอร์คัพ,VenezuelaSuperCup,,,VenezuelaSuperCup,,
CompName_VenezuelaLeague,Venezuela League,Ligue du Venezuela,VenezuelaLega,Venezuela-Liga,Liga de Venezuela,ベネズエラリーグ,Liga Venezuela,ВенесуэлаЛига,委内瑞拉联赛,委內瑞拉聯賽,委內瑞拉聯賽,베네수엘라리그,الدوري الفنزويلي,VenezuelaLeague,VenezuelaLigi,Liga Venezuela,เวเนซุเอลาลีก,VenezuelaLeague,,,VenezuelaLeague,,
Str_National_Germany_2014,Germany 2014,Allemagne 2014,Germania 2014,Deutschland 2014,Alemania 2014,ドイツ 2014,Alemanha 2014,Германия 2014,德国 2014,德國 2014,德國 2014,독일 2014,ألمانيا 2014,Duitsland 2014,Almanya 2014,Jerman 2014,เยอรมนี 2014,Đức 2014,,,Niemcy 2014,,
Str_National_Portugal_2014,Portugal 2014,Portugal 2014,Portogallo 2014,Portugal 2014,Portugal 2014,ポルトガル 2014,Portugal 2014,Португалия 2014,葡萄牙 2014,葡萄牙 2014,葡萄牙 2014,포르투갈 2014,البرتغال 2014,Portugal 2014,Portekiz 2014,Portugal 2014,โปรตุเกส 2014,Bồ Đào Nha 2014,,,Portugalia 2014,,
Str_National_Algeria_2014,Algeria 2014,Algérie 2014,Algeria 2014,Algerien 2014,Argelia 2014,アルジェリア 2014,Argélia 2014,Алжир 2014,阿尔及利亚 2014,阿爾及利亞 2014,阿爾及利亞 2014,알제리 2014,الجزائر 2014,Algerije 2014,Cezayir 2014,Aljazair 2014,แอลจีเรีย 2014,Algeria 2014,,,Algieria 2014,,
Str_National_France_2014,France 2014,France 2014,Francia 2014,Frankreich 2014,Francia 2014,フランス 2014,França 2014,Франция 2014,法国 2014,法國 2014,法國 2014,프랑스 2014,فرنسا 2014,Frankrijk 2014,Fransa 2014,Prancis 2014,ฝรั่งเศส 2014,Pháp 2014,,,Francja 2014,,
Str_National_Brazil_2014,Brazil 2014,Brésil 2014,Brasile 2014,Brasilien 2014,Brasil 2014,ブラジル 2014,Brasil 2014,Бразилия 2014,巴西 2014,巴西 2014,巴西 2014,브라질 2014,البرازيل 2014,Brazilië 2014,Brezilya 2014,Brasil 2014,บราซิล 2014,Brazil 2014,,,Brazylia 2014,,
Str_National_Argentina_2014,Argentina 2014,Argentine 2014,Argentina 2014,Argentinien 2014,Argentina 2014,アルゼンチン 2014,Argentina 2014,Аргентина 2014,阿根廷 2014,阿根廷 2014,阿根廷 2014,아르헨티나 2014,الأرجنتين 2014,Argentinië 2014,Arjantin 2014,Argentina 2014,อาร์เจนตินา 2014,Argentina 2014,,,Argentyna 2014,,
DraftTeam,FL Dream Team,Équipe de rêve FL,Squadra dei sogni FL,FL Traumteam,Equipo de ensueño FL,FL ドリームチーム,Time dos Sonhos FL,Команда мечты FL,FL 梦之队,FL 夢幻隊,FL 夢幻隊,FL 드림팀,فريق الأحلام FL,FL Droomteam,FL Rüya Takımı,Tim Impian FL,ทีมดรีม FL,Đội hình trong mơ FL,,,FL Drużyna Marzeń,,
ClassicClub_ACMilan_2007,Milano Red 2007,Milano Red 2007,Milano Red 2007,Milano Red 2007,Milano Red 2007,ミラノレッド 2007,Milano Red 2007,Милано Ред 2007,米兰 红 2007,米蘭 紅 2007,米蘭 紅 2007,밀라노 레드 2007,ميلانو الأحمر 2007,Milano Red 2007,Milano Red 2007,Milano Red 2007,มิลาน เรด 2007,Milano Red 2007,,,Milano Red 2007,,
ClassicClub_Liverpool_2007,Liverpool Red 2007,Rouge de Liverpool 2007,Liverpool Red 2007,Liverpool Red 2007,Liverpool rojo 2007,リバプールレッド 2007,Liverpool Vermelho 2007,Ливерпуль Красный 2007,利物浦 红 2007,利物浦 红2007,利物浦 红2007,리버풀 레드 2007,ليفربول ريد 2007,Liverpool Rood 2007,Liverpool Kırmızısı 2007,Liverpool Merah 2007,หงส์แดง 2007,Liverpool đỏ 2007,,,Liverpool Czerwień 2007,,
ClassicClub_ManchesterUnited_2007,Manchester Red 2007,Manchester Red 2007,Manchester Red 2007,Manchester Red 2007,Manchester Red 2007,マンチェスターレッド 2007,Manchester Red 2007,Манчестер Ред 2007,曼彻斯特 红 2007,曼徹斯特 紅 2007,曼徹斯特 紅 2007,맨체스터 레드 2007,مانشستر الأحمر 2007,Manchester Red 2007,Manchester Red 2007,Manchester Red 2007,แมนเชสเตอร์ เรด 2007,Manchester Red 2007,,,Manchester Red 2007,,
ClassicClub_BayernMünchen_2007,Munchen 2007,Munchen 2007,Munchen 2007,München 2007,Múnich 2007,ミュンヘン 2007,Munique 2007,Мюнхен 2007,慕尼黑 2007,慕尼黑 2007,慕尼黑 2007,뮌헨 2007,ميونيخ 2007,München 2007,Münih 2007,Munchen 2007,มิวนิก 2007,Munich 2007,,,Monachium 2007,,
ml_remainingplayers,Players Available,Joueurs disponibles,Giocatori disponibili,Verfügbare Spieler,Jugadores disponibles,利用可能な選手,Jogadores disponíveis,Доступные игроки,可选球员,可選球員,可選球員,사용 가능한 선수,اللاعبون المتاحون,Beschikbare spelers,Mevcut Oyuncular,Pemain Tersedia,ผู้เล่นที่มีอยู่,Cầu thủ có sẵn,,,Dostępni zawodnicy,,
pos_fwd,Forward,Attaquant,Attaccante,Stürmer,Delantero,フォワード,Atacante,Нападающий,前锋,前鋒,前鋒,공격수,مهاجم,Aanvaller,Forvet,Penyerang,กองหน้า,Tiền đạo,,,Napastnik,,
pos_mid,Midfielder,Milieu,Centrocampista,Mittelfeldspieler,Centrocampista,ミッドフィールダー,Meio-campista,Полузащитник,中场,中場,中場,미드필더,وسط ميدان,Middenvelder,Orta Saha,Gelandang,กองกลาง,Tiền vệ,,,Pomocnik,,
pos_def,Defender,Défenseur,Difensore,Verteidiger,Defensor,ディフェンダー,Defensor,Защитник,后卫,後衛,後衛,수비수,مدافع,Verdediger,Defans,Bek,กองหลัง,Hậu vệ,,,Obrońca,,
UkrainianA_PolissyaZhytomyr,Zhytomyr,Jytomyr,Zhytomyr,Schytomyr,Zhytómyr,ジトーミル,Jitomir,Житомир,日托米尔,日托米爾,日托米爾,지토미르,زيتومير,Zjytomyr,Jitomir,Zhytomyr,ไซโทเมียร์,Zhytomyr,,,Żytomierz,,
UkrainianA_VorsklaPoltava,Poltava,Poltava,Poltava,Poltawa,Poltava,ポルタヴァ,Poltava,Полтава,波尔塔瓦,波爾塔瓦,波爾塔瓦,폴타바,بولتافا,Poltava,Poltava,Poltava,โพลตาวา,Poltava,,,Połtawa,,
CzechA_FCBanikOstrava,Ostrava,Ostrava,Ostrava,Ostrava,Ostravá,オストラヴァ,Ostrava,Острава,俄斯特拉发,俄斯特拉發,俄斯特拉發,오스트라바,اوسترافا,Ostrava,Ostrava,Ostrava,ออสตราวา,Ostrava,,,Ostrawa,,
CzechA_FKMladaBoleslav,Mladá Boleslav,Mladá Boleslav,Mlada Boleslav,Mladá Boleslav,Mladá Boleslav,ムラダ・ボレスラフ,Mlada Boleslav,Млада Болеслав,姆拉达·博莱斯拉夫,姆拉達·博萊斯拉夫,姆拉達·博萊斯拉夫,믈라다 볼레슬라프,ملادا بوليسلاف,Mladá Boleslav,Mlada Boleslav,Mlada Boleslav,มลาดา โบเลสลาฟ,Mladá Boleslav,,,Mladá Boleslav,,
CzechA_1.FCSlovacko,Uherské Hradište,Uherské Hradichte,Uherské Hradište,Uherské Hradište,Uherské Hradište,ウヘルスケ・フラディシュテ,Uherské Hradište,Угерске Градиште,乌赫尔堡,烏赫爾堡,烏赫爾堡,우헤르스케 흐라디슈테,أوهيرسكي هراديشت,Uherske Hradište,Uherské Hradište,Uherské Hradište,อูเฮอร์สเค ฮราดิสเต,Uherské Hradište,,,Uherskie Hradište,,
IsraelA_HapoelBeerSheva,Beersheba,Beer-Sheva,Beersheba,Beerscheba,Beerseba,ベールシェバ,Bersebá,Беэр-Шева,贝尔谢巴,貝爾謝巴,貝爾謝巴,브엘세바,بئر السبع,Berseba,Beerşeba,Bersyeba,เบียร์เชบา,Bê-e-sê-ba,,,Beersheba,,
CyprusA_OmoniaNicosia,Nicosia Green,Nicosia Vert,Nicosia Verde,Nicosia Grün,Nicosia Verde,ニコシア・グリーン,Nicosia Verde,Никосия Зелёный,尼科西亚绿,尼科西亞綠,尼科西亞綠,니코시아 그린,نيكوسيا الأخضر,Nicosia Groen,Nicosia Yeşili,Nicosia Hijau,นิโคเซียเขียว,Nicosia Xanh Lá,,,Nicosia Zielony,,
HungarianA_DebreceniVSC,Debrecen,Débrecen,Debrecen,Debrecen,Debrecen,デブレツェン,Debrecen,Дебрецен,德布勒森,德布勒森,德布勒森,데브레첸,ديبريسين,Debrecen,Debrecen,Debrecen,เดเบรเซน,Debrecen,,,Debreczyn,,
BulgarianA_LudogoretsRazgrad,Razgrad,Razgrad,Razgrad,Razgrad,Razgrad,ラズグラド,Razgrad,Разград,拉兹格勒,拉茲格勒,拉茲格勒,라즈그라드,رازجراد,Razgrad,Razgrad,Razgrad,ราซกราด,Razgrad,,,Razgrad,,
BulgarianA_CSKA-Sofia,Sofia Red,Sofia Rouge,Sofia Rossa,Sofia Rot,Sofía Roja,ソフィア・レッド,Sofia Vermelha,София Ред,索菲亚红,索菲亞紅,索菲亞紅,소피아 레드,صوفيا الحمراء,Sofia Rood,Sofya Kırmızısı,Sofia Merah,โซเฟีย เรด,Sofia đỏ,,,Sofii Czerwonej,,
BulgarianA_LevskiSofia,Sofia Blue,Sofia Bleu,Sofia Blu,Sofia Blau,Sofía Azul,ソフィア ブルー,Sofia Azul,София Блю,索菲亚蓝,索菲亞蘭,索菲亞蘭,소피아 블루,صوفيا بلو,Sofia Blauw,Sofya Mavisi,Sofia Biru,โซเฟีย บลู,Sofia xanh,,,Sofia Blue,,
SlovakiaA_SlovanBratislava,Bratislava,Bratislava,Bratislava,Bratislava,Bratislava,ブラチスラバ,Bratislava,Братислава,布拉迪斯拉发,布拉迪斯拉發,布拉迪斯拉發,브라티슬라바,براتيسلافا,Bratislava,Bratislava,Bratislava,บราติสลาวา,Bratislava,,,Bratysława,,
SlovakiaA_DACDunajskaStreda,Dunajska Streda,Dunajska Streda,Dunajska Streda,Dunajska Streda,Dunajská Streda,ドゥナイスカ・ストレダ,Dunajská Streda,Дунайска Стреда,杜纳斯卡·斯特雷达,杜納斯卡·斯特雷達,杜納斯卡·斯特雷達,두나이스카 스트레다,دوناجسكا ستريدا,Dunajska Streda,Dunajska Streda,Dunajska Streda,ดูนาจสก้า สเตรดา,Dunajska Streda,,,Dunajskiej Stredy,,
SlovakiaA_SpartakTrnava,Trnava,Trnava,Trnava,Trnava,trnava,トルナヴァ,Trnava,Трнава,特尔纳瓦,特爾納瓦,特爾納瓦,트르나바,ترنافا,Trnava,Trnava,Benar,ทรนาวา,Trnava,,,Trnawa,,
AzerbaijaniA_NeftchiBaku,Baku BW,Bakou BW,Baku BW,Baku BW,Bakú BW,バクーBW,"Baku, Bahrain",Баку БВ,巴库 黑白,巴庫 黑白,巴庫 黑白,바쿠 흑백,باكو بي دبليو,Bakoe BW,Bakü SB,Baku BW,บากู BW,Baku BW,,,Baku BW,,
AzerbaijaniA_SabahFK,Baku Pink,Bakou Rose,Baku rosa,Baku Pink,Bakú rosa,バクピンク,Baku rosa,Баку Розовый,巴库 粉,巴庫粉,巴庫粉,바쿠 핑크,باكو بينك,Bakoe roze,Bakü Pembesi,Baku Merah Muda,บากูสีชมพู,Baku hồng,,,Róż Baku,,
KazakhstanA_OrdabasyShymkent,Shymkent,Chimkent,Shymkent,Schymkent,Shymkent,シムケント,Shymkent,Шымкент,奇姆肯特,奇姆肯特,奇姆肯特,쉼켄트,شيمكنت,Simkent,Çimkent,pemalu,ชิมเคนท์,nhút nhát,,,Szymkent,,
KazakhstanA_FCAstana,Astana,Astana,Astana,Astana,Astaná,アスタナ,Astana,Астана,阿斯塔纳,阿斯塔納,阿斯塔納,아스타나,أستانا,Astana,Astana,Astana,อัสตานา,Astana,,,Astana,,
KazakhstanA_FCAktobe,Aktobe,Aktioubé,Aktobe,Aqtöbe,Aktobé,アクトベ,Aktobe,Актобе,阿克托别,阿克托別,阿克托別,악토베,أكتوبي,Aktobe,Aktöbe,Aktobe,อักโตเบ,Aktobe,,,Aktobe,,
SwissA_FCLausanne-Sport,Lausanne,Lausanne,Losanna,Lausanne,Lausana,ローザンヌ,Lausana,Лозанна,洛桑,洛桑,洛桑,로잔,لوزان,Lausanne,Lozan,Lausanne,โลซาน,Lausanne,,,Lozanna,,
SwedishA_HammarbyIF,Stockholm,Stockholm,Stoccolma,Stockholm,Estocolmo,ストックホルム,Estocolmo,Стокгольм,斯德哥尔摩,斯德哥爾摩,斯德哥爾摩,스톡홀름,ستوكهولم,Stockholm,Stokholm,Stockholm,สตอกโฮล์ม,Stockholm,,,Sztokholm,,
PolishA_RakówCzęstochowa,Częstochowa,Częstochowa,Czestochowa,Tschenstochau,Częstochowa,チェンストホバ,Czestochowa,Ченстохова,琴斯托霍瓦,琴斯托霍瓦,琴斯托霍瓦,쳉스토호와,تشيستوخوفا,Częstochowa,Częstochowa,Częstochowa,เชสโตโควา,Częstochowa,,,Częstochowa,,
RomaniaA_FCSB,Bucharest,Bucarest,Bucarest,Bukarest,Bucarest,ブカレスト,Bucareste,Бухарест,布加勒斯特,布加勒斯特,布加勒斯特,부카레스트,بوخارست,Boekarest,Bükreş,Bukares,บูคาเรสต์,Bucharest,,,Bukareszt,,
RomaniaA_CFRCluj,Napoca,Napoca,Napoca,Napoca,Napoca,ナポカ,Napoca,Напока,纳波卡,納波卡,納波卡,나포카,نابوكا,Napoca,Napoca,Napoca,นโปคา,Napoca,,,Napoka,,
RomaniaA_CSUniversitateaCraiova,Craiova,Craiova,Craiova,Craiova,Craiova,クラヨバ,Craiova,Крайова,克拉约瓦,克拉約瓦,克拉約瓦,크라이오바,كرايوفا,Craiova,Craiova,Craiova,ไครโอวา,Craiova,,,Krajowa,,
ClassicClub_Roma_2001,Roma Red 2001,Rouge Roma 2001,Roma Red 2001,Roma Red 2001,Rojo Roma 2001,ローマレッド 2001,Roma Vermelho 2001,Рим Красный 2001,罗马 红 2001,羅馬 2001,羅馬 2001,로마 레드 2001,روما ريد 2001,Roma Red 2001,Roma Kırmızısı 2001,Roma Merah 2001,โรม่าเร้ด 2001,Roma đỏ 2001,,,Rzym Czerwień 2001,,
ClassicClub_Juventus_1996,Torino BW 1996,Torino BW 1996,Torino BW 1996,Turin BW 1996,Turin BW 1996,トリノBW 1996,Torino Preto e branco 1996,Турин Бело-Черный 1996,都灵 黑白 1996,祖雲達斯 1996,祖雲達斯 1996,토리노 BW 1996,تورينو بي دبليو 1996,Torino BW 1996,Torino BW 1996,Torino Hitam Putih 1996,โตริโน 1996,Torino BW 1996,,,Torino BW 1996,,
ClassicClub_Napoli_1987,Napoli 1987,Napoli 1987,Napoli 1987,Napoli 1987,Nápoles 1987,ナポリ 1987,Nápoles 1987,Неаполь 1987,那不勒斯 1987,拿玻里 1987,拿玻里 1987,나폴리 1987,نابولي 1987,Napoli 1987,Napoli 1987,Napoli 1987,นาโปลี 1987,Napoli 1987,,,Napoli 1987,,
Str_National_Poland_W,Poland,Pologne,Polonia,Polen,Polonia,ポーランド,Polônia,Польша,波兰,波蘭,波蘭,폴란드,بولندا,Polen,Polonya,Polandia,โปแลนด์,Ba lan,,,Polska,,
Str_National_Wales_W,Wales,Pays de Galles,Galles,Wales,Gales,ウェールズ,Gales,Уэльс,威尔士,威爾士,威爾士,웨일스,ويلز,Wales,Galler,Wales,เวลส์,Xứ Wales,,,Walia,,
Str_National_Finland_W,Finland,Finlande,Finlandia,Finnland,Finlandia,フィンランド,Finlândia,Финляндия,芬兰,芬蘭,芬蘭,핀란드,فنلندا,Finland,Finlandiya,Finlandia,ฟินแลนด์,Phần Lan,,,Finlandia,,
BrazilA_Londrina,Londrina,Londrina,Londrina,Londrina,Londrina,ロンドリーナ,Londrina,Londrina,隆德里纳,隆德里納,隆德里納,론드리나,لوندرينا,Londrina,Londrina,Londrina,Londrina,Londrina,,,Londrina,,
Str_National_Eritrea,Eritrea,Érythrée,Eritrea,Eritrea,Eritrea,エリトリア,Eritreia,Эритрея,厄立特里亚,厄利垂亞,厄利垂亞,에리트레아,إريتريا,Eritrea,Eritre,Eritrea,เอริเทรีย,Eritrea,,,Erytrea,,
Str_National_Vanuatu,Vanuatu,Vanuatu,Vanuatu,Vanuatu,Vanuatu,バヌアツ,Vanuatu,Вануату,瓦努阿图,瓦努阿圖,瓦努阿圖,바누아투,فانواتو,Vanuatu,Vanuatu,Vanuatu,วานูอาตู,Vanuatu,,,Vanuatu,,
Str_National_Tonga,Tonga,Tonga,Tonga,Tonga,Tonga,トンガ,Tonga,Тонга,汤加,東加,東加,통가,تونغا,Tonga,Tonga,Tonga,ตองกา,Tonga,,,Tonga,,
Str_National_Samoa,Samoa,Samoa,Samoa,Samoa,Samoa,サモア,Samoa,Самоа,萨摩亚,薩摩亞,薩摩亞,사모아,ساموا,Samoa,Samoa,Samoa,ซามัว,Samoa,,,Samoa,,
Str_National_American_Samoa,American Samoa,Samoa américaines,Samoa Americana,Amerikanisch-Samoa,Samoa Americana,アメリカ領サモア,Samoa Americana,Американское Самоа,美属萨摩亚,美屬薩摩亞,美屬薩摩亞,아메리칸 사모아,ساموا الأمريكية,Amerikaans-Samoa,Amerikan Samoası,Samoa Amerika,อเมริกันซามัว,Samoa thuộc Mỹ,,,Samoa Amerykańskie,,
Str_National_Cook_Islands,Cook Islands,Îles Cook,Isole Cook,Cookinseln,Islas Cook,クック諸島,Ilhas Cook,Острова Кука,库克群岛,庫克群島,庫克群島,쿡 제도,جزر كوك,Cookeilanden,Cook Adaları,Kepulauan Cook,หมู่เกาะคุก,Quần đảo Cook,,,Wyspy Cooka,,
Str_National_Dominica,Dominica,Dominique,Dominica,Dominica,Dominica,ドミニカ国,Dominica,Доминика,多米尼克,多米尼克,多米尼克,도미니카,دومينيكا,Dominica,Dominika,Dominika,โดมินิกา,Dominica,,,Dominika,,
Str_National_Montserrat,Montserrat,Montserrat,Montserrat,Montserrat,Montserrat,モントセラト,Montserrat,Монтсеррат,蒙特塞拉特,蒙特塞拉特,蒙特塞拉特,몬트세랫,مونتسيرات,Montserrat,Montserrat,Montserrat,มอนต์เซอร์รัต,Montserrat,,,Montserrat,,
Str_National_Aruba,Aruba,Aruba,Aruba,Aruba,Aruba,アルバ,Aruba,Аруба,阿鲁巴,阿魯巴,阿魯巴,아루바,أروبا,Aruba,Aruba,Aruba,อารูบา,Aruba,,,Aruba,,
Str_National_Bahamas,Bahamas,Bahamas,Bahamas,Bahamas,Bahamas,バハマ,Bahamas,Багамы,巴哈马,巴哈馬,巴哈馬,바하마,جزر البهاما,Bahama’s,Bahamalar,Bahama,บาฮามาส,Bahamas,,,Bahamy,,
Str_National_Cayman_Islands,Cayman Islands,Îles Caïmans,Isole Cayman,Kaimaninseln,Islas Caimán,ケイマン諸島,Ilhas Caimão,Каймановы острова,开曼群岛,開曼群島,開曼群島,케이맨 제도,جزر كايمان,Kaaimaneilanden,Cayman Adaları,Kepulauan Cayman,หมู่เกาะเคย์แมน,Quần đảo Cayman,,,Kajmany,,
Str_National_Anguilla,Anguilla,Anguilla,Anguilla,Anguilla,Anguilla,アンギラ,Anguilla,Ангилья,安圭拉,安圭拉,安圭拉,앵귈라,أنغويلا,Anguilla,Anguilla,Anguilla,แองกวิลลา,Anguilla,,,Anguilla,,
Str_National_Turks_and_Caicos_Islands,Turks and Caicos Islands,Îles Turques-et-Caïques,Isole Turks e Caicos,Turks- und Caicosinseln,Islas Turcas y Caicos,タークス・カイコス諸島,Ilhas Turcas e Caicos,Острова Тёркс и Кайкос,特克斯和凯科斯群岛,土克凱可群島,土克凱可群島,터크스 케이커스 제도,جزر توركس وكايكوس,Turks- en Caicoseilanden,Turks ve Caicos Adaları,Kepulauan Turks dan Caicos,หมู่เกาะเติกส์และเคคอส,Quần đảo Turks và Caicos,,,Turks i Caicos,,
Str_National_British_Virgin_Islands,British Virgin Islands,Îles Vierges britanniques,Isole Vergini Britanniche,Britische Jungferninseln,Islas Vírgenes Británicas,イギリス領ヴァージン諸島,Ilhas Virgens Britânicas,Британские Виргинские острова,英属维尔京群岛,英屬維爾京群島,英屬維爾京群島,영국령 버진아일랜드,جزر العذراء البريطانية,Britse Maagdeneilanden,Britanya Virjin Adaları,Kepulauan Virgin Britania Raya,หมู่เกาะเวอร์จินของอังกฤษ,Quần đảo Virgin thuộc Anh,,,Brytyjskie Wyspy Dziewicze,,
Str_National_United_States_Virgin_Islands,United States Virgin Islands,Îles Vierges américaines,Isole Vergini Americane,Amerikanische Jungferninseln,Islas Vírgenes de los Estados Unidos,アメリカ領ヴァージン諸島,Ilhas Virgens Americanas,Виргинские острова США,美属维尔京群岛,美屬維爾京群島,美屬維爾京群島,미국령 버진아일랜드,جزر العذراء الأمريكية,Amerikaanse Maagdeneilanden,ABD Virjin Adaları,Kepulauan Virgin Amerika Serikat,หมู่เกาะเวอร์จินของสหรัฐอเมริกา,Quần đảo Virgin thuộc Mỹ,,,Wyspy Dziewicze Stanów Zjednoczonych,,
SaudiArabianLeagueA_Al-Kholood,Ar Rass Red,Ar Rass Rouge,Ar Rass Rosso,Ar Rass Rot,Ar Rass Rojo,アル・ラス・レッド,Ar Rass Vermelho,Ар-Расс Красный,阿尔拉斯红,阿爾拉斯紅,阿爾拉斯紅,알 라스 레드,الرس الأحمر,Ar Rass Rood,Ar Rass Kırmızısı,Ar Rass Merah,อัลรัส แดง,Ar Rass Đỏ,,,Ar Rass Czerwony,,
BolivianA_GualbertoVillarroelSanJosé,Oruro,Oruro,Oruro,Oruro,Oruro,オルーロ,Oruro,Оруро,奥鲁罗,奧魯羅,奧魯羅,오루로,أورورو,Oruro,Oruro,Oruro,โอรูโร,Oruro,,,Oruro,,
BolivianA_CANacionalPotosí,Potosí,Potosí,Potosí,Potosí,Potosí,ポトシ,Potosí,Потоси,波托西,波托西,波托西,포토시,بوتوسي,Potosí,Potosí,Potosí,โปโตซี,Potosí,,,Potosí,,
BolivianA_CDRealTomayapo,Tarija,Tarija,Tarija,Tarija,Tarija,タリハ,Tarija,Тариха,塔里哈,塔里哈,塔里哈,타리하,تاريخا,Tarija,Tarija,Tarija,ตารีฮา,Tarija,,,Tarija,,
ChileA_ClubDeportesIquique,Iquique,Iquique,Iquique,Iquique,Iquique,イキケ,Iquique,Икике,伊基克,伊基克,伊基克,이키케,إيكيكي,Iquique,Iquique,Iquique,อิกิเก,Iquique,,,Iquique  ,,
ChileA_UniónEspañola,Santiago Red,Santiago Rouge,Santiago Rosso,Santiago Rot,Santiago Rojo,サンティアゴ・レッド,Santiago Vermelho,Сантьяго Красный,圣地亚哥红,聖地牙哥紅,聖地牙哥紅,산티아고 레드,سانتياغو الأحمر,Santiago Rood,Santiago Kırmızısı,Santiago Merah,ซันติอาโก แดง,Santiago Đỏ,,,Santiago Czerwony  ,,
ChileA_CDPalestino,La Cisterna,La Cisterna,La Cisterna,La Cisterna,La Cisterna,ラ・システルナ,La Cisterna,Ла Систерна,拉西斯特纳,拉西斯特納,拉西斯特納,라 시스테르나,لا سيستيرنا,La Cisterna,La Cisterna,La Cisterna,ลา ซิสเทร์นา,La Cisterna,,,La Cisterna  ,,
ChileA_CoquimboUnido,Coquimbo,Coquimbo,Coquimbo,Coquimbo,Coquimbo,コキンボ,Coquimbo,Кокимбо,科金博,科金博,科金博,코킴보,كوكيمبو,Coquimbo,Coquimbo,Coquimbo,โคคิมโบ,Coquimbo,,,Coquimbo,,
UruguayanA_CABostonRiver,Montevideo RG,Montevideo RG,Montevideo RG,Montevideo RG,Montevideo RG,モンテビデオRG,Montevideo RG,Монтевидео RG,蒙得维的亚RG,蒙得維的亞RG,蒙得維的亞RG,몬테비데오 RG,مونتيفيديو RG,Montevideo RG,Montevideo RG,Montevideo RG,มอนเตวิดีโอ RG,Montevideo RG,,,Montevideo RG  ,,
UruguayanA_CerroLargoFC,Melo,Melo,Melo,Melo,Melo,メロ,Melo,Мело,梅洛,梅洛,梅洛,멜로,ميلو,Melo,Melo,Melo,เมโล,Melo,,,Melo  ,,
UruguayanA_RacingClubdeMontevideo,Montevideo Green,Montevideo Vert,Montevideo Verde,Montevideo Grün,Montevideo Verde,モンテビデオ・グリーン,Montevideo Verde,Монтевидео Зелёный,蒙得维的亚绿,蒙得維的亞綠,蒙得維的亞綠,몬테비데오 그린,مونتيفيديو الأخضر,Montevideo Groen,Montevideo Yeşili,Montevideo Hijau,มอนเตวิดีโอ เขียว,Montevideo Xanh Lá,,,Montevideo Zielony,,
EnglishA_OxfordUnited,Oxford,Oxford,Oxford,Oxford,Oxford,オックスフォード,Oxford,Оксфорд,牛津,牛津,牛津,옥스퍼드,أوكسفورد,Oxford,Oxford,Oxford,อ๊อกซฟอร์ด,Oxford,,,Oxford,,
EnglishA_WrexhamA.F.C.,Wrexham,Wrexham,Wrexham,Wrexham,Wrexham,レクサム,Wrexham,Рексем,雷克瑟姆,雷克瑟姆,域斯咸,렉섬,ريكسهام,Wrexham,Wrexham,Wrexham,เร็กซ์แฮม,Wrexham,,,Wrexham,,
EnglishA_CharltonAthletic,London RW,London Rouge Blanc,London Rosso Bianco,London Rot Weiß,London Rojo Blanco,ロンドン・レッド・ホワイト,London Vermelho e Branco,Лондон Красный Белый,伦敦红白,倫敦紅白,倫敦紅白,런던 레드 화이트,لندن الأحمر الأبيض,London Rood Wit,Londra Kırmızı Beyaz,London Merah Putih,ลอนดอน เรด ไวท์,London Đỏ Trắng,,,London Czerwony Biały,,
UnitedArabEmiratesLeaugeA_ShababAl-AhliClub,Dubai Red,Rouge Dubai,Dubai Rosso,Dubai Rot,Dubai Rojo,ドバイレッド,Dubai Vermelho,Красный Дубай,迪拜红,杜拜紅,杜拜紅,두바이 레드,أحمر دبي,Dubai Rood,Dubai Kırmızı,Dubai Merah,ดูไบ เรด,Dubai Đỏ,,,Dubaj Czerwony,,
QatarLeagueA_Al-WakrahSC,Al Wakrah,Al Wakrah,Al Wakrah,Al Wakrah,Al Wakrah,アル・ワクラ,Al Wakrah,Эль-Вакра,沃克拉,沃克拉,沃克拉,알 와크라,الوكرة,Al Wakrah,El Vakra,Al Wakrah,อัลวาครา,Al Wakrah,,,Al-Wakra,,
JordanA_Al-HusseinSC,Irbid,Irbid,Irbid,Irbid,Irbid,イルビド,Irbid,Ирбид,伊尔比德,伊爾比德,伊爾比德,이르비드,إربد,Irbid,İrbid,Irbid,อิรบิด,Irbid,,,Irbid,,
BahrainLeagueA_Al-KhaldiyaFC,Riffa,Riffa,Riffa,Riffa,Riffa,リファ,Riffa,Эр-Риффа,里法,里法,里法,리파,الرفاع,Riffa,Rifâ,Riffa,ริฟฟา,Riffa,,,ar-rifa,,
KuwaitLeagueA_KuwaitSC,Kuwait City,Koweït,Città del Kuwait,Kuwait-Stadt,Ciudad de Kuwait,クウェート市,Cidade do Kuwait,Эль-Кувейт,科威特城,科威特市,科威特市,쿠웨이트 시,مدينة الكويت,Koeweit Stad,Kuveyt Şehri,Kota Kuwait,นครคูเวต,Thành phố Kuwait,,,Kuwejt,,
AustralianLeagueA_MacarthurFC,Sydney Black,Sydney Noir,Sydney Nero,Sydney Schwarz,Sydney Negro,シドニー・ブラック,Sydney Negro,Сидней Блэк,悉尼黑,雪梨黑,雪梨黑,시드니 블랙,سيدني بلاك,Sydney Zwart,Sydney Siyah,Sydney Hitam,ซิดนีย์ แบล็ค,Sydney Đen,,,Sydney Czarny,,
HongKongLeagueA_TaiPo,Tai Po,Tai Po,Tai Po,Tai Po,Tai Po,タイポー,Tai Po,Тайпо,大埔,大埔,大埔,타이포,تاي بو,Tai Po,Tai Po,Tai Po,ไทโป,Đại Bố,,,Tai Po,,
HongKongLeagueA_LeeMan,Sai Kung Yellow,Jaune Sai Kung,Sai Kung Giallo,Sai Kung Gelb,Sai Kung Amarillo,サイクン・イエロー,Sai Kung Amarelo,Сайкун Жёлтый,西贡黄,西貢黃,西貢黃,사이궁 옐로우,الأصفر ساي كونغ,Sai Kung Geel,Sai Kung Sarı,Sai Kung Kuning,ไซกง เหลือง,Sai Kung Vàng,,,Żółty Sai Kung,,
PhilippineA_DynamicHerbCebuFC,Cebu,Cebu,Cebu,Cebu,Cebu,セブ,Cebu,Себу,宿务,宿霧,宿霧,세부,سيبو,Cebu,Cebu,Cebu,ซีบู,Cebu,,,Cebu,,
BahrainLeagueA_Al-MuharraqSC,Muharraq,Muharraq,Muharraq,Muharraq,Muharraq,ムハラク,Muharraq,Эль-Мухаррак,穆哈拉格,穆哈拉格,穆哈拉格,무하라크,المحرق,Muharraq,Muharrak,Muharraq,มุฮัรรอก,Muharraq,,,Al-Muharrak,,
UzbekistanLeagueA_FCAndijon,Andijan,Andijan,Andijan,Andijon,Andiyán,アンディジャン,Andijão,Андижан,安集延,安集延,安集延,안디잔,أنديجان,Andizjan,Andican,Andijan,อันดิจาน,Andijan,,,Andiżan,,
TurkmenistanA_FKArkadag,Arkadag,Arkadag,Arkadag,Arkadag,Arkadag,アルカダグ,Arkadag,Аркадаг,阿尔卡达格,阿爾卡達格,阿爾卡達格,아르카다그,أركاداغ,Arkadag,Arkadag,Arkadag,อาร์กาดาก,Arkadag,,,Arkadag,,
TajikistanA_RavshanKulob,Kulob,Koulob,Kulob,Kulob,Kulob,クロブ,Kulob,Куляб,库洛布,庫洛布,庫洛布,쿨로브,كولاب,Koelab,Kulob,Kulob,กูลอบ,Kulob,,,Kulab,,
HongKongLeagueA_EasternSC,Kowloon Blue,Bleu Kowloon,Kowloon Blu,Kowloon Blau,Kowloon Azul,九龍ブルー,Kowloon Azul,Синий Коулун,九龙蓝,九龍藍,九龍藍,가우룽 블루,الأزرق كولون,Kowloon Blauw,Kowloon Mavi,Kowloon Biru,เกาลูน น้ำเงิน,Kowloon Xanh,,,Niebieski Kowloon,,
CompName_ClubWorldCupNew,Club International Cup,Coupe Internationale des Clubs,Coppa Internazionale per Club,Internationaler Vereinspokal,Copa Internacional de Clubes,クラブインターナショナルカップ,Copa Internacional de Clubes,Клубный международный кубок,俱乐部国际杯,俱樂部國際杯,俱樂部國際杯,클럽 인터내셔널 컵,كأس الأندية الدولية,Internationale Clubbeker,Kulüp Uluslararası Kupası,Piala Internasional Antarklub,คลับ อินเตอร์เนชั่นแนล คัพ,Cúp quốc tế câu lạc bộ,,,Klubowy Puchar Międzynarodowy,,
ClassicClub_TottenhamHotspur_2025,London White 2025,London Blanc 2025,London Bianco 2025,London Weiß 2025,London Blanco 2025,ロンドン・ホワイト 2025,London Branco 2025,Лондон Уайт 2025,伦敦 白 2025,倫敦 白 2025,倫敦 白 2025,런던 화이트 2025,لندن أبيض 2025,London Wit 2025,London Beyaz 2025,London Putih 2025,ลอนดอน ไวท์ 2025,London Trắng 2025,,,London Biały 2025,,
ClassicClub_Chelsea_2025,London Blue 2025,London Bleu 2025,London Blu 2025,London Blau 2025,London Azul 2025,ロンドン・ブルー 2025,London Azul 2025,Лондон Блю 2025,伦敦 蓝 2025,倫敦 藍 2025,倫敦 藍 2025,런던 블루 2025,لندن الأزرق 2025,London Blauw 2025,London Mavi 2025,London Biru 2025,ลอนดอน บลู 2025,London Blue 2025,,,London Niebieski 2025,,
ClassicClub_Paris_2025,Paris 2025,Paris 2025,Parigi 2025,Paris 2025,París 2025,パリ 2025,Paris 2025,Париж 2025,巴黎 2025,巴黎 2025,巴黎 2025,파리 2025,باريس 2025,Parijs 2025,Paris 2025,Paris 2025,ปารีส 2025,Paris 2025,,,Paryż 2025,,
EasterFC,Easter FC,Easter FC,Easter FC,Easter FC,Easter FC,イースターFC,Easter FC,ФК «Истер»,复活节足球俱乐部,復活節足球俱樂部,復活節足球會,이스터 FC,إيستر إف سي,Easter FC,Easter FC,Easter FC,อีสเตอร์ เอฟซี,Easter FC,,,Easter FC,,
CyprusA_PafosFC,Pafos,Paphos,Pafo,Paphos,Pafos,パフォス,Pafos,Пафос,帕福斯,帕福斯,帕福斯,파포스,بافوس,Paphos,Baf,Pafos,พาโฟส,Pafos,,,Pafos,,
KazakhstanA_KairatAlmaty,Almaty,Almaty,Almaty,Almaty,Almaty,アルマトイ,Almaty,Алматы,阿拉木图,阿拉木圖,阿拉木圖,알마티,ألماتي,Almaty,Almatı,Almaty,อัลมาตี,Almaty,,,Ałmaty,,
CyprusA_AEKLarnaca,Larnaca,Larnaca,Larnaca,Larnaka,Larnaca,ラルナカ,Larnaca,Ларнака,拉纳卡,拉納卡,拉納卡,라르나카,لارنكا,Larnaca,Larnaka,Larnaca,ลาร์นากา,Larnaca,,,Larnaka,,
Str_National_France_2018,France 2018,France 2018,Francia 2018,Frankreich 2018,Francia 2018,フランス 2018,França 2018,Франция 2018,法国 2018,法國 2018,法國 2018,프랑스 2018,فرنسا 2018,Frankrijk 2018,Fransa 2018,Prancis 2018,ฝรั่งเศส 2018,Pháp 2018,,,Francja 2018,,
Str_National_Argentina_2018,Argentina 2018,Argentine 2018,Argentina 2018,Argentinien 2018,Argentina 2018,アルゼンチン 2018,Argentina 2018,Аргентина 2018,阿根廷 2018,阿根廷 2018,阿根廷 2018,아르헨티나 2018,الأرجنتين 2018,Argentinië 2018,Arjantin 2018,Argentina 2018,อาร์เจนตินา 2018,Argentina 2018,,,Argentyna 2018,,
Str_National_Uruguay_2018,Uruguay 2018,Uruguay 2018,Uruguay 2018,Uruguay 2018,Uruguay 2018,ウルグアイ 2018,Uruguai 2018,Уругвай 2018,乌拉圭 2018,烏拉圭 2018,烏拉圭 2018,우루과이 2018,أوروغواي 2018,Uruguay 2018,Uruguay 2018,Uruguay 2018,อุรุกวัย 2018,Uruguay 2018,,,Urugwaj 2018,,
Str_National_Belgium_2018,Belgium 2018,Belgique 2018,Belgio 2018,Belgien 2018,Bélgica 2018,ベルギー 2018,Bélgica 2018,Бельгия 2018,比利时 2018,比利時 2018,比利時 2018,벨기에 2018,بلجيكا 2018,Belgie 2018,Belçika 2018,Belgia 2018,เบลเยี่ยม 2018,nước Bỉ 2018,,,Belgia 2018,,
Str_National_Croatia_2018,Croatia 2018,Croatie 2018,Croazia 2018,Kroatien 2018,Croacia 2018,クロアチア 2018,Croácia 2018,Хорватия 2018,克罗地亚 2018,克羅埃西亞 2018,克羅埃西亞 2018,크로아티아 2018,كرواتيا 2018,Kroatië 2018,Hırvatistan 2018,Kroasia 2018,โครเอเชีย 2018,Croatia 2018,,,Chorwacja 2018,,
IndonesianLeagueA_PSBSBiak,Biak Numfor,Biak Numfor,Biak Numfor,Biak Numfor,Biak Numfor,ビアク・ヌンフォール,Biak Numfor,Биак-Нумфор,比亚克努姆福尔,比亞克努姆福爾,比亞克努姆福爾,비악눔포르,بيَاك نُمْفُور,Biak Numfor,Biak Numfor,Biak Numfor,เบียก นุมฟอร์,Biak Numfor,,,Biak Numfor,,
ChristmasFC,Christmas FC,FC de Noël,Natale FC,Weihnachts-FC,FC Navideño,クリスマスFC,Natal FC,Рождественский,圣诞节足球俱乐部,聖誕節足球俱樂部,聖誕節足球俱樂部,크리스마스 FC,نادي كريسماس لكرة القدم,Kerst FC,Noel FC,Natal FC,คริสต์มาส เอฟซี,FC Giáng Sinh,,,Świąteczny FC,,
ClassicClub_RBLeipzig_2020,Leipzig 2020,Leipzig 2020,Lipsia 2020,Leipzig 2020,Leipzig 2020,ライプツィヒ 2020,Leipzig 2020,Лейпциг 2020,莱比锡 2020,萊比錫 2020,萊比錫 2020,라이프치히 2020,لايبزيغ 2020,Leipzig 2020,Leipzig 2020,Leipzig 2020,ไลพ์ซิจ 2020,Leipzig 2020,,,Lipsk 2020,,
ClassicClub_Juventus_2019,Torino BW 2019,Torino BW 2019,Torino BW 2019,Turin BW 2019,Turin BW 2019,トリノBW 2019,Torino Preto e branco 2019,Турин Бело-Черный 2019,都灵 黑白 2019,祖雲達斯 2019,祖雲達斯 2019,토리노 BW 2019,تورينو بي دبليو 2019,Torino BW 2019,Torino BW 2019,Torino Hitam Putih 2019,โตริโน 2019,Torino BW 2019,,,Torino BW 2019,,
ClassicClub_Barcelona_2015,Barcelona RB 2015,Barcelone RB 2015,Barcellona RB 2015,Barcelona RB 2015,Barcelona RB 2015,バルセロナRB 2015,Barcelona RB 2015,Барселона РБ 2015,巴塞罗那RB 2015,巴塞隆納RB 2015,巴塞隆拿RB 2015,바르셀로나 RB 2015,برشلونة RB 2015,Barcelona RB 2015,Barcelona RB 2015,Barcelona RB 2015,บาร์เซโลนา RB 2015,Barcelona RB 2015,,,Barcelona RB 2015,,
ThailandLeagueA_KanchanaburiPowerFC,Kanchanaburi,Kanchanaburi,Kanchanaburi,Kanchanaburi,Kanchanaburi,カンチャナブリ,Kanchanaburi,Канчанабури,北碧府,北碧府,北碧府,깐차나부리,كانشانابوري,Kanchanaburi,Kanchanaburi,Kanchanaburi,กาญจนบุรี,Kanchanaburi,,,Kanchanaburi,,
Str_National_Italy_2020,Italy 2020,Italie 2020,Italia 2020,Italien 2020,Italia 2020,イタリア 2020,Itália 2020,Италия 2020,意大利 2020,義大利 2020,義大利 2020,이탈리아 2020,إيطاليا 2020,Italië 2020,İtalya 2020,Italia 2020,อิตาลี 2020,Nước Ý 2020,,,Włochy 2020,,
Str_National_Brazil_1994,Brazil 1994,Brésil 1994,Brasile 1994,Brasilien 1994,Brasil 1994,ブラジル 1994,Brasil 1994,Бразилия 1994,巴西 1994,巴西 1994,巴西 1994,브라질 1994,البرازيل 1994,Brazilië 1994,Brezilya 1994,Brasil 1994,บราซิล 1994,Brazil 1994,,,Brazylia 1994,,
Str_National_Italy_1994,Italy 1994,Italie 1994,Italia 1994,Italien 1994,Italia 1994,イタリア 1994,Itália 1994,Италия 1994,意大利 1994,義大利 1994,義大利 1994,이탈리아 1994,إيطاليا 1994,Italië 1994,İtalya 1994,Italia 1994,อิตาลี 1994,Nước Ý 1994,,,Włochy 1994,,
Str_National_Netherlands_1994,Netherlands 1994,Pays-Bas 1994,Olanda 1994,Niederlande 1994,Países Bajos 1994,オランダ 1994,Holanda 1994,Нидерланды 1994,荷兰 1994,荷蘭 1994,荷蘭 1994,네덜란드 1994,هولندا 1994,Nederland 1994,Hollanda 1994,Belanda 1994,เนเธอร์แลนด์ 1994,Hà Lan 1994,,,Holandia 1994,,
Str_National_Sweden_1994,Sweden 1994,Suède 1994,Svezia 1994,Schweden 1994,Suecia 1994,スウェーデン 1994,Suécia 1994,Швеция 1994,瑞典 1994,瑞典 1994,瑞典 1994,스웨덴 1994,السويد 1994,Zweden 1994,İsveç 1994,Swedia 1994,สวีเดน 1994,Thụy Điển 1994,,,Szwecja 1994,,
ChineseLeagueA_LiaoningTieren,Liaoning,Liaoning,Liaoning,Liaoning,Liaoning,遼寧,Liaoning,Ляонин,辽宁,遼寧,遼寧,랴오닝,لياونينغ,Liaoning,Liaoning,Liaoning,เหลียวหนิง,Liêu Ninh,,,Liaoning,,
ChineseLeagueA_ShenzhenPengCity,Shenzhen,Shenzhen,Shenzhen,Shenzhen,Shenzhen,深圳,Shenzhen,Шэньчжэнь,深圳,深圳,深圳,선전,شنتشن,Shenzhen,Shenzhen,Shenzhen,เซินเจิ้น,Thâm Quyến,,,Shenzhen,,
ChineseLeagueA_ChengduRongcheng,Chengdu,Chengdu,Chengdu,Chengdu,Chengdu,成都,Chengdu,Чэнду,成都,成都,成都,청두,تشنغدو,Chengdu,Chengdu,Chengdu,เฉิงตู,Thành Đô,,,Chengdu,,
ChineseLeagueA_YunnanYukun,Yunnan,Yunnan,Yunnan,Yunnan,Yunnan,雲南,Yunnan,Юньнань,云南,雲南,雲南,윈난,يونان,Yunnan,Yunnan,Yunnan,ยูนนาน,Vân Nam,,,Yunnan,,
ChineseLeagueA_DalianYingbo,Dalian,Dalian,Dalian,Dalian,Dalian,大連,Dalian,Далянь,大连,大連,大連,다롄,داليان,Dalian,Dalian,Dalian,ต้าเหลียน,Đại liên,,,Dalian,,
ChineseLeagueA_ChongqingTonglianglong,Chongqing,Chongqing,Chongqing,Chongqing,Chongqing,重慶,Chongqing,Чунцин,重庆,重慶,重慶,충칭,تشونغ تشينغ,Chongqing,Chongqing,Chongqing,ฉงชิ่ง,Trùng Khánh,,,Chongqing,,
ChineseLeagueA_HenanF.C.,Henan,Henan,Henan,Henan,Henan,河南,Henan,Хэнань,河南,河南,河南,허난,خونان,Henan,Henan,Henan,เหอหนาน,Hà nam,,,Henan,,
ChineseLeagueA_QingdaoWestCoast,Qingdao Yellow,Qingdao Yellow,Qingdao Yellow,Qingdao Yellow,Qingdao Yellow,青島イエロー,Qingdao Yellow,Циндао Жёлтый,青岛 黄,青島 黃, 青島 黃,칭다오 옐로우,تشينغداو الأصفر,Qingdao Yellow,Qingdao Yellow,Qingdao Yellow,ชิงเต่า เหลือง,Thanh Đảo Vàng,,,Qingdao Yellow,,
ChineseLeagueA_QingdaoHainiu,Qingdao Orange,Qingdao Orange,Qingdao Orange,Qingdao Orange,Qingdao Orange,青島オレンジ,Qingdao Orange,Циндао Оранжевый,青岛 橙,青島 橙,青島 橙,칭다오 오렌지,تشينغداو البرتقالي,Qingdao Orange,Qingdao Orange,Qingdao Orange,ชิงเต่า ส้ม,Thanh Đảo Cam,,,Qingdao Orange,,
CompName_ChineseLeagueCup,ChineseLeague Cup,Coupe de Chine,Coppa di Cina,China-Pokal,Copa de China,中国杯,Copa da China,Кубок Китая,中国杯,中國盃,中國盃,차이나컵,كأس الصين,Beker van China,Çin Kupası,Piala Tiongkok,ไชน่า คัพ,Cúp Trung Quốc,,,Puchar Chin,,
CompName_ChineseLeagueSuperCup,ChineseLeague Super Cup,Supercoupe de Chine,Supercoppa di Cina,China-Super-Pokal,Supercopa de China,中国超级杯,Supertaça da China,Суперкубок Китая,中国超级杯,中國超級盃,中國超級盃,중국 슈퍼컵,كأس السوبر الصيني,Chinese Super Cup,Çin Süper Kupası,Piala Super Tiongkok,ไชน่า ซูเปอร์ คัพ,Siêu cúp Trung Quốc,,,Superpuchar Chin,,
Str_National_China_Taipei,Taipei China,Taipei Chine,Taipei Cina,Taipei China,Taipei China,台湾台北,Taipei China,Тайбэй Китай,中国台北,中國臺北,中國臺北,타이페이 중국,تايبيه الصين,Taipei China,Taipei Çin,Cina Taipei,ไทเปประเทศจีน,Đài Bắc Trung Hoa,,,"Tajpej, Chiny",,
Str_National_Monaco,Monaco,Monaco,Monaco,Monaco,Mónaco,モナコ,Mónaco,Монако,摩纳哥,摩納哥,摩納哥,모나코,موناكو,Monaco,Monako,Monaco,โมนาโก,Reims,,,Monako,,
Str_National_San Marino,San Marino,Saint Marin,San Marino,San Marino,San Marino,サンマリノ,San Marino,Сан-Марино,圣马力诺,聖馬利諾,聖馬利諾,산 마리노,سان مارينو,San Marino,San Marino,San Marino,ซานมาริโน,San Marino,,,San Marino,,
Str_National_French_Guiana,French Guiana,Guyane française,Guyana francese,Französisch-Guayana,Guayana Francesa,フランス領ギアナ,Guiana Francesa,Французская Гвиана,法属圭亚那,法屬圭亞那,法屬圭亞那,프랑스령 기아나,غويانا الفرنسية,Frans-Guyana,Fransız Guyanası,Guyana Prancis,เฟรนช์เกียนา,Guiana thuộc Pháp,,,Gujana Francuska,,
Str_National_Saint Kitts and Nevis,Saint Kitts and Nevis,Saint-Kitts-et-Nevis,Saint Kitts e Nevis,St. Kitts und Nevis,San Cristóbal y Nieves,セントクリストファー・ネイビス,São Cristóvão e Neves,Сент-Китс и Невис,圣基茨和尼维斯,聖基茨和尼維斯,聖基茨和尼維斯,세인트키츠 네비스,سانت كيتس ونيفيس,Saint Kitts en Nevis,Saint Kitts ve Nevis,Saint Kitts dan Nevis,เซนต์คิตส์และเนวิส,Saint Kitts và Nevis,,,Saint Kitts i Nevis,,
Str_National_Saint_Lueia,Saint Lucia,Sainte-Lucie,Santa Lucia,St. Lucia,Santa Lucía,セントルシア,Santa Lúcia,Сент-Люсия,圣卢西亚,聖盧西亞,聖盧西亞,세인트루시아,سانت لوسيا,Saint Lucia,Saint Lucia,Saint Lucia,เซนต์ลูเซีย,Saint Lucia,,,Saint Lucia,,
Str_National_Nauru,Nauru,Nauru,Nauru,Nauru,Nauru,ナウル,Nauru,Науру,瑙鲁,瑙魯,瑙魯,나우루,ناورو,Nauru,Nauru,Nauru,นาอูรู,Nauru,,,Nauru,,
Str_National_Papua_New_Cuinea,Papua New Guinea,Papouasie-Nouvelle-Guinée,Papua Nuova Guinea,Papua-Neuguinea,Papúa Nueva Guinea,パプアニューギニア,Papua-Nova Guiné,Папуа-Новая Гвинея,巴布亚新几内亚,巴布亞新幾內亞,巴布亞新幾內亞,파푸아뉴기니,بابوا غينيا الجديدة,Papoea-Nieuw-Guinea,Papua Yeni Gine,Papua Nugini,ปาปัวนิวกินี,Papua New Guinea,,,Papua-Nowa Gwinea,,
Str_National_Mariana_Is,Northern Mariana Islands,Îles Mariannes du Nord,Isole Marianne Settentrionali,Nördliche Marianen,Islas Marianas del Norte,北マリアナ諸島,Ilhas Marianas do Norte,Северные Марианские Острова,马里亚纳群岛,北馬里亞納群島,北馬里亞納群島,북마리아나 제도,جزر ماريانا الشمالية,Noordelijke Marianen,Kuzey Mariana Adaları,Kepulauan Mariana Utara,หมู่เกาะนอร์เทิร์นมาเรียนา,Quần đảo Bắc Mariana,,,Mariany Północne,,
CompName_ChineseLeague,Chinese League,ligue Chinoise,Lega Cinese,Chinesische Liga,Liga China,中国リーグ,LIGA CHINESA,Китайская Лига,中国联赛,中國聯賽,中國聯賽,중국 리그,الدوري الصيني,Chinese League,Çin Ligi,Liga Cina,ลีกจีน,Giải VĐQG Trung Quốc,,,Chińska Liga,,
MajorLeagueA_St.LouisCitySC,St. Louis,St. Louis,St. Louis,St. Louis,St. Louis,セントルイス,St. Louis,Сент-Луис,圣路易斯,聖路易斯,聖路易斯,세인트루이스,سانت لويس,St. Louis,St. Louis,St. Louis,เซนต์หลุยส์,St. Louis,,,St. Louis,,
SaudiArabianLeagueA_NEOM,Tabuk,Tabuk,Tabuk,Tabuk,Tabuk,タブーク,Tabuk,Табук,塔布克,塔布克,塔布克,타북,تبوك,Tabuk,Tabuk,Tabuk,ตะบูก,Tabuk,,,Tabuk,,
SaudiArabianLeagueA_Al-Najma,Unaizah,Unaizah,Unaizah,Unaizah,Unaizah,ウナイザ,Unaizah,Унайза,欧奈宰,歐奈宰,歐奈宰,우나이자,عنيزة,Unaizah,Unaizah,Unaizah,อูไนซาห์,Unaizah,,,Unaizah,,
Str_National_Brazil_1998,Brazil 1998,Brésil 1998,Brasile 1998,Brasilien 1998,Brasil 1998,ブラジル 1998,Brasil 1998,Бразилия 1998,巴西 1998,巴西 1998,巴西 1998,브라질 1998,البرازيل 1998,Brazilië 1998,Brezilya 1998,Brasil 1998,บราซิล 1998,Brazil 1998,,,Brazylia 1998,,
Str_National_Italy_2006,Italy 2006,Italie 2006,Italia 2006,Italien 2006,Italia 2006,イタリア 2006,Itália 2006,Италия 2006,意大利 2006,義大利 2006,義大利 2006,이탈리아 2006,إيطاليا 2006,Italië 2006,İtalya 2006,Italia 2006,อิตาลี 2006,Nước Ý 2006,,,Włochy 2006,,
Str_National_France_2006,France 2006,France 2006,Francia 2006,Frankreich 2006,Francia 2006,フランス 2006,França 2006,Франция 2006,法国 2006,法國 2006,法國 2006,프랑스 2006,فرنسا 2006,Frankrijk 2006,Fransa 2006,Prancis 2006,ฝรั่งเศส 2006,Pháp 2006,,,Francja 2006,,
Str_National_Netherlands_2010,Netherlands 2010,Pays-Bas 2010,Olanda 2010,Niederlande 2010,Países Bajos 2010,オランダ 2010,Holanda 2010,Нидерланды 2010,荷兰 2010,荷蘭 2010,荷蘭 2010,네덜란드 2010,هولندا 2010,Nederland 2010,Hollanda 2010,Belanda 2010,เนเธอร์แลนด์ 2010,Hà Lan 2010,,,Holandia 2010,,
Str_National_Argentina_2022,Argentina 2022,Argentine 2022,Argentina 2022,Argentinien 2022,Argentina 2022,アルゼンチン 2022,Argentina 2022,Аргентина 2022,阿根廷 2022,阿根廷 2022,阿根廷 2022,아르헨티나 2022,الأرجنتين 2022,Argentinië 2022,Arjantin 2022,Argentina 2022,อาร์เจนตินา 2022,Argentina 2022,,,Argentyna 2022,,
Str_National_France_2022,France 2022,France 2022,Francia 2022,Frankreich 2022,Francia 2022,フランス 2022,França 2022,Франция 2022,法国 2022,法國 2022,法國 2022,프랑스 2022,فرنسا 2022,Frankrijk 2022,Fransa 2022,Prancis 2022,ฝรั่งเศส 2022,Pháp 2022,,,Francja 2022,,
Str_National_Portugal_2018,Portugal 2018,Portugal 2018,Portogallo 2018,Portugal 2018,Portugal 2018,ポルトガル 2018,Portugal 2018,Португалия 2018,葡萄牙 2018,葡萄牙 2018,葡萄牙 2018,포르투갈 2018,البرتغال 2018,Portugal 2018,Portekiz 2018,Portugal 2018,โปรตุเกส 2018,Bồ Đào Nha 2018,,,Portugalia 2018,,
Str_National_Spain_2018,Spain 2018,Espagne 2018,Spagna 2018,Spanien 2018,España 2018,スペイン2018,Espanha 2018,Испания 2018,西班牙 2018,西班牙 2018,西班牙 2018,스페인 2018,إسبانيا 2018,Spanje 2018,İspanya 2018,Spanyol 2018,สเปน 2018,Tây Ban Nha 2018,,,Hiszpania 2018,,
Str_National_Brazil_2022,Brazil 2022,Brésil 2022,Brasile 2022,Brasilien 2022,Brasil 2022,ブラジル 2022,Brasil 2022,Бразилия 2022,巴西 2022,巴西 2022,巴西 2022,브라질 2022,البرازيل 2022,Brazilië 2022,Brezilya 2022,Brazil 2022,บราซิล 2022,Brazil 2022,,,Brazylia 2022,,
Str_National_Colombia_2014,Colombia 2014,Colombie 2014,Colombia 2014,Kolumbien 2014,Colombia 2014,コロンビア 2014,Colômbia 2014,Колумбия 2014,哥伦比亚 2014,哥倫比亞 2014,哥倫比亞 2014,콜롬비아 2014,كولومبيا 2014,Colombia 2014,Kolombiya 2014,Kolombia 2014,โคลอมเบีย 2014,Colombia 2014,,,Kolumbia 2014,,
Str_National_Uruguay_2014,Uruguay 2014,Uruguay 2014,Uruguay 2014,Uruguay 2014,Uruguay 2014,ウルグアイ 2014,Uruguai 2014,Уругвай 2014,乌拉圭 2014,烏拉圭 2014,烏拉圭 2014,우루과이 2014,أوروغواي 2014,Uruguay 2014,Uruguay 2014,Uruguay 2014,อุรุกวัย 2014,Uruguay 2014,,,Urugwaj 2014,,
Str_National_Ghana_2014,Ghana 2014,Ghana 2014,Ghana 2014,Ghana 2014,Ghana 2014,ガーナ 2014,Gana 2014,Гана 2014,加纳 2014,迦纳 2014,迦纳 2014,가나 2014,غانا 2014,Ghana 2014,Gana 2014,Ghana 2014,กานา 2014,Ghana 2014,,,Ghana 2014,,
Str_National_Nigeria_2014,Nigeria 2014,Nigéria 2014,Nigeria 2014,Nigeria 2014,Nigeria 2014,ナイジェリア 2014,Nigéria 2014,Нигерия 2014,尼日利亚 2014,奈及利亞 2014,奈及利亞 2014,나이지리아 2014,نيجيريا 2014,Nigeria 2014,Nijerya 2014,Nigeria 2014,ไนจีเรีย 2014,Nigeria 2014,,,Nigeria 2014,,
Str_National_Mexico_2022,Mexico 2022,Mexique 2022,Messico 2022,Mexiko 2022,México 2022,メキシコ 2022,México 2022,Мексика 2022,墨西哥 2022,墨西哥 2022,墨西哥 2022,멕시코 2022,المكسيك 2022,Mexico 2022,Meksika 2022,Meksiko 2022,เม็กซิโก 2022,Mexico 2022,,,Meksyk 2022,,
Str_National_England_2018,England 2018,Angleterre 2018,Inghilterra 2018,England 2018,Inglaterra 2018,イングランド 2018,Inglaterra 2018,Англия 2018,英格兰 2018,英格蘭 2018,英格蘭 2018,영국 2018,إنكلترا 2018,Engeland 2018,İngiltere 2018,Inggris 2018,อังกฤษ 2018,nước Anh 2018,,,Anglia 2018,,
Str_National_Ivory_Coast_2014,Ivory Coast 2014,Côte d'Ivoire 2014,Costa d'Avorio 2014,Elfenbeinküste 2014,Costa de Marfil 2014,コートジボワール 2014,Costa do Marfim 2014,Кот-д'Ивуар 2014,科特迪瓦 2014,象牙海岸 2014,象牙海岸 2014,코트디부아르 2014,ساحل العاج 2014,Ivoorkust 2014,Fildişi Sahili 2014,Pantai Gading 2014,ไอวอรีโคสต์ 2014,Bờ Biển Ngà 2014,,,Wybrzeże Kości Słoniowej 2014,,
Str_National_Russia_2018,Russia 2018,Russie 2018,Russia 2018,Russland 2018,Rusia 2018,ロシア 2018,Rússia 2018,Россия 2018,俄罗斯 2018,俄羅斯 2018,俄羅斯 2018,러시아 2018,روسيا 2018,Rusland 2018,Rusya 2018,Rusia 2018,รัสเซีย 2018,Nga 2018,,,Rosja 2018,,
Str_National_Ghana_2022,Ghana 2022,Ghana 2022,Ghana 2022,Ghana 2022,Ghana 2022,ガーナ 2022,Gana 2022,Гана 2022,加纳 2022,迦纳 2022,迦纳 2022,가나 2022,غانا 2022,Ghana 2022,Gana 2022,Ghana 2022,กานา 2022,Ghana 2022,,,Ghana 2022,,
Str_National_Portugal_2022,Portugal 2022,Portugal 2022,Portogallo 2022,Portugal 2022,Portugal 2022,ポルトガル 2022,Portugal 2022,Португалия 2022,葡萄牙 2022,葡萄牙 2022,葡萄牙 2022,포르투갈 2022,البرتغال 2022,Portugal 2022,Portekiz 2022,Portugal 2022,โปรตุเกส 2022,Bồ Đào Nha 2022,,,Portugalia 2022,,
Str_National_Croatia_2014,Croatia 2014,Croatie 2014,Croazia 2014,Kroatien 2014,Croacia 2014,クロアチア 2014,Croácia 2014,Хорватия 2014,克罗地亚 2014,克羅埃西亞 2014,克羅埃西亞 2014,크로아티아 2014,كرواتيا 2014,Kroatië 2014,Hırvatistan 2014,Kroasia 2014,โครเอเชีย 2014,Croatia 2014,,,Chorwacja 2014,,
Str_National_Croatia_2022,Croatia 2022,Croatie 2022,Croazia 2022,Kroatien 2022,Croacia 2022,クロアチア 2022,Croácia 2022,Хорватия 2022,克罗地亚 2022,克羅埃西亞 2022,克羅埃西亞 2022,크로아티아 2022,كرواتيا 2022,Kroatië 2022,Hırvatistan 2022,Kroasia 2022,โครเอเชีย 2022,Croatia 2022,,,Chorwacja 2022,,
Str_National_England_1966,England 1966,Angleterre 1966,Inghilterra 1966,England 1966,Inglaterra 1966,イングランド 1966,Inglaterra 1966,Англия 1966,英格兰 1966,英格蘭 1966,英格蘭 1966,영국 1966,إنكلترا 1966,Engeland 1966,İngiltere 1966,Inggris 1966,อังกฤษ 1966,nước Anh 1966,,,Anglia 1966,,
Str_National_Argentina_1966,Argentina 1966,Argentine 1966,Argentina 1966,Argentinien 1966,Argentina 1966,アルゼンチン 1966,Argentina 1966,Аргентина 1966,阿根廷 1966,阿根廷 1966,阿根廷 1966,아르헨티나 1966,الأرجنتين 1966,Argentinië 1966,Arjantin 1966,Argentina 1966,อาร์เจนตินา 1966,Argentina 1966,,,Argentyna 1966,,
Str_National_Portugal_1966,Portugal 1966,Portugal 1966,Portogallo 1966,Portugal 1966,Portugal 1966,ポルトガル 1966,Portugal 1966,Португалия 1966,葡萄牙 1966,葡萄牙 1966,葡萄牙 1966,포르투갈 1966,البرتغال 1966,Portugal 1966,Portekiz 1966,Portugal 1966,โปรตุเกส 1966,Bồ Đào Nha 1966,,,Portugalia 1966,,
Str_National_Germany_1966,Germany 1966,Allemagne 1966,Germania 1966,Deutschland 1966,Alemania 1966,ドイツ 1966,Alemanha 1966,Германия 1966,德国 1966,德國 1966,德國 1966,독일 1966,ألمانيا 1966,Duitsland 1966,Almanya 1966,Jerman 1966,เยอรมนี 1966,nước Đức 1966,,,Niemcy 1966,,
Str_National_China_Macao,Macau China,Macao Chine,Macao Cina,Macau China,Macao China,中国マカオ,Macau China,Макао Китай ,中国澳门,中國澳門,中國澳門,마카오 중국,ماكاو الصين,Macau China,Makao Çin,Makau Tiongkok,มาเก๊า จีน ,Ma Cao Trung Quốc,,,Makau Chiny,,
YoungTalentFC,Young Talent FC,Young Talent FC,Young Talent FC,Young Talent FC,Young Talent FC,ヤングタレントFC,Young Talent FC,Молодые Таланты ФК,青年才俊队,青年才俊隊,青年才俊隊,젊은 재능 FC,المواهب الشابة إف سي,Young Talent FC,Young Talent FC,Young Talent FC,นักเตะดาวรุ่ง เอฟซี,Young Talent FC,,,,,
