id,name,flag,nameAbbr,Nation,City_Name,classification,realname,realnameAbbr,Secondary classification,staticRating
150,System,Brazil,SYS,Brazil,,System,,,,83
151,AllStar,Brazil,SYS,Brazil,,System,,,,83
152,SpecialPlayer,Brazil,SYS,Brazil,,System,,,,83
153,Duplicates,Brazil,SYS,Brazil,,System,,,,73
201,DraftTeam,ChallengeEvent,ESP,Spain,,System,,,,84
202,EraFinaleTeam,ChallengeEvent,EFT,Germany,,System,,,,84
203,EasterFC,ChallengeEvent_Easter,EFC,Brazil,,System,,,,85
204,ChristmasFC,ChallengeEvent,CFC,Brazil,,System,,,,95
205,WorldCupEventTeam,ChallengeEvent,BRA,Brazil,,System,,,,70
206,YoungTalentFC,ChallengeEvent,YTF,Brazil,,System,,,,84
10001,Str_National_Brazil,Brazil,BRA,Brazil,,South America,,,,83
10002,Str_National_Algeria,Algeria,ALG,Algeria,,Africa,,,,75
10003,Str_National_Argentina,Argentina,ARG,Argentina,,South America,,,,83
10004,Str_National_Australia,Australia,AUS,Australia,,Asia,,,,70
10005,Str_National_Belgium,Belgium,BEL,Belgium,,Europe,,,,80
10006,Str_National_Bosnia_and_Herzegovina,Bosnia_and_Herzegovina,BIH,Bosnia_and_Herzegovina,,Europe,,,,70
10007,Str_National_Cameroon,Cameroon,CMR,Cameroon,,Africa,,,,74
10008,Str_National_Chile,Chile,CHI,Chile,,South America,,,,73
10009,Str_National_Colombia,Colombia,COL,Colombia,,South America,,,,77
10010,Str_National_Costa_Rica,Costa_Rica,CRC,Costa_Rica,,North America,,,,67
10011,Str_National_Croatia,Croatia,CRO,Croatia,,Europe,,,,79
10012,Str_National_Denmark,Denmark,DEN,Denmark,,Europe,,,,79
10013,Str_National_Ecuador,Ecuador,ECU,Ecuador,,South America,,,,75
10014,Str_National_Egypt,Egypt,EGY,Egypt,,Africa,,,,72
10015,Str_National_England,England,ENG,England,,Europe,,,,84
10016,Str_National_France,France,FRA,France,,Europe,,,,85
10017,Str_National_Germany,Germany,GER,Germany,,Europe,,,,83
10018,Str_National_Ghana,Ghana,GHA,Ghana,,Africa,,,,74
10019,Str_National_Greece,Greece,GRE,Greece,,Europe,,,,74
10020,Str_National_Honduras,Honduras,HON,Honduras,,North America,,,,66
10021,Str_National_Iceland,Iceland,ISL,Iceland,,Europe,,,,69
10022,Str_National_Iran,Iran,IRN,Iran,,Asia,,,,70
10023,Str_National_Italy,Italy,ITA,Italy,,Europe,,,,82
10024,Str_National_Ivory_Coast,Ivory_Coast,CIV,Ivory_Coast,,Africa,,,,76
10025,Str_National_Japan,Japan,JPN,Japan,,Asia,,,,76
10026,Str_National_Mexico,Mexico,MEX,Mexico,,North America,,,,73
10027,Str_National_Morocco,Morocco,MAR,Morocco,,Africa,,,,78
10028,Str_National_Netherlands,Netherlands,NED,Netherlands,,Europe,,,,82
10029,Str_National_Nigeria,Nigeria,NGA,Nigeria,,Africa,,,,77
10030,Str_National_Panama,Panama,PAN,Panama,,North America,,,,70
10031,Str_National_Peru,Peru,PER,Peru,,South America,,,,72
10032,Str_National_Poland,Poland,POL,Poland,,Europe,,,,77
10033,Str_National_Portugal,Portugal,POR,Portugal,,Europe,,,,84
10034,Str_National_Russia,Russia,RUS,Russia,,Europe,,,,73
10035,Str_National_Saudi_Arabia,Saudi_Arabia,KSA,Saudi_Arabia,,Asia,,,,70
10036,Str_National_Senegal,Senegal,SEN,Senegal,,Africa,,,,78
10037,Str_National_Serbia,Serbia,SRB,Serbia,,Europe,,,,78
10038,Str_National_South_Korea,South_Korea,KOR,South_Korea,,Asia,,,,74
10039,Str_National_Spain,Spain,ESP,Spain,,Europe,,,,83
10040,Str_National_Switzerland,Switzerland,SUI,Switzerland,,Europe,,,,79
10041,Str_National_Sweden,Sweden,SWE,Sweden,,Europe,,,,73
10042,Str_National_Tunisia,Tunisia,TUN,Tunisia,,Africa,,,,70
10043,Str_National_United_States,United_States,USA,United_States,,North America,,,,77
10044,Str_National_Uruguay,Uruguay,URU,Uruguay,,South America,,,,80
10045,Str_National_Qatar,Qatar,QAT,Qatar,,Asia,,,,64
10046,Str_National_Canada,Canada,CAN,Canada,,North America,,,,76
10047,Str_National_South_Africa,South_Africa,RSA,South_Africa,,Africa,,,,70
10048,Str_National_Slovenia,Slovenia,SVN,Slovenia,,Europe,,,,75
10049,Str_National_Paraguay,Paraguay,PAR,Paraguay,,South America,,,,74
10050,Str_National_Slovakia,Slovakia,SVK,Slovakia,,Europe,,,,75
10051,Str_National_New_Zealand,New_Zealand,NZL,New_Zealand,,Oceania,,,,68
10052,Str_National_North_Korea,North_Korea,PRK,North_Korea,,Asia,,,,67
10053,Str_National_Yugoslavia,Yugoslavia,YUG,Yugoslavia,,Europe,,,,71
10054,Str_National_Trinidad_and_Tobago,Trinidad_and_Tobago,TRI,Trinidad_and_Tobago,,North America,,,,67
10055,Str_National_Angola,Angola,ANG,Angola,,Africa,,,,69
10056,Str_National_Czech_Republic,Czech_Republic,CZE,Czech_Republic,,Europe,,,,76
10057,Str_National_Togo,Togo,TOG,Togo,,Africa,,,,67
10058,Str_National_Ukraine,Ukraine,UKR,Ukraine,,Europe,,,,78
10059,Str_National_China,China,CHN,China,,Asia,,,,68
10060,Str_National_Turkey,Turkey,TUR,Turkey,,Europe,,,,77
10061,Str_National_Ireland,Ireland,IRL,Ireland,,Europe,,,,72
10062,Str_National_Norway,Norway,NOR,Norway,,Europe,,,,78
10063,Str_National_Scotland,Scotland,SCO,Scotland,,Europe,,,,77
10064,Str_National_Austria,Austria,AUT,Austria,,Europe,,,,80
10065,Str_National_Bulgaria,Bulgaria,BUL,Bulgaria,,Europe,,,,69
10066,Str_National_Romania,Romania,ROU,Romania,,Europe,,,,73
10067,Str_National_Jamaica,Jamaica,JAM,Jamaica,,North America,,,,72
10068,Str_National_Venezuela,Venezuela,VEN,Venezuela,,South America,,,,72
10069,Str_National_Bolivia,Bolivia,BOL,Bolivia,,South America,,,,68
10070,Str_National_Wales,Wales,WAL,Wales,,Europe,,,,75
10071,Str_National_Finland,Finland,FIN,Finland,,Europe,,,,71
10072,Str_National_FYR_MACEDONIA,FYR_MACEDONIA,MKD,FYR_MACEDONIA,,Europe,,,,73
10073,Str_National_Hungary,Hungary,HUN,Hungary,,Europe,,,,75
10074,Str_National_Albania,Albania,ALB,Albania,,Europe,,,,72
10075,Str_National_NORTHERN_IRELAND,NORTHERN_IRELAND,NIR,NORTHERN_IRELAND,,Europe,,,,69
10076,Str_National_Latvia,Latvia,LVA,Latvia,,Europe,,,,70
10077,Str_National_United_Arab_Emirates,United_Arab_Emirates,UAE,United_Arab_Emirates,,Asia,,,,69
10078,Str_National_Thailand,Thailand,THA,Thailand,,Asia,,,,61
10079,Str_National_Bahrain,Bahrain,BHR,Bahrain,,Asia,,,,64
10080,Str_National_India,India,IND,India,,Asia,,,,60
10081,Str_National_Jordan,Jordan,JOR,Jordan,,Asia,,,,64
10082,Str_National_Palestine,Palestine,PLE,Palestine,,Asia,,,,64
10083,Str_National_Syria,Syria,SYR,Syria,,Asia,,,,66
10084,Str_National_Kyrgyzstan,Kyrgyzstan,KGZ,Kyrgyzstan,,Asia,,,,64
10085,Str_National_Philippines,Philippines,PHI,Philippines,,Asia,,,,65
10086,Str_National_Yemen,Yemen,YEM,Yemen,,Asia,,,,68
10087,Str_National_Vietnam,Vietnam,VIE,Vietnam,,Asia,,,,62
10088,Str_National_Iraq,Iraq,IRQ,Iraq,,Asia,,,,66
10089,Str_National_Lebanon,Lebanon,LIB,Lebanon,,Asia,,,,62
10090,Str_National_Turkmenistan,Turkmenistan,TKM,Turkmenistan,,Asia,,,,68
10091,Str_National_Oman,Oman,YEM,Oman,,Asia,,,,64
10092,Str_National_Uzbekistan,Uzbekistan,UZB,Uzbekistan,,Asia,,,,69
10093,Str_National_Kuwait,Kuwait,KUW,Kuwait,,Asia,,,,67
10094,Str_National_Malaysia,Malaysia,MAS,Malaysia,,Asia,,,,64
10095,Str_National_Indonesia,Indonesia,IDN,Indonesia,,Asia,,,,69
10096,Str_National_Burkina_Faso,Burkina_Faso,BFA,Burkina_Faso,,Africa,,,,71
10097,Str_National_Cape_Verde,Cape_Verde,CPV,Cape_Verde,,Africa,,,,69
10098,Str_National_Ethiopia,Ethiopia,ETH,Ethiopia,,Africa,,,,62
10099,Str_National_Guinea,Guinea,GUI,Guinea,,Africa,,,,72
10100,Str_National_Malawi,Malawi,MWI,Malawi,,Africa,,,,61
10101,Str_National_Zimbabwe,Zimbabwe,ZIM,Zimbabwe,,Africa,,,,64
10102,Str_National_Gabon,Gabon,GAB,Gabon,,Africa,,,,70
10103,Str_National_Comoros,Comoros,COM,Comoros,,Africa,,,,67
10104,Str_National_Sudan,Sudan,SDN,Sudan,,Africa,,,,56
10105,Str_National_Guinea_Bissau,Guinea_Bissau,GNB,Guinea_Bissau,,Africa,,,,69
10106,Str_National_Equatorial_Guinea,Equatorial_Guinea,EQG,Equatorial_Guinea,,Africa,,,,67
10107,Str_National_Sierra_Leone,Sierra_Leone,SLE,Sierra_Leone,,Africa,,,,64
10108,Str_National_Mali,Mali,MLI,Mali,,Africa,,,,71
10109,Str_National_Gambia,Gambia,GAM,Gambia,,Africa,,,,68
10110,Str_National_Mauritania,Mauritania,MTN,Mauritania,,Africa,,,,65
10111,Str_National_Uganda,Uganda,UGA,Uganda,,Africa,,,,62
10112,Str_National_DR_CONGO,DR_CONGO,COD,DR_CONGO,,Africa,,,,74
10113,Str_National_Madagascar,Madagascar,MAD,Madagascar,,Africa,,,,67
10114,Str_National_Burundi,Burundi,BDI,Burundi,,Africa,,,,64
10115,Str_National_Kenya,Kenya,KEN,Kenya,,Africa,,,,64
10116,Str_National_Tanzania,Tanzania,TAN,Tanzania,,Africa,,,,61
10117,Str_National_Namibia,Namibia,NAM,Namibia,,Africa,,,,66
10118,Str_National_Benin,Benin,BEN,Benin,,Africa,,,,66
10119,Str_National_Zambia,Zambia,ZAM,Zambia,,Africa,,,,63
10120,Str_National_CONGO,CONGO,CGO,CONGO,,Africa,,,,67
10121,Str_National_Niger,Niger,NIG,Niger,,Africa,,,,65
10122,Str_National_El_Salvador,El_Salvador,SLV,El_Salvador,,North America,,,,64
10123,Str_National_Guatemala,Guatemala,GUA,Guatemala,,North America,,,,63
10124,Str_National_Haiti,Haiti,HAI,Haiti,,North America,,,,69
10125,Str_National_Martinique,Martinique,MTQ,Martinique,,North America,,,,64
10126,Str_National_Suriname,Suriname,SUR,Suriname,,North America,,,,68
10127,Str_National_Guadeloupe,Guadeloupe,GLP,Guadeloupe,,North America,,,,64
10128,Str_National_Grenada,Grenada,GRN,Grenada,,North America,,,,59
10129,Str_National_Cuba,Cuba,CUB,Cuba,,North America,,,,61
10130,Str_National_Bermuda,Bermuda,BER,Bermuda,,North America,,,,62
10131,Str_National_Nicaragua,Nicaragua,NCA,Nicaragua,,North America,,,,63
10132,Str_National_Curacao,Curacao,CUW,Curacao,,North America,,,,70
10133,Str_National_Guyana,Guyana,GUY,Guyana,,North America,,,,61
10134,Str_National_French_guiana,French_guiana,GUF,French_guiana,,North America,,,,64
10135,Str_National_Belize,Belize,BLZ,Belize,,North America,,,,60
10136,Str_National_Tajikistan,Tajikistan,TJK,Tajikistan,,Asia,,,,64
10137,Str_National_China_Hong_Kong,CHINA_HONG_KONG,HKG,CHINA_HONG_KONG,,Asia,,,,64
10138,Str_National_Bangladesh,Bangladesh,BAN,Bangladesh,,Asia,,,,63
10139,Str_National_Myanmar,Myanmar,MYA,Myanmar,,Asia,,,,61
10140,Str_National_Pakistan,Pakistan,PAK,Pakistan,,Asia,,,,58
10141,Str_National_Libya,Libya,LBY,Libya,,Africa,,,,62
10142,Str_National_Mozambique,Mozambique,MOZ,Mozambique,,Africa,,,,66
10143,Str_National_Saint_Kitts_and_Nevis,Saint_Kitts_and_Nevis,SKN,Saint Kitts and Nevis,,North America,,,,62
10144,Str_National_Israel,Israel,ISR,Israel,,Europe,,,,71
10145,Str_National_Kazakhstan,Kazakhstan,KAZ,Kazakhstan,,Europe,,,,67
10146,Str_National_Rwanda,Rwanda,RWA,Rwanda,,Africa,,,,62
10147,Str_National_Argentina_1990,Argentina,ARG,Argentina,,South America,,,,80
10148,Str_National_Brazil_2002,Brazil,BRA,Brazil,,South America,,,,84
10149,Str_National_Germany_2002,Germany,GER,Germany,,Europe,,,,82
10150,Str_National_Turkey_2002,Turkey,TUR,Turkey,,Europe,,,,76
10151,Str_National_England_2002,England,ENG,England,,Europe,,,,81
10152,Str_National_Netherlands_1990,Netherlands,NED,Netherlands,,Europe,,,,81
10153,Str_National_Germany_1990,Germany,DEU,Germany,,Europe,,,,83
10154,Str_National_Yugoslavia_1990,Yugoslavia,YUG,Yugoslavia,,Europe,,,,76
10155,Str_National_San_Marino,San_Marino,SMR,San Marino,,Europe,,,,55
10156,Str_National_Georgia,Georgia,GEO,Georgia,,Europe,,,,71
10157,Str_National_Belarus,Belarus,BLR,Belarus,,Europe,,,,66
10158,Str_National_Afghanistan,Afghanistan,AFG,Afghanistan,,Asia,,,,57
10159,Str_National_Singapore,Singapore,SGP,Singapore,,Asia,,,,62
10160,Str_National_France_1998,France,FRA,France,,Europe,,,,83
10161,Str_National_Montenegro,Montenegro,MNE,Montenegro,,Europe,,,,70
10162,Str_National_Luxembourg,Luxembourg,LUX,Luxembourg,,Europe,,,,68
10163,Str_National_Armenia,Armenia,ARM,Armenia,,Europe,,,,66
10164,Str_National_Kosovo,Kosovo,KVX,Kosovo,,Europe,,,,74
10165,Str_National_Azerbaijan,Azerbaijan,AZE,Azerbaijan,,Europe,,,,67
10166,Str_National_Estonia,Estonia,EST,Estonia,,Europe,,,,61
10167,Str_National_Cyprus,Cyprus,CYP,Cyprus,,Europe,,,,66
10168,Str_National_Faroe_Islands,Faroe_Islands,FRO,Faroe_Islands,,Europe,,,,62
10169,Str_National_Lithuania,Lithuania,LTU,Lithuania,,Europe,,,,64
10170,Str_National_Moldova,Moldova,MDA,Moldova,,Europe,,,,65
10171,Str_National_Andorra,Andorra,AND,Andorra,,Europe,,,,61
10172,Str_National_Malta,Malta,MLT,Malta,,Europe,,,,61
10173,Str_National_Liechtenstein,Liechtenstein,LIE,Liechtenstein,,Europe,,,,61
10174,Str_National_Gibraltar,Gibraltar,GIB,Gibraltar,,Europe,,,,60
10175,Str_National_CHINESE_TAIPEI,Chinese_Taipei,TPE,Chinese_Taipei,,Asia,,,,60
10176,Str_National_Maldives,Maldives,MDV,Maldives,,Asia,,,,60
10177,Str_National_Nepal,Nepal,NEP,Nepal,,Asia,,,,58
10178,Str_National_Cambodia,Cambodia,CAM,Cambodia,,Asia,,,,59
10179,Str_National_Bhutan,Bhutan,BHU,Bhutan,,Asia,,,,58
10180,Str_National_CHINA_MACAO,China_Macao,MAC,China_Macao,,Asia,,,,59
10181,Str_National_Laos,Laos,LAO,Laos,,Asia,,,,57
10182,Str_National_Mongolia,Mongolia,MGL,Mongolia,,Asia,,,,57
10183,Str_National_Brunei,Brunei,BRU,Brunei,,Asia,,,,58
10184,Str_National_TIMOR_LESTE,Timor_Leste,TLS,Timor_Leste,,Asia,,,,55
10185,Str_National_Sri_Lanka,Sri_Lanka,SRI,Sri_Lanka,,Asia,,,,61
10186,Str_National_Guam,Guam,GUM,Guam,,Asia,,,,57
10187,Str_National_Central_African_Republic,Central_African_Republic,CTA,Central_African_Republic,,Africa,,,,59
10188,Str_National_Botswana,Botswana,BOT,Botswana,,Africa,,,,60
10189,Str_National_Swaziland,Eswatini,SWZ,Eswatini,,Africa,,,,57
10190,Str_National_Lesotho,Lesotho,LES,Lesotho,,Africa,,,,59
10191,Str_National_Liberia,Liberia,LBR,Liberia,,Africa,,,,62
10192,Str_National_South_Sudan,South_Sudan,RSA,South_Sudan,,Africa,,,,57
10193,Str_National_Chad,Chad,CHA,Chad,,Africa,,,,58
10194,Str_National_Mauritius,Mauritius,MRI,Mauritius,,Africa,,,,59
10195,Str_National_Sao_Tome_and_Principe,Sao_Tome_and_Principe,STP,Sao_Tome_and_Principe,,Africa,,,,59
10196,Str_National_Djibouti,Djibouti,DJI,Djibouti,,Africa,,,,58
10197,Str_National_Seychelles,Seychelles,SEY,Seychelles,,Africa,,,,58
10198,Str_National_Somalia,Somalia,SOM,Somalia,,Africa,,,,58
10199,Str_National_Antigua_and_Barbuda,Antigua_and_Barbuda,ATG,Antigua_and_Barbuda,,North America,,,,58
10200,Str_National_Dominican_Republic,Dominican_Republic,DOM,Dominican_Republic,,North America,,,,62
10201,Str_National_Puerto_Rico,Puerto_Rico,PUR,Puerto_Rico,,North America,,,,56
10202,Str_National_Saint_Lucia,Saint_Lucia,LCA,Saint_Lucia,,North America,,,,59
10203,Str_National_Saint_Vincent_and_the_Grenadines,Saint_Vincent_and_the_Grenadines,VIN,Saint_Vincent_and_the_Grenadines,,North America,,,,57
10204,Str_National_Barbados,Barbados,BRB,Barbados,,North America,,,,59
10205,Str_National_Solomon_Islands,Solomon_Islands,SOL,Solomon_Islands,,Oceania,,,,59
10206,Str_National_New_Caledonia,New_Caledonia,NCL,New_Caledonia,,Oceania,,,,59
10207,Str_National_Tahiti,Tahiti,TAH,Tahiti,,Oceania,,,,57
10208,Str_National_Papua_New_Guinea,Papua_New_Guinea,PNG,Papua_New_Guinea,,Oceania,,,,60
10209,Str_National_Fiji,Fiji,FIJ,Fiji,,Oceania,,,,61
10210,Str_National_Argentina_1986,Argentina,ARG,Argentina,,South America,,,,86
10211,Str_National_Italy_1986,Italy,ITA,Italy,,Europe,,,,84
10212,Str_National_England_1986,England,ENG,England,,Europe,,,,82
10213,Str_National_Germany_1986,Germany,GER,Germany,,Europe,,,,85
10214,Str_National_Eritrea,Eritrea,ERI,Eritrea,,Africa,,,,62
10215,Str_National_Vanuatu,Vanuatu,VAN,Vanuatu,,Oceania,,,,62
10216,Str_National_Tonga,Tonga,TON,Tonga,,Oceania,,,,61
10217,Str_National_Samoa,Samoa,SAM,Samoa,,Oceania,,,,62
10218,Str_National_American_Samoa,American_Samoa,ASM,American_Samoa,,Oceania,,,,61
10219,Str_National_Cook_Islands,Cook_Islands,CKI,Cook_Islands,,Oceania,,,,61
10220,Str_National_Dominica,Dominica,DOM,Dominica,,North America,,,,61
10221,Str_National_Montserrat,Montserrat,MON,Montserrat,,North America,,,,62
10222,Str_National_Aruba,Aruba,ARU,Aruba,,North America,,,,61
10223,Str_National_Bahamas,Bahamas,BAH,Bahamas,,North America,,,,61
10224,Str_National_Cayman_Islands,Cayman_Islands,CMI,Cayman_Islands,,North America,,,,61
10225,Str_National_Anguilla,Anguilla,ANG,Anguilla,,North America,,,,62
10226,Str_National_Turks_and_Caicos_Islands,Turks_and_Caicos_Islands,TCI,Turks_and_Caicos_Islands,,North America,,,,62
10227,Str_National_British_Virgin_Islands,British_Virgin_Islands,BVI,British_Virgin_Islands,,North America,,,,62
10228,Str_National_United_States_Virgin_Islands,United_States_Virgin_Islands,UVI,United_States_Virgin_Islands,,North America,,,,62
10999,Str_National_England_W,England,ENG,England,,Europe,,,,83
10998,Str_National_France_W,France,FRA,France,,Europe,,,,81
10997,Str_National_Germany_W,Germany,GER,Germany,,Europe,,,,81
10996,Str_National_United_States_W,United_States,USA,United_States,,North America,,,,85
10995,Str_National_Canada_W,Canada,CAN,Canada,,North America,,,,79
10994,Str_National_Sweden_W,Sweden,SWE,Sweden,,Europe,,,,77
10993,Str_National_Netherlands_W,Netherlands,NED,Netherlands,,Europe,,,,77
10992,Str_National_Brazil_W,Brazil,BRA,Brazil,,South America,,,,80
10991,Str_National_Spain_W,Spain,ESP,Spain,,Europe,,,,84
10990,Str_National_Norway_W,Norway,NOR,Norway,,Europe,,,,78
10989,Str_National_Scotland_W,Scotland,SCO,Scotland,,Europe,,,,75
10988,Str_National_Mexico_W,Mexico,MEX,Mexico,,North America,,,,73
10987,Str_National_Belgium_W,Belgium,BEL,Belgium,,Europe,,,,72
10986,Str_National_China_W,China,CHN,China,,Asia,,,,74
10985,Str_National_Iceland_W,Iceland,ISL,Iceland,,Europe,,,,74
10984,Str_National_Portugal_W,Portugal,POR,Portugal,,Europe,,,,75
10983,Str_National_Argentina_W,Argentina,ARG,Argentina,,South America,,,,72
10982,Str_National_Australia_W,Australia,AUS,Australia,,Asia,,,,79
10981,Str_National_Japan_W,Japan,JPN,Japan,,Asia,,,,79
10980,Str_National_Philippines_W,Philippines,PHI,Philippines,,Asia,,,,73
10979,Str_National_South_Korea_W,South_Korea,KOR,South_Korea,,Asia,,,,75
10978,Str_National_Vietnam_W,Vietnam,VIE,Vietnam,,Asia,,,,67
10977,Str_National_Costa_Rica_W,Costa_Rica,CRC,Costa_Rica,,North America,,,,79
10976,Str_National_Haiti_W,Haiti,HAI,Haiti,,North America,,,,70
10975,Str_National_Jamaica_W,Jamaica,JAM,Jamaica,,North America,,,,69
10974,Str_National_Panama_W,Panama,PAN,Panama,,North America,,,,69
10973,Str_National_Denmark_W,Denmark,DEN,Denmark,,Europe,,,,72
10972,Str_National_Italy_W,Italy,ITA,Italy,,Europe,,,,77
10971,Str_National_Morocco_W,Morocco,MAR,Morocco,,Africa,,,,69
10970,Str_National_Nigeria_W,Nigeria,NGA,Nigeria,,Africa,,,,74
10969,Str_National_South_Africa_W,South_Africa,RSA,South_Africa,,Africa,,,,70
10968,Str_National_Zambia_W,Zambia,ZAM,Zambia,,Africa,,,,67
10967,Str_National_Colombia_W,Colombia,COL,Colombia,,South America,,,,71
10966,Str_National_New_Zealand_W,New_Zealand,NZL,New_Zealand,,Oceania,,,,75
10965,Str_National_Ireland_W,Ireland,IRL,Ireland,,Europe,,,,73
10964,Str_National_Switzerland_W,Switzerland,SUI,Switzerland,,Europe,,,,71
10963,Str_National_Cameroon_W,Cameroon,CMR,Cameroon,,Africa,,,,59
10962,Str_National_Chile_W,Chile,CHI,Chile,,South America,,,,66
10961,Str_National_Thailand_W,Thailand,THA,Thailand,,Asia,,,,63
10960,Str_National_Ecuador_W,Ecuador,ECU,Ecuador,,South America,,,,63
10959,Str_National_Ivory_Coast_W,Ivory_Coast,CIV,Ivory_Coast,,Africa,,,,58
10958,Str_National_Spain_2010,Spain,ESP,Spain,,Europe,,,,86
10957,Str_National_Brazil_1958,Brazil,BRA,Brazil,,South America,,,,88
10956,Str_National_Brazil_1962,Brazil,BRA,Brazil,,South America,,,,86
10955,Str_National_Brazil_1970,Brazil,BRA,Brazil,,South America,,,,88
10954,Str_National_Sweden_1958,Sweden,SWE,Sweden,,Europe,,,,84
10952,Str_National_Czechoslovakia_1962,Czech_Republic,CZE,Czech_Republic,,Europe,,,,83
10953,Str_National_Italy_1970,Italy,ITA,Italy,,Europe,,,,85
10951,Str_National_Germany_2014,Germany,GER,Germany,,Europe,,,,85
10950,Str_National_Portugal_2014,Portugal,POR,Portugal,,Europe,,,,81
10949,Str_National_Algeria_2014,Algeria,ALG,Algeria,,Africa,,,,79
10948,Str_National_France_2014,France,FRA,France,,Europe,,,,82
10947,Str_National_Brazil_2014,Brazil,BRA,Brazil,,South America,,,,82
10946,Str_National_Argentina_2014,Argentina,ARG,Argentina,,South America,,,,82
10945,Str_National_Poland_W,Poland,POL,Poland,,Europe,,,,72
10944,Str_National_Wales_W,Wales,WAL,Wales,,Europe,,,,70
10943,Str_National_Finland_W,Finland,FIN,Finland,,Europe,,,,72
10942,Str_National_France_2018,France,FRA,France,,Europe,,,,90
10941,Str_National_Argentina_2018,Argentina,ARG,Argentina,,South America,,,,85
10940,Str_National_Uruguay_2018,Uruguay,URU,Uruguay,,South America,,,,85
10939,Str_National_Belgium_2018,Belgium,BEL,Belgium,,Europe,,,,86
10938,Str_National_Croatia_2018,Croatia,CRO,Croatia,,Europe,,,,86
10937,Str_National_Italy_2020,Italy,ITA,Italy,,Europe,,,,87
10936,Str_National_Brazil_1994,Brazil,BRC,Brazil,,South America,,,,84
10935,Str_National_Italy_1994,Italy,ITA,Italy,,Europe,,,,83
10934,Str_National_Netherlands_1994,Netherlands,NTL,Netherlands,,Europe,,,,82
10933,Str_National_Sweden_1994,Sweden,SDN,Sweden,,Europe,,,,81
10932,Str_National_Brazil_1998,Brazil,BRC,Brazil,,South America,,,,82
10931,Str_National_Italy_2006,Italy,ITA,Italy,,Europe,,,,82
10930,Str_National_France_2006,France,FRA,France,,Europe,,,,83
10929,Str_National_Netherlands_2010,Netherlands,NTL,Netherlands,,Europe,,,,81
10928,Str_National_Argentina_2022,Argentina,ARG,Argentina,,South America,,,,83
10927,Str_National_France_2022,France,FRA,France,,Europe,,,,83
10926,Str_National_Portugal_2018,Portugal,POR,Portugal,,Europe,,,,86
10925,Str_National_Spain_2018,Spain,ESP,Spain,,Europe,,,,88
10924,Str_National_Brazil_2022,Brazil,BRA,Brazil,,South America,,,,87
10923,Str_National_Colombia_2014,Colombia,COL,Colombia,,South America,,,,83
10922,Str_National_Uruguay_2014,Uruguay,URU,Uruguay,,South America,,,,83
10921,Str_National_Ghana_2014,Ghana,GHA,Ghana,,Africa,,,,79
10920,Str_National_Nigeria_2014,Nigeria,NGA,Nigeria,,Africa,,,,79
10919,Str_National_Mexico_2022,Mexico,MEX,Mexico,,North America,,,,82
10918,Str_National_England_2018,England,ENG,England,,Europe,,,,86
10917,Str_National_Ivory_Coast_2014,Ivory_Coast,CIV,Ivory_Coast,,Africa,,,,82
10916,Str_National_Russia_2018,Russia,RUS,Russia,,Europe,,,,82
10915,Str_National_Ghana_2022,Ghana,GHA,Ghana,,Africa,,,,80
10914,Str_National_Portugal_2022,Portugal,POR,Portugal,,Europe,,,,87
10913,Str_National_Croatia_2014,Croatia,CRO,Croatia,,Europe,,,,83
10912,Str_National_Croatia_2022,Croatia,CRO,Croatia,,Europe,,,,84
10911,Str_National_England_1966,England,ENG,England,,Europe,,,,84
10910,Str_National_Argentina_1966,Argentina,ARG,Argentina,,South America,,,,81
10909,Str_National_Portugal_1966,Portugal,POR,Portugal,,Europe,,,,81
10908,Str_National_Germany_1966,Germany,GER,Germany,,Europe,,,,83
20001,BrazilA_AtléticoMineiro,,BHZ,Brazil,Belo Horizonte,CompName_BrazilLeagueA,Real_BrazilA_AtléticoMineiro,CAM,,73
20002,BrazilA_Flamengo,,RIO,Brazil,Rio de Janeiro,CompName_BrazilLeagueA,Real_BrazilA_Flamengo,CRF,,77
20003,BrazilA_Palmeiras,,PMR,Brazil,Palmeiras,CompName_BrazilLeagueA,Real_BrazilA_Palmeiras,SEP,,75
20004,BrazilA_Fortaleza,,FOR,Brazil,Fortaleza,CompName_BrazilLeagueA,Real_BrazilA_Fortaleza,FEC,,71
20005,BrazilA_Corinthians,,SAO,Brazil,Sao Paulo,CompName_BrazilLeagueA,Real_BrazilA_Corinthians,SCC,,75
20006,BrazilA_AtléticoBragantino,,BJP,Brazil,Braganca Paulista,CompName_BrazilLeagueA,Real_BrazilA_AtléticoBragantino,RBB,,72
20007,BrazilA_Fluminense,,RRG,Brazil,Rio de Janeiro,CompName_BrazilLeagueA,Real_BrazilA_Fluminense,FFC,,72
20008,BrazilA_Goiás,,GYN,Brazil,Aparecida de Goiania,CompName_BrazilLeagueA,Real_BrazilA_Goiás,GOI,,66
20009,BrazilA_Santos,,STS,Brazil,Santos,CompName_BrazilLeagueA,Real_BrazilA_Santos,SFC,,74
20010,BrazilA_Ceará,,FBW,Brazil,Fortaleza,CompName_BrazilLeagueA,Real_BrazilA_Ceará,CSC,,69
20011,BrazilA_Internacional,,PAR,Brazil,Porto Alegre,CompName_BrazilLeagueA,Real_BrazilA_Internacional,SCI,,68
20012,BrazilA_SaoPaulo,,SAW,Brazil,Sao Paulo,CompName_BrazilLeagueA,Real_BrazilA_SaoPaulo,SPF,,73
20013,BrazilA_AtléticoParanaense,,CWB,Brazil,Curitiba,CompName_BrazilLeagueA,Real_BrazilA_AtléticoParanaense,CAP,,70
20014,BrazilA_Cuiabá,,CGB,Brazil,Cuiabá,CompName_BrazilLeagueA,Real_BrazilA_Cuiabá,CEC,,69
20015,BrazilA_Juventude,,CXS,Brazil,Caxias do Sul,CompName_BrazilLeagueA,Real_BrazilA_Juventude,ESJ,,68
20016,BrazilA_GrêmioFoot-BallPortoAlegrense,,PAB,Brazil,Porto Alegre,CompName_BrazilLeagueA,Real_BrazilA_GrêmioFoot-BallPortoAlegrense,GFC,,74
20017,BrazilA_Bahia,,SSA,Brazil,Sao Salvador,CompName_BrazilLeagueA,Real_BrazilA_Bahia,ECB,,72
20018,BrazilA_SportRecife,,REC,Brazil,Recife,CompName_BrazilLeagueA,Real_BrazilA_SportRecife,FCR,,72
20019,BrazilA_Chapecó,,XAP,Brazil,Chapecó,CompName_BrazilLeagueA,Real_BrazilA_Chapecó,ACF,,65
20020,BrazilA_Florianópolis,,FLO,Brazil,Florianopolis,CompName_BrazilLeagueA,Real_BrazilA_Florianópolis,FLO,,67
20021,BrazilA_Botafogo,,RBW,Brazil,Rio de Janeiro,CompName_BrazilLeagueA,Real_BrazilA_Botafogo,BFR,,76
20022,BrazilA_RegatasVascodaGama,,RIB,Brazil,Rio de Janeiro,CompName_BrazilLeagueA,Real_BrazilA_RegatasVascodaGama,VDG,,71
20023,BrazilA_Pelotas,,PET,Brazil,Pelotas,CompName_BrazilLeagueA,Real_BrazilA_Pelotas,ECP,,66
20024,BrazilA_Londrina_old,,LDB,Brazil,Londrina,CompName_BrazilLeagueA,Real_BrazilA_Londrina,LEC,,66
20025,BrazilA_Ponta_Grossa,,PGZ,Brazil,Ponta Grossa,CompName_BrazilLeagueA,Real_BrazilA_Ponta_Grossa,PGZ,,66
20278,BrazilA_CruzeiroEsporteClube,,BHB,Brazil,Belo Horizonte,CompName_BrazilLeagueA,Real_BrazilA_CruzeiroEsporteClube,CEC,,73
20279,BrazilA_SampaioCorrêa,,SLS,Brazil,São Luís,CompName_BrazilLeagueA,Real_BrazilA_SampaioCorrêa,SCF,,67
20280,BrazilA_Tombense,,TBS,Brazil,Tombos,CompName_BrazilLeagueA,Real_BrazilA_Tombense,TFC,,66
20281,BrazilA_Criciúma,,CRC,Brazil,Criciúma,CompName_BrazilLeagueA,Real_BrazilA_Criciúma,CEC,,67
20282,BrazilA_RegatasBrasil,,MCO,Brazil,Maceió,CompName_BrazilLeagueA,Real_BrazilA_RegatasBrasil,CRB,,65
20283,BrazilA_Londrina,,LDR,Brazil,Londrina,CompName_BrazilLeagueA,Real_BrazilA_Londrina,LEC,,65
20284,BrazilA_GrêmioNovorizontino,,NHZ,Brazil,Novo Horizonte,CompName_BrazilLeagueA,Real_BrazilA_GrêmioNovorizontino,GNH,,69
20285,BrazilA_BrusqueFutebolClube,,BRU,Brazil,Brusque,CompName_BrazilLeagueA,Real_BrazilA_BrusqueFutebolClube,BFC,,63
20286,BrazilA_AssociaçãoChapecoense,,CPC,Brazil,Chapecó,CompName_BrazilLeagueA,Real_BrazilA_AssociaçãoChapecoense,ACF,,66
20287,BrazilA_OperárioFerroviário,,PBW,Brazil,Ponta Grossa,CompName_BrazilLeagueA,Real_BrazilA_OperárioFerroviário,OFC,,67
20288,BrazilA_ItuanoSociedadeCivil,,ITU,Brazil,Itu,CompName_BrazilLeagueA,Real_BrazilA_ItuanoSociedadeCivil,IFC,,65
20289,BrazilA_AssociaçãoAtléticaPontePreta,,CPS,Brazil,Campinas,CompName_BrazilLeagueA,Real_BrazilA_AssociaçãoAtléticaPontePreta,APP,,65
20290,BrazilA_CentroSportivoAlagoano,,MCB,Brazil,Maceió,CompName_BrazilLeagueA,Real_BrazilA_CentroSportivoAlagoano,CSA,,66
20291,BrazilA_ClubeNáuticoCapibaribe,,RER,Brazil,Recife,CompName_BrazilLeagueA,Real_BrazilA_ClubeNáuticoCapibaribe,CNC,,65
20292,BrazilA_GuaraniFutebolClube,,CPG,Brazil,Campinas,CompName_BrazilLeagueA,Real_BrazilA_GuaraniFutebolClube,GFC,,68
20293,BrazilA_VilaNova,,GNA,Brazil,Goiânia,CompName_BrazilLeagueA,Real_BrazilA_VilaNova,VNF,,66
20375,BrazilA_AméricaFutebolClube,,BHG,Brazil,Belo Horizonte,CompName_BrazilLeagueA,Real_BrazilA_AméricaFutebolClube,AFC,,66
20376,BrazilA_AtléticoGoianiense,,GOI,Brazil,Goiânia,CompName_BrazilLeagueA,Real_BrazilA_AtléticoGoianiense,AGO,,70
20377,BrazilA_CoritibaFootBallClub,,CUR,Brazil,Curitiba,CompName_BrazilLeagueA,Real_BrazilA_CoritibaFootBallClub,CFC,,69
20426,BrazilA_MirassolFutebolClube,,MIR,Brazil,Mirassol,CompName_BrazilLeagueA,Real_BrazilA_MirassolFutebolClube,MFC,,67
20427,BrazilA_PaysanduSportClub,,BEL,Brazil,Belém,CompName_BrazilLeagueA,Real_BrazilA_PaysanduSportClub,PSC,,66
20428,BrazilA_FigueirenseFC,,FLB,Brazil,Florianópolis,CompName_BrazilLeagueA,Real_BrazilA_FigueirenseFC,FFC,,67
20429,BrazilA_VoltaRedondaFC,,VRA,Brazil,Volta Redonda,CompName_BrazilLeagueA,Real_BrazilA_VoltaRedondaFC,VRF,,65
20430,BrazilA_ABCFutebolClube,,NAT,Brazil,Natal,CompName_BrazilLeagueA,Real_BrazilA_ABCFutebolClube,ABC,,63
20431,BrazilA_EsporteClubeVitória,,SAL,Brazil,Salvador,CompName_BrazilLeagueA,Real_BrazilA_EsporteClubeVitória,ECV,,69
20432,BrazilA_AssociaçãoAtléticaAparecidense,,ADG,Brazil,Aparecida de Goiânia,CompName_BrazilLeagueA,Real_BrazilA_AssociaçãoAtléticaAparecidense,AAA,,65
20433,BrazilA_YpirangaFutebolClube,,ERE,Brazil,Erechim,CompName_BrazilLeagueA,Real_BrazilA_YpirangaFutebolClube,YFC,,62
20434,BrazilA_ClubedoRemo,,BEL,Brazil,Belém,CompName_BrazilLeagueA,Real_BrazilA_ClubedoRemo,CDR,,61
20435,BrazilA_ManausFutebolClube,,MAN,Brazil,Manaus,CompName_BrazilLeagueA,Real_BrazilA_ManausFutebolClube,MFC,,63
20026,EnglishA_ManchesterCity,,MAB,England,Manchester,CompName_EnglishLeagueA,Real_EnglishA_ManchesterCity,MCI,,84
20027,EnglishA_Liverpool,,LIR,England,Liverpool,CompName_EnglishLeagueA,Real_EnglishA_Liverpool,LIV,,85
20028,EnglishA_Chelsea,,LCB,England,London,CompName_EnglishLeagueA,Real_EnglishA_Chelsea,CHE,,80
20029,EnglishA_TottenhamHotspur,,LCW,England,London,CompName_EnglishLeagueA,Real_EnglishA_TottenhamHotspur,TOT,,82
20030,EnglishA_Arsenal,,LCR,England,London,CompName_EnglishLeagueA,Real_EnglishA_Arsenal,ARS,,84
20031,EnglishA_ManchesterUnited,,MAR,England,Manchester,CompName_EnglishLeagueA,Real_EnglishA_ManchesterUnited,MUN,,79
20032,EnglishA_WestHamUnited,,LCH,England,London,CompName_EnglishLeagueA,Real_EnglishA_WestHamUnited,WHU,,77
20033,EnglishA_WolverhamptonWanderers,,WLV,England,Wolverhampton,CompName_EnglishLeagueA,Real_EnglishA_WolverhamptonWanderers,WOL,,74
20034,EnglishA_LeicesterCity,,LTC,England,Leicester,CompName_EnglishLeagueA,Real_EnglishA_LeicesterCity,LEI,,74
20035,EnglishA_Brighton,,BRT,England,Brighton,CompName_EnglishLeagueA,Real_EnglishA_Brighton,BHA,,77
20036,EnglishA_Brentford,,BFD,England,Brentford,CompName_EnglishLeagueA,Real_EnglishA_Brentford,BRE,,76
20037,EnglishA_NewcastleUnited,,NCL,England,Newcastle,CompName_EnglishLeagueA,Real_EnglishA_NewcastleUnited,NEW,,80
20038,EnglishA_CrystalPalace,,LCE,England,London,CompName_EnglishLeagueA,Real_EnglishA_CrystalPalace,CRY,,77
20039,EnglishA_AstonVilla,,BHA,England,Birmingham,CompName_EnglishLeagueA,Real_EnglishA_AstonVilla,AVL,,81
20040,EnglishA_Southampton,,STN,England,Southampton,CompName_EnglishLeagueA,Real_EnglishA_Southampton,SOU,,73
20041,EnglishA_Everton,,LIB,England,Liverpool,CompName_EnglishLeagueA,Real_EnglishA_Everton,EVE,,78
20042,EnglishA_Leeds,,LDS,England,Leeds,CompName_EnglishLeagueA,Real_EnglishA_Leeds,LEE,,76
20043,EnglishA_Burnley,,BNL,England,Burnley,CompName_EnglishLeagueA,Real_EnglishA_Burnley,BUR,,75
20044,EnglishA_Watford,,WFD,England,Watford,CompName_EnglishLeagueA,Real_EnglishA_Watford,WAT,,66
20045,EnglishA_NorwichCity,,NWC,England,Norwich,CompName_EnglishLeagueA,Real_EnglishA_NorwichCity,NOR,,68
20046,EnglishA_Bournemouth,,BOM,England,Bournemouth,CompName_EnglishLeagueA,Real_EnglishA_Bournemouth,BOU,,75
20047,EnglishA_Huddersfield,,HSF,England,Huddersfield,CompName_EnglishLeagueA,Real_EnglishA_Huddersfield,HUD,,65
20048,EnglishA_WestBromwich,,WBA,England,West Bromwich,CompName_EnglishLeagueA,Real_EnglishA_WestBromwich,WBA,,69
20049,EnglishA_Derby,,DRB,England,Derby,CompName_EnglishLeagueA,Real_EnglishA_Derby,DFC,,69
20050,EnglishA_Nottingham,,NTH,England,Nottingham,CompName_EnglishLeagueA,Real_EnglishA_Nottingham,NFF,,76
20310,EnglishA_BlackburnRovers,,BLA,England,Blackburn,CompName_EnglishLeagueA,Real_EnglishA_BlackburnRovers,BRF,,69
20311,EnglishA_SunderlandA.F.C.,,SUN,England,Sunderland,CompName_EnglishLeagueA,Real_EnglishA_SunderlandA.F.C.,SAF,,75
20312,EnglishA_BirminghamCityF.C.,,BIB,England,Birmingham,CompName_EnglishLeagueA,Real_EnglishA_BirminghamCityF.C.,BFC,,72
20313,EnglishA_HullCityA.F.C.,,HUL,England,Hull,CompName_EnglishLeagueA,Real_EnglishA_HullCityA.F.C.,HCA,,72
20314,EnglishA_SheffieldUnited,,SHE,England,Sheffield,CompName_EnglishLeagueA,Real_EnglishA_SheffieldUnited,SUF,,70
20315,EnglishA_QueensParkRangers,,SHB,England,Shepherd's Bush,CompName_EnglishLeagueA,Real_EnglishA_QueensParkRangers,QPR,,69
20316,EnglishA_MillwallF.C.,,BER,England,Bermondsey,CompName_EnglishLeagueA,Real_EnglishA_MillwallF.C.,MFC,,69
20317,EnglishA_ReadingF.C.,,REA,England,Reading,CompName_EnglishLeagueA,Real_EnglishA_ReadingF.C.,RFC,,66
20318,EnglishA_CardiffCity,,CAR,England,Cardiff,CompName_EnglishLeagueA,Real_EnglishA_CardiffCity,CCF,,70
20319,EnglishA_StokeCity,,SOT,England,Stoke-on-Trent,CompName_EnglishLeagueA,Real_EnglishA_StokeCity,SCF,,69
20320,EnglishA_Blackpool,,BLA,England,Blackpool,CompName_EnglishLeagueA,Real_EnglishA_Blackpool,BFC,,67
20321,EnglishA_LutonTown,,LUT,England,Luton,CompName_EnglishLeagueA,Real_EnglishA_LutonTown,LTF,,68
20322,EnglishA_WiganAthletic,,WIG,England,Wigan,CompName_EnglishLeagueA,Real_EnglishA_WiganAthletic,WAF,,64
20323,EnglishA_PrestonNorthEnd,,PRE,England,Preston,CompName_EnglishLeagueA,Real_EnglishA_PrestonNorthEnd,PNE,,68
20324,EnglishA_CoventryCity,,COV,England,Coventry,CompName_EnglishLeagueA,Real_EnglishA_CoventryCity,CFC,,72
20325,EnglishA_RotherhamUnited,,ROT,England,Rotherham,CompName_EnglishLeagueA,Real_EnglishA_RotherhamUnited,RUF,,66
20326,EnglishA_Middlesbrough,,MID,England,Middlesbrough,CompName_EnglishLeagueA,Real_EnglishA_Middlesbrough,MFC,,70
20327,EnglishA_SwanseaCity,,SWA,England,Swansea,CompName_EnglishLeagueA,Real_EnglishA_SwanseaCity,SCA,,70
20328,EnglishA_BristolCity,,BRI,England,Bristol,CompName_EnglishLeagueA,Real_EnglishA_BristolCity,BCF,,69
20398,EnglishA_IpswichTownF.C.,,IPS,England,Ipswich,CompName_EnglishLeagueA,Real_EnglishA_IpswichTownF.C.,ITF,,74
20399,EnglishA_PortsmouthF.C.,,POR,England,Portsmouth,CompName_EnglishLeagueA,Real_EnglishA_PortsmouthF.C.,PFC,,68
20400,EnglishA_PlymouthArgyleF.C.,,PLY,England,Plymouth,CompName_EnglishLeagueA,Real_EnglishA_PlymouthArgyleF.C.,PAF,,67
20401,EnglishA_SheffieldWednesdayF.C.,,SHE,England,Sheffield,CompName_EnglishLeagueA,Real_EnglishA_SheffieldWednesdayF.C.,SWF,,68
20402,EnglishA_CambridgeUnitedF.C.,,CAM,England,Cambridge,CompName_EnglishLeagueA,Real_EnglishA_CambridgeUnitedF.C.,CUF,,64
20403,EnglishA_BoltonWanderersF.C.,,HOR,England,Horwich,CompName_EnglishLeagueA,Real_EnglishA_BoltonWanderersF.C.,BWF,,66
20404,EnglishA_PeterboroughUnitedF.C.,,PET,England,Peterborough,CompName_EnglishLeagueA,Real_EnglishA_PeterboroughUnitedF.C.,PUF,,64
20405,EnglishA_ShrewsburyTownF.C.,,SHR,England,Shrewsbury,CompName_EnglishLeagueA,Real_EnglishA_ShrewsburyTownF.C.,STF,,64
20406,EnglishA_ExeterCityF.C.,,EXE,England,Exeter,CompName_EnglishLeagueA,Real_EnglishA_ExeterCityF.C.,EFC,,64
20367,EnglishA_Fulham,,FUL,England,Fulham,CompName_EnglishLeagueA,Real_EnglishA_Fulham,FFC,,77
20051,FrenchA_Paris,,PAR,France,Paris,CompName_FrenchLeagueA,Real_FrenchA_Paris,PSG,,83
20052,FrenchA_Lille,,LIL,France,Lille,CompName_FrenchLeagueA,Real_FrenchA_Lille,LOS,,74
20053,FrenchA_Lyon,,LYN,France,Lyon,CompName_FrenchLeagueA,Real_FrenchA_Lyon,OLF,,73
20054,FrenchA_SaintEtienne,,SEN,France,Saint-Etienne,CompName_FrenchLeagueA,Real_FrenchA_SaintEtienne,SEF,,72
20055,FrenchA_Marseille,,MRS,France,Marseille,CompName_FrenchLeagueA,Real_FrenchA_Marseille,OMA,,79
20056,FrenchA_Montpellier,,MPL,France,Montpellier,CompName_FrenchLeagueA,Real_FrenchA_Montpellier,MSC,,72
20057,FrenchA_Nice,,NIC,France,Nice,CompName_FrenchLeagueA,Real_FrenchA_Nice,OCN,,75
20058,FrenchA_Monaco,,MNC,France,Monaco,CompName_FrenchLeagueA,Real_FrenchA_Monaco,FCM,,79
20059,FrenchA_Nimes,,FNI,France,Nîmes,CompName_FrenchLeagueA,Real_FrenchA_Nimes,NOC,,62
20060,FrenchA_Rennes,,RNS,France,Rennes,CompName_FrenchLeagueA,Real_FrenchA_Rennes,RFC,,77
20061,FrenchA_Strasbourg,,SAB,France,Strasbourg,CompName_FrenchLeagueA,Real_FrenchA_Strasbourg,RCS,,71
20062,FrenchA_Nantes,,NAT,France,Nantes,CompName_FrenchLeagueA,Real_FrenchA_Nantes,FCN,,73
20063,FrenchA_Angers,,AGS,France,Angers,CompName_FrenchLeagueA,Real_FrenchA_Angers,ASC,,70
20064,FrenchA_Bordeaux,,BOD,France,Bordeaux,CompName_FrenchLeagueA,Real_FrenchA_Bordeaux,FCB,,62
20065,FrenchA_Brest,,BES,France,Brest,CompName_FrenchLeagueA,Real_FrenchA_Brest,SBR,,73
20066,FrenchA_Clermont-Ferrand,,LFL,France,Clermont-Ferrand,CompName_FrenchLeagueA,Real_FrenchA_Clermont-Ferrand,CFF,,67
20067,FrenchA_Lorient,,LRT,France,Lorient,CompName_FrenchLeagueA,Real_FrenchA_Lorient,FCL,,71
20068,FrenchA_Metz,,MZM,France,Metz,CompName_FrenchLeagueA,Real_FrenchA_Metz,FCM,,70
20069,FrenchA_Reims,,RHE,France,Reims,CompName_FrenchLeagueA,Real_FrenchA_Reims,SDR,,69
20070,FrenchA_Lens,,LEN,France,Lens,CompName_FrenchLeagueA,Real_FrenchA_Lens,RCL,,71
20071,FrenchA_Troyes,,QYR,France,Troyes,CompName_FrenchLeagueA,Real_FrenchA_Troyes,TAC,,65
20072,FrenchA_Caen,,CFR,France,Caen,CompName_FrenchLeagueA,Real_FrenchA_Caen,SMC,,68
20073,FrenchA_Dijon,,DIJ,France,Dijon,CompName_FrenchLeagueA,Real_FrenchA_Dijon,DFC,,62
20074,FrenchA_Amiens,,LFA,France,Amiens,CompName_FrenchLeagueA,Real_FrenchA_Amiens,ASC,,66
20075,FrenchA_Toulouse,,TLS,France,Toulouse,CompName_FrenchLeagueA,Real_FrenchA_Toulouse,TFC,,72
20355,FrenchA_EnAvantGuingamp,,GUI,France,Guingamp,CompName_FrenchLeagueA,Real_FrenchA_EnAvantGuingamp,EAG,,66
20356,FrenchA_SCBastia,,BAS,France,Bastia,CompName_FrenchLeagueA,Real_FrenchA_SCBastia,SCB,,64
20357,FrenchA_StadeLavallois,,LAV,France,Laval,CompName_FrenchLeagueA,Real_FrenchA_StadeLavallois,SLA,,66
20358,FrenchA_ParisFC,,PAR,France,Paris,CompName_FrenchLeagueA,Real_FrenchA_ParisFC,PFC,,75
20359,FrenchA_ValenciennesFC,,VAL,France,Valenciennes,CompName_FrenchLeagueA,Real_FrenchA_ValenciennesFC,VFC,,65
20360,FrenchA_GrenobleFoot38,,GRE,France,Grenoble,CompName_FrenchLeagueA,Real_FrenchA_GrenobleFoot38,GFT,,67
20361,FrenchA_ChamoisNiortaisF.C.,,NIO,France,Niort,CompName_FrenchLeagueA,Real_FrenchA_ChamoisNiortaisF.C.,CNF,,61
20362,FrenchA_Quevillaise-RouenMétropole,,LPQ,France,Le Petit-Quevilly,CompName_FrenchLeagueA,Real_FrenchA_Quevillaise-RouenMétropole,QRM,,62
20363,FrenchA_LeHavre,,LHA,France,Le Havre,CompName_FrenchLeagueA,Real_FrenchA_LeHavre,ALH,,72
20364,FrenchA_PauFC,,PAU,France,Pau,CompName_FrenchLeagueA,Real_FrenchA_PauFC,PFC,,66
20365,FrenchA_Sochaux-Montbéliard,,MON,France,Montbéliard,CompName_FrenchLeagueA,Real_FrenchA_Sochaux-Montbéliard,FCS,,64
20366,FrenchA_RodezAF,,ROD,France,Rodez,CompName_FrenchLeagueA,Real_FrenchA_RodezAF,RAF,,64
20372,FrenchA_AJAuxerre,,AUX,France,Auxerre,CompName_FrenchLeagueA,Real_FrenchA_AJAuxerre,AJA,,70
20373,FrenchA_ACAjaccio,,AJA,France,Ajaccio,CompName_FrenchLeagueA,Real_FrenchA_ACAjaccio,ACA,,65
20374,FrenchA_FCAnnecy,,ANN,France,Annecy,CompName_FrenchLeagueA,Real_FrenchA_FCAnnecy,FCA,,65
20416,FrenchA_USLDunkerque,,DUN,France,Dunkirk,CompName_FrenchLeagueA,Real_FrenchA_USLDunkerque,DUN,,65
20417,FrenchA_USOrléans,,ORL,France,Orléans,CompName_FrenchLeagueA,Real_FrenchA_USOrléans,USO,,63
20418,FrenchA_FCVersailles,,VER,France,Versailles,CompName_FrenchLeagueA,Real_FrenchA_FCVersailles,FCV,,63
20419,FrenchA_ASNancyLorraine,,NAN,France,Nancy,CompName_FrenchLeagueA,Real_FrenchA_ASNancyLorraine,ASN,,64
20420,FrenchA_FootballBourg-en-BressePéronnas,,BEB,France,Bourg-en-Bresse,CompName_FrenchLeagueA,Real_FrenchA_FootballBourg-en-BressePéronnas,BBP,,62
20421,FrenchA_FCMartigues,,MAR,France,Martigues,CompName_FrenchLeagueA,Real_FrenchA_FCMartigues,FCM,,62
20422,FrenchA_LBChâteauroux,,CHA,France,Châteauroux,CompName_FrenchLeagueA,Real_FrenchA_LBChâteauroux,LBC,,62
20423,FrenchA_USConcarneau,,CON,France,Concarneau,CompName_FrenchLeagueA,Real_FrenchA_USConcarneau,USC,,63
20424,FrenchA_RedStarF.C.,,PAG,France,Paris,CompName_FrenchLeagueA,Real_FrenchA_RedStarF.C.,RSF,,65
20425,FrenchA_USAvranches,,AVR,France,Avranches,CompName_FrenchLeagueA,Real_FrenchA_USAvranches,USA,,61
20076,ItalianA_Juventus,,TOB,Italy,Turin,CompName_ItalianLeagueA,Real_ItalianA_Juventus,JUV,,80
20077,ItalianA_Napoli,,NAP,Italy,Naples,CompName_ItalianLeagueA,Real_ItalianA_Napoli,SCN,,80
20078,ItalianA_InternazionaleMilano,,MIB,Italy,Milan,CompName_ItalianLeagueA,Real_ItalianA_InternazionaleMilano,FCI,,84
20079,ItalianA_Atalanta,,BGM,Italy,Bergamo,CompName_ItalianLeagueA,Real_ItalianA_Atalanta,ABC,,79
20080,ItalianA_AssociazioneCalcioMilan,,MIR,Italy,Milan,CompName_ItalianLeagueA,Real_ItalianA_AssociazioneCalcioMilan,ACM,,81
20081,ItalianA_Roma,,RMR,Italy,Rome,CompName_ItalianLeagueA,Real_ItalianA_Roma,ASR,,80
20082,ItalianA_Torino,,TOR,Italy,Turin,CompName_ItalianLeagueA,Real_ItalianA_Torino,TFC,,75
20083,ItalianA_Lazio,,RMB,Italy,Rome,CompName_ItalianLeagueA,Real_ItalianA_Lazio,SSL,,78
20084,ItalianA_Genova,,GER,Italy,Genoa,CompName_ItalianLeagueA,Real_ItalianA_Genova,GFC,,72
20085,ItalianA_Bologna,,BOA,Italy,Bologna,CompName_ItalianLeagueA,Real_ItalianA_Bologna,BFC,,75
20086,ItalianA_Sassuolo,,SAS,Italy,Sassuolo,CompName_ItalianLeagueA,Real_ItalianA_Sassuolo,USS,,74
20087,ItalianA_Udine,,UDN,Italy,Udine,CompName_ItalianLeagueA,Real_ItalianA_Udine,UDI,,71
20088,ItalianA_Ferrara,,FER,Italy,Ferrara,CompName_ItalianLeagueA,Real_ItalianA_Ferrara,FER,,71
20089,ItalianA_Cagliari,,CAR,Italy,Cagliari,CompName_ItalianLeagueA,Real_ItalianA_Cagliari,CAG,,72
20090,ItalianA_Empoli,,EPR,Italy,Empoli,CompName_ItalianLeagueA,Real_ItalianA_Empoli,EFC,,67
20091,ItalianA_Florence,,FIZ,Italy,Florence,CompName_ItalianLeagueA,Real_ItalianA_Florence,ACF,,77
20092,ItalianA_Brescia,,BSA,Italy,Brescia,CompName_ItalianLeagueA,Real_ItalianA_Brescia,BRE,,63
20093,ItalianA_Benevento,,BNT,Italy,Benevento,CompName_ItalianLeagueA,Real_ItalianA_Benevento,BEN,,62
20094,ItalianA_HellasVerona,,VRN,Italy,Verona,CompName_ItalianLeagueA,Real_ItalianA_HellasVerona,HVF,,73
20095,ItalianA_Sampdoria,,GEB,Italy,Genoa,CompName_ItalianLeagueA,Real_ItalianA_Sampdoria,UCS,,69
20096,ItalianA_Spezia,,SPA,Italy,La Spezia,CompName_ItalianLeagueA,Real_ItalianA_Spezia,SPE,,69
20097,ItalianA_Salernitana,,SAN,Italy,Salerno,CompName_ItalianLeagueA,Real_ItalianA_Salernitana,SSS,,68
20098,ItalianA_Venice,,VCE,Italy,Venice,CompName_ItalianLeagueA,Real_ItalianA_Venice,VFC,,69
20099,ItalianA_Crotone,,KRT,Italy,Crotone,CompName_ItalianLeagueA,Real_ItalianA_Crotone,FCC,,65
20100,ItalianA_Parma,,PMF,Italy,Parma,CompName_ItalianLeagueA,Real_ItalianA_Parma,ACP,,71
20342,ItalianA_Reggina1914,,REG,Italy,Reggio Calabria,CompName_ItalianLeagueA,Real_ItalianA_Reggina1914,REG,,64
20343,ItalianA_PalermoF.C.,,PAL,Italy,Palermo,CompName_ItalianLeagueA,Real_ItalianA_PalermoF.C.,PFC,,69
20344,ItalianA_A.S.Cittadella,,CIT,Italy,Cittadella,CompName_ItalianLeagueA,Real_ItalianA_A.S.Cittadella,ASC,,67
20345,ItalianA_AscoliCalcio1898,,APO,Italy,Ascoli Piceno,CompName_ItalianLeagueA,Real_ItalianA_AscoliCalcio1898,ACF,,65
20346,ItalianA_CosenzaCalcio,,COS,Italy,Cosenza,CompName_ItalianLeagueA,Real_ItalianA_CosenzaCalcio,CCA,,65
20347,ItalianA_FrosinoneCalcio,,FRO,Italy,Frosinone,CompName_ItalianLeagueA,Real_ItalianA_FrosinoneCalcio,FCO,,64
20348,ItalianA_S.S.C.Bari,,BAR,Italy,Bari,CompName_ItalianLeagueA,Real_ItalianA_S.S.C.Bari,ASB,,67
20349,ItalianA_Como,,COM,Italy,Como,CompName_ItalianLeagueA,Real_ItalianA_Como,COM,,76
20350,ItalianA_PisaS.C.,,PIS,Italy,Pisa,CompName_ItalianLeagueA,Real_ItalianA_PisaS.C.,PSC,,68
20351,ItalianA_TernanaCalcio,,TER,Italy,Terni,CompName_ItalianLeagueA,Real_ItalianA_TernanaCalcio,TCO,,63
20352,ItalianA_ModenaF.C.,,MOD,Italy,Modena,CompName_ItalianLeagueA,Real_ItalianA_ModenaF.C.,MFC,,69
20353,ItalianA_A.C.PerugiaCalcio,,PER,Italy,Perugia,CompName_ItalianLeagueA,Real_ItalianA_A.C.PerugiaCalcio,ACP,,65
20354,ItalianA_F.C.Südtirol,,BOL,Italy,Bolzano,CompName_ItalianLeagueA,Real_ItalianA_F.C.Südtirol,FCS,,67
20368,ItalianA_U.S.Cremonese,,CRE,Italy,Cremona,CompName_ItalianLeagueA,Real_ItalianA_U.S.Cremonese,USC,,73
20369,ItalianA_U.S.Lecce,,LEC,Italy,Lecce,CompName_ItalianLeagueA,Real_ItalianA_U.S.Lecce,USL,,71
20370,ItalianA_A.C.Monza,,MON,Italy,Monza,CompName_ItalianLeagueA,Real_ItalianA_A.C.Monza,ACM,,71
20407,ItalianA_PordenoneCalcio,,POR,Italy,Pordenone,CompName_ItalianLeagueA,Real_ItalianA_PordenoneCalcio,PCA,,63
20408,ItalianA_ProPatria,,BUA,Italy,Busto Arsizio,CompName_ItalianLeagueA,Real_ItalianA_ProPatria,PPA,,62
20409,ItalianA_NovaraF.C.,,NOV,Italy,Novara,CompName_ItalianLeagueA,Real_ItalianA_NovaraF.C.,NFC,,62
20410,ItalianA_L.R.Vicenza,,VIC,Italy,Vicenza,CompName_ItalianLeagueA,Real_ItalianA_L.R.Vicenza,LRV,,64
20411,ItalianA_CarrareseCalcio,,CAR,Italy,Carrara,CompName_ItalianLeagueA,Real_ItalianA_CarrareseCalcio,CCO,,65
20412,ItalianA_A.C.R.Siena,,SIE,Italy,Siena,CompName_ItalianLeagueA,Real_ItalianA_A.C.R.Siena,ACS,,64
20413,ItalianA_A.S.Gubbio,,GUB,Italy,Gubbio,CompName_ItalianLeagueA,Real_ItalianA_A.S.Gubbio,ASG,,60
20414,ItalianA_U.S.Catanzaro,,CAT,Italy,Catanzaro,CompName_ItalianLeagueA,Real_ItalianA_U.S.Catanzaro,USC,,68
20415,ItalianA_S.S.TurrisCalcio,,TDG,Italy,Torre del Greco,CompName_ItalianLeagueA,Real_ItalianA_S.S.TurrisCalcio,FCT,,63
20101,SpanishA_Barcelona,,BCP,Spain,Barcelona,CompName_SpanishLeagueA,Real_SpanishA_Barcelona,FCB,,82
20102,SpanishA_RealMadrid,,MAW,Spain,Madrid,CompName_SpanishLeagueA,Real_SpanishA_RealMadrid,RMA,,85
20103,SpanishA_AtléticodeMadrid,,MAR,Spain,Madrid,CompName_SpanishLeagueA,Real_SpanishA_AtléticodeMadrid,ATM,,83
20104,SpanishA_Valencia,,VLB,Spain,Valencia,CompName_SpanishLeagueA,Real_SpanishA_Valencia,VAL,,78
20105,SpanishA_Getafe,,GTF,Spain,Getafe,CompName_SpanishLeagueA,Real_SpanishA_Getafe,GET,,75
20106,SpanishA_Sevilla,,SVR,Spain,Seville,CompName_SpanishLeagueA,Real_SpanishA_Sevilla,SFC,,77
20107,SpanishA_Espanyol,,BCB,Spain,Barcelona,CompName_SpanishLeagueA,Real_SpanishA_Espanyol,RCE,,72
20108,SpanishA_AthleticClubdeBilbao,,BIL,Spain,Bilbao,CompName_SpanishLeagueA,Real_SpanishA_AthleticClubdeBilbao,ACB,,80
20109,SpanishA_RealSociedad,,EAS,Spain,San Sebastian,CompName_SpanishLeagueA,Real_SpanishA_RealSociedad,CRS,,76
20110,SpanishA_DeportivoAlavés,,VIT,Spain,Vitoria-Gasteiz,CompName_SpanishLeagueA,Real_SpanishA_DeportivoAlavés,SAD,,74
20111,SpanishA_Eibar,,EBR,Spain,Eibar,CompName_SpanishLeagueA,Real_SpanishA_Eibar,SDE,,69
20112,SpanishA_Leganes,,LGN,Spain,Leganés,CompName_SpanishLeagueA,Real_SpanishA_Leganes,CDL,,72
20113,SpanishA_Villarreal,,VRL,Spain,Vila-real,CompName_SpanishLeagueA,Real_SpanishA_Villarreal,VIL,,77
20114,SpanishA_Osasuna,,PNA,Spain,Pamplona,CompName_SpanishLeagueA,Real_SpanishA_Osasuna,CAO,,76
20115,SpanishA_Cadiz,,CDZ,Spain,Cadiz,CompName_SpanishLeagueA,Real_SpanishA_Cadiz,CCF,,71
20116,SpanishA_Mallorca,,MLC,Spain,Majorca,CompName_SpanishLeagueA,Real_SpanishA_Mallorca,RCM,,75
20117,SpanishA_Granada,,GRX,Spain,Granada,CompName_SpanishLeagueA,Real_SpanishA_Granada,GRA,,67
20118,SpanishA_Almeria,,LEI,Spain,Almería,CompName_SpanishLeagueA,Real_SpanishA_Almeria,UDA,,70
20119,SpanishA_RealBetis,,SVG,Spain,Seville,CompName_SpanishLeagueA,Real_SpanishA_RealBetis,RBB,,77
20120,SpanishA_CeltadeVigo,,VGO,Spain,Vigo,CompName_SpanishLeagueA,Real_SpanishA_CeltadeVigo,CCV,,70
20121,SpanishA_RayoVallecano,,MAL,Spain,Madrid,CompName_SpanishLeagueA,Real_SpanishA_RayoVallecano,RVM,,75
20122,SpanishA_Elche,,ELC,Spain,Elche,CompName_SpanishLeagueA,Real_SpanishA_Elche,ECF,,72
20123,SpanishA_Levante,,VLF,Spain,Valencia,CompName_SpanishLeagueA,Real_SpanishA_Levante,LUD,,71
20124,SpanishA_Huesca,,HSC,Spain,Huesca,CompName_SpanishLeagueA,Real_SpanishA_Huesca,SDH,,69
20125,SpanishA_Valladolid,,VLD,Spain,Valladolid,CompName_SpanishLeagueA,Real_SpanishA_Valladolid,VCF,,69
20294,SpanishA_AlbaceteBalompié,,ALB,Spain,Albacete,CompName_SpanishLeagueA,Real_SpanishA_AlbaceteBalompié,ABS,,67
20295,SpanishA_BurgosCF,,BUR,Spain,Burgos,CompName_SpanishLeagueA,Real_SpanishA_BurgosCF,BCF,,69
20296,SpanishA_FCAndorra,,AND,Andorra,Andorra la Vella,CompName_SpanishLeagueA,Real_SpanishA_FCAndorra,FCA,,67
20297,SpanishA_FCCartagena,,CAR,Spain,Cartagena,CompName_SpanishLeagueA,Real_SpanishA_FCCartagena,FCC,,68
20298,SpanishA_UDIbiza,,IBI,Spain,Ibiza,CompName_SpanishLeagueA,Real_SpanishA_UDIbiza,UDI,,67
20299,SpanishA_UDLasPalmas,,LPA,Spain,Las Palmas,CompName_SpanishLeagueA,Real_SpanishA_UDLasPalmas,UDL,,71
20300,SpanishA_CDLugo,,LUG,Spain,Lugo,CompName_SpanishLeagueA,Real_SpanishA_CDLugo,CDL,,64
20301,SpanishA_MálagaCF,,MAL,Spain,Málaga,CompName_SpanishLeagueA,Real_SpanishA_MálagaCF,MCF,,66
20302,SpanishA_CDMirandés,,MDE,Spain,Miranda de Ebro,CompName_SpanishLeagueA,Real_SpanishA_CDMirandés,CDM,,67
20303,SpanishA_SDPonferradina,,PON,Spain,Ponferrada,CompName_SpanishLeagueA,Real_SpanishA_SDPonferradina,SDP,,64
20304,SpanishA_RacingdeSantander,,SAN,Spain,Santander,CompName_SpanishLeagueA,Real_SpanishA_RacingdeSantander,RDS,,68
20305,SpanishA_RealOviedo,,OVI,Spain,Oviedo,CompName_SpanishLeagueA,Real_SpanishA_RealOviedo,ROV,,70
20306,SpanishA_RealZaragoza,,ZAR,Spain,Zaragoza,CompName_SpanishLeagueA,Real_SpanishA_RealZaragoza,RZA,,70
20307,SpanishA_SportingdeGijón,,GIJ,Spain,Gijón,CompName_SpanishLeagueA,Real_SpanishA_SportingdeGijón,SDG,,71
20308,SpanishA_CDTenerife,,TEN,Spain,Santa Cruz de Tenerife,CompName_SpanishLeagueA,Real_SpanishA_CDTenerife,CDT,,69
20309,SpanishA_VillarrealB,,VRL,Spain,Vila-real,CompName_SpanishLeagueA,Real_SpanishA_VillarrealB,VIL,,59
20371,SpanishA_GironaFutbolClub,,GIR,Spain,Girona,CompName_SpanishLeagueA,Real_SpanishA_GironaFutbolClub,GFC,,78
20388,SpanishA_CórdobaCF,,COR,Spain,Córdoba,CompName_SpanishLeagueA,Real_SpanishA_CórdobaCF,CCF,,65
20389,SpanishA_SDAmorebieta,,AMO,Spain,Amorebieta-Etxano,CompName_SpanishLeagueA,Real_SpanishA_SDAmorebieta,SDA,,62
20390,SpanishA_UDSanSebastiándelosReyes,,SSR,Spain,San Sebastián de los Reyes,CompName_SpanishLeagueA,Real_SpanishA_UDSanSebastiándelosReyes,SSR,,63
20391,SpanishA_RealMurcia,,MUR,Spain,Murcia,CompName_SpanishLeagueA,Real_SpanishA_RealMurcia,RMU,,64
20392,SpanishA_RacingdeFerrol,,FER,Spain,Ferrol,CompName_SpanishLeagueA,Real_SpanishA_RacingdeFerrol,RDF,,69
20393,SpanishA_RealUnión,,IRU,Spain,Irun,CompName_SpanishLeagueA,Real_SpanishA_RealUnión,RUI,,63
20394,SpanishA_LinaresDeportivo,,LIN,Spain,Linares,CompName_SpanishLeagueA,Real_SpanishA_LinaresDeportivo,LID,,63
20395,SpanishA_CFLaNucía,,LAN,Spain,La Nucía,CompName_SpanishLeagueA,Real_SpanishA_CFLaNucía,CFN,,61
20396,SpanishA_DeportivodeLaCoruña,,ACO,Spain,A Coruña,CompName_SpanishLeagueA,Real_SpanishA_DeportivodeLaCoruña,DLC,,66
20397,SpanishA_CDAlcoyano,,ALC,Spain,Alcoy,CompName_SpanishLeagueA,,CDA,,63
20126,GermanA_BayernMunchen,,MUC,Germany,Munich,CompName_GermanLeagueA,Real_GermanA_BayernMunchen,FCB,,84
20127,GermanA_Dortmund,,DTM,Germany,Dortmund,CompName_GermanLeagueA,Real_GermanA_Dortmund,BVB,,83
20128,GermanA_RBLeipzig,,LEJ,Germany,Leipzig,CompName_GermanLeagueA,Real_GermanA_RBLeipzig,RBL,,78
20129,GermanA_Bayer04Leverkusen,,LVK,Germany,Leverkusen,CompName_GermanLeagueA,Real_GermanA_Bayer04Leverkusen,SVB,,81
20130,GermanA_Schalke04,,SLK,Germany,Gelsenkirchen,CompName_GermanLeagueA,Real_GermanA_Schalke04,FCS,,71
20131,GermanA_Frankfurt,,FRA,Germany,Frankfurt am Main,CompName_GermanLeagueA,Real_GermanA_Frankfurt,FSV,,76
20132,GermanA_Monchengladbach,,MGL,Germany,Mönchengladbach,CompName_GermanLeagueA,Real_GermanA_Monchengladbach,VBM,,73
20133,GermanA_Wolfsburg,,WOB,Germany,Wolfsburg,CompName_GermanLeagueA,Real_GermanA_Wolfsburg,VLW,,76
20134,GermanA_Mainz,,MIZ,Germany,Mainz,CompName_GermanLeagueA,Real_GermanA_Mainz,FSV,,74
20135,GermanA_WerderBremen,,BRE,Germany,Bremen,CompName_GermanLeagueA,Real_GermanA_WerderBremen,SWB,,72
20136,GermanA_HerthaBerliner,,BEB,Germany,Berlin,CompName_GermanLeagueA,Real_GermanA_HerthaBerliner,BSC,,71
20137,GermanA_Freiburg,,FRB,Germany,Freiberg,CompName_GermanLeagueA,Real_GermanA_Freiburg,SCF,,76
20138,GermanA_Koln,,KLN,Germany,Cologne,CompName_GermanLeagueA,Real_GermanA_Koln,FCK,,72
20139,GermanA_Augsburg,,AGB,Germany,Augsburg,CompName_GermanLeagueA,Real_GermanA_Augsburg,FCA,,73
20140,GermanA_Stuttgart,,STR,Germany,Stuttgart,CompName_GermanLeagueA,Real_GermanA_Stuttgart,VBS,,76
20141,GermanA_Hamburg,,HBU,Germany,Hamburg,CompName_GermanLeagueA,Real_GermanA_Hamburg,HSV,,73
20142,GermanA_Bochum,,BOC,Germany,Bochum,CompName_GermanLeagueA,Real_GermanA_Bochum,VLB,,70
20143,GermanA_Bielefeld,,BIL,Germany,Bielefeld,CompName_GermanLeagueA,Real_GermanA_Bielefeld,BFC,,69
20144,GermanA_UnionBerlin,,BER,Germany,Berlin,CompName_GermanLeagueA,Real_GermanA_UnionBerlin,CUB,,73
20145,GermanA_Hoffenheim,,HFH,Germany,Sinsheim,CompName_GermanLeagueA,Real_GermanA_Hoffenheim,TSG,,74
20146,GermanA_Fürth,,FRT,Germany,Fürth,CompName_GermanLeagueA,Real_GermanA_Fürth,SGF,,68
20147,GermanA_Paderborn,,PAD,Germany,Paderborn,CompName_GermanLeagueA,Real_GermanA_Paderborn,SCP,,68
20148,GermanA_Düsseldorf,,DSL,Germany,Düsseldorf,CompName_GermanLeagueA,Real_GermanA_Düsseldorf,FCD,,68
20149,GermanA_Hannover,,HAJ,Germany,Hannoversch Münden,CompName_GermanLeagueA,Real_GermanA_Hannover,HAN,,68
20150,GermanA_Nuremberg,,NRB,Germany,Nuremberg,CompName_GermanLeagueA,Real_GermanA_Nuremberg,FCN,,65
20330,GermanA_SSVJahnRegensburg,,REG,Germany,Regensburg,CompName_GermanLeagueA,Real_GermanA_SSVJahnRegensburg,SSV,,65
20331,GermanA_FCKaiserslautern,,KAI,Germany,Kaiserslautern,CompName_GermanLeagueA,Real_GermanA_FCKaiserslautern,FCK,,69
20332,GermanA_FCHeidenheim,,HEI,Germany,Heidenheim,CompName_GermanLeagueA,Real_GermanA_FCHeidenheim,FCH,,73
20333,GermanA_SVSandhausen,,SAN,Germany,Sandhausen,CompName_GermanLeagueA,Real_GermanA_SVSandhausen,SVS,,65
20334,GermanA_FCHansaRostock,,ROS,Germany,Rostock,CompName_GermanLeagueA,Real_GermanA_FCHansaRostock,FCR,,65
20335,GermanA_SVDarmstadt,,DAR,Germany,Darmstadt,CompName_GermanLeagueA,Real_GermanA_SVDarmstadt,SVD,,67
20336,GermanA_HolsteinKiel,,KIE,Germany,Kiel,CompName_GermanLeagueA,Real_GermanA_HolsteinKiel,KSH,,69
20337,GermanA_FCSt.Pauli,,STP,Germany,St. Pauli,CompName_GermanLeagueA,Real_GermanA_FCSt.Pauli,FCS,,70
20339,GermanA_KarlsruherSC,,KAR,Germany,Karlsruhe,CompName_GermanLeagueA,Real_GermanA_KarlsruherSC,KSC,,66
20340,GermanA_FCMagdeburg,,MAG,Germany,Magdeburg,CompName_GermanLeagueA,Real_GermanA_FCMagdeburg,FCM,,66
20341,GermanA_EintrachtBraunschweig,,BRA,Germany,Braunschweig,CompName_GermanLeagueA,Real_GermanA_EintrachtBraunschweig,EBR,,67
20378,GermanA_TSV1860Munich,,MUB,Germany,Munich,CompName_GermanLeagueA,Real_GermanA_TSV1860Munich,MUN,,67
20379,GermanA_SVElversberg,,SVE,Germany,Spiesen-Elversberg,CompName_GermanLeagueA,Real_GermanA_SVElversberg,SVE,,68
20380,GermanA_SVWaldhofMannheim,,MAN,Germany,Mannheim,CompName_GermanLeagueA,Real_GermanA_SVWaldhofMannheim,SVW,,64
20381,GermanA_DynamoDresden,,DRE,Germany,Dresden,CompName_GermanLeagueA,Real_GermanA_DynamoDresden,SGD,,66
20382,GermanA_FCSaarbrücken,,SAA,Germany,Saarbrücken,CompName_GermanLeagueA,Real_GermanA_FCSaarbrücken,FCS,,65
20383,GermanA_SVWehenWiesbaden,,WIE,Germany,Wiesbaden,CompName_GermanLeagueA,Real_GermanA_SVWehenWiesbaden,SVW,,64
20384,GermanA_FCIngolstadt,,ING,Germany,Ingolstadt,CompName_GermanLeagueA,Real_GermanA_FCIngolstadt,FCI,,64
20385,GermanA_MSVDuisburg,,DUI,Germany,Duisburg,CompName_GermanLeagueA,Real_GermanA_MSVDuisburg,DUI,,65
20386,GermanA_SVMeppen,,MEP,Germany,Meppen,CompName_GermanLeagueA,Real_GermanA_SVMeppen,SVM,,59
20387,GermanA_VfBOldenburg,,OLD,Germany,Oldenburg,CompName_GermanLeagueA,Real_GermanA_VfBOldenburg,OLD,,62
20151,ArgentinaA_AtléticoBocaJuniors,,LBK,Argentina,La Boca,CompName_ArgentinaLeagueA,Real_ArgentinaA_AtléticoBocaJuniors,ABJ,,73
20152,ArgentinaA_AtléticoRiverPlate,,NUN,Argentina,Nunez,CompName_ArgentinaLeagueA,Real_ArgentinaA_AtléticoRiverPlate,ARP,,75
20153,ArgentinaA_AtléticoVélezSársfield,,LIN,Argentina,Liniers,CompName_ArgentinaLeagueA,Real_ArgentinaA_AtléticoVélezSársfield,AVS,,72
20154,ArgentinaA_Racing,,AVB,Argentina,Avellaneda,CompName_ArgentinaLeagueA,Real_ArgentinaA_Racing,CRA,,71
20155,ArgentinaA_AtléticaArgentinosJuniors,,BAS,Argentina,Buenos Aires,CompName_ArgentinaLeagueA,Real_ArgentinaA_AtléticaArgentinosJuniors,AAJ,,70
20156,ArgentinaA_DefensayJusticia,,FLV,Argentina,Florencio Varela,CompName_ArgentinaLeagueA,Real_ArgentinaA_DefensayJusticia,DYJ,,69
20157,ArgentinaA_AtléticoLanús,,LAN,Argentina,Lanus,CompName_ArgentinaLeagueA,Real_ArgentinaA_AtléticoLanús,CAL,,70
20158,ArgentinaA_AtléticoSanLorenzo,,FLR,Argentina,Flores,CompName_ArgentinaLeagueA,Real_ArgentinaA_AtléticoSanLorenzo,ASL,,69
20159,ArgentinaA_AtléticoRosarioCentral,,SAR,Argentina,Rosario,CompName_ArgentinaLeagueA,Real_ArgentinaA_AtléticoRosarioCentral,ARC,,72
20160,ArgentinaA_AtléticoNewell'sOldBoys,,SAR,Argentina,Rosario,CompName_ArgentinaLeagueA,Real_ArgentinaA_AtléticoNewell'sOldBoys,NOB,,69
20161,ArgentinaA_ArsenaldeSarandí,,SRD,Argentina,Sarandi,CompName_ArgentinaLeagueA,Real_ArgentinaA_ArsenaldeSarandí,ADS,,65
20162,ArgentinaA_AtléticoTalleres,,COR,Argentina,Córdoba,CompName_ArgentinaLeagueA,Real_ArgentinaA_AtléticoTalleres,TDC,,72
20163,ArgentinaA_EstudiantesdeLaPlata,,LPT,Argentina,La Plata,CompName_ArgentinaLeagueA,Real_ArgentinaA_EstudiantesdeLaPlata,ELP,,74
20164,ArgentinaA_SarmientoJunin,,JNI,Argentina,Junín,CompName_ArgentinaLeagueA,Real_ArgentinaA_SarmientoJunin,CAS,,69
20165,ArgentinaA_Colón,,SFN,Argentina,Santa Fe,CompName_ArgentinaLeagueA,Real_ArgentinaA_Colón,CAC,,67
20166,ArgentinaA_Huracán,,PQP,Argentina,Parque Patricios,CompName_ArgentinaLeagueA,Real_ArgentinaA_Huracán,CAH,,68
20167,ArgentinaA_GimnasiayEsgrimaLaPlata,,LPT,Argentina,La Plata,CompName_ArgentinaLeagueA,Real_ArgentinaA_GimnasiayEsgrimaLaPlata,CGE,,68
20168,ArgentinaA_UnionSantaFe,,SFN,Argentina,Santa Fe,CompName_ArgentinaLeagueA,Real_ArgentinaA_UnionSantaFe,CAU,,70
20169,ArgentinaA_AtléticoAldosivi,,MDQ,Argentina,Mar del Plata,CompName_ArgentinaLeagueA,Real_ArgentinaA_AtléticoAldosivi,CAA,,67
20170,ArgentinaA_AtléticoIndependiente,,AVR,Argentina,Avellaneda,CompName_ArgentinaLeagueA,Real_ArgentinaA_AtléticoIndependiente,CAI,,71
20171,ArgentinaA_DeportivoGodoyCruzAntonioTomba,,GDC,Argentina,Godoy Cruz,CompName_ArgentinaLeagueA,Real_ArgentinaA_DeportivoGodoyCruzAntonioTomba,CDG,,67
20172,ArgentinaA_AtléticoPlatense,,FLA,Argentina,Florida,CompName_ArgentinaLeagueA,Real_ArgentinaA_AtléticoPlatense,PAL,,68
20173,ArgentinaA_AtléticoBanfield,,BFD,Argentina,Banfield,CompName_ArgentinaLeagueA,Real_ArgentinaA_AtléticoBanfield,CAB,,69
20174,ArgentinaA_AtléticoCentralCórdoba,,SDE,Argentina,Santiago del Estero,CompName_ArgentinaLeagueA,Real_ArgentinaA_AtléticoCentralCórdoba,ACC,,70
20175,ArgentinaA_AtléticoPatronato,,PRN,Argentina,Paraná,CompName_ArgentinaLeagueA,Real_ArgentinaA_AtléticoPatronato,PAT,,65
20176,ArgentinaA_AtléticoTucumán,,TKM,Argentina,San Miguel de Tucumán,CompName_ArgentinaLeagueA,Real_ArgentinaA_AtléticoTucumán,TUC,,67
20177,ArgentinaA_ClubAtléticoTigre,,VTL,Argentina,Victoria,CompName_ArgentinaLeagueA,Real_ArgentinaA_ClubAtléticoTigre,TIG,,67
20448,ArgentinaA_ClubAtléticoBarracasCentral,,BAR,Argentina,Barracas,CompName_ArgentinaLeagueA,Real_ArgentinaA_ClubAtléticoBarracasCentral,ABC,,68
20449,ArgentinaA_ClubAtléticoBelgrano,,NUB,Argentina,Nunez,CompName_ArgentinaLeagueA,Real_ArgentinaA_ClubAtléticoDefensoresdeBelgrano,CAB,,71
20450,ArgentinaA_InstitutodeCórdoba,,COR,Argentina,Córdoba,CompName_ArgentinaLeagueA,Real_ArgentinaA_InstitutodeCórdoba,IDC,,68
20451,ArgentinaA_SanMartíndeTucumán,,SMT,Argentina,San Miguel de Tucumán,CompName_ArgentinaLeagueA,Real_ArgentinaA_SanMartíndeTucumán,SMT,,64
20452,ArgentinaA_GimnasiayEsgrimadeMendoza,,MEN,Argentina,Mendoza,CompName_ArgentinaLeagueA,Real_ArgentinaA_GimnasiayEsgrimadeMendoza,GEM,,61
20453,ArgentinaA_ClubAtléticoAllBoys,,FLO,Argentina,Floresta,CompName_ArgentinaLeagueA,Real_ArgentinaA_ClubAtléticoAllBoys,AAB,,63
20454,ArgentinaA_EstudiantesdeRíoCuarto,,RCO,Argentina,Río Cuarto,CompName_ArgentinaLeagueA,Real_ArgentinaA_EstudiantesdeRíoCuarto,ERC,,64
20455,ArgentinaA_EstudiantesdeBuenosAires,,CAS,Argentina,Caseros,CompName_ArgentinaLeagueA,Real_ArgentinaA_EstudiantesdeBuenosAires,EBA,,63
20456,ArgentinaA_ClubAlmagro,,JIS,Argentina,José Ingenieros,CompName_ArgentinaLeagueA,Real_ArgentinaA_ClubAlmagro,ALM,,62
20457,ArgentinaA_IndependienteRivadavia,,MEN,Argentina,Mendoza,CompName_ArgentinaLeagueA,Real_ArgentinaA_IndependienteRivadavia,IRA,,70
20458,ArgentinaA_ChacoForEver,,RES,Argentina,Resistencia,CompName_ArgentinaLeagueA,Real_ArgentinaA_ChacoForEver,CFE,,63
20459,ArgentinaA_DeportivoRiestra,,BAB,Argentina,Buenos Aires,CompName_ArgentinaLeagueA,Real_ArgentinaA_DeportivoRiestra,DRA,,64
20460,ArgentinaA_DefensoresdeBelgrano,,NRB,Argentina,Nunez,CompName_ArgentinaLeagueA,Real_ArgentinaA_DefensoresdeBelgrano,DDB,,62
20461,ArgentinaA_DeportivoMorón,,MOR,Argentina,Morón,CompName_ArgentinaLeagueA,Real_ArgentinaA_DeportivoMorón,DMN,,63
20462,ArgentinaA_SanMartíndeSanJuan,,SJN,Argentina,San Juan,CompName_ArgentinaLeagueA,Real_ArgentinaA_SanMartíndeSanJuan,SMS,,64
20463,ArgentinaA_ChacaritaJuniors,,VCO,Argentina,Villa Crespo,CompName_ArgentinaLeagueA,Real_ArgentinaA_ChacaritaJuniors,CAC,,63
20464,ArgentinaA_FerroCarrilOeste,,CAB,Argentina,Caballito,CompName_ArgentinaLeagueA,Real_ArgentinaA_FerroCarrilOeste,FCO,,61
20465,ArgentinaA_DeportivoMadryn,,PMN,Argentina,Puerto Madryn,CompName_ArgentinaLeagueA,Real_ArgentinaA_DeportivoMadryn,DMN,,63
20466,ArgentinaA_ClubAtléticoAtlanta,,VCO,Argentina,Villa Crespo,CompName_ArgentinaLeagueA,Real_ArgentinaA_ClubAtléticoAtlanta,CAA,,63
20467,ArgentinaA_QuilmesAtléticoClub,,QUI,Argentina,Quilmes,CompName_ArgentinaLeagueA,Real_ArgentinaA_QuilmesAtléticoClub,QAC,,65
20468,ArgentinaA_DeportivoMaipú,,MAI,Argentina,Maipú,CompName_ArgentinaLeagueA,Real_ArgentinaA_DeportivoMaipú,DMU,,63
20469,ArgentinaA_ClubAtléticoMitre,,SDE,Argentina,Santiago del Estero,CompName_ArgentinaLeagueA,Real_ArgentinaA_ClubAtléticoMitre,CAM,,64
20470,ArgentinaA_ClubAtléticoBrown,,ADR,Argentina,Adrogué,CompName_ArgentinaLeagueA,Real_ArgentinaA_ClubAtléticoBrown,CAB,,62
20471,ArgentinaA_GimnasiayEsgrimadeJujuy,,SSJ,Argentina,San Salvador de Jujuy,CompName_ArgentinaLeagueA,Real_ArgentinaA_GimnasiayEsgrimadeJujuy,GEJ,,63
20472,ArgentinaA_GuillermoBrown,,PMN,Argentina,Puerto Madryn,CompName_ArgentinaLeagueA,Real_ArgentinaA_GuillermoBrown,BPM,,64
20178,BelgianA_BruggeK.V.,,BRS,Belgium,Bruges,CompName_BelgianLeagueA,Real_BelgianA_BruggeK.V.,BKV,,71
20179,BelgianA_K.R.C.Genk,,GNK,Belgium,Genk,CompName_BelgianLeagueA,Real_BelgianA_K.R.C.Genk,RCG,,71
20180,BelgianA_Anderlecht,,ADL,Belgium,Anderlecht,CompName_BelgianLeagueA,Real_BelgianA_Anderlecht,SCA,,70
20181,PortugueseA_Porto,,POG,Portugal,Porto,CompName_PortugueseLeagueA,Real_PortugueseA_Porto,FCP,,75
20182,PortugueseA_SportingClubedePortugal,,LIG,Portugal,Lisbon,CompName_PortugueseLeagueA,Real_PortugueseA_SportingClubedePortugal,SCP,,77
20183,PortugueseA_Benfica,,LIR,Portugal,Lisbon,CompName_PortugueseLeagueA,Real_PortugueseA_Benfica,SLB,,77
20263,PortugueseA_SportingClubedeBraga,,BRA,Portugal,Braga,CompName_PortugueseLeagueA,Real_PortugueseA_SportingClubedeBraga,SCB,,73
20264,PortugueseA_GilVicenteFutebolClube,,BAR,Portugal,Barcelos,CompName_PortugueseLeagueA,Real_PortugueseA_GilVicenteFutebolClube,GVF,,68
20265,PortugueseA_VitóriadeGuimarães,,GUI,Portugal,Guimarães,CompName_PortugueseLeagueA,Real_PortugueseA_VitóriadeGuimarães,VSC,,68
20266,PortugueseA_CDSantaClara,,AZO,Portugal,Azores,CompName_PortugueseLeagueA,Real_PortugueseA_CDSantaClara,CDS,,69
20267,PortugueseA_F.C.Famalicão,,FAM,Portugal,Famalicao,CompName_PortugueseLeagueA,Real_PortugueseA_F.C.Famalicão,FCF,,69
20268,PortugueseA_G.D.EstorilPraia,,EST,Portugal,Estoril,CompName_PortugueseLeagueA,Real_PortugueseA_G.D.EstorilPraia,GDE,,71
20269,PortugueseA_BoavistaF.C.,,PBW,Portugal,Porto,CompName_PortugueseLeagueA,Real_PortugueseA_BoavistaF.C.,BFC,,70
20270,PortugueseA_C.S.Marítimo,,FUN,Portugal,Funchal,CompName_PortugueseLeagueA,Real_PortugueseA_C.S.Marítimo,CSM,,68
20271,PortugueseA_F.C.PaçosdeFerreira,,FER,Portugal,Ferreiras,CompName_PortugueseLeagueA,Real_PortugueseA_F.C.PaçosdeFerreira,FCP,,61
20272,PortugueseA_PortimonenseS.C.,,POR,Portugal,Portimão,CompName_PortugueseLeagueA,Real_PortugueseA_PortimonenseS.C.,PSC,,63
20273,PortugueseA_F.C.Vizela,,VIZ,Portugal,Vizela,CompName_PortugueseLeagueA,Real_PortugueseA_F.C.Vizela,FCV,,64
20274,PortugueseA_F.C.Arouca,,ARO,Portugal,Arouca,CompName_PortugueseLeagueA,Real_PortugueseA_F.C.Arouca,FCA,,69
20275,PortugueseA_MoreirenseF.C.,,MDC,Portugal,Moreira de Conegos,CompName_PortugueseLeagueA,Real_PortugueseA_MoreirenseF.C.,MFC,,67
20276,PortugueseA_C.D.Tondela,,TON,Portugal,Tondela,CompName_PortugueseLeagueA,Real_PortugueseA_C.D.Tondela,CDT,,68
20277,PortugueseA_B-SAD,,LIB,Portugal,Lisbon,CompName_PortugueseLeagueA,Real_PortugueseA_B-SAD,SAD,,67
20184,TurkishA_BeşiktaşJ.K.,,BSK,Turkey,Besiktas,CompName_TurkishLeagueA,Real_TurkishA_BeşiktaşJ.K.,BJK,,76
20185,TurkishA_İstanbulBaşakşehir,,ISO,Turkey,Istanbul,CompName_TurkishLeagueA,Real_TurkishA_İstanbulBaşakşehir,IBF,,70
20186,TurkishA_GalatasaraySpor,,ISR,Turkey,Istanbul,CompName_TurkishLeagueA,Real_TurkishA_GalatasaraySpor,GSK,,78
20187,UkrainianA_ShakhtarDonetsk,,DOK,Ukraine,Donetsk,CompName_UkrainianLeagueA,Real_UkrainianA_ShakhtarDonetsk,FCS,,68
20188,UkrainianA_DynamoKyiv,,KIV,Ukraine,Kyiv,CompName_UkrainianLeagueA,Real_UkrainianA_DynamoKyiv,DAK,,73
20189,DutchA_AjaxAmsterdam,,AMS,Netherlands,Amsterdam,CompName_DutchLeagueA,Real_DutchA_AjaxAmsterdam,AFC,,74
20190,DutchA_FeyenoordRotterdam,,RTM,Netherlands,Rotterdam,CompName_DutchLeagueA,Real_DutchA_FeyenoordRotterdam,FFC,,74
20191,DutchA_Heerenveen,,QYZ,Netherlands,Heerenveen,CompName_DutchLeagueA,Real_DutchA_Heerenveen,SCH,,69
20248,DutchA_PhilipsSportVereniging,,EIN,Netherlands,Eindhoven,CompName_DutchLeagueA,Real_DutchA_PhilipsSportVereniging,PSV,,76
20249,DutchA_Twente,,ENS,Netherlands,Enschede,CompName_DutchLeagueA,Real_DutchA_Twente,FCT,,73
20250,DutchA_AZAlkmaar,,ALK,Netherlands,Alkmaar,CompName_DutchLeagueA,Real_DutchA_AZAlkmaar,AZA,,70
20251,DutchA_Vitesse,,ARN,Netherlands,Arnhem,CompName_DutchLeagueA,Real_DutchA_Vitesse,SBV,,62
20252,DutchA_FCUtrecht,,UTR,Netherlands,Utrecht,CompName_DutchLeagueA,Real_DutchA_FCUtrecht,FCU,,71
20253,DutchA_SCCambuur,,LWD,Netherlands,Leeuwarden,CompName_DutchLeagueA,Real_DutchA_SCCambuur,SCC,,63
20254,DutchA_RKCWaalwijk,,WAA,Netherlands,Waalwijk,CompName_DutchLeagueA,Real_DutchA_RKCWaalwijk,RKC,,66
20255,DutchA_NECNijmegen,,NIJ,Netherlands,Nijmegen,CompName_DutchLeagueA,Real_DutchA_NECNijmegen,NEC,,70
20256,DutchA_FCGroningen,,GRO,Netherlands,Groningen,CompName_DutchLeagueA,Real_DutchA_FCGroningen,FCG,,65
20257,DutchA_GoAheadEagles,,DEV,Netherlands,Deventer,CompName_DutchLeagueA,Real_DutchA_GoAheadEagles,GAE,,68
20258,DutchA_SpartaRotterdam,,RRT,Netherlands,Rotterdam,CompName_DutchLeagueA,Real_DutchA_SpartaRotterdam,CSR,,71
20259,DutchA_FortunaSittard,,SIT,Netherlands,Sittard,CompName_DutchLeagueA,Real_DutchA_FortunaSittard,FOR,,70
20260,DutchA_HeraclesAlmelo,,ALM,Netherlands,Almelo,CompName_DutchLeagueA,Real_DutchA_HeraclesAlmelo,HER,,68
20261,DutchA_WillemII,,TIL,Netherlands,Tilburg,CompName_DutchLeagueA,Real_DutchA_WillemII,WIL,,65
20262,DutchA_PECZwolle,,ZWO,Netherlands,Zwolle,CompName_DutchLeagueA,Real_DutchA_PECZwolle,PEC,,67
20192,MoldovanA_Sheriff,,TRS,Moldova,Tiraspol,CompName_MoldovanLeagueA,Real_MoldovanA_Sheriff,SHE,,66
20193,SwissA_BSCYoungBoys,,BRN,Switzerland,Bern,CompName_SwissLeagueA,Real_SwissA_BSCYoungBoys,YBB,,71
20194,SwissA_Basel,,BSL,Switzerland,Basel,CompName_SwissLeagueA,Real_SwissA_Basel,FCB,,69
20195,AustrianA_RedBullSalzburg,,SZG,Austria,Salzburg,CompName_AustrianLeagueA,Real_AustrianA_RedBullSalzburg,RBS,,70
20196,RussianA_ZenitSaintPetersburg,,SPB,Russia,Saint Petersburg,CompName_RussianLeagueA,Real_RussianA_ZenitSaintPetersburg,ZSP,,75
20197,RussianA_locomotiveMoscow,,MRB,Russia,Moscow,CompName_RussianLeagueA,Real_RussianA_locomotiveMoscow,IMO,,72
20198,RussianA_Krasnodar,,KRR,Russia,Krasnodar,CompName_RussianLeagueA,Real_RussianA_Krasnodar,FCK,,73
20199,RussianA_PFCCSKAMoscow,,MOR,Russia,Moscow,CompName_RussianLeagueA,Real_RussianA_PFCCSKAMoscow,PCM,,72
20200,RussianA_SpartakMoscow,,MRW,Russia,Moscow,CompName_RussianLeagueA,Real_RussianA_SpartakMoscow,CSM,,73
20201,GreekA_Olympiacos,,PIR,Greece,Piraeus,CompName_GreekLeagueA,Real_GreekA_Olympiacos,OFC,,75
20202,GreekA_AEKAthensF.C.,,ATH,Greece,Athens,CompName_GreekLeagueA,Real_GreekA_AEKAthensF.C.,AEK,,73
20203,CyprusA_Nicosia,,NKS,Cyprus,Nicosia,CompName_CyprusLeagueA,Real_CyprusA_Nicosia,ONI,,66
20204,DanishA_Midtjylland,,HEN,Denmark,Herning,CompName_DanishLeagueA,Real_DanishA_Midtjylland,FCM,,73
20205,SwedishA_Malmo,,MMA,Sweden,Malmo,CompName_SwedishLeagueA,Real_SwedishA_Malmo,MFF,,68
20206,HungarianA_FerencvárosiTorna,,BUD,Hungary,Budapest,CompName_HungarianLeagueA,Real_HungarianA_FerencvárosiTorna,FTC,,70
20207,SerbianA_CrvenaZvezda,,BEG,Serbia,Belgrade,CompName_SerbianLeagueA,Real_SerbianA_CrvenaZvezda,KCZ,,70
20208,CroatianA_GNKDinamoZagreb,,ZAG,Croatia,Zagreb,CompName_CroatianLeagueA,Real_CroatianA_GNKDinamoZagreb,KDZ,,72
20209,CzechA_SKSlaviaPrague,,PRG,Czech_Republic,Prague,CompName_CzechLeagueA,Real_CzechA_SKSlaviaPrague,KSP,,74
20210,CzechA_ViktoriaPlzeň,,PLS,Czech_Republic,Pilsen,CompName_CzechLeagueA,Real_CzechA_ViktoriaPlzeň,CVP,,70
20211,ScottishA_Celtic,,GLG,Scotland,Glasgow,CompName_ScottishLeagueA,Real_ScottishA_Celtic,CFC,,76
20212,AzerbaijaniA_QarabağFK,,BKU,Azerbaijan,Baku,CompName_AzerbaijaniLeagueA,Real_AzerbaijaniA_QarabağFK,QFK,,68
20213,SlovenianA_Maribor,,MBX,Slovenia,Maribor,CompName_SlovenianLeagueA,Real_SlovenianA_Maribor,NKM,,67
20214,PeruvianA_UniversitariodeDeportes,,LIW,Peru,Lima,CompName_PeruvianLeagueA,Real_PeruvianA_UniversitariodeDeportes,UDD,,69
20215,PeruvianA_SportingCristal,,LIB,Peru,Lima,CompName_PeruvianLeagueA,Real_PeruvianA_SportingCristal,SCR,,68
20216,PeruvianA_EscuelaMunicipalDeportivoBinacional,,JLK,Peru,Juliaca,CompName_PeruvianLeagueA,Real_PeruvianA_EscuelaMunicipalDeportivoBinacional,MDB,,68
20217,PeruvianA_ClubAlianzaLima,,LBW,Peru,Lima,CompName_PeruvianLeagueA,Real_PeruvianA_ClubAlianzaLima,CAL,,70
20218,EcuadorianA_IndependientedelValle,,SGQ,Ecuador,Sangolqui,CompName_EcuadorianLeagueA,Real_EcuadorianA_IndependientedelValle,IDV,,70
20219,EcuadorianA_BarcelonaSportingClub,,GYQ,Ecuador,Guayaquil,CompName_EcuadorianLeagueA,Real_EcuadorianA_BarcelonaSportingClub,BSC,,69
20220,EcuadorianA_LDUQuito,,QUT,Ecuador,Quito,CompName_EcuadorianLeagueA,Real_EcuadorianA_LDUQuito,LDU,,70
20221,EcuadorianA_DelfínSportingClub,,MAN,Ecuador,Manta,CompName_EcuadorianLeagueA,Real_EcuadorianA_DelfínSportingClub,DSC,,66
20222,VenezuelanaA_DeportivoTáchiraF.C.,,SKT,Venezuela,San Cristóbal,CompName_VenezuelaLeagueA,Real_VenezuelanaA_DeportivoTáchiraF.C.,DTC,,64
20223,VenezuelanaA_DeportivoLaGuaira,,KLR,Venezuela,Caracas,CompName_VenezuelaLeagueA,Real_VenezuelanaA_DeportivoLaGuaira,DLG,,62
20224,VenezuelanaA_AcademiaPuertoCabello,,CBL,Venezuela,Puerto Cabello,CompName_VenezuelaLeagueA,Real_VenezuelanaA_AcademiaPuertoCabello,APC,,63
20225,VenezuelanaA_EstudiantesdeMérida,,MLD,Venezuela,Mérida,CompName_VenezuelaLeagueA,Real_VenezuelanaA_EstudiantesdeMérida,EDM,,63
20226,VenezuelanaA_CaracasFC,,KLK,Venezuela,Caracas,CompName_VenezuelaLeagueA,Real_VenezuelanaA_CaracasFC,CFC,,64
20227,BolivianA_ClubAlwaysReady,,LPR,Bolivia,La Paz,CompName_BolivianLeagueA,Real_BolivianA_ClubAlwaysReady,CAR,,63
20228,BolivianA_TheStrongest,,LYB,Bolivia,La Paz,CompName_BolivianLeagueA,Real_BolivianA_TheStrongest,TST,,64
20229,BolivianA_ClubBolívar,,LPB,Bolivia,La Paz,CompName_BolivianLeagueA,Real_BolivianA_ClubBolívar,BOL,,68
20230,BolivianA_ClubJorgeWilstermann,,KQB,Bolivia,Cochabamba,CompName_BolivianLeagueA,Real_BolivianA_ClubJorgeWilstermann,CJW,,64
20231,UruguayanA_ClubAtléticoRentistas,,MTR,Uruguay,Montevideo,CompName_UruguayanLeagueA,Real_UruguayanA_ClubAtléticoRentistas,CAR,,66
20232,UruguayanA_ClubNacionaldeFootball,,MTW,Uruguay,Montevideo,CompName_UruguayanLeagueA,Real_UruguayanA_ClubNacionaldeFootball,CNF,,70
20233,UruguayanA_DanubioFútbolClub,,MBW,Uruguay,Montevideo,CompName_UruguayanLeagueA,Real_UruguayanA_DanubioFútbolClub,DFC,,65
20234,UruguayanA_ClubAtléticoPeñarol,,MYB,Uruguay,Montevideo,CompName_UruguayanLeagueA,Real_UruguayanA_ClubAtléticoPeñarol,CAP,,71
20235,ColombianA_IndependienteSantaFe,,BGR,Colombia,Bogotá,CompName_ColombianLeagueA,Real_ColombianA_IndependienteSantaFe,ISF,,67
20236,ColombianA_AtléticoJunior,,BLQ,Colombia,Barranquilla,CompName_ColombianLeagueA,Real_ColombianA_AtléticoJunior,CAJ,,70
20237,ColombianA_AtléticoNacional,,MDG,Colombia,Medellín,CompName_ColombianLeagueA,Real_ColombianA_AtléticoNacional,CAN,,71
20238,ColombianA_IndependienteMedellín,,MDR,Colombia,Medellín,CompName_ColombianLeagueA,Real_ColombianA_IndependienteMedellín,DIM,,69
20239,ColombianA_CorporaciónDeportivaAmérica,,KAL,Colombia,Santiago de Cali,CompName_ColombianLeagueA,Real_ColombianA_CorporaciónDeportivaAmérica,CDA,,68
20240,ColombianA_MillonariosFútbolClub,,BGB,Colombia,Bogotá,CompName_ColombianLeagueA,Real_ColombianA_MillonariosFútbolClub,MFC,,71
20241,ChileA_ClubDeportivoUniversidadCatólica,,SBW,Chile,Santiago,CompName_ChileLeagueA,Real_ChileA_ClubDeportivoUniversidadCatólica,DUC,,69
20242,ChileA_UniónLaCalera,,CLR,Chile,La Calera,CompName_ChileLeagueA,Real_ChileA_UniónLaCalera,ULC,,64
20243,ChileA_ClubSocialyDeportivoColo-Colo,,STW,Chile,Santiago,CompName_ChileLeagueA,Real_ChileA_ClubSocialyDeportivoColo-Colo,DCC,,71
20244,ParaguayanA_ClubCerroPorteño,,ARB,Paraguay,Asunción,CompName_ParaguayanLeagueA,Real_ParaguayanA_ClubCerroPorteño,CCP,,69
20245,ParaguayanA_ClubLibertad,,ABW,Paraguay,Asunción,CompName_ParaguayanLeagueA,Real_ParaguayanA_ClubLibertad,LIB,,69
20246,ParaguayanA_ClubGuaraní,,AYB,Paraguay,Asunción,CompName_ParaguayanLeagueA,Real_ParaguayanA_ClubGuaraní,GUA,,64
20247,ParaguayanA_ClubOlimpia,,ASW,Paraguay,Asunción,CompName_ParaguayanLeagueA,Real_ParaguayanA_ClubOlimpia,OLI,,67
20436,SaudiArabianA_AlHilalSFC,,RIY,Saudi_Arabia,Riyadh,CompName_SaudiArabianLeagueA,Real_SaudiArabianA_AlHilalSFC,ALS,West Asia,80
20437,UAELeagueA_AlJaziraClub,,ADI,United_Arab_Emirates,Abu Dhabi,CompName_UnitedArabEmiratesLeaugeA,Real_UAELeagueA_AlJaziraClub,AJC,West Asia,70
20438,EgyptianLeagueA_AlAhlySC,,CAI,Egypt,Cairo,CompName_EgyptianLeagueA,Real_EgyptianLeagueA_AlAhlySC,ASC,,69
20439,MexicanLeagueA_C.F.Monterrey,,MON,Mexico,Monterrey,CompName_MexicanLeagueA,Real_MexicanLeagueA_C.F.Monterrey,CFM,,77
20440,QatarLeagueA_Al-DuhailSC,,DUH,Qatar,Duhail,CompName_QatarLeagueA,Real_QatarLeagueA_Al-DuhailSC,DSC,West Asia,72
20441,MexicanLeagueA_TigresUANL,,SNS,Mexico,San Nicolás de los Garza,CompName_MexicanLeagueA,Real_MexicanLeagueA_TigresUANL,TIG,,73
20442,KoreanLeagueA_UlsanHyundaiFC,,ULS,South_Korea,Ulsan,CompName_KoreanLeagueA,Real_KoreanLeagueA_UlsanHyundaiFC,UHF,East Asia,68
20443,QatarLeagueA_AlSaddSC,,ASD,Qatar,Al Sadd,CompName_QatarLeagueA,Real_QatarLeagueA_AlSaddSC,ASS,West Asia,70
20444,TunisianLeagueA_ESTunis,,TUN,Tunisia,Tunis,CompName_TunisianLeagueA,Real_TunisianLeagueA_ESTunis,EST,,68
20445,UAELeagueA_AlAinFC,,AAN,United_Arab_Emirates,Al Ain,CompName_UnitedArabEmiratesLeaugeA,Real_UAELeagueA_AlAinFC,AAF,West Asia,65
20446,JapanLeagueA_KashimaAntlers,,KAS,Japan,Kashima,CompName_JapanLeagueA,Real_JapanLeagueA_KashimaAntlers,KAS,East Asia,67
20447,MexicanLeagueA_C.D.Guadalajara,,ZAP,Mexico,Zapopan,CompName_MexicanLeagueA,Real_MexicanLeagueA_C.D.Guadalajara,CDG,,70
20473,IndonesianLeagueA_BorneoSamarinda,,SAM,Indonesia,Samarinda,CompName_IndonesianLeagueA,Real_IndonesianLeagueA_BorneoSamarinda,BSA,East Asia,61
20474,IndonesianLeagueA_MaduraUnitedF.C.,,PAM,Indonesia,Pamekasan,CompName_IndonesianLeagueA,Real_IndonesianLeagueA_MaduraUnitedF.C.,MHD,East Asia,60
20475,IndonesianLeagueA_PSMMakassar,,MAK,Indonesia,Makassar,CompName_IndonesianLeagueA,Real_IndonesianLeagueA_PSMMakassar,PSM,East Asia,59
20476,IndonesianLeagueA_PersitaTangerang,,TAN,Indonesia,Tangerang,CompName_IndonesianLeagueA,Real_IndonesianLeagueA_PersitaTangerang,PTG,East Asia,62
20477,IndonesianLeagueA_BaliUnitedF.C.,,GIA,Indonesia,Gianyar,CompName_IndonesianLeagueA,Real_IndonesianLeagueA_BaliUnitedF.C.,BLU,East Asia,60
20478,IndonesianLeagueA_Persikabo1973,,BRY,Indonesia,Bogor Regency,CompName_IndonesianLeagueA,Real_IndonesianLeagueA_Persikabo1973,PER,East Asia,59
20479,IndonesianLeagueA_PersibBandung,,BAN,Indonesia,Bandung,CompName_IndonesianLeagueA,Real_IndonesianLeagueA_PersibBandung,PBG,East Asia,61
20480,IndonesianLeagueA_AremaF.C.,,MAL,Indonesia,Malang,CompName_IndonesianLeagueA,Real_IndonesianLeagueA_AremaF.C.,AFC,East Asia,61
20481,IndonesianLeagueA_PSISSemarang,,SEM,Indonesia,Semarang,CompName_IndonesianLeagueA,Real_IndonesianLeagueA_PSISSemarang,SEM,East Asia,61
20482,IndonesianLeagueA_PersebayaSurabaya,,SUR,Indonesia,Surabaya,CompName_IndonesianLeagueA,Real_IndonesianLeagueA_PersebayaSurabaya,PSA,East Asia,59
20483,IndonesianLeagueA_PersijaJakarta,,JAK,Indonesia,Jakarta,CompName_IndonesianLeagueA,Real_IndonesianLeagueA_PersijaJakarta,PJA,East Asia,61
20484,IndonesianLeagueA_DewaUnitedF.C.,,STG,Indonesia,South Tangerang,CompName_IndonesianLeagueA,Real_IndonesianLeagueA_DewaUnitedF.C.,DUF,East Asia,63
20485,IndonesianLeagueA_BhayangkaraF.C.,,BRY,Indonesia,Bekasi Regency,CompName_IndonesianLeagueA,Real_IndonesianLeagueA_BhayangkaraF.C.,BFC,East Asia,60
20486,IndonesianLeagueA_PSSSleman,,SRY,Indonesia,Sleman Regency,CompName_IndonesianLeagueA,Real_IndonesianLeagueA_PSSSleman,PSS,East Asia,62
20487,IndonesianLeagueA_PersisSolo,,SUR,Indonesia,Surakarta,CompName_IndonesianLeagueA,Real_IndonesianLeagueA_PersisSolo,PSO,East Asia,59
20488,IndonesianLeagueA_RANSNusantaraF.C.,,BOG,Indonesia,Bogor,CompName_IndonesianLeagueA,Real_IndonesianLeagueA_RANSNusantaraF.C.,NFC,East Asia,61
20489,IndonesianLeagueA_PSBaritoPutera,,BAN,Indonesia,Banjarmasin,CompName_IndonesianLeagueA,Real_IndonesianLeagueA_PSBaritoPutera,BPA,East Asia,62
20490,IndonesianLeagueA_PersikKediri,,KED,Indonesia,Kediri,CompName_IndonesianLeagueA,Real_IndonesianLeagueA_PersikKediri,PKI,East Asia,60
20491,IndonesianLeagueA_PSMSMedan,,MED,Indonesia,Medan,CompName_IndonesianLeagueA,Real_IndonesianLeagueA_PSMSMedan,PSM,East Asia,59
20492,IndonesianLeagueA_KaroUnitedF.C.,,KAB,Indonesia,Kabanjahe,CompName_IndonesianLeagueA,Real_IndonesianLeagueA_KaroUnitedF.C.,KUD,East Asia,57
20493,IndonesianLeagueA_SriwijayaF.C.,,PAL,Indonesia,Palembang,CompName_IndonesianLeagueA,Real_IndonesianLeagueA_SriwijayaF.C.,SFC,East Asia,59
20494,IndonesianLeagueA_SemenPadangF.C.,,PAD,Indonesia,Padang,CompName_IndonesianLeagueA,Real_IndonesianLeagueA_SemenPadangF.C.,SPG,East Asia,58
20495,IndonesianLeagueA_F.C.BekasiCity,,BEK,Indonesia,Bekasi,CompName_IndonesianLeagueA,Real_IndonesianLeagueA_F.C.BekasiCity,BFC,East Asia,60
20496,IndonesianLeagueA_PersijapJepara,,JEP,Indonesia,Jepara,CompName_IndonesianLeagueA,Real_IndonesianLeagueA_PersijapJepara,PJA,East Asia,59
20497,IndonesianLeagueA_GresikUnitedF.C.,,GRE,Indonesia,Gresik,CompName_IndonesianLeagueA,Real_IndonesianLeagueA_GresikUnitedF.C.,GFC,East Asia,58
20498,IndonesianLeagueA_PSCSCilacap,,CRY,Indonesia,Cilacap Regency,CompName_IndonesianLeagueA,Real_IndonesianLeagueA_PSCSCilacap,PSC,East Asia,58
20499,IndonesianLeagueA_PersipuraJayapura,,JAY,Indonesia,Jayapura,CompName_IndonesianLeagueA,Real_IndonesianLeagueA_PersipuraJayapura,PER,East Asia,60
20500,IndonesianLeagueA_PersibaBalikpapan,,BAL,Indonesia,Balikpapan,CompName_IndonesianLeagueA,Real_IndonesianLeagueA_PersibaBalikpapan,PBN,East Asia,59
20501,IndonesianLeagueA_PersipalPalu,,PAL,Indonesia,Palu,CompName_IndonesianLeagueA,Real_IndonesianLeagueA_PersipalPalu,PPU,East Asia,59
20502,IndonesianLeagueA_DeltrasF.C.,,SID,Indonesia,Sidoarjo,CompName_IndonesianLeagueA,Real_IndonesianLeagueA_DeltrasF.C.,DFC,East Asia,59
20503,IndonesianLeagueA_PersirajaBandaAceh,,BAH,Indonesia,Banda Aceh,CompName_IndonesianLeagueA,Real_IndonesianLeagueA_PersirajaBandaAceh,PBA,East Asia,58
20504,IndonesianLeagueA_PersipaPati,,PAT,Indonesia,Pati,CompName_IndonesianLeagueA,Real_IndonesianLeagueA_PersipaPati,PPI,East Asia,58
20505,IndonesianLeagueA_PSKCCimahi,,CIM,Indonesia,Cimahi,CompName_IndonesianLeagueA,Real_IndonesianLeagueA_PSKCCimahi,CIM,East Asia,59
20506,IndonesianLeagueA_PerserangSerang,,SER,Indonesia,Serang Regency,CompName_IndonesianLeagueA,Real_IndonesianLeagueA_PerserangSerang,PSG,East Asia,59
20507,IndonesianLeagueA_PSDSDeliSerdang,,DSG,Indonesia,Deli Serdang,CompName_IndonesianLeagueA,Real_IndonesianLeagueA_PSDSDeliSerdang,DSG,East Asia,58
20508,IndonesianLeagueA_PSPSRiau,,PEK,Indonesia,Pekanbaru,CompName_IndonesianLeagueA,Real_IndonesianLeagueA_PSPSRiau,RIA,East Asia,59
20509,IndonesianLeagueA_PSIMYogyakarta,,YOG,Indonesia,Yogyakarta,CompName_IndonesianLeagueA,Real_IndonesianLeagueA_PSIMYogyakarta,YOG,East Asia,59
20510,IndonesianLeagueA_PersikabBandung,,BAN,Indonesia,Bandung Regency,CompName_IndonesianLeagueA,Real_IndonesianLeagueA_PersikabBandung,PBG,East Asia,57
20511,IndonesianLeagueA_PerselaLamongan,,LAM,Indonesia,Lamongan,CompName_IndonesianLeagueA,Real_IndonesianLeagueA_PerselaLamongan,PLN,East Asia,58
20512,IndonesianLeagueA_PersewarWaropen,,WAR,Indonesia,Waropen Regency,CompName_IndonesianLeagueA,Real_IndonesianLeagueA_PersewarWaropen,PWN,East Asia,58
20513,IndonesianLeagueA_SulutUnitedF.C.,,MAN,Indonesia,Manado,CompName_IndonesianLeagueA,Real_IndonesianLeagueA_SulutUnitedF.C.,SUD,East Asia,59
20514,IndonesianLeagueA_PutraDeltaSidoarjoF.C.,,SID,Indonesia,Sidoarjo Regency,CompName_IndonesianLeagueA,Real_IndonesianLeagueA_PutraDeltaSidoarjoF.C.,PDS,East Asia,61
20515,SaudiArabianLeagueA_Al-AhliSaudiFC,,JED,Saudi_Arabia,Jeddah,CompName_SaudiArabianLeagueA,Real_SaudiArabianA_Al-AhliSaudiFC,AAS,West Asia,76
20516,UnitedArabEmiratesLeaugeA_AlJaziraClub,,ADI,United_Arab_Emirates,Abu Dhabi,CompName_UnitedArabEmiratesLeaugeA,Real_UnitedArabEmiratesLeaugeA_AlJaziraClub,AJC,West Asia,70
20517,QatarLeagueA_Al-GharafaSC,,AGA,Qatar,Al Gharrafa,CompName_QatarLeagueA,Real_UnitedArabEmiratesLeaugeA_Al-GharafaSC,AGA,West Asia,71
20518,IranLeagueA_TractorS.C.,,TAB,Iran,Tabriz,CompName_IranLeagueA,Real_IranLeagueA_TractorS.C.,TSC,West Asia,67
20520,IranLeagueA_ZobAhanEsfahanF.C.,,FUL,Iran,Fuladshahr,CompName_IranLeagueA,Real_IranLeagueA_ZobAhanEsfahanF.C.,ZAE,West Asia,64
20521,UzbekistanLeagueA_PFCLokomotivTashkent,,TAS,Uzbekistan,Tashkent,CompName_UzbekistanLeagueA,Real_UzbekistanLeagueA_PFCLokomotivTashkent,LTT,West Asia,61
20522,UnitedArabEmiratesLeaugeA_AlWahdaFC,,ADB,United_Arab_Emirates,Abu Dhabi,CompName_UnitedArabEmiratesLeaugeA,Real_UnitedArabEmiratesLeaugeA_AlWahdaFC,AWA,West Asia,67
20523,IranLeagueA_PersepolisF.C.,,TEH,Iran,Tehran,CompName_IranLeagueA,Real_IranLeagueA_PersepolisF.C.,PFC,West Asia,66
20525,UzbekistanLeagueA_FCNasaf,,QAR,Uzbekistan,Qarshi,CompName_UzbekistanLeagueA,Real_UzbekistanLeagueA_FCNasaf,FCN,West Asia,63
20526,UnitedArabEmiratesLeaugeA_AlWaslF.C.,,DUB,United_Arab_Emirates,Dubai,CompName_UnitedArabEmiratesLeaugeA,Real_UnitedArabEmiratesLeaugeA_AlWaslF.C.,AWL,West Asia,66
20527,IranLeagueA_EsteghlalF.C.,,TEH,Iran,Tehran,CompName_IranLeagueA,Real_IranLeagueA_EsteghlalF.C.,EFC,West Asia,69
20529,QatarLeagueA_Al-RayyanSC,,ARN,Qatar,Al Rayyan,CompName_QatarLeagueA,Real_QatarLeagueA_Al-RayyanSC,ARS,West Asia,68
20530,KoreanLeagueA_JeonbukHyundaiMotors,,JEO,South_Korea,Jeonju,CompName_KoreanLeagueA,Real_KoreanLeagueA_JeonbukHyundaiMotors,JHM,East Asia,65
20531,ChineseLeagueA_TianjinJinmenTiger,,TJN,China,Tianjin,CompName_ChineseLeagueA,Real_ChineseLeagueA_TianjinJinmenTiger,TJT,East Asia,59
20532,JapanLeagueA_KashiwaReysol,,KAS,Japan,Kashiwa,CompName_JapanLeagueA,Real_JapanLeagueA_KashiwaReysol,KRL,East Asia,65
20533,HongKongLeagueA_KitcheeSC,,KOW,CHINA_HONG_KONG,Kowloon,CompName_HongKongLeagueA,Real_HongKongLeagueA_KitcheeSC,KSC,East Asia,62
20534,ChineseLeagueA_ShanghaiPortF.C.,,SHA,China,Shanghai,CompName_ChineseLeagueA,Real_ChineseLeagueA_ShanghaiPortF.C.,SPT,East Asia,66
20535,AustralianLeagueA_MelbourneVictoryFC,,MEL,Australia,Melbourne,CompName_AustralianLeagueA,Real_AustralianLeagueA_MelbourneVictoryFC,MVY,East Asia,69
20536,JapanLeagueA_KawasakiFrontale,,KAW,Japan,Kawasaki,CompName_JapanLeagueA,Real_JapanLeagueA_KawasakiFrontale,KFE,East Asia,69
20537,ChineseLeagueA_GuangzhouF.C.,,GUA,China,Guangzhou,CompName_ChineseLeagueA,Real_ChineseLeagueA_GuangzhouF.C.,GZU,East Asia,52
20538,ThailandLeagueA_BuriramUnitedF.C.,,BUR,Thailand,Buriram,CompName_ThailandLeagueA,Real_ThailandLeagueA_BuriramUnitedF.C.,BUF,East Asia,66
20539,JapanLeagueA_CerezoOsaka,,OSA,Japan,Osaka,CompName_JapanLeagueA,Real_JapanLeagueA_CerezoOsaka,COA,East Asia,67
20540,KoreanLeagueA_JejuUnitedFC,,JEJ,South_Korea,Jeju,CompName_KoreanLeagueA,Real_KoreanLeagueA_JejuUnitedFC,JUF,East Asia,65
20541,KoreanLeagueA_SuwonSamsungBluewings,,SUW,South_Korea,Suwon,CompName_KoreanLeagueA,Real_KoreanLeagueA_SuwonSamsungBluewings,SSB,East Asia,61
20542,AustralianLeagueA_SydneyFC,,SYD,Australia,Sydney,CompName_AustralianLeagueA,Real_AustralianLeagueA_SydneyFC,SFC,East Asia,67
20543,ChineseLeagueA_ShanghaiShenhuaF.C.,,KAN,China,Kangqiao,CompName_ChineseLeagueA,Real_ChineseLeagueA_ShanghaiShenhuaF.C.,SSF,East Asia,63
20544,IraqLeagueA_Al-ZawraaSC,,BAG,Iraq,Baghdad,CompName_IraqLeagueA,Real_IraqLeagueA_Al-ZawraaSC,AZA,West Asia,64
20545,SaudiArabianLeagueA_AlNassrFC,,RIY,Saudi_Arabia,Riyadh,CompName_SaudiArabianLeagueA,Real_SaudiArabianLeagueA_AlNassrFC,ANR,West Asia,78
20546,SaudiArabianLeagueA_Al-IttihadClub,,JEY,Saudi_Arabia,Jeddah,CompName_SaudiArabianLeagueA,Real_SaudiArabianLeagueA_Al-IttihadClub,AID,West Asia,75
20547,UzbekistanLeagueA_PakhtakorTashkentFK,,TAS,Uzbekistan,Tashkent,CompName_UzbekistanLeagueA,Real_UzbekistanLeagueA_PakhtakorTashkentFK,PTT,West Asia,66
20548,ChineseLeagueA_ShandongTaishan,,JIN,China,Jinan,CompName_ChineseLeagueA,Real_ChineseLeagueA_ShandongTaishan,STN,East Asia,63
20549,KoreanLeagueA_GyeongnamFC,,CHA,South_Korea,Changwon,CompName_KoreanLeagueA,Real_KoreanLeagueA_GyeongnamFC,GFC,East Asia,63
20550,MalaysiaLeagueA_JohorDarulTa'zim,,JBU,Malaysia,Johor Bahru,CompName_MalaysiaLeagueA,Real_MalaysiaLeagueA_JohorDarulTa'zim,JDT,East Asia,65
20551,JapanLeagueA_SanfrecceHiroshima,,HIR,Japan,Hiroshima,CompName_JapanLeagueA,Real_JapanLeagueA_SanfrecceHiroshima,SHA,East Asia,68
20552,KoreanLeagueA_DaeguFC,,DAE,South_Korea,Daegu,CompName_KoreanLeagueA,Real_KoreanLeagueA_DaeguFC,DFC,East Asia,69
20553,JapanLeagueA_UrawaRedDiamonds,,SAI,Japan,Saitama,CompName_JapanLeagueA,Real_JapanLeagueA_UrawaRedDiamonds,URD,East Asia,65
20554,ChineseLeagueA_BeijingGuoanF.C.,,BEI,China,Beijing,CompName_ChineseLeagueA,Real_ChineseLeagueA_BeijingGuoanF.C.,BGF,East Asia,65
20555,MajorLeagueA_PhiladelphiaUnion,,CHE,United_States,Chester,CompName_MajorLeagueA,Real_MajorLeagueA_PhiladelphiaUnion,PUN,,65
20556,MajorLeagueA_CFMontréal,,MON,Canada,Montréal,CompName_MajorLeagueA,Real_MajorLeagueA_CFMontréal,CFM,,64
20557,MajorLeagueA_NewYorkCityFC,,NYC,United_States,New York,CompName_MajorLeagueA,Real_MajorLeagueA_NewYorkCityFC,NYC,,69
20558,MajorLeagueA_NewYorkRedBulls,,NYR,United_States,New York,CompName_MajorLeagueA,Real_MajorLeagueA_NewYorkRedBulls,NYR,,67
20559,MajorLeagueA_FCCincinnati,,CIN,United_States,Cincinnati,CompName_MajorLeagueA,Real_MajorLeagueA_FCCincinnati,FCC,,69
20560,MajorLeagueA_InterMiamiCF,,MIA,United_States,Miami,CompName_MajorLeagueA,Real_MajorLeagueA_InterMiamiCF,IMC,,70
20561,MajorLeagueA_OrlandoCitySC,,ORL,United_States,Orlando,CompName_MajorLeagueA,Real_MajorLeagueA_OrlandoCitySC,OCS,,69
20562,MajorLeagueA_ColumbusCrew,,COL,United_States,Columbus,CompName_MajorLeagueA,Real_MajorLeagueA_ColumbusCrew,CCW,,68
20563,MajorLeagueA_CharlotteFC,,CHA,United_States,Charlotte,CompName_MajorLeagueA,Real_MajorLeagueA_CharlotteFC,CFC,,70
20564,MajorLeagueA_NewEnglandRevolution,,GBN,United_States,Greater Boston,CompName_MajorLeagueA,Real_MajorLeagueA_NewEnglandRevolution,NER,,68
20565,MajorLeagueA_AtlantaUnitedFC,,ATL,United_States,Atlanta,CompName_MajorLeagueA,Real_MajorLeagueA_AtlantaUnitedFC,AUF,,70
20566,MajorLeagueA_ChicagoFireFC,,CHI,United_States,Chicago,CompName_MajorLeagueA,Real_MajorLeagueA_ChicagoFireFC,CFF,,68
20567,MajorLeagueA_TorontoFC,,TOR,Canada,Toronto,CompName_MajorLeagueA,Real_MajorLeagueA_TorontoFC,TFC,,68
20568,MajorLeagueA_D.C.United,,WAS,United_States,Washington,CompName_MajorLeagueA,Real_MajorLeagueA_D.C.United,DCU,,67
20569,MajorLeagueA_LosAngelesFC,,LAS,United_States,Los Angeles,CompName_MajorLeagueA,Real_MajorLeagueA_LosAngelesFC,LAF,,74
20570,MajorLeagueA_AustinFC,,AUS,United_States,Austin,CompName_MajorLeagueA,Real_MajorLeagueA_AustinFC,AFC,,69
20571,MajorLeagueA_FCDallas,,DAL,United_States,Dallas,CompName_MajorLeagueA,Real_MajorLeagueA_FCDallas,FCD,,66
20572,MajorLeagueA_LAGalaxy,,LAW,United_States,Los Angeles,CompName_MajorLeagueA,Real_MajorLeagueA_LAGalaxy,LAG,,70
20573,MajorLeagueA_NashvilleSC,,NAS,United_States,Nashville,CompName_MajorLeagueA,Real_MajorLeagueA_NashvilleSC,NSC,,68
20574,MajorLeagueA_MinnesotaUnitedFC,,SPL,United_States,Saint Paul,CompName_MajorLeagueA,Real_MajorLeagueA_MinnesotaUnitedFC,MUF,,66
20575,MajorLeagueA_RealSaltLake,,SLC,United_States,Salt Lake City,CompName_MajorLeagueA,Real_MajorLeagueA_RealSaltLake,RSL,,63
20576,MajorLeagueA_PortlandTimbers,,POR,United_States,Portland,CompName_MajorLeagueA,Real_MajorLeagueA_PortlandTimbers,PTS,,70
20577,MajorLeagueA_VancouverWhitecapsFC,,VAN,Canada,Vancouver,CompName_MajorLeagueA,Real_MajorLeagueA_VancouverWhitecapsFC,VWF,,68
20578,MajorLeagueA_ColoradoRapids,,DEN,United_States,Denver,CompName_MajorLeagueA,Real_MajorLeagueA_ColoradoRapids,CRS,,69
20579,MajorLeagueA_SeattleSoundersFC,,SEA,United_States,Seattle,CompName_MajorLeagueA,Real_MajorLeagueA_SeattleSoundersFC,SSF,,68
20580,MajorLeagueA_SportingKansasCity,,KAN,United_States,Kansas City,CompName_MajorLeagueA,Real_MajorLeagueA_SportingKansasCity,SKC,,63
20581,MajorLeagueA_HoustonDynamoFC,,HOU,United_States,Houston,CompName_MajorLeagueA,Real_MajorLeagueA_HoustonDynamoFC,HDF,,70
20582,MajorLeagueA_SanJoseEarthquakes,,SJE,United_States,San Jose,CompName_MajorLeagueA,Real_MajorLeagueA_SanJoseEarthquakes,SJE,,63
20583,MexicanLeagueA_ClubLeón,,LEO,Mexico,León,CompName_MexicanLeagueA,Real_MexicanLeagueA_ClubLeón,CLN,,70
20584,MexicanLeagueA_CruzAzul,,MCB,Mexico,Mexico City,CompName_MexicanLeagueA,Real_MexicanLeagueA_CruzAzul,CAL,,72
20585,MexicanLeagueA_ClubUniversidadNacional,,MCW,Mexico,Mexico City,CompName_MexicanLeagueA,Real_MexicanLeagueA_ClubUniversidadNacional,CUN,,70
20586,MexicanLeagueA_SantosLaguna,,TOR,Mexico,Torreón,CompName_MexicanLeagueA,Real_MexicanLeagueA_SantosLaguna,SLA,,67
20587,HaitianLeagueA_CavalyAS,,LEO,Haiti,Léogâne,CompName_HaitianLeagueA,Real_HaitianLeagueA_CavalyAS,CAS,,60
20588,GuatemalaLeagueA_ComunicacionesF.C.,,GUA,Guatemala,Guatemala City,CompName_GuatemalaLeagueA,Real_GuatemalaLeagueA_ComunicacionesF.C.,CFC,,62
20589,GuatemalaLeagueA_C.D.Guastatoya,,GUA,Guatemala,Guastatoya,CompName_GuatemalaLeagueA,Real_GuatemalaLeagueA_C.D.Guastatoya,CDG,,62
20590,HondurasLeagueA_F.C.Motagua,,TEG,Honduras,Tegucigalpa,CompName_HondurasLeagueA,Real_HondurasLeagueA_F.C.Motagua,FCM,,63
20591,CanadianLeagueA_ForgeFC,,HAM,Canada,Hamilton,CompName_CanadianLeagueA,Real_CanadianLeagueA_ForgeFC,FFC,,60
20592,CostaRicaLeagueA_DeportivoSaprissa,,SJE,Costa_Rica,San José,CompName_CostaRicaLeagueA,Real_CostaRicaLeagueA_DeportivoSaprissa,DSA,,64
20593,CostaRicaLeagueA_SantosdeGuápilesF.C.,,LIM,Costa_Rica,Limón,CompName_CostaRicaLeagueA,Real_CostaRicaLeagueA_SantosdeGuápilesF.C.,SDG,,61
20595,MexicanLeagueA_ClubAmérica,,MCY,Mexico,Mexico City,CompName_MexicanLeagueA,Real_MexicanLeagueA_ClubAmérica,CAA,,72
20596,DominicanRepublicLeagueA_AtléticoPantoja,,SDO,Dominican_Republic,Santo Domingo,CompName_DominicanRepublicLeagueA,Real_DominicanRepublicLeagueA_AtléticoPantoja,APA,,60
20597,CostaRicaLeagueA_Alajuelense,,ALA,Costa_Rica,Alajuela,CompName_CostaRicaLeagueA,Real_CostaRicaLeagueA_Alajuelense,ALA,,64
20598,HondurasLeagueA_C.D.Olimpia,,TEG,Honduras,Tegucigalpa,CompName_HondurasLeagueA,Real_HondurasLeagueA_C.D.Olimpia,CDO,,63
20599,HondurasLeagueA_C.D.Marathón,,SPS,Honduras,San Pedro Sula,CompName_HondurasLeagueA,Real_HondurasLeagueA_C.D.Marathón,CDM,,62
20600,HaitianLeagueA_ArcahaieFC,,ARC,Haiti,Arcahaie,CompName_HaitianLeagueA,Real_HaitianLeagueA_ArcahaieFC,AFC,,60
20601,NicaraguaLeagueA_RealEstelíFC,,EST,Nicaragua,Estelí,CompName_NicaraguaLeagueA,Real_NicaraguaLeagueA_RealEstelíFC,REF,,62
20603,JamaicaLeagueA_PortmoreUnitedF.C.,,STN,Jamaica,Spanish Town,CompName_JamaicaLeagueA,Real_JamaicaLeagueA_PortmoreUnitedF.C.,PUF,,59
20604,CostaRicaLeagueA_A.D.SanCarlos,,CQA,Costa_Rica,Ciudad Quesada,CompName_CostaRicaLeagueA,Real_CostaRicaLeagueA_A.D.SanCarlos,SCS,,60
20605,ElSalvadorLeagueA_AlianzaF.C.,,SSR,El_Salvador,San Salvador,CompName_ElSalvadorLeagueA,Real_ElSalvadorLeagueA_AlianzaF.C.,AFC,,61
20606,TurkishA_Trabzonspor,,TRA,Turkey,Trabzon,CompName_TurkishLeagueA,Real_TurkishA_Trabzonspor,TRA,,72
20607,TurkishA_FenerbahçeS.K.,,ISY,Turkey,Istanbul,CompName_TurkishLeagueA,Real_TurkishA_FenerbahçeS.K.,FSK,,79
20608,TurkishA_Konyaspor,,KON,Turkey,Konya,CompName_TurkishLeagueA,Real_TurkishA_Konyaspor,KON,,68
20609,TurkishA_Alanyaspor,,ALA,Turkey,Alanya,CompName_TurkishLeagueA,Real_TurkishA_Alanyaspor,ALA,,68
20610,TurkishA_Antalyaspor,,ANT,Turkey,Antalya,CompName_TurkishLeagueA,Real_TurkishA_Antalyaspor,ANT,,70
20611,TurkishA_FatihKaragümrükS.K.,,FAT,Turkey,Fatih,CompName_TurkishLeagueA,Real_TurkishA_FatihKaragümrükS.K.,FAT,,69
20612,TurkishA_AdanaDemirspor,,ADA,Turkey,Adana,CompName_TurkishLeagueA,Real_TurkishA_AdanaDemirspor,ADR,,71
20613,TurkishA_Sivasspor,,SIV,Turkey,Sivas,CompName_TurkishLeagueA,Real_TurkishA_Sivasspor,SIV,,67
20614,TurkishA_KasımpaşaS.K.,,BEY,Turkey,Beyoğlu,CompName_TurkishLeagueA,Real_TurkishA_KasımpaşaS.K.,KSK,,72
20615,TurkishA_Hatayspor,,ANT,Turkey,Antakya,CompName_TurkishLeagueA,Real_TurkishA_Hatayspor,HAT,,67
20616,TurkishA_Kayserispor,,KAY,Turkey,Kayseri,CompName_TurkishLeagueA,Real_TurkishA_Kayserispor,KAY,,68
20617,TurkishA_GaziantepF.K.,,GAZ,Turkey,Gaziantep,CompName_TurkishLeagueA,Real_TurkishA_GaziantepF.K.,GFK,,69
20618,TurkishA_Giresunspor,,GIR,Turkey,Giresun,CompName_TurkishLeagueA,Real_TurkishA_Giresunspor,GIR,,60
20619,TurkishA_MKEAnkaragücü,,ANK,Turkey,Ankara,CompName_TurkishLeagueA,Real_TurkishA_MKEAnkaragücü,MKE,,68
20620,TurkishA_İstanbulspor,,ISB,Turkey,Istanbul,CompName_TurkishLeagueA,Real_TurkishA_İstanbulspor,IST,,64
20621,TurkishA_Ümraniyespor,,UMR,Turkey,Ümraniye,CompName_TurkishLeagueA,Real_TurkishA_Ümraniyespor,UMR,,65
20622,TurkishA_Bandırmaspor,,BAN,Turkey,Bandırma,CompName_TurkishLeagueA,Real_TurkishA_Bandırmaspor,BAN,,65
20624,TurkishA_Eyüpspor,,EYU,Turkey,Eyüp,CompName_TurkishLeagueA,Real_TurkishA_Eyüpspor,EYU,,70
20625,TurkishA_Samsunspor,,SAM,Turkey,Samsun,CompName_TurkishLeagueA,Real_TurkishA_Samsunspor,SAM,,72
20626,TurkishA_Boluspor,,BOL,Turkey,Bolu,CompName_TurkishLeagueA,Real_TurkishA_Boluspor,BOL,,63
20627,TurkishA_Bodrumspor,,BOD,Turkey,Bodrum,CompName_TurkishLeagueA,Real_TurkishA_Bodrumspor,BOD,,63
20628,TurkishA_Pendikspor,,PEN,Turkey,Pendik,CompName_TurkishLeagueA,Real_TurkishA_Pendikspor,PEN,,67
20629,TurkishA_AnkaraKeçiörengücüS.K.,,KEC,Turkey,Keçiören,CompName_TurkishLeagueA,Real_TurkishA_AnkaraKeçiörengücüS.K.,AKS,,61
20630,TurkishA_Sakaryaspor,,ADA,Turkey,Adapazarı,CompName_TurkishLeagueA,Real_TurkishA_Sakaryaspor,SAK,,64
20631,TurkishA_CaykurRizespor,,RIZ,Turkey,Rize,CompName_TurkishLeagueA,Real_TurkishA_CaykurRizespor,CRR,,70
20632,TurkishA_ManisaBBSK,,MAN,Turkey,Manisa,CompName_TurkishLeagueA,Real_TurkishA_ManisaBBSK,MAN,,65
20633,TurkishA_GöztepeS.K.,,GOZ,Turkey,Göztepe,CompName_TurkishLeagueA,Real_TurkishA_GöztepeS.K.,GSK,,65
20634,TurkishA_Adanaspor,,ADA,Turkey,Adana,CompName_TurkishLeagueA,Real_TurkishA_Adanaspor,ADA,,60
20635,TurkishA_Tuzlaspor,,TUZ,Turkey,Tuzla,CompName_TurkishLeagueA,Real_TurkishA_Tuzlaspor,TUZ,,63
20636,TurkishA_AltayS.K.,,IZM,Turkey,Bornova,CompName_TurkishLeagueA,Real_TurkishA_AltayS.K.,ASK,,61
20637,TurkishA_ErzurumsporF.K.,,ERZ,Turkey,Erzurum,CompName_TurkishLeagueA,Real_TurkishA_ErzurumsporF.K.,EFK,,64
20638,TurkishA_AltınorduF.K.,,LZB,Turkey,İzmir,CompName_TurkishLeagueA,Real_TurkishA_AltınorduF.K.,AFK,,62
20639,TurkishA_GençlerbirliğiS.K.,,ANB,Turkey,Ankara,CompName_TurkishLeagueA,Real_TurkishA_GençlerbirliğiS.K.,GSK,,68
20640,TurkishA_Denizlispor,,DEN,Turkey,Denizli,CompName_TurkishLeagueA,Real_TurkishA_Denizlispor,DEN,,62
20641,TurkishA_Kocaelispor,,IZM,Turkey,İzmit,CompName_TurkishLeagueA,Real_TurkishA_Kocaelispor,KOC,,71
20642,TurkishA_Bursaspor,,BUR,Turkey,Bursa,CompName_TurkishLeagueA,Real_TurkishA_Bursaspor,BUR,,58
20644,MexicanLeagueA_C.F.Pachuca,,PAC,Mexico,Pachuca,CompName_MexicanLeagueA,Real_MexicanLeagueA_C.F.Pachuca,CFP,,65
20646,MexicanLeagueA_DeportivoTolucaF.C.,,TDL,Mexico,Toluca de Lerdo,CompName_MexicanLeagueA,Real_MexicanLeagueA_DeportivoTolucaF.C.,DTF,,71
20647,MexicanLeagueA_ClubPuebla,,PUE,Mexico,Puebla,CompName_MexicanLeagueA,Real_MexicanLeagueA_ClubPuebla,CPA,,63
20649,MexicanLeagueA_FCJuárez,,CJZ,Mexico,Ciudad Juárez,CompName_MexicanLeagueA,Real_MexicanLeagueA_FCJuárez,FCJ,,68
20650,MexicanLeagueA_ClubNecaxa,,AGU,Mexico,Aguascalientes,CompName_MexicanLeagueA,Real_MexicanLeagueA_ClubNecaxa,CNA,,69
20651,MexicanLeagueA_AtléticoSanLuis,,SLP,Mexico,San Luis Potosí,CompName_MexicanLeagueA,Real_MexicanLeagueA_AtléticoSanLuis,ASL,,66
20652,MexicanLeagueA_MazatlánF.C.,,MAZ,Mexico,Mazatlán,CompName_MexicanLeagueA,Real_MexicanLeagueA_MazatlánF.C.,MFC,,66
20653,MexicanLeagueA_ClubTijuana,,TIJ,Mexico,Tijuana,CompName_MexicanLeagueA,Real_MexicanLeagueA_ClubTijuana,CTA,,67
20654,MexicanLeagueA_AtlasF.C.,,GUB,Mexico,Guadalajara,CompName_MexicanLeagueA,Real_MexicanLeagueA_AtlasF.C.,AFC,,70
20655,MexicanLeagueA_QuerétaroF.C.,,QUE,Mexico,Querétaro City,CompName_MexicanLeagueA,Real_MexicanLeagueA_QuerétaroF.C.,QFC,,67
20656,MexicanLeagueA_CelayaF.C.,,CEL,Mexico,Celaya,CompName_MexicanLeagueA,Real_MexicanLeagueA_CelayaF.C.,CFC,,63
20657,MexicanLeagueA_C.D.Tapatío,,ZAP,Mexico,Zapopan,CompName_MexicanLeagueA,Real_MexicanLeagueA_C.D.Tapatío,CDT,,61
20658,MexicanLeagueA_Raya2Expansión,,GUA,Mexico,Guadalupe,CompName_MexicanLeagueA,Real_MexicanLeagueA_Raya2Expansión,REN,,59
20659,MexicanLeagueA_TepatitlánF.C.,,TEP,Mexico,Tepatitlán,CompName_MexicanLeagueA,Real_MexicanLeagueA_TepatitlánF.C.,TFC,,64
20660,MexicanLeagueA_CimarronesdeSonora,,HER,Mexico,Hermosillo,CompName_MexicanLeagueA,Real_MexicanLeagueA_CimarronesdeSonora,CDS,,66
20661,MexicanLeagueA_AtléticoMorelia,,MOR,Mexico,Morelia,CompName_MexicanLeagueA,Real_MexicanLeagueA_AtléticoMorelia,AMA,,63
20662,MexicanLeagueA_AtlanteF.C.,,CDS,Mexico,Ciudad de los Deportes,CompName_MexicanLeagueA,Real_MexicanLeagueA_AtlanteF.C.,AFC,,63
20663,MexicanLeagueA_CorrecaminosUAT,,CVA,Mexico,Ciudad Victoria,CompName_MexicanLeagueA,Real_MexicanLeagueA_CorrecaminosUAT,CUA,,63
20664,MexicanLeagueA_AtléticoLaPaz,,LPZ,Mexico,La Paz,CompName_MexicanLeagueA,Real_MexicanLeagueA_AtléticoLaPaz,ALP,,63
20665,MexicanLeagueA_TlaxcalaF.C.,,TLA,Mexico,Tlaxcala,CompName_MexicanLeagueA,Real_MexicanLeagueA_TlaxcalaF.C.,TFC,,61
20666,MexicanLeagueA_VenadosF.C.,,MER,Mexico,Mérida,CompName_MexicanLeagueA,Real_MexicanLeagueA_VenadosF.C.,VFC,,65
20667,MexicanLeagueA_PumasTabasco,,VIL,Mexico,Villahermosa,CompName_MexicanLeagueA,Real_MexicanLeagueA_PumasTabasco,PTO,,60
20668,MexicanLeagueA_AlacranesdeDurango,,DUR,Mexico,Durango,CompName_MexicanLeagueA,Real_MexicanLeagueA_AlacranesdeDurango,ADD,,63
20669,MexicanLeagueA_MinerosdeZacatecas,,ZAC,Mexico,Zacatecas,CompName_MexicanLeagueA,Real_MexicanLeagueA_MinerosdeZacatecas,MDZ,,64
20670,MexicanLeagueA_AlebrijesdeOaxaca,,OAX,Mexico,Oaxaca,CompName_MexicanLeagueA,Real_MexicanLeagueA_AlebrijesdeOaxaca,ADO,,63
20671,MexicanLeagueA_CancúnF.C.,,CAN,Mexico,Cancún,CompName_MexicanLeagueA,Real_MexicanLeagueA_CancúnF.C.,CFC,,62
20672,MexicanLeagueA_LeonesNegrosUdeG,,JAL,Mexico,Jalisco,CompName_MexicanLeagueA,Real_MexicanLeagueA_LeonesNegrosUdeG,LNU,,63
20673,MexicanLeagueA_DoradosdeSinaloa,,CUL,Mexico,Culiacán,CompName_MexicanLeagueA,Real_MexicanLeagueA_DoradosdeSinaloa,DDS,,62
20739,MajorLeagueA_LouisvilleCityFC,,LOU,United_States,Louisville,CompName_MajorLeagueA,Real_MajorLeagueA_LouisvilleCityFC,LFC,,61
20740,MajorLeagueA_SanAntonioFC,,SAO,United_States,San Antonio,CompName_MajorLeagueA,Real_MajorLeagueA_SanAntonioFC,SAF,,60
20741,MajorLeagueA_PhoenixRisingFC,,PHO,United_States,Phoenix,CompName_MajorLeagueA,Real_MajorLeagueA_PhoenixRisingFC,PRF,,63
20742,MajorLeagueA_OrangeCountySC,,OCY,United_States,Orange County,CompName_MajorLeagueA,Real_MajorLeagueA_OrangeCountySC,OCS,,58
20743,MajorLeagueA_CharlestonBattery,,CHA,United_States,Charleston,CompName_MajorLeagueA,Real_MajorLeagueA_CharlestonBattery,CBY,,61
20744,MajorLeagueA_Memphis901FC,,MEM,United_States,Memphis,CompName_MajorLeagueA,Real_MajorLeagueA_Memphis901FC,MFC,,60
20745,MajorLeagueA_SanDiegoLoyalSC,,SDO,United_States,San Diego,CompName_MajorLeagueA,Real_MajorLeagueA_SanDiegoLoyalSC,SDL,,65
20746,MajorLeagueA_TampaBayRowdies,,SPG,United_States,St. Petersburg,CompName_MajorLeagueA,Real_MajorLeagueA_TampaBayRowdies,TBR,,64
20747,MajorLeagueA_ColoradoSpringsSwitchbacksFC,,CSS,United_States,Colorado Springs,CompName_MajorLeagueA,Real_MajorLeagueA_ColoradoSpringsSwitchbacksFC,CSS,,62
20748,MajorLeagueA_ElPasoLocomotiveFC,,EPO,United_States,El Paso,CompName_MajorLeagueA,Real_MajorLeagueA_ElPasoLocomotiveFC,EPL,,62
20749,MajorLeagueA_SacramentoRepublicFC,,SAC,United_States,Sacramento,CompName_MajorLeagueA,Real_MajorLeagueA_SacramentoRepublicFC,SRF,,62
20750,MajorLeagueA_BirminghamLegionFC,,BIR,United_States,Birmingham,CompName_MajorLeagueA,Real_MajorLeagueA_BirminghamLegionFC,BLF,,60
20751,MajorLeagueA_IndyEleven,,IND,United_States,Indianapolis,CompName_MajorLeagueA,Real_MajorLeagueA_IndyEleven,IEN,,61
20752,MajorLeagueA_MiamiFC,,MIA,United_States,Miami,CompName_MajorLeagueA,Real_MajorLeagueA_MiamiFC,MFC,,62
20761,MexicanLeagueA_ClubLeónU23,,LEG,Mexico,León,CompName_MexicanLeagueA,Real_MexicanLeagueA_ClubLeónU23,CLN,,57
20762,MexicanLeagueA_CFMonterreyU23,,MOB,Mexico,Monterrey,CompName_MexicanLeagueA,Real_MexicanLeagueA_CFMonterreyU23,CFM,,59
20763,MexicanLeagueA_CFPachucaU23,,PAB,Mexico,Pachuca,CompName_MexicanLeagueA,Real_MexicanLeagueA_CFPachucaU23,CFP,,58
20764,MexicanLeagueA_ClubTijuanaU23,,TIJ,Mexico,Tijuana,CompName_MexicanLeagueA,Real_MexicanLeagueA_ClubTijuanaU23,CTA,,58
20765,MexicanLeagueA_CFAméricaU23,,MCY,Mexico,Mexico City,CompName_MexicanLeagueA,Real_MexicanLeagueA_CFAméricaU23,CAA,,58
20766,MexicanLeagueA_SantosLagunaU23,,TOG,Mexico,Torreón,CompName_MexicanLeagueA,Real_MexicanLeagueA_SantosLaguna,SLA,,57
20800,TurkishA_KaracabeyBelediyespor,,KAR,Turkey,Karacabey,CompName_TurkishLeagueA,Real_TurkishA_KaracabeyBelediyespor,KBR,,59
20801,TurkishA_Kirklarelispor,,KIR,Turkey,Kırklareli,CompName_TurkishLeagueA,Real_TurkishA_Kirklarelispor,KIR,,61
20802,TurkishA_EtimesgutBelediyespor,,ANB,Turkey,Ankara,CompName_TurkishLeagueA,Real_TurkishA_EtimesgutBelediyespor,EBR,,62
20674,ThailandLeagueA_BuriramUnited,,BUR,Thailand,Buriram,CompName_ThailandLeagueA,Real_ThailandLeagueA_BuriramUnited,BUR,,67
20675,ThailandLeagueA_PortFC,,KLO,Thailand,Khlong Toei,CompName_ThailandLeagueA,Real_ThailandLeagueA_PortFC,POR,,62
20676,ThailandLeagueA_BGPathumUnited,,PAT,Thailand,Pathum Thani,CompName_ThailandLeagueA,Real_ThailandLeagueA_BGPathumUnited,BGP,,61
20677,ThailandLeagueA_TrueBangkokUnited,,BAN,Thailand,Bangkok,CompName_ThailandLeagueA,Real_ThailandLeagueA_TrueBangkokUnited,TRU,,62
20678,ThailandLeagueA_MuangthongUnited,,NON,Thailand,Nonthaburi,CompName_ThailandLeagueA,Real_ThailandLeagueA_MuangthongUnited,MUA,,59
20679,ThailandLeagueA_RatchaburiFC,,RAT,Thailand,Ratchaburi,CompName_ThailandLeagueA,Real_ThailandLeagueA_RatchaburiFC,RAT,,62
20680,ThailandLeagueA_ChonburiFC,,CHB,Thailand,Chon Buri,CompName_ThailandLeagueA,Real_ThailandLeagueA_ChonburiFC,CHO,,58
20681,ThailandLeagueA_LeoChiangraiUnited,,CHI,Thailand,Chiang Rai,CompName_ThailandLeagueA,Real_ThailandLeagueA_LeoChiangraiUnited,LEO,,59
20682,ThailandLeagueA_SukhothaiFC,,SUK,Thailand,Sukhothai Thani,CompName_ThailandLeagueA,Real_ThailandLeagueA_SukhothaiFC,SUK,,58
20683,ThailandLeagueA_LamphunWarriors,,LAH,Thailand,Lamphun,CompName_ThailandLeagueA,Real_ThailandLeagueA_LamphunWarriors,LAM,,59
20684,ThailandLeagueA_PoliceTeroFC,,BAR,Thailand,Bangkok,CompName_ThailandLeagueA,Real_ThailandLeagueA_PoliceTeroFC,POL,,57
20685,ThailandLeagueA_NongbuaPitchayaFC,,NBL,Thailand,Nong Bua Lamphu,CompName_ThailandLeagueA,Real_ThailandLeagueA_NongbuaPitchayaFC,NON,,58
20686,ThailandLeagueA_PTPrachuapFC,,PKK,Thailand,Prachuap Khiri Khan,CompName_ThailandLeagueA,Real_ThailandLeagueA_PTPrachuapFC,PTP,,61
20687,ThailandLeagueA_KhonKaenUnited,,KHK,Thailand,Khon Kaen,CompName_ThailandLeagueA,Real_ThailandLeagueA_KhonKaenUnited,KHO,,57
20688,ThailandLeagueA_LampangFC,,LAP,Thailand,Lampang,CompName_ThailandLeagueA,Real_ThailandLeagueA_LampangFC,LAM,,56
20689,ThailandLeagueA_NakhonratchasimaMazdaFC,,NAR,Thailand,Nakhon Ratchasima,CompName_ThailandLeagueA,Real_ThailandLeagueA_NakhonratchasimaMazdaFC,NAK,,57
20690,ThailandLeagueA_SuphanburiFC,,SHB,Thailand,Suphan Buri,CompName_ThailandLeagueA,Real_ThailandLeagueA_SuphanburiFC,SUP,,53
20691,ThailandLeagueA_UthaiThaniFC,,UTH,Thailand,Uthai Thani,CompName_ThailandLeagueA,Real_ThailandLeagueA_UthaiThaniFC,UTH,,59
20692,ThailandLeagueA_AyutthayaUnited,,AYU,Thailand,Ayutthaya,CompName_ThailandLeagueA,Real_ThailandLeagueA_AyutthayaUnited,AYU,,57
20693,ThailandLeagueA_PhraeUnited,,PHR,Thailand,Phrae,CompName_ThailandLeagueA,Real_ThailandLeagueA_PhraeUnited,PHR,,55
20694,ThailandLeagueA_RayongFC,,RAY,Thailand,Rayong,CompName_ThailandLeagueA,Real_ThailandLeagueA_RayongFC,RAY,,57
20695,ThailandLeagueA_NakhonpathomUnited,,NAP,Thailand,Nakhon Pathom,CompName_ThailandLeagueA,Real_ThailandLeagueA_NakhonpathomUnited,NAK,,53
20696,ThailandLeagueA_ChiangmaiUnited,,CMR,Thailand,Chiangmai,CompName_ThailandLeagueA,Real_ThailandLeagueA_ChiangmaiUnited,CHI,,53
20697,ThailandLeagueA_KrabiFC,,KAB,Thailand,Krabi,CompName_ThailandLeagueA,Real_ThailandLeagueA_KrabiFC,KRA,,54
20698,ThailandLeagueA_TratFC,,TRT,Thailand,Trat,CompName_ThailandLeagueA,Real_ThailandLeagueA_TratFC,TRA,,54
20699,ThailandLeagueA_KasetsartFC,,CHA,Thailand,Chatuchak,CompName_ThailandLeagueA,Real_ThailandLeagueA_KasetsartFC,KAS,,53
20700,ThailandLeagueA_GrandAndamanRanongUnited,,RAN,Thailand,Ranong,CompName_ThailandLeagueA,Real_ThailandLeagueA_GrandAndamanRanongUnited,GRA,,53
20701,ThailandLeagueA_NakhonsiUnited,,PAK,Thailand,Pak Kret,CompName_ThailandLeagueA,Real_ThailandLeagueA_NakhonsiUnited,NAK,,52
20702,ThailandLeagueA_SamutPrakanCity,,SPB,Thailand,Samut Prakan,CompName_ThailandLeagueA,Real_ThailandLeagueA_SamutPrakanCity,SAM,,53
20703,ThailandLeagueA_ChiangmaiFC,,CMB,Thailand,Chiangmai,CompName_ThailandLeagueA,Real_ThailandLeagueA_ChiangmaiFC,CHI,,55
20704,ThailandLeagueA_CustomsUnited,,BAP,Thailand,Bang Phli,CompName_ThailandLeagueA,Real_ThailandLeagueA_CustomsUnited,CUS,,54
20705,ThailandLeagueA_RajprachaFC,,BAW,Thailand,Bangkok,CompName_ThailandLeagueA,Real_ThailandLeagueA_RajprachaFC,RAJ,,54
20706,ThailandLeagueA_ChainatHornbillFC,,CHT,Thailand,Chai Nat,CompName_ThailandLeagueA,Real_ThailandLeagueA_ChainatHornbillFC,CHA,,51
20707,ThailandLeagueA_UdonThaniFC,,UDT,Thailand,Udon Thani,CompName_ThailandLeagueA,Real_ThailandLeagueA_UdonThaniFC,UDO,,50
20708,SaudiArabianLeagueA_Al Shabab,,RIS,Saudi_Arabia,Riyadh,CompName_SaudiArabianLeagueA,Real_SaudiArabianLeagueA_Al Shabab,AIS,West Asia,71
20709,SaudiArabianLeagueA_Al Taawon,,BDY,Saudi_Arabia,Buraidah,CompName_SaudiArabianLeagueA,Real_SaudiArabianLeagueA_Al Taawon,AIT,West Asia,69
20711,SaudiArabianLeagueA_Al-Fateh,,AFB,Saudi_Arabia,Al-Ahsa,CompName_SaudiArabianLeagueA,Real_SaudiArabianLeagueA_Al-Fateh,AFH,West Asia,67
20712,SaudiArabianLeagueA_Al-Ettifaq,,DMA,Saudi_Arabia,Dammam,CompName_SaudiArabianLeagueA,Real_SaudiArabianLeagueA_Al-Ettifaq,AEQ,West Asia,71
20713,SaudiArabianLeagueA_Damac,,MJR,Saudi_Arabia,Al Majma'ah,CompName_SaudiArabianLeagueA,Real_SaudiArabianLeagueA_Damac,DAM,West Asia,66
20714,SaudiArabianLeagueA_Al Raed,,BDR,Saudi_Arabia,Buraidah,CompName_SaudiArabianLeagueA,Real_SaudiArabianLeagueA_Al Raed,ARD,West Asia,60
20715,SaudiArabianLeagueA_Al Tai,,HAW,Saudi_Arabia,Ha'il,CompName_SaudiArabianLeagueA,Real_SaudiArabianLeagueA_Al Tai,AIT,West Asia,57
20716,SaudiArabianLeagueA_Al Feiha,,MAO,Saudi_Arabia,Al Majma'ah,CompName_SaudiArabianLeagueA,Real_SaudiArabianLeagueA_Al Feiha,AFA,West Asia,69
20717,SaudiArabianLeagueA_Abha,,ABW,Saudi_Arabia,Abha,CompName_SaudiArabianLeagueA,Real_SaudiArabianLeagueA_Abha,ABH,West Asia,59
20718,SaudiArabianLeagueA_Al Wahda,,MEW,Saudi_Arabia,Mecca,CompName_SaudiArabianLeagueA,Real_SaudiArabianLeagueA_Al Wahda,AWD,West Asia,61
20721,SaudiArabianLeagueB_Al Khaleej,,SAK,Saudi_Arabia,Saihat,CompName_SaudiArabianLeagueA,Real_SaudiArabianLeagueA_Al Khaleej,AKJ,West Asia,71
20719,SaudiArabianLeagueA_Al Adalah,,AIH,Saudi_Arabia,Al-Ahsa,CompName_SaudiArabianLeagueA,Real_SaudiArabianLeagueA_Al Adalah,AAH,West Asia,59
20720,SaudiArabianLeagueA_Al Batin,,HAB,Saudi_Arabia,Hafar al-Batin,CompName_SaudiArabianLeagueA,Real_SaudiArabianLeagueA_Al Batin,ASI,West Asia,58
20722,SaudiArabianLeagueB_Al Hazem,,BUH,Saudi_Arabia,Buraidah,CompName_SaudiArabianLeagueA,Real_SaudiArabianLeagueB_,AIH,West Asia,63
20723,SaudiArabianLeagueB_Al-Faisaly,,AMA,Saudi_Arabia,Al Majma'ah,CompName_SaudiArabianLeagueA,Real_SaudiArabianLeagueB_Al-Faisaly,AIF,West Asia,63
20724,SaudiArabianLeagueB_Ohod Club,,MOC,Saudi_Arabia,Medina,CompName_SaudiArabianLeagueA,Real_SaudiArabianLeagueB_Ohod Club,ODC,West Asia,59
20725,SaudiArabianLeagueB_Al Akhdood,,NJB,Saudi_Arabia,Najran,CompName_SaudiArabianLeagueA,Real_SaudiArabianLeagueB_Al Akhdood,AOD,West Asia,68
20726,SaudiArabianLeagueB_Al Riyadh,,RYB,Saudi_Arabia,Riyadh,CompName_SaudiArabianLeagueA,Real_SaudiArabianLeagueB_Al Riyadh,SCR,West Asia,67
20727,SaudiArabianLeagueB_AL Ahli,,JEA,Saudi_Arabia,Jeddah,CompName_SaudiArabianLeagueA,Real_SaudiArabianLeagueB_,SCA,West Asia,69
20728,SaudiArabianLeagueB_Hajer,,AHW,Saudi_Arabia,Al-Hasa,CompName_SaudiArabianLeagueA,Real_SaudiArabianLeagueB_Hajer,FCH,West Asia,58
20729,SaudiArabianLeagueB_AL Arabi,,UHR,Saudi_Arabia,Unaizah,CompName_SaudiArabianLeagueA,Real_SaudiArabianLeagueB_AL Arabi,SCB,West Asia,57
20730,SaudiArabianLeagueB_Al-Jabalain,,HAD,Saudi_Arabia,Ha'il,CompName_SaudiArabianLeagueA,Real_SaudiArabianLeagueB_Al-Jabalain,FCJ,West Asia,62
20731,SaudiArabianLeagueC_Al-Qadisiyah,,KHA,Saudi_Arabia,Khobar,CompName_SaudiArabianLeagueA,Real_SaudiArabianLeagueC_Al-Qadisiyah,AQH,West Asia,73
20732,SaudiArabianLeagueC_Al Orobah,,SAG,Saudi_Arabia,Sakakah,CompName_SaudiArabianLeagueA,Real_SaudiArabianLeagueC_Al Orobah,FCO,West Asia,58
20733,SaudiArabianLeagueC_Al-Qaisumah,,QHR,Saudi_Arabia,Qaisumah,CompName_SaudiArabianLeagueA,Real_SaudiArabianLeagueC_Al-Qaisumah,FCQ,West Asia,57
20734,SaudiArabianLeagueC_Al Ain,,ABY,Saudi_Arabia,Al Banah,CompName_SaudiArabianLeagueA,Real_SaudiArabianLeagueC_Al Ain,FCA,West Asia,68
20735,SaudiArabianLeagueC_Jeddah Club,,JEW,Saudi_Arabia,Jeddah,CompName_SaudiArabianLeagueA,Real_SaudiArabianLeagueC_Jeddah Club,FCJ,West Asia,58
20736,SaudiArabianLeagueC_Najran SC,,NAY,Saudi_Arabia,Najran,CompName_SaudiArabianLeagueA,Real_SaudiArabianLeagueC_Najran SC,SCN,West Asia,55
20737,SaudiArabianLeagueC_Al-Sahel SC,,QAS,Saudi_Arabia,Qatif,CompName_SaudiArabianLeagueA,Real_SaudiArabianLeagueC_Al-Sahel SC,SCS,West Asia,57
20738,SaudiArabianLeagueC_Al Shoulla,,KHW,Saudi_Arabia,Al-Kharj,CompName_SaudiArabianLeagueA,Real_SaudiArabianLeagueC_Al Shoulla,FCS,West Asia,54
20753,SaudiArabianLeagueC_RedJeddah,,RJD,Saudi_Arabia,Jeddah,CompName_SaudiArabianLeagueA,Real_SaudiArabianLeagueC_RedJeddah,RJD,West Asia,54
20754,SaudiArabianLeagueC_MeccaWhite,,MEW,Saudi_Arabia,Mecca,CompName_SaudiArabianLeagueA,Real_SaudiArabianLeagueC_MeccaWhite,MEW,West Asia,54
20755,SaudiArabianLeagueC_NajranRed,,NJR,Saudi_Arabia,Najran,CompName_SaudiArabianLeagueA,Real_SaudiArabianLeagueC_NajranRed,NJR,West Asia,56
20756,SaudiArabianLeagueC_QatifBlue,,QAB,Saudi_Arabia,Qatif,CompName_SaudiArabianLeagueA,,QAB,West Asia,54
20757,SaudiArabianLeagueC_SaihatBlue,,SHB,Saudi_Arabia,Saihat,CompName_SaudiArabianLeagueA,,SHB,West Asia,56
20758,SaudiArabianLeagueC_AbhaRed,,ABR,Saudi_Arabia,Abha,CompName_SaudiArabianLeagueA,,ABR,West Asia,54
20759,SaudiArabianLeagueC_DammamBlue,,DMB,Saudi_Arabia,Dammam,CompName_SaudiArabianLeagueA,,DMB,West Asia,56
20760,SaudiArabianLeagueC_BuraidahWhite,,BUW,Saudi_Arabia,Buraidah,CompName_SaudiArabianLeagueA,,BUW,West Asia,54
20769,ThailandLeagueA_PhraeRed,,PHR,Thailand,Phrae,CompName_ThailandLeagueA,Real_ThailandLeagueA_PhraeRed,PHR,,54
20770,ThailandLeagueA_RayongBlue,,RAB,Thailand,Rayong,CompName_ThailandLeagueA,Real_ThailandLeagueA_RayongBlue,RAB,,49
20771,ThailandLeagueA_BangkokWhite,,BAW,Thailand,Bangkok,CompName_ThailandLeagueA,Real_ThailandLeagueA_BangkokWhite,BAW,,50
20772,ThailandLeagueA_ChiangmaiRed,,CMR,Thailand,Chiangmai,CompName_ThailandLeagueA,Real_ThailandLeagueA_ChiangmaiRed,CMR,,50
20773,ThailandLeagueA_KrabiBlue,,KBB,Thailand,Krabi,CompName_ThailandLeagueA,Real_ThailandLeagueA_KrabiBlue,KBB,,50
20774,ThailandLeagueA_TratBlue,,TRB,Thailand,Trat,CompName_ThailandLeagueA,Real_ThailandLeagueA_TratBlue,TRB,,50
20767,ThailandLeagueA_ChatuchakRed,,CTR,Thailand,Chatuchak,CompName_ThailandLeagueA,Real_ThailandLeagueA_ChatuchakRed,CTR,,49
20768,ThailandLeagueA_BuriramWhite,,BUW,Thailand,Buriram,CompName_ThailandLeagueA,Real_ThailandLeagueA_BuriramWhite,BUW,,50
20776,JapanLeagueA_YokohamaF.Marinos,,YOK,Japan,Yokohama,CompName_JapanLeagueA,Real_JapanLeagueA_YokohamaF.Marinos,YFM,East Asia,69
20778,JapanLeagueA_VisselKobe,,KUR,Japan,Kurashiki,CompName_JapanLeagueA,Real_JapanLeagueA_VisselKobe,VKB,East Asia,68
20779,JapanLeagueA_NagoyaGrampus,,NAG,Japan,Nagoya,CompName_JapanLeagueA,Real_JapanLeagueA_NagoyaGrampus,NGS,East Asia,66
20780,JapanLeagueA_FCTokyo,,TOK,Japan,Tokyo,CompName_JapanLeagueA,Real_JapanLeagueA_FCTokyo,FCT,East Asia,66
20781,JapanLeagueA_GambaOsaka,,SUI,Japan,Suita,CompName_JapanLeagueA,Real_JapanLeagueA_GambaOsaka,GOA,East Asia,68
20782,JapanLeagueA_KyotoSanga,,KYO,Japan,Kyoto,CompName_JapanLeagueA,Real_JapanLeagueA_KyotoSanga,KSA,East Asia,64
20783,JapanLeagueA_AvispaFukuoka,,HAK,Japan,Hakata,CompName_JapanLeagueA,Real_JapanLeagueA_AvispaFukuoka,AFA,East Asia,66
20784,JapanLeagueA_AlbirexNiigata,,NII,Japan,Niigata,CompName_JapanLeagueA,Real_JapanLeagueA_AlbirexNiigata,ANA,East Asia,65
20785,JapanLeagueA_HokkaidoConsadoleSapporo,,SAP,Japan,Sapporo,CompName_JapanLeagueA,Real_JapanLeagueA_HokkaidoConsadoleSapporo,HCS,East Asia,65
20786,JapanLeagueA_YokohamaFC,,YOB,Japan,Yokohama,CompName_JapanLeagueA,Real_JapanLeagueA_YokohamaFC,YFC,East Asia,65
20787,JapanLeagueA_ShonanBellmare,,HIR,Japan,Hiratsuka,CompName_JapanLeagueA,Real_JapanLeagueA_ShonanBellmare,SBE,East Asia,66
20788,JapanLeagueA_SaganTosu,,TOS,Japan,Tosu,CompName_JapanLeagueA,Real_JapanLeagueA_SaganTosu,STU,East Asia,64
20789,KoreanLeagueA_PohangSteelers,,POH,South_Korea,Pohang,CompName_KoreanLeagueA,Real_KoreanLeagueA_PohangSteelers,PST,East Asia,66
20790,KoreanLeagueA_SeoulFC,,SEO,South_Korea,Seoul,CompName_KoreanLeagueA,Real_KoreanLeagueA_SeoulFC,SFC,East Asia,67
20791,KoreanLeagueA_IncheonUnited,,INC,South_Korea,Incheon,CompName_KoreanLeagueA,Real_KoreanLeagueA_IncheonUnited,IUN,East Asia,67
20792,KoreanLeagueA_SuwonFC,,SUW,South_Korea,Suwon,CompName_KoreanLeagueA,Real_KoreanLeagueA_SuwonFC,SFC,East Asia,64
20793,KoreanLeagueA_DaejeonCitizen,,DAE,South_Korea,Daejeon,CompName_KoreanLeagueA,Real_KoreanLeagueA_DaejeonCitizen,DCI,East Asia,69
20794,KoreanLeagueA_GangwonFC,,GAN,South_Korea,Gangneung,CompName_KoreanLeagueA,Real_KoreanLeagueA_GangwonFC,GFC,East Asia,67
20795,KoreanLeagueA_GwangjuFC,,GWA,South_Korea,Gwangju,CompName_KoreanLeagueA,Real_KoreanLeagueA_GwangjuFC,GFC,East Asia,65
20796,KoreanLeagueA_BusanIPark,,BUS,South_Korea,Busan,CompName_KoreanLeagueA,Real_KoreanLeagueA_BusanIPark,BIP,East Asia,62
20797,KoreanLeagueA_GimcheonSangmuFC,,GIM,South_Korea,Gimcheon,CompName_KoreanLeagueA,Real_KoreanLeagueA_GimcheonSangmuFC,GSF,East Asia,62
20798,KoreanLeagueA_Bucheon1995,,BUC,South_Korea,Bucheon,CompName_KoreanLeagueA,Real_KoreanLeagueA_Bucheon1995,BUN,East Asia,63
20799,KoreanLeagueA_GimpoFC,,GIM,South_Korea,Gimpo,CompName_KoreanLeagueA,Real_KoreanLeagueA_GimpoFC,GFC,East Asia,63
20803,KoreanLeagueA_JeonnamDragons,,GWA,South_Korea,Gwangyang,CompName_KoreanLeagueA,Real_KoreanLeagueA_JeonnamDragons,JDR,East Asia,64
20804,PortugueseA_Chaves,,CHA,Portugal,Chaves,CompName_PortugueseLeagueA,Real_PortugueseA_GDChaves,GDC,,64
20805,PortugueseA_RioAveFC,,VDC,Portugal,Vila do Conde,CompName_PortugueseLeagueA,Real_PortugueseA_RioAveFC,RFC,,69
20806,PortugueseA_CasaPiaAC,,LIC,Portugal,Lisboa,CompName_PortugueseLeagueA,Real_PortugueseA_CasaPiaAC,CAC,,68
20807,PortugueseA_SCFarense,,FAR,Portugal,Faro,CompName_PortugueseLeagueA,Real_PortugueseA_SCFarense,SCF,,67
20808,PortugueseA_CFEstrelaAmadoraSAD,,AMA,Portugal,Amadora,CompName_PortugueseLeagueA,Real_PortugueseA_CFEstrelaAmadoraSAD,SAD,,70
20809,PortugueseA_AcademicoViseu,,VIS,Portugal,Viseu,CompName_PortugueseLeagueA,Real_PortugueseA_AcadémicoViseuFC,FCA,,66
20810,PortugueseA_CDMafra,,MAF,Portugal,Mafra,CompName_PortugueseLeagueA,Real_PortugueseA_CDMafra,CDM,,63
20811,PortugueseA_CDNacional,,FUN,Portugal,Funchal,CompName_PortugueseLeagueA,Real_PortugueseA_CDNacional,CDN,,68
20812,PortugueseA_CDFeirense,,SMD,Portugal,Santa Maria da Feira,CompName_PortugueseLeagueA,Real_PortugueseA_CDFeirense,CDF,,64
20813,PortugueseA_UniaodeLeiria,,LEI,Portugal,Leiria,CompName_PortugueseLeagueA,Real_PortugueseA_UniãodeLeiria,UDL,,64
20814,PortugueseA_SCUniaoTorreense,,TOV,Portugal,Torres Vedras,CompName_PortugueseLeagueA,Real_PortugueseA_SCUniãoTorreense,SCU,,63
20815,PortugueseA_AvsFutebolSAD,,AVE,Portugal,Aves,CompName_PortugueseLeagueA,Real_PortugueseA_AvsFutebolSAD,AFS,,71
20816,PortugueseA_LeixoesSC,,MAT,Portugal,Matosinhos,CompName_PortugueseLeagueA,Real_PortugueseA_LeixõesSC,LEI,,65
20817,PortugueseA_FCPenafiel,,PEN,Portugal,Penafiel,CompName_PortugueseLeagueA,Real_PortugueseA_FCPenafiel,FCP,,64
20818,PortugueseA_UDOliveirense,,ODA,Portugal,Oliveira de Azeméis,CompName_PortugueseLeagueA,Real_PortugueseA_UDOliveirense,UDO,,63
20819,PortugueseA_LankFCVilaverdense,,VVE,Portugal,Vila Verde,CompName_PortugueseLeagueA,Real_PortugueseA_LänkFCVilaverdense,FCV,,61
20820,PortugueseA_FCFelgueiras1932,,FEL,Portugal,Felgueiras,CompName_PortugueseLeagueA,Real_PortugueseA_FCFelgueiras,FEL,,59
20821,PortugueseA_LusitaniaFCLoursa,,LOU,Portugal,Lourosa,CompName_PortugueseLeagueA,Real_PortugueseA_LusitâniaFCLourosa,FCL,,59
20822,PortugueseA_ADFafe,,FAR,Portugal,Fafe,CompName_PortugueseLeagueA,Real_PortugueseA_ADFafe,FAF,,57
20823,PortugueseA_VarzimSC,,PDV,Portugal,Póvoa de Varzim,CompName_PortugueseLeagueA,Real_PortugueseA_VarzimSC,VSC,,58
20824,PortugueseA_SCCovilha,,COV,Portugal,Covilhã,CompName_PortugueseLeagueA,Real_PortugueseA_SCCovilha,SCC,,58
20825,PortugueseA_AcademicaCoimbra,,COI,Portugal,Coimbra,CompName_PortugueseLeagueA,Real_PortugueseA_AcadémicaCoimbra,ACC,,60
20826,PortugueseA_AtleticoCP,,LIS,Portugal,Lissabon,CompName_PortugueseLeagueA,Real_PortugueseA_AtléticoCP,ACP,,59
20827,PortugueseA_FCAlverca,,ADR,Portugal,Alverca do Ribatejo,CompName_PortugueseLeagueA,Real_PortugueseA_FCAlverca,FCA,,69
20828,BangladeshLeagueA_BashundharaKings,,DHB,Bangladesh,Bashundhara Dhaka,CompName_BangladeshLeagueA,Real_BangladeshLeagueA_BashundharaKings,BAK,,63
20829,BangladeshLeagueA_AbahaniLimitedDhaka,,DHA,Bangladesh,Dhanmondi Dhaka,CompName_BangladeshLeagueA,Real_BangladeshLeagueA_AbahaniLimitedDhaka,ALD,,60
20830,BangladeshLeagueA_SheikhJamalDhanmondi,,DHS,Bangladesh,Dhanmondi Dhaka,CompName_BangladeshLeagueA,Real_BangladeshLeagueA_SheikhJamalDhanmondi,SJD,,60
20831,BangladeshLeagueA_MohammedanSC,,DHM,Bangladesh,Dhaka,CompName_BangladeshLeagueA,Real_BangladeshLeagueA_MohammedanSC,MSC,,60
20832,BangladeshLeagueA_BangladeshPoliceFC,,DHB,Bangladesh,Dhaka,CompName_BangladeshLeagueA,Real_BangladeshLeagueA_BangladeshPoliceFC,BPF,,59
20833,BangladeshLeagueA_SheikhRusselKC,,DHS,Bangladesh,Dhaka,CompName_BangladeshLeagueA,Real_BangladeshLeagueA_SheikhRusselKC,SRF,,58
20834,BangladeshLeagueA_RahmatganjMFS,,DHR,Bangladesh,Dhaka,CompName_BangladeshLeagueA,Real_BangladeshLeagueA_RahmatganjMFS,MFS,,57
20835,BangladeshLeagueA_ChittagongAbahani,,CHI,Bangladesh,Chittagong,CompName_BangladeshLeagueA,Real_BangladeshLeagueA_ChittagongAbahani,CHA,,56
20836,BangladeshLeagueA_FortisFC,,DHF,Bangladesh,Dhaka,CompName_BangladeshLeagueA,Real_BangladeshLeagueA_FortisFC,FFC,,56
20837,BangladeshLeagueA_BrothersUnion,,DHB,Bangladesh,Dhaka,CompName_BangladeshLeagueA,Real_BangladeshLeagueA_BrothersUnion,BRU,,53
20838,VietnamA_HaNoiFC,,HNF,Vietnam,Hanoi,CompName_VietnamLeagueA,Real_VietnamA_HaNoiFC,HNF,East Asia,63
20839,VietnamA_HaiPhongFC,,HPF,Vietnam,Haiphong,CompName_VietnamLeagueA,Real_VietnamA_HaiPhongFC,HPF,East Asia,62
20840,ChineseLeagueA_WuhanThreeTowns,,WUH,China,Wuhan,CompName_ChineseLeagueA,Real_ChineseLeagueA__WuhanThreeTowns,WTT,East Asia,59
20841,ChineseLeagueA_ZhejiangProfessionalF.C.,,ZHE,China,Zhejiang,CompName_ChineseLeagueA,Real_ChineseLeagueA_ZhejiangProfessionalF.C.,ZPF,East Asia,59
20842,SingaporeA_LionCitySailorsFC,,BIS,Singapore,Bishan,CompName_SingaporeLeagueA,Real_SingaporeA_LionCitySailorsFC,LCS,East Asia,62
20843,SingaporeA_TampinesRoversFC,,TAM,Singapore,Tampines,CompName_SingaporeLeagueA,Real_SingaporeA_TampinesRoversFC,TRF,East Asia,58
20844,PhilippineA_KayaFC-Iloilo,,ILO,Philippines,Iloilo,CompName_PhilippineLeagueA,Real_PhilippineA_KayaFC-Iloilo,KFI,East Asia,60
20845,JordanA_Al-Faisaly,,AMN,Jordan,Amman,CompName_JordanLeagueA,Real_JordanA_Al-Faisaly,AFY,West Asia,61
20846,JordanA_Al-WehdatSC,,AMG,Jordan,Amman,CompName_JordanLeagueA,Real_JordanA_Al-WehdatSC,AWS,West Asia,63
20847,TajikistanA_FCIstiklol,,DUS,Tajikistan,Dushanbe,CompName_TajikistanLeagueA,Real_TajikistanA_FCIstiklol,FCI,West Asia,62
20848,IndianA_MumbaiCity,,MUM,India,Mumbai,CompName_IndianLeagueA,Real_IndianA_MumbaiCity,MCF,West Asia,61
20849,IndianA_FCGoa,,GOA,India,Goa,CompName_IndianLeagueA,Real_IndianA_FCGoa,FCG,West Asia,62
20850,TurkmenistanA_FCAhal,,ANE,Turkmenistan,Änew,CompName_TurkmenistanLeagueA,Real_TurkmenistanA_FCAhal,FCA,West Asia,58
20851,SouthAfricaLeagueA_MamelodiSundownsFC,,PRE,South_Africa,Mamelodi,CompName_SouthAfricaLeagueA,Real_SouthAfricaLeagueA_MamelodiSundownsFC,FCM,,69
20852,SouthAfricaLeagueA_OrlandoPirates,,SOB,South_Africa,Soweto Black,CompName_SouthAfricaLeagueA,Real_SouthAfricaLeagueA_OrlandoPirates,ORP,,64
20853,SouthAfricaLeagueA_KaizerChiefs,,JOS,South_Africa,Johannesburg South,CompName_SouthAfricaLeagueA,Real_SouthAfricaLeagueA_KaizerChiefs,FCK,,65
20854,SouthAfricaLeagueA_AmaZuluFC,,DUR,South_Africa,Durban Green,CompName_SouthAfricaLeagueA,Real_SouthAfricaLeagueA_AmaZuluFC,FCA,,60
20855,SouthAfricaLeagueA_SiweleleFC,,SWL,South_Africa,Bloemfontein,CompName_SouthAfricaLeagueA,Real_SouthAfricaLeagueA_SiweleleFC,SFC,,63
20856,SouthAfricaLeagueA_LamontvilleGoldenArrows,,DUG,South_Africa,Durban Gold,CompName_SouthAfricaLeagueA,Real_SouthAfricaLeagueA_LamontvilleGoldenArrows,LGA,,63
20857,SouthAfricaLeagueA_CapeTownCityFC,,CTB,South_Africa,Cape Town Blue,CompName_SouthAfricaLeagueA,Real_SouthAfricaLeagueA_CapeTownCityFC,FCC,,63
20858,SouthAfricaLeagueA_MorokaSwallowsFC,,SOW,South_Africa,Soweto White,CompName_SouthAfricaLeagueA,Real_SouthAfricaLeagueA_MorokaSwallowsFC,FCM,,64
20859,SouthAfricaLeagueA_SekhukhuneUnitedFC,,KEP,South_Africa,Kempton Park,CompName_SouthAfricaLeagueA,Real_SouthAfricaLeagueA_SekhukhuneUnitedFC,FCS,,61
20860,SouthAfricaLeagueA_StellenboschFC,,STE,South_Africa,Stellenbosch,CompName_SouthAfricaLeagueA,Real_SouthAfricaLeagueA_StellenboschFC,FCS,,60
20861,SouthAfricaLeagueA_ChippaUnited,,GQE,South_Africa,Port Elizabeth,CompName_SouthAfricaLeagueA,Real_SouthAfricaLeagueA_ChippaUnited,UNC,,60
20862,SouthAfricaLeagueA_RichardsBayFC,,RIB,South_Africa,Richards Bay,CompName_SouthAfricaLeagueA,Real_SouthAfricaLeagueA_RichardsBayFC,FCR,,63
20863,SouthAfricaLeagueA_TSGalaxyFC,,KAM,South_Africa,Mpumalanga,CompName_SouthAfricaLeagueA,Real_SouthAfricaLeagueA_TSGalaxyFC,FCT,,59
20864,SouthAfricaLeagueA_RoyalAMFC,,DUB,South_Africa,Durban Black,CompName_SouthAfricaLeagueA,Real_SouthAfricaLeagueA_RoyalAMFC,FCR,,60
20865,SouthAfricaLeagueA_CapeTownSpursFC,,CTR,South_Africa,Cape Town Red,CompName_SouthAfricaLeagueA,Real_SouthAfricaLeagueA_CapeTownSpursFC,FCC,,56
20866,SouthAfricaLeagueA_PolokwaneCityFC,,POL,South_Africa,Polokwane,CompName_SouthAfricaLeagueA,Real_SouthAfricaLeagueA_PolokwaneCityFC,FCP,,57
20867,MalaysiaLeagueA_SelangorFC,,SFC,Malaysia,Petaling Jaya,CompName_MalaysiaLeagueA,Real_MalaysiaLeagueA_SelangorFC,PJA,East Asia,63
20868,MalaysiaLeagueA_KedahDarulAmanFC,,KDA,Malaysia,Alor Setar,CompName_MalaysiaLeagueA,Real_MalaysiaLeagueA_KedahDarulAmanFC,ASE,East Asia,63
20869,MalaysiaLeagueA_SabahFC,,SFC,Malaysia,Kota Kinabalu,CompName_MalaysiaLeagueA,Real_MalaysiaLeagueA_SabahFC,KKI,East Asia,63
20870,MalaysiaLeagueA_KualaLumpurCityFC,,KLC,Malaysia,Cheras,CompName_MalaysiaLeagueA,Real_MalaysiaLeagueA_KualaLumpurCityFC,CHE,East Asia,63
20871,MalaysiaLeagueA_TerengganuFC,,TFC,Malaysia,Kuala Terengganu,CompName_MalaysiaLeagueA,Real_MalaysiaLeagueA_TerengganuFC,KTE,East Asia,61
20872,MalaysiaLeagueA_SriPahangFC,,SPF,Malaysia,Kuantan,CompName_MalaysiaLeagueA,Real_MalaysiaLeagueA_SriPahangFC,KUA,East Asia,62
20873,MalaysiaLeagueA_NegeriSembilanFC,,NSF,Malaysia,Seremban,CompName_MalaysiaLeagueA,Real_MalaysiaLeagueA_NegeriSembilanFC,SER,East Asia,60
20874,MalaysiaLeagueA_KuchingCity,,KCF,Malaysia,Kuching,CompName_MalaysiaLeagueA,Real_MalaysiaLeagueA_KuchingCity,KUC,East Asia,60
20875,MalaysiaLeagueA_PenangFC,,PFC,Malaysia,George Town,CompName_MalaysiaLeagueA,Real_MalaysiaLeagueA_PenangFC,GTO,East Asia,61
20876,MalaysiaLeagueA_PerakFC,,PFC,Malaysia,Ipoh,CompName_MalaysiaLeagueA,Real_MalaysiaLeagueA_PerakFC,IPO,East Asia,59
20877,MalaysiaLeagueA_KelantanUnited,,KUF,Malaysia,Kota Bharu,CompName_MalaysiaLeagueA,Real_MalaysiaLeagueA_KelantanUnited,KOB,East Asia,58
20878,MalaysiaLeagueA_KelantanFC,,KFC,Malaysia,Kota Bharu,CompName_MalaysiaLeagueA,Real_MalaysiaLeagueA_KelantanFC,KBH,East Asia,56
20879,MalaysiaLeagueA_PDRMFC,,PFC,Malaysia,Petaling Jaya,CompName_MalaysiaLeagueA,Real_MalaysiaLeagueA_PDRMFC,PJA,East Asia,60
20880,MalaysiaLeagueA_KualaLumpurRovers,,KLR,Malaysia,Selangor,CompName_MalaysiaLeagueA,Real_MalaysiaLeagueA_KualaLumpurRovers,CAS,East Asia,57
20881,MalaysiaLeagueA_HariniFC,,HFC,Malaysia,Kuala Lumpur,CompName_MalaysiaLeagueA,Real_MalaysiaLeagueA_HariniFC,JKL,East Asia,59
20882,JapanLeagueA_MachidaZelvia,,MAC,Japan,Machida,CompName_JapanLeagueA,Real_JapanLeagueA_MachidaZelvia,MAZ,East Asia,67
20883,JapanLeagueA_JúbiloIwata,,SHI,Japan,Iwata,CompName_JapanLeagueA,Real_JapanLeagueA_JúbiloIwata,JIW,East Asia,66
20884,JapanLeagueA_TokyoVerdy,,INA,Japan,Inagi,CompName_JapanLeagueA,Real_JapanLeagueA_TokyoVerdy,TOV,East Asia,64
20885,JapanLeagueA_ShimizuS-Pulse,,SHK,Japan,Shimizu,CompName_JapanLeagueA,Real_JapanLeagueA_ShimizuS-Pulse,SSP,East Asia,65
20886,JapanLeagueA_MontedioYamagata,,TEN,Japan,Tendo,CompName_JapanLeagueA,Real_JapanLeagueA_MontedioYamagata,MOY,East Asia,65
20887,JapanLeagueA_V-VarenNagasaki,,NAG,Japan,Nagasaki,CompName_JapanLeagueA,Real_JapanLeagueA_V-VarenNagasaki,VVN,East Asia,64
20888,JapanLeagueA_FagianoOkayama,,OKA,Japan,Okayama,CompName_JapanLeagueA,Real_JapanLeagueA_FagianoOkayama,FAO,East Asia,65
20889,JapanLeagueA_JEFUnitedChiba,,CHI,Japan,Chiba,CompName_JapanLeagueA,Real_JapanLeagueA_JEFUnitedChiba,JEF,East Asia,64
20890,JapanLeagueA_OitaTrinita,,OIT,Japan,Oita,CompName_JapanLeagueA,Real_JapanLeagueA_OitaTrinita,OIT,East Asia,63
20891,JapanLeagueA_VegaltaSendai,,SEN,Japan,Sendai,CompName_JapanLeagueA,Real_JapanLeagueA_VegaltaSendai,VES,East Asia,65
20892,JapanLeagueA_TokushimaVortis,,TOK,Japan,Tokushima,CompName_JapanLeagueA,Real_JapanLeagueA_TokushimaVortis,TVO,East Asia,64
20893,JapanLeagueA_VentforetKofu,,KOF,Japan,Kofu,CompName_JapanLeagueA,Real_JapanLeagueA_VentforetKofu,VEK,East Asia,63
20894,JapanLeagueA_RenofaYamaguchi,,YAM,Japan,Yamaguchi,CompName_JapanLeagueA,Real_JapanLeagueA_RenofaYamaguchi,REY,East Asia,62
20895,JapanLeagueA_KagoshimaUnited,,KAG,Japan,Kagoshima,CompName_JapanLeagueA,Real_JapanLeagueA_KagoshimaUnited,KUN,East Asia,63
20896,JapanLeagueA_BlaublitzAkita,,AKI,Japan,Akita,CompName_JapanLeagueA,Real_JapanLeagueA_BlaublitzAkita,BLA,East Asia,63
20897,JapanLeagueA_TochigiSC,,UTS,Japan,Utsunomiya,CompName_JapanLeagueA,Real_JapanLeagueA_TochigiSC,TSC,East Asia,63
20898,JapanLeagueA_ThespaGunma,,MAE,Japan,Maebashi,CompName_JapanLeagueA,Real_JapanLeagueA_ThespaGunma,THG,East Asia,62
20899,JapanLeagueA_MitoHollyHock,,MIT,Japan,Mito,CompName_JapanLeagueA,Real_JapanLeagueA_MitoHollyHock,MHH,East Asia,62
20900,JapanLeagueA_FujiedaMYFC,,FUJ,Japan,Fujieda,CompName_JapanLeagueA,Real_JapanLeagueA_FujiedaMYFC,FMY,East Asia,63
20901,JapanLeagueA_EhimeFC,,MAT,Japan,Matsuyama,CompName_JapanLeagueA,Real_JapanLeagueA_EhimeFC,FCE,East Asia,62
20902,JapanLeagueA_IwakiFC,,IWA,Japan,Iwaki,CompName_JapanLeagueA,Real_JapanLeagueA_IwakiFC,FCI,East Asia,61
20903,JapanLeagueA_RoassoKumamoto,,KUM,Japan,Kumamoto,CompName_JapanLeagueA,Real_JapanLeagueA_RoassoKumamoto,ROK,East Asia,61
20904,JapanLeagueA_ZweigenKanazawa,,KAN,Japan,Kanazawa,CompName_JapanLeagueA,Real_JapanLeagueA_ZweigenKanazawa,ZWK,East Asia,64
20905,JapanLeagueA_OmiyaArdija,,OMI,Japan,Omiya,CompName_JapanLeagueA,Real_JapanLeagueA_OmiyaArdija,OMA,East Asia,63
20906,EgyptianLeagueA_PyramidsFC,,NCA,Egypt,New Cairo,CompName_EgyptianLeagueA,Real_EgyptianLeagueA_PyramidsFC,PFC,,70
20907,EgyptianLeagueA_ZamalekSC,,GIZ,Egypt,Giza,CompName_EgyptianLeagueA,Real_EgyptianLeagueA_ZamalekSC,ZSC,,67
20908,EgyptianLeagueA_CleopatraFC,,GIA,Egypt,Giza,CompName_EgyptianLeagueA,Real_EgyptianLeagueA_CleopatraFC,CFC,,66
20909,EgyptianLeagueA_ElMasrySC,,PSA,Egypt,Port Said,CompName_EgyptianLeagueA,Real_EgyptianLeagueA_ElMasrySC,MSC,,65
20910,EgyptianLeagueA_BankElAhly,,CAB,Egypt,Cairo,CompName_EgyptianLeagueA,Real_EgyptianLeagueA_BankElAhly,BEA,,65
20911,EgyptianLeagueA_ModernFutureFC,,CAF,Egypt,Cairo,CompName_EgyptianLeagueA,Real_EgyptianLeagueA_ModernFutureFC,MFF,,65
20912,EgyptianLeagueA_Tala'eaElGaish,,CAT,Egypt,Cairo,CompName_EgyptianLeagueA,Real_EgyptianLeagueA_Tala'eaElGaish,TSC,,63
20913,EgyptianLeagueA_IttihadAlexandriaSC,,ALI,Egypt,Alexandria,CompName_EgyptianLeagueA,Real_EgyptianLeagueA_IttihadAlexandriaSC,ISC,,64
20914,EgyptianLeagueA_ElMokawloonSC,,NCI,Egypt,Nasr City,CompName_EgyptianLeagueA,Real_EgyptianLeagueA_ElMokawloonSC,MSC,,64
20915,EgyptianLeagueA_ZedFC,,GIZ,Egypt,Giza,CompName_EgyptianLeagueA,Real_EgyptianLeagueA_ZedFC,ZFC,,63
20916,EgyptianLeagueA_PharcoFC,,ALP,Egypt,Alexandria,CompName_EgyptianLeagueA,Real_EgyptianLeagueA_PharcoFC,PFC,,63
20917,EgyptianLeagueA_SmouhaSC,,ALS,Egypt,Alexandria,CompName_EgyptianLeagueA,Real_EgyptianLeagueA_SmouhaSC,SSC,,63
20918,EgyptianLeagueA_EnppiSC,,CAE,Egypt,Cairo,CompName_EgyptianLeagueA,Real_EgyptianLeagueA_EnppiSC,ESC,,64
20919,EgyptianLeagueA_IsmailySC,,ISM,Egypt,Ismailia,CompName_EgyptianLeagueA,Real_EgyptianLeagueA_IsmailySC,ISC,,63
20920,EgyptianLeagueA_BaladiyatElMahalla,,EMB,Egypt,El Mahalla,CompName_EgyptianLeagueA,Real_EgyptianLeagueA_BaladiyatElMahalla,BEM,,60
20921,EgyptianLeagueA_ElGounaFC,,EGO,Egypt,El Gouna,CompName_EgyptianLeagueA,Real_EgyptianLeagueA_ElGounaFC,GFC,,60
20922,EgyptianLeagueA_ElDakhliaSC,,ABB,Egypt,Abbassia,CompName_EgyptianLeagueA,Real_EgyptianLeagueA_ElDakhliaSC,DSC,,60
20923,EgyptianLeagueA_AbouQirFertilizersSC,,AQI,Egypt,Abu Qir,CompName_EgyptianLeagueA,Real_EgyptianLeagueA_AbouQirFertilizersSC,FSC,,58
20924,EgyptianLeagueA_AswanSC,,ASW,Egypt,Aswan,CompName_EgyptianLeagueA,Real_EgyptianLeagueA_AswanSC,ASC,,58
20925,EgyptianLeagueA_AsyutPetroleumSC,,MAN,Egypt,Manfalut,CompName_EgyptianLeagueA,Real_EgyptianLeagueA_AsyutPetroleumSC,APS,,59
20926,EgyptianLeagueA_DekernesSC,,DEK,Egypt,Dekernes,CompName_EgyptianLeagueA,Real_EgyptianLeagueA_DekernesSC,DSC,,57
20927,EgyptianLeagueA_GhazlElMahallaSC,,EMG,Egypt,El Mahalla,CompName_EgyptianLeagueA,Real_EgyptianLeagueA_GhazlElMahallaSC,GSC,,60
20928,EgyptianLeagueA_GomhoriatShebinSC,,SEK,Egypt,Shibin El Kom,CompName_EgyptianLeagueA,Real_EgyptianLeagueA_GomhoriatShebinSC,GSS,,59
20929,EgyptianLeagueA_HarasElHodoudSC,,ALH,Egypt,Alexandria,CompName_EgyptianLeagueA,Real_EgyptianLeagueA_HarasElHodoudSC,HHS,,59
20930,EgyptianLeagueA_LaVienaFC,,MEI,Egypt,Meidum,CompName_EgyptianLeagueA,Real_EgyptianLeagueA_LaVienaFC,LFC,,60
20931,EgyptianLeagueA_MakadiFC,,HUM,Egypt,Hurghada,CompName_EgyptianLeagueA,Real_EgyptianLeagueA_MakadiFC,MFC,,60
20932,EgyptianLeagueA_MisrLelMakkasaSC,,FAI,Egypt,Faiyum,CompName_EgyptianLeagueA,Real_EgyptianLeagueA_MisrLelMakkasaSC,MSC,,60
20933,EgyptianLeagueA_AlNasrLelTaa'denSC,,EDF,Egypt,Edfu,CompName_EgyptianLeagueA,Real_EgyptianLeagueA_AlNasrLelTaa'denSC,NLT,,59
20934,EgyptianLeagueA_NogoomFC,,OCT,Egypt,6th of October,CompName_EgyptianLeagueA,Real_EgyptianLeagueA_NogoomFC,NFC,,59
20935,EgyptianLeagueA_PetrojetSC,,SUE,Egypt,Suez,CompName_EgyptianLeagueA,Real_EgyptianLeagueA_PetrojetSC,PSC,,58
20936,EgyptianLeagueA_ProxySC,,AEM,Egypt,Abu El Matamir,CompName_EgyptianLeagueA,Real_EgyptianLeagueA_ProxySC,PSC,,59
20937,EgyptianLeagueA_ElQanahFC,,ISQ,Egypt,Ismailia,CompName_EgyptianLeagueA,Real_EgyptianLeagueA_ElQanahFC,QFC,,59
20938,EgyptianLeagueA_RayaGhazlKafrElDawarSC,,KED,Egypt,Kafr El Dawwar,CompName_EgyptianLeagueA,Real_EgyptianLeagueA_RayaGhazlKafrElDawarSC,RGK,,59
20939,EgyptianLeagueA_ElSekkaElHadidSC,,NCS,Egypt,Nasr City,CompName_EgyptianLeagueA,Real_EgyptianLeagueA_ElSekkaElHadidSC,SHS,,57
20940,EgyptianLeagueA_TantaSC,,TAN,Egypt,Tanta,CompName_EgyptianLeagueA,Real_EgyptianLeagueA_TantaSC,TSC,,58
20941,EgyptianLeagueA_TelecomEgyptSC,,MAA,Egypt,Maadi,CompName_EgyptianLeagueA,Real_EgyptianLeagueA_TelecomEgyptSC,TES,,59
20942,EgyptianLeagueA_WadiDeglaS.C.,,MAW,Egypt,Maadi,CompName_EgyptianLeagueA,Real_EgyptianLeagueA_WadiDeglaS.C.,WDS,,58
20943,EgyptianLeagueA_DayroutSC,,ASD,Egypt,Asyut,CompName_EgyptianLeagueA,Real_EgyptianLeagueA_DayroutSC,DSC,,59
20944,EgyptianLeagueA_TersanaSC,,GIT,Egypt,Giza,CompName_EgyptianLeagueA,Real_EgyptianLeagueA_TersanaSC,TSC,,58
20945,EgyptianLeagueA_SuezSC,,SUS,Egypt,Suez,CompName_EgyptianLeagueA,Real_EgyptianLeagueA_SuezSC,SSC,,57
20946,EgyptianLeagueA_KahrabaIsmailiaSC,,ISK,Egypt,Ismailia,CompName_EgyptianLeagueA,Real_EgyptianLeagueA_KahrabaIsmailiaSC,KIS,,59
20947,VietnamA_CongAnHaNoiFC,,HAN,Vietnam,Hanoi,CompName_VietnamLeagueA,Real_VietnamA_CongAnHaNoiFC,CHN,East Asia,62
20948,VietnamA_ThepXanhNamDinhFC,,NDI,Vietnam,Nam Định,CompName_VietnamLeagueA,Real_VietnamA_ThepXanhNamDinhFC,TND,East Asia,62
20949,VietnamA_TheCong-ViettelFC,,VHA,Vietnam,Hanoi,CompName_VietnamLeagueA,Real_VietnamA_TheCong-ViettelFC,CVT,East Asia,61
20950,VietnamA_BecamexBinhDuongFC,,TDM,Vietnam,Thủ Dầu Một,CompName_VietnamLeagueA,Real_VietnamA_BecamexBinhDuongFC,BBD,East Asia,58
20951,VietnamA_DongAThanhHoaFC,,THH,Vietnam,Thanh Hóa,CompName_VietnamLeagueA,Real_VietnamA_DongAThanhHoaFC,DTH,East Asia,58
20952,VietnamA_HoChiMinhCityFC,,HFC,Vietnam,Ho Chi Minh City,CompName_VietnamLeagueA,Real_VietnamA_HoChiMinhCityFC,HCM,East Asia,57
20953,VietnamA_HongLinhHaTinhFC,,HTF,Vietnam,Hà Tĩnh,CompName_VietnamLeagueA,Real_VietnamA_HongLinhHaTinhFC,HLH,East Asia,59
20954,VietnamA_MerryLandQuyNhonBinhDinhFC,,QNF,Vietnam,Quy Nhơn,CompName_VietnamLeagueA,Real_VietnamA_MerryLandQuyNhonBinhDinhFC,BDF,East Asia,59
20955,VietnamA_LPBankHoangAnhGiaLaiFC,,PLE,Vietnam,Pleiku,CompName_VietnamLeagueA,Real_VietnamA_LPBankHoangAnhGiaLaiFC,LPB,East Asia,58
20956,VietnamA_SongLamNgheAnFC,,VIN,Vietnam,Vinh,CompName_VietnamLeagueA,Real_VietnamA_SongLamNgheAnFC,SLF,East Asia,58
20957,VietnamA_QuangNamFC,,TKY,Vietnam,Tam Kỳ,CompName_VietnamLeagueA,Real_VietnamA_QuangNamFC,QFC,East Asia,55
20958,VietnamA_KhanhHoaFC,,KHO,Vietnam,Khánh Hòa,CompName_VietnamLeagueA,Real_VietnamA_KhanhHoaFC,KHF,East Asia,57
20959,VietnamA_SHBDaNang,,DNA,Vietnam,Da Nang,CompName_VietnamLeagueA,Real_VietnamA_SHBDaNang,SHB,East Asia,57
20960,VietnamA_PVF-CANDFC,,HYE,Vietnam,Hưng Yên,CompName_VietnamLeagueA,Real_VietnamA_PVF-CANDFC,PFC,East Asia,56
20961,RussianA_DynamoMoscow,,MOB,Russia,Moscow,CompName_RussianLeagueA,Real_RussianA_DynamoMoscow,FCD,,72
20962,RussianA_KrylyaSovetovSamara,,SAM,Russia,Samara,CompName_RussianLeagueA,Real_RussianA_KrylyaSovetovSamara,KSS,,72
20963,RussianA_FKRostov,,ROD,Russia,Rostov-on-Don,CompName_RussianLeagueA,Real_RussianA_FKRostov,FKR,,72
20964,RussianA_FCSochi,,SOC,Russia,Sochi,CompName_RussianLeagueA,Real_RussianA_FCSochi,FCS,,68
20965,RussianA_AkhmatGrozny,,GRO,Russia,Grozny,CompName_RussianLeagueA,Real_RussianA_AkhmatGrozny,AGR,,70
20966,RussianA_FKOrenburg,,ORE,Russia,Orenburg,CompName_RussianLeagueA,Real_RussianA_FKOrenburg,FKO,,69
20967,RussianA_RubinKazan,,KAZ,Russia,Kazan,CompName_RussianLeagueA,Real_RussianA_RubinKazan,RKA,,68
20968,RussianA_FCPariNizhniyNovgorod,,NNO,Russia,Nizhny Novgorod,CompName_RussianLeagueA,Real_RussianA_FCPariNizhniyNovgorod,FCP,,68
20969,RussianA_UralYekaterinburg,,YEK,Russia,Yekaterinburg,CompName_RussianLeagueA,Real_RussianA_UralYekaterinburg,UYE,,68
20970,RussianA_BaltikaKaliningrad,,KAL,Russia,Kaliningrad,CompName_RussianLeagueA,Real_RussianA_BaltikaKaliningrad,BKA,,67
20971,RussianA_FakelVoronezh,,VOR,Russia,Voronezh,CompName_RussianLeagueA,Real_RussianA_FakelVoronezh,FVO,,67
20972,RussianA_FKKhimki,,KHI,Russia,Khimki,CompName_RussianLeagueA,Real_RussianA_FKKhimki,FKK,,69
20973,RussianA_RodinaMoscow,,MOW,Russia,Moscow,CompName_RussianLeagueA,Real_RussianA_RodinaMoscow,RMO,,65
20974,RussianA_TorpedoMoscow,,MOB,Russia,Moscow,CompName_RussianLeagueA,Real_RussianA_TorpedoMoscow,TMO,,66
20975,RussianA_AkronTogliatti,,TOL,Russia,Tolyatti,CompName_RussianLeagueA,Real_RussianA_AkronTogliatti,ATO,,68
20976,RussianA_ArsenalTula,,TUL,Russia,Tula,CompName_RussianLeagueA,Real_RussianA_ArsenalTula,ATU,,65
20977,RussianA_AlaniaVladikavkaz,,VLA,Russia,Vladikavkaz,CompName_RussianLeagueA,Real_RussianA_AlaniaVladikavkaz,AVL,,66
20978,RussianA_SKAKhabarovsk,,KHA,Russia,Khabarovsk,CompName_RussianLeagueA,Real_RussianA_SKAKhabarovsk,SKA,,64
20979,RussianA_ChernomoretsNovorossijsk,,NOV,Russia,Novorossiysk,CompName_RussianLeagueA,Real_RussianA_ChernomoretsNovorossijsk,CNO,,64
20980,RussianA_FCYeniseyKrasnoyarsk,,KRA,Russia,Krasnoyarsk,CompName_RussianLeagueA,Real_RussianA_FCYeniseyKrasnoyarsk,EKR,,64
20981,RussianA_DinamoMakhachkala,,MAK,Russia,Makhachkala,CompName_RussianLeagueA,Real_RussianA_DinamoMakhachkala,DMA,,66
20982,RussianA_FKTyumen,,TYU,Russia,Tyumen,CompName_RussianLeagueA,Real_RussianA_FKTyumen,FKT,,65
20983,RussianA_NeftekhimikNizhnekamsk,,NIZ,Russia,Nizhnekamsk,CompName_RussianLeagueA,Real_RussianA_NeftekhimikNizhnekamsk,NNI,,64
20984,RussianA_VolgarAstrakhan,,AST,Russia,Astrakhan,CompName_RussianLeagueA,Real_RussianA_VolgarAstrakhan,VAS,,64
20985,RussianA_SokolSaratov,,SAR,Russia,Saratov,CompName_RussianLeagueA,Real_RussianA_SokolSaratov,SSA,,64
20986,RussianA_KamAZNaberezhnyeChelny,,NCH,Russia,Naberezhnye Chelny,CompName_RussianLeagueA,Real_RussianA_KamAZNaberezhnyeChelny,KAZ,,64
20987,RussianA_ShinnikYaroslavl,,YAR,Russia,Yaroslavl,CompName_RussianLeagueA,Real_RussianA_ShinnikYaroslavl,SYA,,64
20988,RussianA_KubanKrasnodar,,KRA,Russia,Krasnodar,CompName_RussianLeagueA,Real_RussianA_KubanKrasnodar,KKR,,63
20989,RussianA_FKLeningradets,,LOB,Russia,Leningrad Oblast,CompName_RussianLeagueA,Real_RussianA_FKLeningradets,FKL,,64
20990,RussianA_RotorVolgograd,,VOL,Russia,Volgograd,CompName_RussianLeagueA,Real_RussianA_RotorVolgograd,RVO,,63
20991,RussianA_VelesMoscow,,MOP,Russia,Moscow,CompName_RussianLeagueA,Real_RussianA_VelesMoscow,VMO,,63
20992,RussianA_FKChelyabinsk,,CHE,Russia,Chelyabinsk,CompName_RussianLeagueA,Real_RussianA_FKChelyabinsk,FKC,,63
20993,RussianA_IrtyshOmsk,,OMS,Russia,Omsk,CompName_RussianLeagueA,Real_RussianA_IrtyshOmsk,IMO,,62
20994,RussianA_ChaikaPeschanokopskoe,,PES,Russia,Peschanokopskoye,CompName_RussianLeagueA,Real_RussianA_ChaikaPeschanokopskoe,CPE,,62
20995,RussianA_DinamoBryansk,,BRY,Russia,Bryansk,CompName_RussianLeagueA,Real_RussianA_DinamoBryansk,DBR,,62
20996,RussianA_MetallurgLipetsk,,LIP,Russia,Lipetsk,CompName_RussianLeagueA,Real_RussianA_MetallurgLipetsk,MLI,,62
20997,RussianA_FKUfa,,UFA,Russia,Ufa,CompName_RussianLeagueA,Real_RussianA_FKUfa,FKU,,62
20998,MoroccanLeagueA_WydadCasablanca,,CAW,Morocco,Casablanca,CompName_MoroccanLeagueA,Real_MoroccanA_WydadCasablanca,WAC,,69
20999,MoroccanLeagueA_RajaClubAthletic,,CAR,Morocco,Casablanca,CompName_MoroccanLeagueA,Real_MoroccanA_RajaClubAthletic,RCA,,66
30001,MoroccanLeagueA_RenaissancedeBerkane,,BER,Morocco,Berkane,CompName_MoroccanLeagueA,Real_MoroccanA_RenaissancedeBerkane,RSB,,67
30002,AlgerianLeagueA_CRBelouizdad,,ALG,Algeria,Algiers,CompName_AlgerianLeagueA,Real_AlgerianA_CRBelouizdad,CRB,,67
30003,AlgerianLeagueA_JSKabylie,,TOU,Algeria,Tizi Ouzou,CompName_AlgerianLeagueA,Real_AlgerianA_JSKabylie,JSK,,66
30004,AlgerianLeagueA_USMAlger,,ALA,Algeria,Algiers,CompName_AlgerianLeagueA,Real_AlgerianA_USMAlger,USM,,67
30005,TunisianLeagueA_EtoileSportiveduSahel,,SOU,Tunisia,Sousse,CompName_TunisianLeagueA,Real_TunisianA_EtoileSportiveduSahel,ESS,,65
30006,TunisianLeagueA_USMonastir,,MON,Tunisia,Monastir,CompName_TunisianLeagueA,Real_TunisianA_USMonastir,USM,,65
30007,TanzanianLeagueA_SimbaSC,,DSS,Tanzania,Dar es Salaam,CompName_TanzanianLeagueA,Real_TanzanianA_SimbaSC,SSC,,61
30008,TanzanianLeagueA_YoungAfricansSC,,DYA,Tanzania,Dar es Salaam,CompName_TanzanianLeagueA,Real_TanzanianA_YoungAfricansSC,YAF,,61
30009,TanzanianLeagueA_NamungoFC,,LIN,Tanzania,Lindi,CompName_TanzanianLeagueA,Real_TanzanianA_NamungoFC,NFC,,55
30010,DRCongoLeagueA_TPMazembe,,LUB,DR_CONGO,Lubumbashi,CompName_DRCongoLeagueA,Real_DRCongoA_TPMazembe,TPM,,59
30011,DRCongoLeagueA_ASVitaClubKinshasa,,KIN,DR_CONGO,Kinshasa,CompName_DRCongoLeagueA,Real_DRCongoA_ASVitaClubKinshasa,ASV,,57
30012,DRCongoLeagueA_FCSaintEloiLupopo,,LUL,DR_CONGO,Lubumbashi,CompName_DRCongoLeagueA,Real_DRCongoA_FCSaintEloiLupopo,SEL,,56
30013,AngolanLeagueA_CAPetróleosLuanda,,LUP,Angola,Luanda,CompName_AngolanLeagueA,Real_AngolanA_CAPetróleosLuanda,APL,,61
30014,AngolanLeagueA_CD1ºdeAgosto,,LUC,Angola,Luanda,CompName_AngolanLeagueA,Real_AngolanA_CD1ºdeAgosto,CDP,,60
30015,AngolanLeagueA_AcadémicaPetróleosdoLobito,,LOB,Angola,Lobito,CompName_AngolanLeagueA,Real_AngolanA_AcadémicaPetróleosdoLobito,APL,,57
30016,SudanLeagueA_Al-HilalClub(Omdurman),,OMH,Sudan,Omdurman,CompName_SudanLeagueA,Real_SudanA_Al-HilalClub(Omdurman),AHC,,57
30017,SudanLeagueA_Al-MerrikhSC,,OMM,Sudan,Omdurman,CompName_SudanLeagueA,Real_SudanA_Al-MerrikhSC,AMS,,57
30018,LibyaLeagueA_AlAhliSC(Tripoli),,TRA,Libya,Tripoli,CompName_LibyaLeagueA,Real_LibyaA_AlAhliSC(Tripoli),AAS,,59
30019,LibyaLeagueA_Al-IttihadClub(Tripoli),,TRI,Libya,Tripoli,CompName_LibyaLeagueA,Real_LibyaA_Al-IttihadClub(Tripoli),AIC,,60
30020,LibyaLeagueA_Al-HilalSC(Benghazi),,BEN,Libya,Benghazi,CompName_LibyaLeagueA,Real_LibyaA_Al-HilalSC(Benghazi),HSC,,58
30021,Ivory_CoastLeagueA_ASECMimosas,,ABI,Ivory_Coast,Abidjan,CompName_Ivory_CoastLeagueA,Real_Ivory_CoastA_ASECMimosas,MIM,,58
30022,NigerianLeagueA_EnyimbaAba,,ABA,Nigeria,Aba,CompName_NigerianLeagueA,Real_NigerianA_EnyimbaAba,EFC,,58
30023,NigerianLeagueA_EnuguRangersIFC,,ENU,Nigeria,Enugu,CompName_NigerianLeagueA,Real_NigerianA_EnuguRangersIFC,ERI,,56
30024,GuineaLeagueA_HoroyaAC,,CON,Guinea,Conakry,CompName_GuineaLeagueA,Real_GuineaA_HoroyaAC,HAC,,56
30025,CameroonLeagueA_CotonSportFCdeGaroua,,GAR,Cameroon,Garoua,CompName_CameroonLeagueA,Real_CameroonA_CotonSportFCdeGaroua,CFC,,56
30026,ZambianLeagueA_ZanacoFC,,LUS,Zambia,Lusaka,CompName_ZambianLeagueA,Real_ZambianA_ZanacoFC,ZFC,,55
30027,ZambianLeagueA_NkanaFC,,KIT,Zambia,Kitwe,CompName_ZambianLeagueA,Real_ZambianA_NkanaFC,NFC,,53
30028,CongoLeagueA_DiablesNoirsBrazzaville,,BRA,CONGO,Brazzaville,CompName_CongoLeagueA,Real_CongoA_DiablesNoirsBrazzaville,DNB,,55
30029,CongoLeagueA_ASOtôho,,OYO,CONGO,Oyo,CompName_CongoLeagueA,Real_CongoA_ASOtôho,ASO,,54
30030,MaliLeagueA_ASRealBamako,,BAM,Mali,Bamako,CompName_MaliLeagueA,Real_MaliA_ASRealBamako,ASR,,54
30031,MaliLeagueA_StadeMalien,,BAS,Mali,Bamako,CompName_MaliLeagueA,Real_MaliA_StadeMalien,SMA,,54
30032,TogoleseLeagueA_ASKOKara,,KAR,Togo,Kara,CompName_TogoleseLeagueA,Real_TogoleseA_ASKOKara,ASK,,54
30033,UgandanLeagueA_VipersSC,,KAM,Uganda,Kampala,CompName_UgandanLeagueA,Real_UgandanA_VipersSC,VSC,,57
30034,BotswanLeagueA_JwanengGalaxyFC,,JWA,Botswana,Jwaneng,CompName_BotswanaLeagueA,Real_Botswana_JwanengGalaxyFC,GFC,,55
30035,GhanaLeagueA_MedeamaSC,,TAR,Ghana,Tarkwa,CompName_GhanaLeagueA,Real_GhanaA_MedeamaSC,MSC,,59
30036,GhanaLeagueA_DreamsFC,,GAR,Ghana,Greater Accra Region,CompName_GhanaLeagueA,Real_GhanaA_DreamsFC,DFC,,56
30037,MauritanianLeagueA_FCNouadhibou,,NOU,Mauritania,Nouadhibou,CompName_MauritanianLeagueA,Real_MauritanianA_FCNouadhibou,FCN,,58
30038,EswatiniLeagueA_RoyalLeopardsSimunye,,SIM,Eswatini,Simunye,CompName_EswatiniLeagueA,Real_EswatiniA_RoyalLeopardsSimunye,RLS,,56
30039,KenyaLeagueA_GorMahiaNairobi,,NAI,Kenya,Nairobi,CompName_KenyaLeagueA,Real_KenyaA_GorMahiaNairobi,GMN,,54
30040,New_ZealandLeagueA_AucklandCityFC,,AUC,New_Zealand,Auckland,CompName_New_ZealandLeagueA,Real_New_ZealandLeagueA_AucklandCityFC,ACF,,64
30041,ColombianA_DeportesTolima,,IBA,Colombia,Ibagué,CompName_ColombianLeagueA,Real_ColombianA_DeportesTolima,CDT,,69
30042,ColombianA_RionegroÁguilas,,RIO,Colombia,Rionegro,CompName_ColombianLeagueA,Real_ColombianA_RionegroÁguilas,ADO,,66
30043,ColombianA_DeportivoCali,,CAL,Colombia,Cali,CompName_ColombianLeagueA,Real_ColombianA_DeportivoCali,ADC,,67
30044,ColombianA_AlianzaFC,,VAL,Colombia,Valledupar,CompName_ColombianLeagueA,Real_ColombianA_AlianzaFC,AFC,,65
30045,ColombianA_DeportivoPereira,,PER,Colombia,Pereira,CompName_ColombianLeagueA,Real_ColombianA_DeportivoPereira,DPE,,65
30046,ColombianA_CDLaEquidadSegurosSA,,BOG,Colombia,Bogotá,CompName_ColombianLeagueA,Real_ColombianA_CDLaEquidadSegurosSA,CDL,,65
30047,ColombianA_AtléticoBucaramanga,,BUC,Colombia,Bucaramanga,CompName_ColombianLeagueA,Real_ColombianA_AtléticoBucaramanga,CAB,,65
30048,ColombianA_OnceCaldas,,MAN,Colombia,Manizales,CompName_ColombianLeagueA,Real_ColombianA_OnceCaldas,OCA,,65
30049,ColombianA_EnvigadoFC,,ENV,Colombia,Envigado,CompName_ColombianLeagueA,Real_ColombianA_EnvigadoFC,EFC,,65
30050,ColombianA_JaguaresdeCórdoba,,MON,Colombia,Montería,CompName_ColombianLeagueA,Real_ColombianA_JaguaresdeCórdoba,JDC,,64
30051,ColombianA_AsociaciónDeportivoPasto,,PAS,Colombia,Pasto,CompName_ColombianLeagueA,Real_ColombianA_AsociaciónDeportivoPasto,ADP,,64
30052,ColombianA_FortalezaCEIF,,BOF,Colombia,Bogotá,CompName_ColombianLeagueA,Real_ColombianA_FortalezaCEIF,FFC,,64
30053,ColombianA_BoyacáChicóFC,,BOB,Colombia,Bogotá,CompName_ColombianLeagueA,Real_ColombianA_BoyacáChicóFC,BCF,,65
30054,ColombianA_BoyacáPatriotasFC,,TUN,Colombia,Tunja,CompName_ColombianLeagueA,Real_ColombianA_BoyacáPatriotasFC,PAB,,62
30055,ColombianA_CDRealCartagena,,CAR,Colombia,Cartagena,CompName_ColombianLeagueA,Real_ColombianA_CDRealCartagena,CDR,,63
30056,ColombianA_CúcutaDeportivo,,CUC,Colombia,Cúcuta,CompName_ColombianLeagueA,Real_ColombianA_CúcutaDeportivo,CDE,,63
30057,ColombianA_LlanerosFC,,VIL,Colombia,Villavicencio,CompName_ColombianLeagueA,Real_ColombianA_LlanerosFC,LLA,,62
30058,ColombianA_CDAtléticoHuila,,NEI,Colombia,Neiva,CompName_ColombianLeagueA,Real_ColombianA_CDAtléticoHuila,CDA,,62
30059,ColombianA_ADUnionMagdalena,,SMA,Colombia,Santa Marta,CompName_ColombianLeagueA,Real_ColombianA_ADUnionMagdalena,ADU,,61
30060,ColombianA_BarranquillaFC,,BAR,Colombia,Barranquilla,CompName_ColombianLeagueA,Real_ColombianA_BarranquillaFC,BFC,,61
30061,ColombianA_DeportesQuindío,,ARM,Colombia,Armenia,CompName_ColombianLeagueA,Real_ColombianA_DeportesQuindío,DQU,,59
30062,ColombianA_RealCundinamarca,,SOA,Colombia,Soacha,CompName_ColombianLeagueA,Real_ColombianA_RealCundinamarca,RCU,,61
30063,ColombianA_ClubBocaJuniorsdeCali,,CAC,Colombia,Cali,CompName_ColombianLeagueA,Real_ColombianA_ClubBocaJuniorsdeCali,BJC,,61
30064,ColombianA_LeonesFC,,ITA,Colombia,Itagüí,CompName_ColombianLeagueA,Real_ColombianA_LeonesFC,LFC,,60
30065,ColombianA_InternacionaldePalmira,,PAL,Colombia,Palmira,CompName_ColombianLeagueA,Real_ColombianA_InternacionaldePalmira,IDP,,59
30066,ColombianA_TigresFC,,BOT,Colombia,Bogotá,CompName_ColombianLeagueA,Real_ColombianA_TigresFC,TFC,,59
30067,ColombianA_AtléticoFC,,CAA,Colombia,Cali,CompName_ColombianLeagueA,Real_ColombianA_AtléticoFC,AFC,,58
30068,ColombianA_RealSantander,,BUR,Colombia,Bucaramanga,CompName_ColombianLeagueA,Real_ColombianA_RealSantander,RSA,,58
30069,ColombianA_BogotáFC,,BOB,Colombia,Bogotá,CompName_ColombianLeagueA,Real_ColombianA_BogotáFC,BFC,,58
30070,ColombianA_OrsomarsoSC,,PAO,Colombia,Palmira,CompName_ColombianLeagueA,Real_ColombianA_OrsomarsoSC,OSC,,57
30071,ColombianA_TotalSoccer,,MDT,Colombia,Medellín,CompName_ColombianLeagueA,Real_ColombianA_TotalSoccer,TSO,,54
30072,ColombianA_CiamenF.C.,,CTA,Colombia,Cúcuta,CompName_ColombianLeagueA,Real_ColombianA_CiamenF.C.,CFC,,58
30073,ColombianA_IlusiónNaranja,,BAI,Colombia,Barranquilla,CompName_ColombianLeagueA,Real_ColombianA_IlusiónNaranja,INA,,58
30074,ColombianA_AtléticoAracataca,,ARA,Colombia,Aracataca,CompName_ColombianLeagueA,Real_ColombianA_AtléticoAracataca,AAR,,58
30075,ColombianA_FiorentinaF.C.,,FLO,Colombia,Florencia,CompName_ColombianLeagueA,Real_ColombianA_FiorentinaF.C.,FFC,,56
30076,ColombianA_AtletasdelMañana,,BOS,Colombia,Bosconia,CompName_ColombianLeagueA,Real_ColombianA_AtletasdelMañana,AMA,,58
30077,IndianA_MohunBaganSuperGiant,,KOL,India,Kolkata,CompName_IndianLeagueA,Real_IndianA_MohunBaganSuperGiant,MBG,West Asia,65
30078,IndianA_KeralaBlastersFC,,KOC,India,Kochi,CompName_IndianLeagueA,Real_IndianA_KeralaBlastersFC,FCK,West Asia,61
30079,IndianA_BengaluruFC,,BAN,India,Bangalore,CompName_IndianLeagueA,Real_IndianA_BengaluruFC,FCB,West Asia,62
30080,IndianA_OdishaFC,,BHU,India,Bhubaneswar,CompName_IndianLeagueA,Real_IndianA_OdishaFC,FCO,West Asia,61
30081,IndianA_EastBengalFC,,KOE,India,Kolkata,CompName_IndianLeagueA,Real_IndianA_EastBengalFC,FCE,West Asia,63
30082,IndianA_NorthEastUnitedFC,,GUW,India,Guwahati,CompName_IndianLeagueA,Real_IndianA_NorthEastUnitedFC,FCN,West Asia,59
30083,IndianA_PunjabFC,,MOH,India,Mohali,CompName_IndianLeagueA,Real_IndianA_PunjabFC,FCP,West Asia,59
30084,IndianA_ChennaiyinFC,,CHE,India,Chennai,CompName_IndianLeagueA,Real_IndianA_ChennaiyinFC,FCC,West Asia,59
30085,IndianA_JamshedpurFC,,JAM,India,Jamshedpur,CompName_IndianLeagueA,Real_IndianA_JamshedpurFC,FCJ,West Asia,58
30086,IndianA_HyderabadFC,,HYD,India,Hyderabad,CompName_IndianLeagueA,Real_IndianA_HyderabadFC,FCH,West Asia,56
30087,IndianA_SreenidiDeccanFC,,TEL,India,Telangana,CompName_IndianLeagueA,Real_IndianA_SreenidiDeccanFC,FCS,West Asia,58
30088,IndianA_GokulamKeralaFC,,KER,India,Kerala,CompName_IndianLeagueA,Real_IndianA_GokulamKeralaFC,FCG,West Asia,57
30089,IndianA_InterKashi,,UPR,India,Uttar Pradesh,CompName_IndianLeagueA,Real_IndianA_InterKashi,IKA,West Asia,55
30090,IndianA_RealKashmirFC,,JKA,India,Jammu and Kashmir,CompName_IndianLeagueA,Real_IndianA_RealKashmirFC,FCR,West Asia,56
30091,IndianA_ChurchillBrothersFC,,GOC,India,Goa,CompName_IndianLeagueA,Real_IndianA_ChurchillBrothersFC,FCC,West Asia,54
30092,IndianA_AizawlFC,,MIZ,India,Mizoram,CompName_IndianLeagueA,Real_IndianA_AizawlFC,FCA,West Asia,54
30093,IndianA_ShillongLajongFC,,MEG,India,Meghalaya,CompName_IndianLeagueA,Real_IndianA_ShillongLajongFC,SLA,West Asia,56
30094,IndianA_RajasthanUnited,,RAJ,India,Rajasthan,CompName_IndianLeagueA,Real_IndianA_RajasthanUnited,RUN,West Asia,55
30095,IndianA_NamdhariFootballClub,,PUN,India,Punjab,CompName_IndianLeagueA,Real_IndianA_NamdhariFootballClub,NFC,West Asia,55
30096,IndianA_DelhiFC,,DEL,India,Delhi,CompName_IndianLeagueA,Real_IndianA_DelhiFC,DFC,West Asia,54
30097,IndianA_TRAUFC,,IMP,India,Imphal,CompName_IndianLeagueA,Real_IndianA_TRAUFC,TFC,West Asia,53
30098,IndianA_NEROCAFC,,IMN,India,Imphal,CompName_IndianLeagueA,Real_IndianA_NEROCAFC,NFC,West Asia,53
30099,IndianA_KenkreFC,,MUK,India,Mumbai,CompName_IndianLeagueA,Real_IndianA_KenkreFC,KFC,West Asia,52
30100,IndianA_SCBengaluru,,BAB,India,Bangalore,CompName_IndianLeagueA,Real_IndianA_SCBengaluru,SCB,West Asia,52
30101,IndianA_SudevaDelhiFC,,DES,India,Delhi,CompName_IndianLeagueA,Real_IndianA_SudevaDelhiFC,SDE,West Asia,52
30102,IndianA_DempoSC,,GOD,India,Goa,CompName_IndianLeagueA,Real_IndianA_DempoSC,DSC,West Asia,52
30103,IndianA_UnitedSC,,KOU,India,Kolkata,CompName_IndianLeagueA,Real_IndianA_UnitedSC,USC,West Asia,51
30104,IndianA_TheOranjeFC,,MUO,India,Mumbai,CompName_IndianLeagueA,Real_IndianA_TheOranjeFC,OFC,West Asia,52
30105,IndianA_FCBengaluruUnited,,KAR,India,Karnataka,CompName_IndianLeagueA,Real_IndianA_FCBengaluruUnited,FCB,West Asia,52
30106,IndianA_SportingClubdeGoa,,GOS,India,Goa,CompName_IndianLeagueA,Real_IndianA_SportingClubdeGoa,SCG,West Asia,51
30107,IndianA_InternationalFC,,PHA,India,Phagwara,CompName_IndianLeagueA,Real_IndianA_InternationalFC,IFC,West Asia,52
30108,IndianA_ARAFC,,AHE,India,Ahemedabad,CompName_IndianLeagueA,Real_IndianA_ARAFC,ARA,West Asia,51
30109,IndianA_LakecityFC,,BHO,India,Bhopal,CompName_IndianLeagueA,Real_IndianA_LakecityFC,LFC,West Asia,51
30110,IndianA_NewFriendsClub,,BBA,India,Bade Bacheli,CompName_IndianLeagueA,Real_IndianA_NewFriendsClub,NFC,West Asia,51
30111,IndianA_JaipurEliteFC,,JAI,India,Jaipur,CompName_IndianLeagueA,Real_IndianA_JaipurEliteFC,JEL,West Asia,52
30112,IndianA_SportsOdisha,,CUT,India,Cuttack,CompName_IndianLeagueA,Real_IndianA_SportsOdisha,SOD,West Asia,51
30113,IndianA_BarodaFootballAcademy,,VAD,India,Vadodara,CompName_IndianLeagueA,Real_IndianA_BarodaFootballAcademy,BFA,West Asia,51
30114,IndianA_UnitedChirangDuarFC,,CHI,India,Chirang,CompName_IndianLeagueA,Real_IndianA_UnitedChirangDuarFC,UCD,West Asia,51
30115,IndianA_KLASAFC,,BIS,India,Bishnupur,CompName_IndianLeagueA,Real_IndianA_KLASAFC,KFC,West Asia,52
30116,IndianA_JeppiarInstituteofTechnologyFC,,PON,India,Pondicherry,CompName_IndianLeagueA,Real_IndianA_JeppiarInstituteofTechnologyFC,JIT,West Asia,51
30117,ScottishA_RangersFC,,NGE,Scotland,Glasgow,CompName_ScottishLeagueA,Real_ScottishA_RangersFC,RAN,,74
30118,ScottishA_HeartofMidlothianFC,,HRT,Scotland,Glasgow,CompName_ScottishLeagueA,Real_ScottishA_HeartofMidlothianFC,HFC,,68
30119,ScottishA_AberdeenFC,,ABE,Scotland,Aberdeen,CompName_ScottishLeagueA,Real_ScottishA_AberdeenFC,AFC,,66
30120,ScottishA_HibernianFC,,HBE,Scotland,Edinburgh,CompName_ScottishLeagueA,Real_ScottishA_HibernianFC,HIB,,67
30121,ScottishA_MotherwellFC,,MOF,Scotland,Motherwell,CompName_ScottishLeagueA,Real_ScottishA_MotherwellFC,MFC,,65
30122,ScottishA_St.MirrenFC,,MIR,Scotland,Paisley,CompName_ScottishLeagueA,Real_ScottishA_St.MirrenFC,STM,,64
30123,ScottishA_DundeeFC,,DDE,Scotland,Dundee,CompName_ScottishLeagueA,Real_ScottishA_DundeeFC,DFC,,64
30124,ScottishA_KilmarnockFC,,KMN,Scotland,Kilmarnock,CompName_ScottishLeagueA,Real_ScottishA_KilmarnockFC,KFC,,64
30125,ScottishA_RossCountyFC,,RCF,Scotland,Dingwall,CompName_ScottishLeagueA,Real_ScottishA_RossCountyFC,RCF,,62
30126,ScottishA_LivingstonFC,,LVS,Scotland,Livingston,CompName_ScottishLeagueA,Real_ScottishA_LivingstonFC,LFC,,66
30127,ScottishA_St.JohnsonFC,,SJS,Scotland,Perth,CompName_ScottishLeagueA,Real_ScottishA_St.JohnsonFC,STJ,,61
30128,ScottishA_RaithRoversFC,,KIR,Scotland,Kirkcaldy,CompName_ScottishLeagueA,Real_ScottishA_RaithRoversFC,RRF,,64
30129,ScottishA_DundeeUnitedFC,,DUN,Scotland,Dundee,CompName_ScottishLeagueA,Real_ScottishA_DundeeUnitedFC,DUF,,65
30130,ScottishA_PartickThistleFC,,GLB,Scotland,Glasgow,CompName_ScottishLeagueA,Real_ScottishA_PartickThistleFC,PTF,,62
30131,ScottishA_InvernessCaledonianThistleFC,,INV,Scotland,Inverness,CompName_ScottishLeagueA,Real_ScottishA_InvernessCaledonianThistleFC,ICT,,63
30132,ScottishA_Queen'sParkFC,,GLW,Scotland,Glasgow,CompName_ScottishLeagueA,Real_ScottishA_Queen'sParkFC,QSP,,62
30133,ScottishA_AyrUnitedFC,,AYR,Scotland,Ayr,CompName_ScottishLeagueA,Real_ScottishA_AyrUnitedFC,AUF,,62
30134,ScottishA_GreenockMortonFC,,GRE,Scotland,Greenock,CompName_ScottishLeagueA,Real_ScottishA_GreenockMortonFC,GMF,,61
30135,ScottishA_DunfermlineAthleticFC,,DUN,Scotland,Dunfermline,CompName_ScottishLeagueA,Real_ScottishA_DunfermlineAthleticFC,DAF,,61
30136,ScottishA_AirdrieoniansFC,,AIR,Scotland,Airdrie,CompName_ScottishLeagueA,Real_ScottishA_AirdrieoniansFC,AFC,,61
30137,ScottishA_ArbroathFC,,ARB,Scotland,Arbroath,CompName_ScottishLeagueA,Real_ScottishA_ArbroathFC,AFC,,59
30138,ScottishA_HamiltonAcademicalFC,,HAM,Scotland,Hamilton,CompName_ScottishLeagueA,Real_ScottishA_HamiltonAcademicalFC,HAF,,56
30139,ScottishA_QueenoftheSouthFC,,DUM,Scotland,Dumfries,CompName_ScottishLeagueA,Real_ScottishA_QueenoftheSouthFC,QSF,,55
30140,ScottishA_FalkirkFC,,FAL,Scotland,Falkirk,CompName_ScottishLeagueA,Real_ScottishA_FalkirkFC,FFC,,56
30141,ScottishA_AnnanAthleticFC,,ANN,Scotland,Annan,CompName_ScottishLeagueA,Real_ScottishA_AnnanAthleticFC,AAF,,54
30142,ScottishA_StirlingAlbionFC,,STI,Scotland,Stirling,CompName_ScottishLeagueA,Real_ScottishA_StirlingAlbionFC,SAF,,54
30143,ScottishA_AlloaAthleticFC,,ALL,Scotland,Alloa,CompName_ScottishLeagueA,Real_ScottishA_AlloaAthleticFC,AFC,,54
30144,ScottishA_CoveRangersFC,,ABE,Scotland,Aberdeen,CompName_ScottishLeagueA,Real_ScottishA_CoveRangersFC,CRF,,54
30145,ScottishA_MontroseFC,,MON,Scotland,Montrose,CompName_ScottishLeagueA,Real_ScottishA_MontroseFC,MFC,,54
30146,ScottishA_EdinburghCity,,EDI,Scotland,Edinburgh,CompName_ScottishLeagueA,Real_ScottishA_EdinburghCity,EDC,,53
30147,ScottishA_KeltyHeartsFC,,KEL,Scotland,Kelty,CompName_ScottishLeagueA,Real_ScottishA_KeltyHeartsFC,KHF,,53
30148,ScottishA_ClydeFC,,CLY,Scotland,Clyde,CompName_ScottishLeagueA,Real_ScottishA_ClydeFC,CFC,,53
30149,ScottishA_TheSpartansFC,,ETS,Scotland,Edinburgh,CompName_ScottishLeagueA,Real_ScottishA_TheSpartansFC,TSP,,53
30150,ScottishA_PeterheadFC,,PET,Scotland,Peterhead,CompName_ScottishLeagueA,Real_ScottishA_PeterheadFC,PFC,,54
30151,ScottishA_DumbartonFC,,DUM,Scotland,Dumbarton,CompName_ScottishLeagueA,Real_ScottishA_DumbartonFC,DFC,,53
30152,ScottishA_EastFifeFC,,MET,Scotland,Methil,CompName_ScottishLeagueA,Real_ScottishA_EastFifeFC,EFF,,53
30153,ScottishA_ElginCityFC,,ELG,Scotland,Elgin,CompName_ScottishLeagueA,Real_ScottishA_ElginCityFC,ECF,,52
30154,ScottishA_StenhousemuirFC,,STE,Scotland,Stenhousemuir,CompName_ScottishLeagueA,Real_ScottishA_StenhousemuirFC,SFC,,52
30155,ScottishA_StranraerFC,,STR,Scotland,Stranraer,CompName_ScottishLeagueA,Real_ScottishA_StranraerFC,SFC,,52
30156,ScottishA_ForfarAthleticFC,,FOR,Scotland,Forfar,CompName_ScottishLeagueA,Real_ScottishA_ForfarAthleticFC,FAF,,52
30157,ScottishA_BonnyriggRoseFC,,BON,Scotland,Bonnyrigg,CompName_ScottishLeagueA,Real_ScottishA_BonnyriggRoseFC,BRF,,52
30158,EcuadorianA_SDAucas,,QUA,Ecuador,Quito,CompName_EcuadorianLeagueA,Real_EcuadorianA_SDAucas,SDA,,67
30159,EcuadorianA_CDUniversidadCatólica,,QUC,Ecuador,Quito,CompName_EcuadorianLeagueA,Real_EcuadorianA_CDUniversidadCatólica,UCA,,68
30160,EcuadorianA_CSEmelec,,GUA,Ecuador,Guayaquil,CompName_EcuadorianLeagueA,Real_EcuadorianA_CSEmelec,CSE,,70
30161,EcuadorianA_MushucRunaSC,,AMB,Ecuador,Ambato,CompName_EcuadorianLeagueA,Real_EcuadorianA_MushucRunaSC,MUR,,66
30162,EcuadorianA_OrenseSC,,MAC,Ecuador,Machala,CompName_EcuadorianLeagueA,Real_EcuadorianA_OrenseSC,OSC,,65
30163,EcuadorianA_TécnicoUniversitario,,ATU,Ecuador,Ambato,CompName_EcuadorianLeagueA,Real_EcuadorianA_TécnicoUniversitario,TUN,,65
30164,EcuadorianA_CDElNacional,,QUN,Ecuador,Quito,CompName_EcuadorianLeagueA,Real_EcuadorianA_CDElNacional,CDN,,65
30165,EcuadorianA_DeportivoCuenca,,CUE,Ecuador,Cuenca,CompName_EcuadorianLeagueA,Real_EcuadorianA_DeportivoCuenca,DCU,,67
30166,EcuadorianA_CDMacará,,ACM,Ecuador,Ambato,CompName_EcuadorianLeagueA,Real_EcuadorianA_CDMacará,CDM,,63
30167,EcuadorianA_CumbayáFC,,QFC,Ecuador,Quito,CompName_EcuadorianLeagueA,Real_EcuadorianA_CumbayáFC,CFC,,65
30168,EcuadorianA_ImbaburaSC,,IBA,Ecuador,Ibarra,CompName_EcuadorianLeagueA,Real_EcuadorianA_ImbaburaSC,ISC,,63
30169,EcuadorianA_LibertadFC,,LOJ,Ecuador,Loja,CompName_EcuadorianLeagueA,Real_EcuadorianA_LibertadFC,LFC,,64
30170,DutchA_ExcelsiorRotterdam,,ROR,Netherlands,Rotterdam,CompName_DutchLeagueA,Real_DutchA_ExcelsiorRotterdam,EXR,,66
30171,DutchA_AlmereCityFC,,ALM,Netherlands,Almere,CompName_DutchLeagueA,Real_DutchA_AlmereCityFC,ACF,,65
30172,DutchA_FCVolendam,,VOL,Netherlands,Volendam,CompName_DutchLeagueA,Real_DutchA_FCVolendam,FCV,,65
30173,DutchA_NACBreda,,BRE,Netherlands,Breda,CompName_DutchLeagueA,Real_DutchA_NACBreda,NAC,,69
30174,DutchA_FCDordrecht,,DOR,Netherlands,Dordrecht,CompName_DutchLeagueA,Real_DutchA_FCDordrecht,FCD,,61
30175,DutchA_RodaJCKerkrade,,KER,Netherlands,Kerkrade,CompName_DutchLeagueA,Real_DutchA_RodaJCKerkrade,RJC,,65
30176,DutchA_ADODenHaag,,THA,Netherlands,The Hague,CompName_DutchLeagueA,Real_DutchA_ADODenHaag,ADO,,66
30177,DutchA_DeGraafschapDoetinchem,,DOE,Netherlands,Doetinchem,CompName_DutchLeagueA,Real_DutchA_DeGraafschapDoetinchem,DGD,,63
30178,DutchA_FCDenBosch,,DBO,Netherlands,Den Bosch,CompName_DutchLeagueA,Real_DutchA_FCDenBosch,FDB,,63
30179,DutchA_FCEmmen,,EMM,Netherlands,Emmen,CompName_DutchLeagueA,Real_DutchA_FCEmmen,FCE,,61
30180,DutchA_FCEindhoven,,EFC,Netherlands,Eindhoven,CompName_DutchLeagueA,Real_DutchA_FCEindhoven,FCE,,64
30181,DutchA_VVV-Venlo,,VEN,Netherlands,Venlo,CompName_DutchLeagueA,Real_DutchA_VVV-Venlo,VVV,,63
30182,DutchA_HelmondSport,,HEL,Netherlands,Helmond,CompName_DutchLeagueA,Real_DutchA_HelmondSport,HES,,63
30183,DutchA_MVVMaastricht,,MAA,Netherlands,Maastricht,CompName_DutchLeagueA,Real_DutchA_MVVMaastricht,MVV,,63
30184,DutchA_TOPOss,,OSS,Netherlands,Oss,CompName_DutchLeagueA,Real_DutchA_TOPOss,TOS,,63
30185,DutchA_SCTelstar,,VEL,Netherlands,Velsen,CompName_DutchLeagueA,Real_DutchA_SCTelstar,SCT,,62
30186,DutchA_QuickBoys,,KAZ,Netherlands,Katwijk aan Zee,CompName_DutchLeagueA,Real_DutchA_QuickBoys,QBS,,58
30187,DutchA_KoninklijkeHFCHaarlem,,HAM,Netherlands,Haarlem,CompName_DutchLeagueA,Real_DutchA_KoninklijkeHFCHaarlem,HFC,,61
30188,DutchA_ACVAssen,,AAS,Netherlands,Assen,CompName_DutchLeagueA,Real_DutchA_ACVAssen,ACV,,61
30189,DutchA_ADO'20Heemskerk,,HEK,Netherlands,Heemskerk,CompName_DutchLeagueA,Real_DutchA_ADO'20Heemskerk,ADO,,58
30190,DutchA_AFCAmsterdam,,FCA,Netherlands,Amsterdam,CompName_DutchLeagueA,Real_DutchA_AFCAmsterdam,AFC,,60
30191,DutchA_ExcelsiorMaassluis,,MAS,Netherlands,Maassluis,CompName_DutchLeagueA,Real_DutchA_ExcelsiorMaassluis,EXM,,58
30192,DutchA_GVVVVeenendaal,,VEL,Netherlands,Veenendaal,CompName_DutchLeagueA,Real_DutchA_GVVVVeenendaal,GVV,,56
30193,DutchA_HHCHardenberg,,HAR,Netherlands,Hardenberg,CompName_DutchLeagueA,Real_DutchA_HHCHardenberg,HHC,,56
30194,GreekA_PAOKThessaloniki,,THE,Greece,Thessaloniki,CompName_GreekLeagueA,Real_GreekA_PAOKThessaloniki,PAT,,75
30195,GreekA_PanathinaikosFC,,ATP,Greece,Athens,CompName_GreekLeagueA,Real_GreekA_PanathinaikosFC,PAO,,74
30196,GreekA_ArisThessaloniki,,AFC,Greece,Thessaloniki,CompName_GreekLeagueA,Real_GreekA_ArisThessaloniki,ART,,70
30197,GreekA_PanetolikosGFS,,AGR,Greece,Agrinio,CompName_GreekLeagueA,Real_GreekA_PanetolikosGFS,GFP,,66
30198,GreekA_AsterasTripolis,,TRI,Greece,Tripoli,CompName_GreekLeagueA,Real_GreekA_AsterasTripolis,AST,,67
30199,GreekA_AtromitosAthens,,PER,Greece,Peristeri,CompName_GreekLeagueA,Real_GreekA_AtromitosAthens,ATA,,68
30200,GreekA_OFICreteFC,,HER,Greece,Heraklion,CompName_GreekLeagueA,Real_GreekA_OFICreteFC,CFC,,66
30201,GreekA_VolosNPS,,VOL,Greece,Volos,CompName_GreekLeagueA,Real_GreekA_VolosNPS,VNP,,66
30202,GreekA_Panserraikos,,SER,Greece,Serres,CompName_GreekLeagueA,Real_GreekA_Panserraikos,PAN,,65
30203,GreekA_AthensKallithea,,KAL,Greece,Kallithea,CompName_GreekLeagueA,Real_GreekA_AthensKallithea,AKA,,65
30204,GreekA_APOLevadiakos,,LIV,Greece,Livadeia,CompName_GreekLeagueA,Real_GreekA_APOLevadiakos,APO,,64
30205,GreekA_PASLamia1964,,LAM,Greece,Lamia,CompName_GreekLeagueA,Real_GreekA_PASLamia1964,PAS,,66
30206,GreekA_AEKifisias,,KIF,Greece,Attica,CompName_GreekLeagueA,Real_GreekA_AEKifisias,AEK,,66
30207,GreekA_AELarisa,,LAR,Greece,Larissa,CompName_GreekLeagueA,Real_GreekA_AELarisa,AEL,,63
30208,SouthAfricaLeagueA_UniversityofPretoriaFC,,PRE,South_Africa,Pretoria,CompName_SouthAfricaLeagueA,Real_SouthAfricaLeagueA_UniversityofPretoriaFC,UOP,,54
30209,SouthAfricaLeagueA_MilfordFC,,MIL,South_Africa,Milford,CompName_SouthAfricaLeagueA,Real_SouthAfricaLeagueA_MilfordFC,MFC,,54
30210,SouthAfricaLeagueA_FCRavens,,PED,South_Africa,Port Edward,CompName_SouthAfricaLeagueA,Real_SouthAfricaLeagueA_FCRavens,FCR,,53
30211,SouthAfricaLeagueA_HungryLionsFC,,POS,South_Africa,Postmasburg,CompName_SouthAfricaLeagueA,Real_SouthAfricaLeagueA_HungryLionsFC,LFC,,52
30212,SouthAfricaLeagueA_D'GeneralFC,,BOT,South_Africa,Botshabelo,CompName_SouthAfricaLeagueA,Real_SouthAfricaLeagueA_D'GeneralFC,DFC,,54
30213,SouthAfricaLeagueA_MaritzburgUnitedFC,,PIE,South_Africa,Pietermaritzburg,CompName_SouthAfricaLeagueA,Real_SouthAfricaLeagueA_MaritzburgUnitedFC,MUF,,60
30214,SouthAfricaLeagueA_NBLaMasiaFC,,GAU,South_Africa,Gauteng,CompName_SouthAfricaLeagueA,Real_SouthAfricaLeagueA_NBLaMasiaFC,NFC,,53
30215,SouthAfricaLeagueA_HighlandsPark,,GAP,South_Africa,Gauteng,CompName_SouthAfricaLeagueA,Real_SouthAfricaLeagueA_HighlandsPark,HPF,,53
30216,SouthAfricaLeagueA_PretoriaCalliesFC,,PRP,South_Africa,Pretoria,CompName_SouthAfricaLeagueA,Real_SouthAfricaLeagueA_PretoriaCalliesFC,PCF,,53
30217,SouthAfricaLeagueA_SpainFC,,CTS,South_Africa,Cape Town,CompName_SouthAfricaLeagueA,Real_SouthAfricaLeagueA_SpainFC,SFC,,52
30218,SouthAfricaLeagueA_CrystalLakeFC,,MBO,South_Africa,Mbombela,CompName_SouthAfricaLeagueA,Real_SouthAfricaLeagueA_CrystalLakeFC,CLF,,52
30219,SouthAfricaLeagueA_JDRStarsFC,,PRJ,South_Africa,Pretoria,CompName_SouthAfricaLeagueA,Real_SouthAfricaLeagueA_JDRStarsFC,JDR,,52
30220,SouthAfricaLeagueA_PlatinumCity,,MOG,South_Africa,Mogwase,CompName_SouthAfricaLeagueA,Real_SouthAfricaLeagueA_PlatinumCity,PCF,,52
30221,SouthAfricaLeagueA_PaarlUnited,,CTP,South_Africa,Cape Town,CompName_SouthAfricaLeagueA,Real_SouthAfricaLeagueA_PaarlUnited,PAU,,52
30222,SouthAfricaLeagueA_MadridtasFC,,THO,South_Africa,Thohoyandou,CompName_SouthAfricaLeagueA,Real_SouthAfricaLeagueA_MadridtasFC,MFC,,52
30223,SouthAfricaLeagueA_NCProfessionals,,KAT,South_Africa,Kathu,CompName_SouthAfricaLeagueA,Real_SouthAfricaLeagueA_NCProfessionals,NCP,,51
30224,SouthAfricaLeagueA_MarumoGallantsFC,,LIM,South_Africa,Limpopo,CompName_SouthAfricaLeagueA,Real_SouthAfricaLeagueA_MarumoGallantsFC,MGA,,57
30225,SouthAfricaLeagueA_CasricStarsFC,,MPU,South_Africa,Mpumalanga,CompName_SouthAfricaLeagueA,Real_SouthAfricaLeagueA_CasricStarsFC,CSF,,52
30226,SouthAfricaLeagueA_ORBITCollegeFC,,NOW,South_Africa,North West,CompName_SouthAfricaLeagueA,Real_SouthAfricaLeagueA_ORBITCollegeFC,OCF,,54
30227,SouthAfricaLeagueA_MagesiFC,,LPO,South_Africa,Limpopo,CompName_SouthAfricaLeagueA,Real_SouthAfricaLeagueA_MagesiFC,MFC,,55
30228,SouthAfricaLeagueA_BarokaFC,,POB,South_Africa,Polokwane,CompName_SouthAfricaLeagueA,Real_SouthAfricaLeagueA_BarokaFC,BFC,,52
30229,SouthAfricaLeagueA_VendaF.C.,,VEN,South_Africa,Venda,CompName_SouthAfricaLeagueA,Real_SouthAfricaLeagueA_VendaF.C.,VFC,,50
30230,SouthAfricaLeagueA_UpingtonCity,,NCA,South_Africa,Northern Cape,CompName_SouthAfricaLeagueA,Real_SouthAfricaLeagueA_UpingtonCity,UPC,,51
30231,SouthAfricaLeagueA_BlackLeopardsFC,,THB,South_Africa,Thohoyandou,CompName_SouthAfricaLeagueA,Real_SouthAfricaLeagueA_BlackLeopardsFC,BLE,,53
30232,SouthAfricaLeagueA_HighburyF.C.,,ECA,South_Africa,Eastern Cape,CompName_SouthAfricaLeagueA,Real_SouthAfricaLeagueA_HighburyF.C.,HFC,,51
30233,SouthAfricaLeagueA_KrugerUnitedF.C.,,MPK,South_Africa,Mpumalanga,CompName_SouthAfricaLeagueA,Real_SouthAfricaLeagueA_KrugerUnitedF.C.,KUF,,52
30234,PeruvianA_FBCMelgar,,ARE,Peru,Arequipa,CompName_PeruvianLeagueA,Real_PeruvianA_FBCMelgar,FBC,,70
30235,PeruvianA_UniversidadCésarVallejo,,TRO,Peru,Trujillo,CompName_PeruvianLeagueA,Real_PeruvianA_UniversidadCésarVallejo,UCV,,67
30236,PeruvianA_SportBoysAssociation,,CAL,Peru,Callao,CompName_PeruvianLeagueA,Real_PeruvianA_SportBoysAssociation,SBA,,65
30237,PeruvianA_ClubAtléticoGrau,,PIU,Peru,Piura,CompName_PeruvianLeagueA,Real_PeruvianA_ClubAtléticoGrau,CAG,,66
30238,PeruvianA_ClubCienciano,,CUR,Peru,Cusco,CompName_PeruvianLeagueA,Real_PeruvianA_ClubCienciano,FCC,,68
30239,PeruvianA_CuscoFC,,CUY,Peru,Cusco,CompName_PeruvianLeagueA,Real_PeruvianA_CuscoFC,CFC,,66
30240,PeruvianA_SportHuancayo,,HUA,Peru,Huancayo,CompName_PeruvianLeagueA,Real_PeruvianA_SportHuancayo,SHU,,67
30241,PeruvianA_AlianzaAtléticoSullana,,SUL,Peru,Sullana,CompName_PeruvianLeagueA,Real_PeruvianA_AlianzaAtléticoSullana,AAS,,64
30242,PeruvianA_CarlosA.Mannucci,,TRB,Peru,Trujillo,CompName_PeruvianLeagueA,Real_PeruvianA_CarlosA.Mannucci,CAM,,65
30243,PeruvianA_AsociaciónDeportivaTarma,,TAR,Peru,Tarma,CompName_PeruvianLeagueA,Real_PeruvianA_AsociaciónDeportivaTarma,ADT,,66
30244,PeruvianA_CDLosChankas,,AND,Peru,Andahuaylas,CompName_PeruvianLeagueA,Real_PeruvianA_CDLosChankas,CDC,,65
30245,PeruvianA_ComerciantesUnidos,,CUT,Peru,Cutervo,CompName_PeruvianLeagueA,Real_PeruvianA_ComerciantesUnidos,CUN,,64
30246,PeruvianA_DeportivoGarcilaso,,CUB,Peru,Cusco,CompName_PeruvianLeagueA,Real_PeruvianA_DeportivoGarcilaso,DGA,,66
30247,PeruvianA_CDUniónComercio,,SAN,Peru,San Martín,CompName_PeruvianLeagueA,Real_PeruvianA_CDUniónComercio,UNC,,65
30248,PeruvianA_UniversidadTécnicadeCajamarca,,CAJ,Peru,Cajamarca,CompName_PeruvianLeagueA,Real_PeruvianA_UniversidadTécnicadeCajamarca,UTC,,65
30249,AustrianA_SKSturmGraz,,GRA,Austria,Graz,CompName_AustrianLeagueA,Real_AustrianA_SKSturmGraz,SSG,,69
30250,AustrianA_LASK,,LIN,Austria,Linz,CompName_AustrianLeagueA,Real_AustrianA_LASK,ASK,,71
30251,SerbianA_FKPartizanBelgrade,,BEP,Serbia,Belgrade,CompName_SerbianLeagueA,Real_SerbianA_FKPartizanBelgrade,FKP,,69
30252,SerbianA_FKTSCBackaTopola,,BAT,Serbia,Bačka Topola,CompName_SerbianLeagueA,Real_SerbianA_FKTSCBackaTopola,TSC,,69
30253,SwissA_ServetteFC,,GEN,Switzerland,Geneva,CompName_SwissLeagueA,Real_SwissA_ServetteFC,SFC,,70
30254,UkrainianA_ZoryaLugansk,,LUH,Ukraine,Luhansk,CompName_UkrainianLeagueA,Real_UkrainianA_ZoryaLugansk,FZL,,66
30255,CzechA_ACSpartaPrague,,PRA,Czech_Republic,Prague,CompName_CzechLeagueA,Real_CzechA_ACSpartaPrague,ACS,,74
30256,NorwegianA_FKBodø/Glimt,,BOD,Norway,Bodø,CompName_NorwegianLeagueA,Real_NorwegianA_FKBodø/Glimt,FKB,,70
30257,NorwegianA_MoldeFK,,MOL,Norway,Molde,CompName_NorwegianLeagueA,Real_NorwegianA_MoldeFK,MFK,,69
30258,DanishA_FCCopenhagen,,COP,Denmark,Copenhagen,CompName_DanishLeagueA,Real_DanishA_FCCopenhagen,FCC,,72
30259,CroatianA_HNKHajdukSplit,,SPL,Croatia,Split,CompName_CroatianLeagueA,Real_CroatianA_HNKHajdukSplit,HNK,,73
30260,KoreanLeagueA_SeoulE-Land,,SEE,South_Korea,Seoul,CompName_KoreanLeagueA,Real_KoreanLeagueA_SeoulE-Land,SEL,East Asia,66
30261,KoreanLeagueA_SeongnamFC,,SEO,South_Korea,Seongnam,CompName_KoreanLeagueA,Real_KoreanLeagueA_SeongnamFC,SFC,East Asia,62
30262,KoreanLeagueA_FCAnyang,,ANY,South_Korea,Anyang,CompName_KoreanLeagueA,Real_KoreanLeagueA_FCAnyang,FCA,East Asia,63
30263,KoreanLeagueA_ChungnamAsan,,ASA,South_Korea,Asan,CompName_KoreanLeagueA,Real_KoreanLeagueA_ChungnamAsan,CHA,East Asia,63
30264,KoreanLeagueA_CheonanCity,,CHE,South_Korea,Cheonan,CompName_KoreanLeagueA,Real_KoreanLeagueA_CheonanCity,CHC,East Asia,63
30265,KoreanLeagueA_ChungbukCheongjuFC,,CHE,South_Korea,Cheongju,CompName_KoreanLeagueA,Real_KoreanLeagueA_ChungbukCheongjuFC,CCF,East Asia,62
30266,KoreanLeagueA_AnsanGreeners,,ASN,South_Korea,Asan,CompName_KoreanLeagueA,Real_KoreanLeagueA_AnsanGreeners,AGR,East Asia,62
30267,KoreanLeagueA_GyeongjuKoreaHydro&NuclearPower,,GYE,South_Korea,Gyeongju,CompName_KoreanLeagueA,Real_KoreanLeagueA_GyeongjuKoreaHydro&NuclearPower,GFC,East Asia,57
30268,KoreanLeagueA_ChuncheonCitizen,,CHU,South_Korea,Chuncheon,CompName_KoreanLeagueA,Real_KoreanLeagueA_ChuncheonCitizen,CCI,East Asia,57
30269,KoreanLeagueA_GangneungCitizen,,GNE,South_Korea,Gangneung,CompName_KoreanLeagueA,Real_KoreanLeagueA_GangneungCitizen,GCI,East Asia,56
30270,KoreanLeagueA_FCMokpo,,MOK,South_Korea,Mokpo,CompName_KoreanLeagueA,Real_KoreanLeagueA_FCMokpo,FCM,East Asia,56
30271,KoreanLeagueA_PajuCitizen,,PAJ,South_Korea,Paju,CompName_KoreanLeagueA,Real_KoreanLeagueA_PajuCitizen,PCI,East Asia,56
30272,KoreanLeagueA_GimhaeFC,,GIM,South_Korea,Gimhae,CompName_KoreanLeagueA,Real_KoreanLeagueA_GimhaeFC,GFC,East Asia,56
30273,KoreanLeagueA_DaejeonKorailFC,,DAN,South_Korea,Daejeon,CompName_KoreanLeagueA,Real_KoreanLeagueA_DaejeonKorailFC,DKF,East Asia,55
30274,KoreanLeagueA_YeojuFC,,YEO,South_Korea,Yeoju,CompName_KoreanLeagueA,Real_KoreanLeagueA_YeojuFC,YFC,East Asia,54
30275,KoreanLeagueA_PocheonCitizen,,POC,South_Korea,Pocheon,CompName_KoreanLeagueA,Real_KoreanLeagueA_PocheonCitizen,PCI,East Asia,53
30276,KoreanLeagueA_BusanTransportationCorp.,,BUN,South_Korea,Busan,CompName_KoreanLeagueA,Real_KoreanLeagueA_BusanTransportationCorp.,BTC,East Asia,53
30277,KoreanLeagueA_SiheungCity,,SIH,South_Korea,Siheung,CompName_KoreanLeagueA,Real_KoreanLeagueA_SiheungCity,SCI,East Asia,53
30278,KoreanLeagueA_YangpyeongFC,,GYE,South_Korea,Gyeonggi,CompName_KoreanLeagueA,Real_KoreanLeagueA_YangpyeongFC,YFC,East Asia,53
30279,KoreanLeagueA_UlsanCitizen,,ULN,South_Korea,Ulsan,CompName_KoreanLeagueA,Real_KoreanLeagueA_UlsanCitizen,UCI,East Asia,53
30280,KoreanLeagueA_ChangwonFC,,CWO,South_Korea,Changwon,CompName_KoreanLeagueA,Real_KoreanLeagueA_ChangwonFC,CFC,East Asia,53
30281,KoreanLeagueA_HwaseongFC,,HWA,South_Korea,Hwaseong,CompName_KoreanLeagueA,Real_KoreanLeagueA_HwaseongFC,HFC,East Asia,53
30282,KoreanLeagueA_JinjuCitizen,,JIN,South_Korea,Jinju,CompName_KoreanLeagueA,Real_KoreanLeagueA_JinjuCitizen,JCI,East Asia,55
30283,KoreanLeagueA_GeojeCitizen,,GEO,South_Korea,Geoje,CompName_KoreanLeagueA,Real_KoreanLeagueA_GeojeCitizen,GCI,East Asia,53
30284,BelgianA_UnionSaint-Gilloise,,FOR,Belgium,Forest,CompName_BelgianLeagueA,Real_BelgianA_UnionSaint-Gilloise,USG,,71
30285,BelgianA_RoyalAntwerpFC,,ANT,Belgium,Antwerp,CompName_BelgianLeagueA,Real_BelgianA_RoyalAntwerpFC,RAN,,70
30286,BelgianA_KAAGent,,GHE,Belgium,Ghent,CompName_BelgianLeagueA,Real_BelgianA_KAAGent,KAA,,69
30287,BelgianA_CercleBrugge,,BRU,Belgium,Bruges,CompName_BelgianLeagueA,Real_BelgianA_CercleBrugge,CBR,,67
30288,BelgianA_StandardLiège,,LIE,Belgium,Liège,CompName_BelgianLeagueA,Real_BelgianA_StandardLiège,STL,,70
30289,BelgianA_KVCWesterlo,,WES,Belgium,Westerlo,CompName_BelgianLeagueA,Real_BelgianA_KVCWesterlo,KVC,,67
30290,BelgianA_Oud-HeverleeLeuven,,LEU,Belgium,Leuven,CompName_BelgianLeagueA,Real_BelgianA_Oud-HeverleeLeuven,OHL,,69
30291,BelgianA_RCharleroiSC,,CHA,Belgium,Charleroi,CompName_BelgianLeagueA,Real_BelgianA_RCharleroiSC,RCS,,67
30292,BelgianA_KVMechelen,,MEC,Belgium,Mechelen,CompName_BelgianLeagueA,Real_BelgianA_KVMechelen,KVM,,68
30293,BelgianA_KVKortrijk,,KOR,Belgium,Kortrijk,CompName_BelgianLeagueA,Real_BelgianA_KVKortrijk,KVK,,68
30294,BelgianA_Sint-TruidenseVV,,STR,Belgium,Sint-Truiden,CompName_BelgianLeagueA,Real_BelgianA_Sint-TruidenseVV,SVV,,67
30295,BelgianA_BeerschotVA,,ANB,Belgium,Antwerp,CompName_BelgianLeagueA,Real_BelgianA_BeerschotVA,BVA,,64
30296,BelgianA_FCVDenderEH,,DEN,Belgium,Denderleeuw,CompName_BelgianLeagueA,Real_BelgianA_FCVDenderEH,DEH,,64
30297,BelgianA_LommelSK,,LOM,Belgium,Lommel,CompName_BelgianLeagueA,Real_BelgianA_LommelSK,LSK,,64
30298,BelgianA_KASEupen,,EUP,Belgium,Eupen,CompName_BelgianLeagueA,Real_BelgianA_KASEupen,KAS,,66
30299,BelgianA_ZulteWaregem,,WAR,Belgium,Waregem,CompName_BelgianLeagueA,Real_BelgianA_ZulteWaregem,ZWA,,66
30300,BelgianA_RWDMolenbeek,,MOL,Belgium,Molenbeek,CompName_BelgianLeagueA,Real_BelgianA_RWDMolenbeek,RWD,,63
30301,BelgianA_ClubNXT,,BRN,Belgium,Bruges,CompName_BelgianLeagueA,Real_BelgianA_ClubNXT,NXT,,61
30302,BelgianA_KMSKDeinze,,DEI,Belgium,Deinze,CompName_BelgianLeagueA,Real_BelgianA_KMSKDeinze,FCD,,66
30303,BelgianA_SKBeveren,,BEV,Belgium,Beveren,CompName_BelgianLeagueA,Real_BelgianA_SKBeveren,SKB,,65
30304,BelgianA_FrancsBorains,,BOU,Belgium,Boussu,CompName_BelgianLeagueA,Real_BelgianA_FrancsBorains,FRB,,64
30305,BelgianA_KLierseSK,,LIE,Belgium,Lier,CompName_BelgianLeagueA,Real_BelgianA_KLierseSK,KLI,,62
30306,BelgianA_RFCLüttich,,LIL,Belgium,Liège,CompName_BelgianLeagueA,Real_BelgianA_RFCLüttich,RFC,,64
30307,BelgianA_PatroEisdenMaasmechelen,,MAA,Belgium,Maasmechelen,CompName_BelgianLeagueA,Real_BelgianA_PatroEisdenMaasmechelen,PEM,,63
30308,BelgianA_RFCSeraing,,SER,Belgium,Seraing,CompName_BelgianLeagueA,Real_BelgianA_RFCSeraing,RFC,,60
30309,BelgianA_RAALLaLouvière,,LLO,Belgium,La Louvière,CompName_BelgianLeagueA,Real_BelgianA_RAALLaLouvière,RAL,,61
30310,BelgianA_KSCLokeren-Temse,,LOK,Belgium,Lokeren,CompName_BelgianLeagueA,Real_BelgianA_KSCLokeren-Temse,LTE,,60
30311,BelgianA_RoyalExcelsiorVirton,,VIR,Belgium,Virton,CompName_BelgianLeagueA,Real_BelgianA_RoyalExcelsiorVirton,REV,,60
30312,BelgianA_RenaissanceAECMons,,MON,Belgium,Mons,CompName_BelgianLeagueA,Real_BelgianA_RenaissanceAECMons,RAE,,60
30313,BelgianA_OlympicCharleroi,,CHO,Belgium,Charleroi,CompName_BelgianLeagueA,Real_BelgianA_OlympicCharleroi,ROC,,58
30314,BelgianA_RFCTournai,,TOU,Belgium,Tournai,CompName_BelgianLeagueA,Real_BelgianA_RFCTournai,RFC,,56
30315,BelgianA_UnionNamur,,NAM,Belgium,Namur,CompName_BelgianLeagueA,Real_BelgianA_UnionNamur,UNN,,56
30316,BelgianA_RoyalUnionTubize-Braine,,TUB,Belgium,Tubize,CompName_BelgianLeagueA,Real_BelgianA_RoyalUnionTubize-Braine,RUT,,57
30317,BelgianA_KFCDesselSport,,DES,Belgium,Dessel,CompName_BelgianLeagueA,Real_BelgianA_KFCDesselSport,KFC,,59
30318,BelgianA_SportingHasselt,,HAS,Belgium,Hasselt,CompName_BelgianLeagueA,Real_BelgianA_SportingHasselt,SHA,,57
30319,BelgianA_KVKTienen,,TIE,Belgium,Tienen,CompName_BelgianLeagueA,Real_BelgianA_KVKTienen,KVK,,54
30320,BelgianA_HoogstratenVV,,HOO,Belgium,Hoogstraten,CompName_BelgianLeagueA,Real_BelgianA_HoogstratenVV,HVV,,55
30321,BelgianA_RoyalCappellenFC,,KAP,Belgium,Kapellen,CompName_BelgianLeagueA,Real_BelgianA_RoyalCappellenFC,RCF,,55
30322,BelgianA_FCKnokke,,KNO,Belgium,Knokke,CompName_BelgianLeagueA,Real_BelgianA_FCKnokke,FCK,,57
30323,IranLeagueA_SepahanFC,,ISF,Iran,Isfahan,CompName_IranLeagueA,Real_IranLeagueA_SepahanFC,SFC,West Asia,68
30324,IranLeagueA_GolGoharSirjanFC,,SIR,Iran,Sirjan,CompName_IranLeagueA,Real_IranLeagueA_GolGoharSirjanFC,GGS,West Asia,66
30325,IranLeagueA_MalavanBandarAnzali,,BAA,Iran,Bandar-e Anzali,CompName_IranLeagueA,Real_IranLeagueA_MalavanBandarAnzali,MBA,West Asia,64
30326,IranLeagueA_FooladFC,,AHF,Iran,Ahvaz,CompName_IranLeagueA,Real_IranLeagueA_FooladFC,FFC,West Asia,64
30327,IranLeagueA_KheybarKhorramabadFC,,KHR,Iran,Khorramabad,CompName_IranLeagueA,Real_IranLeagueA_KheybarKhorramabadFC,KKH,West Asia,64
30328,IranLeagueA_EsteghlalKhuzestan,,AHE,Iran,Ahvaz,CompName_IranLeagueA,Real_IranLeagueA_EsteghlalKhuzestan,EKH,West Asia,64
30329,IranLeagueA_FCNassajiMazandaran,,QSH,Iran,Qaem Shahr,CompName_IranLeagueA,Real_IranLeagueA_FCNassajiMazandaran,FNM,West Asia,64
30330,IranLeagueA_ChadormaluSC,,YAZ,Iran,Yazd,CompName_IranLeagueA,Real_IranLeagueA_ChadormaluSC,CSC,West Asia,63
30331,IranLeagueA_AluminiumArakFC,,ARA,Iran,Arak,CompName_IranLeagueA,Real_IranLeagueA_AluminiumArakFC,AAF,West Asia,63
30332,IranLeagueA_MesRafsanjan,,RAF,Iran,Rafsanjan,CompName_IranLeagueA,Real_IranLeagueA_MesRafsanjan,MRA,West Asia,63
30333,IranLeagueA_ShamsAzarQazvin,,QAZ,Iran,Qazvin,CompName_IranLeagueA,Real_IranLeagueA_ShamsAzarQazvin,SAQ,West Asia,63
30334,IranLeagueA_HavadarSC,,TEH,Iran,Tehran,CompName_IranLeagueA,Real_IranLeagueA_HavadarSC,HSC,West Asia,62
30335,IranLeagueA_PaykanFC,,TEP,Iran,Tehran,CompName_IranLeagueA,Real_IranLeagueA_PaykanFC,PFC,West Asia,63
30336,IranLeagueA_FajrSepasiShiraz,,SHI,Iran,Shiraz,CompName_IranLeagueA,Real_IranLeagueA_FajrSepasiShiraz,FSS,West Asia,63
30337,IranLeagueA_SanatNaftFC,,ABA,Iran,Abadan,CompName_IranLeagueA,Real_IranLeagueA_SanatNaftFC,SNF,West Asia,62
30338,IranLeagueA_SaipaFC,,TES,Iran,Tehran,CompName_IranLeagueA,Real_IranLeagueA_SaipaFC,SFC,West Asia,62
30339,IranLeagueA_MesShahrBabakFC,,SIS,Iran,Sirjan,CompName_IranLeagueA,Real_IranLeagueA_MesShahrBabakFC,MSB,West Asia,61
30340,IranLeagueA_MesKerman,,KER,Iran,Kerman,CompName_IranLeagueA,Real_IranLeagueA_MesKerman,MKE,West Asia,61
30341,IranLeagueA_DamashGilanFC,,RAS,Iran,Rasht,CompName_IranLeagueA,Real_IranLeagueA_DamashGilanFC,DGF,West Asia,61
30342,IranLeagueA_MesSoongounVarzaghan,,VAR,Iran,Varzaghan,CompName_IranLeagueA,Real_IranLeagueA_MesSoongounVarzaghan,MSV,West Asia,60
30343,IranLeagueA_NaftMasjedSoleymanFC,,MSO,Iran,Masjed Soleyman,CompName_IranLeagueA,Real_IranLeagueA_NaftMasjedSoleymanFC,NMS,West Asia,61
30344,IranLeagueA_ParsJonoubiJam,,JAM,Iran,Jam,CompName_IranLeagueA,Real_IranLeagueA_ParsJonoubiJam,PJJ,West Asia,61
30345,IranLeagueA_PalayeshNaftBandarAbbas,,BAB,Iran,Bandar Abbas,CompName_IranLeagueA,Real_IranLeagueA_PalayeshNaftBandarAbbas,PNB,West Asia,60
30346,IranLeagueA_ArioEslamshahr,,ESL,Iran,Eslamshahr,CompName_IranLeagueA,Real_IranLeagueA_ArioEslamshahr,AES,West Asia,60
30347,IranLeagueA_ShahrdariAstara,,AST,Iran,Astara,CompName_IranLeagueA,Real_IranLeagueA_ShahrdariAstara,SAS,West Asia,56
30348,IranLeagueA_ShahrRazFC,,SSH,Iran,Shiraz,CompName_IranLeagueA,Real_IranLeagueA_ShahrRazFC,SRF,West Asia,60
30349,IranLeagueA_ShahrdariNowshahr,,NOS,Iran,Noshahr,CompName_IranLeagueA,Real_IranLeagueA_ShahrdariNowshahr,SNO,West Asia,58
30350,IranLeagueA_NaftGachsaranFC,,GAC,Iran,Gachsaran,CompName_IranLeagueA,Real_IranLeagueA_NaftGachsaranFC,NGF,West Asia,58
30351,IranLeagueA_Be'satKermanshah,,KER,Iran,Kermanshah,CompName_IranLeagueA,Real_IranLeagueA_Be'satKermanshah,BKE,West Asia,57
30352,IranLeagueA_NiroyeZaminiFC,,TEN,Iran,Tehran,CompName_IranLeagueA,Real_IranLeagueA_NiroyeZaminiFC,NZF,West Asia,57
30353,IranLeagueA_KhoshehTalaeiSaveh,,SAV,Iran,Saveh,CompName_IranLeagueA,Real_IranLeagueA_KhoshehTalaeiSaveh,KTS,West Asia,56
30354,IranLeagueA_DaryaCaspianBabol,,BAB,Iran,Babol,CompName_IranLeagueA,Real_IranLeagueA_DaryaCaspianBabol,DCB,West Asia,55
30355,IranLeagueA_SepidroodRashtFC,,RAS,Iran,Rasht,CompName_IranLeagueA,Real_IranLeagueA_SepidroodRashtFC,SRF,West Asia,57
30356,IranLeagueA_FCNikapars,,CHA,Iran,Chalus,CompName_IranLeagueA,Real_IranLeagueA_FCNikapars,FCN,West Asia,56
30357,IranLeagueA_ShahinBandarAmeri,,BBU,Iran,Bandar Bushehr,CompName_IranLeagueA,Real_IranLeagueA_ShahinBandarAmeri,SBA,West Asia,55
30358,IranLeagueA_ShahrdariMahshahr,,MAH,Iran,Mahshahr,CompName_IranLeagueA,Real_IranLeagueA_ShahrdariMahshahr,SMA,West Asia,56
30359,IranLeagueA_ChookaTaleshFC,,TAL,Iran,Talesh,CompName_IranLeagueA,Real_IranLeagueA_ChookaTaleshFC,CTF,West Asia,56
30360,IranLeagueA_ShahidGhandiYazd,,YAS,Iran,Yazd,CompName_IranLeagueA,Real_IranLeagueA_ShahidGhandiYazd,SGY,West Asia,56
30361,MoroccanLeagueA_FARRabat,,RAB,Morocco,Rabat,CompName_MoroccanLeagueA,Real_MoroccanLeagueA_FARRabat,FAR,,68
30362,MoroccanLeagueA_FUSRabat,,RAF,Morocco,Rabat,CompName_MoroccanLeagueA,Real_MoroccanLeagueA_FUSRabat,FUS,,64
30363,MoroccanLeagueA_MASFès,,FEZ,Morocco,Fez,CompName_MoroccanLeagueA,Real_MoroccanLeagueA_MASFès,MAS,,64
30364,MoroccanLeagueA_RenaissanceZemamra,,ZEM,Morocco,Zemamra,CompName_MoroccanLeagueA,Real_MoroccanLeagueA_RenaissanceZemamra,RCA,,64
30365,MoroccanLeagueA_Hassaniad'Agadir,,AGA,Morocco,Agadir,CompName_MoroccanLeagueA,Real_MoroccanLeagueA_Hassaniad'Agadir,HUS,,64
30366,MoroccanLeagueA_OlympiqueSafi,,SAF,Morocco,Safi,CompName_MoroccanLeagueA,Real_MoroccanLeagueA_OlympiqueSafi,OCS,,64
30367,MoroccanLeagueA_IttihadTanger,,TAN,Morocco,Tanger,CompName_MoroccanLeagueA,Real_MoroccanLeagueA_IttihadTanger,IRT,,63
30368,MoroccanLeagueA_UnionTouargaSportif,,RAU,Morocco,Rabat,CompName_MoroccanLeagueA,Real_MoroccanLeagueA_UnionTouargaSportif,UTS,,63
30369,MoroccanLeagueA_JeunesseSportivedeSoualem,,SOU,Morocco,Soualem,CompName_MoroccanLeagueA,Real_MoroccanLeagueA_JeunesseSportivedeSoualem,JSS,,62
30370,MoroccanLeagueA_DifaâElJadida,,EJA,Morocco,El Jadida,CompName_MoroccanLeagueA,Real_MoroccanLeagueA_DifaâElJadida,DHJ,,61
30371,MoroccanLeagueA_CODMeknès,,MEK,Morocco,Meknès,CompName_MoroccanLeagueA,Real_MoroccanLeagueA_CODMeknès,COD,,62
30372,MoroccanLeagueA_MoghrebAtléticoTétouan,,TET,Morocco,Tétouan,CompName_MoroccanLeagueA,Real_MoroccanLeagueA_MoghrebAtléticoTétouan,MAT,,63
30373,MoroccanLeagueA_SCChababMohammédia,,MOH,Morocco,Mohammédia,CompName_MoroccanLeagueA,Real_MoroccanLeagueA_SCChababMohammédia,SCC,,58
30374,QatarLeagueA_Al-ArabiSC,,DOH,Qatar,Doha,CompName_QatarLeagueA,Real_QatarLeagueA_Al-ArabiSC,ASC,West Asia,69
30375,QatarLeagueA_Al-AhliSC,,DOA,Qatar,Doha,CompName_QatarLeagueA,Real_QatarLeagueA_Al-AhliSC,ASC,West Asia,68
30376,IraqLeagueA_Al-ShortaSC,,BAG,Iraq,Baghdad,CompName_IraqLeagueA,Real_IraqLeagueA_Al-ShortaSC,SSC,West Asia,64
30377,IraqLeagueA_Al-QuwaAl-Jawiya,,BAQ,Iraq,Baghdad,CompName_IraqLeagueA,Real_IraqLeagueA_Al-QuwaAl-Jawiya,FSC,West Asia,65
30378,AustralianLeagueA_CentralCoastMariners,,GOS,Australia,Gosford,CompName_AustralianLeagueA,Real_AustralianLeagueA_CentralCoastMariners,CCM,East Asia,63
30379,AustrianA_RapidVienna,,VIR,Austria,Vienna,CompName_AustrianLeagueA,Real_AustrianA_RapidVienna,SKR,,70
30380,AustrianA_AustriaVienna,,VIA,Austria,Vienna,CompName_AustrianLeagueA,Real_AustrianA_AustriaVienna,FAW,,66
30381,SerbianA_FKCukaricki,,BEC,Serbia,Belgrade,CompName_SerbianLeagueA,Real_SerbianA_FKCukaricki,FKC,,68
30382,SerbianA_FKVojvodinaNoviSad,,NOS,Serbia,Novi Sad,CompName_SerbianLeagueA,Real_SerbianA_FKVojvodinaNoviSad,FKV,,67
30383,SwissA_FCLugano,,LUG,Switzerland,Lugano,CompName_SwissLeagueA,Real_SwissA_FCLugano,FCL,,71
30384,SwissA_FCZürich,,ZUR,Switzerland,Zurich,CompName_SwissLeagueA,Real_SwissA_FCZürich,FCZ,,68
30385,UkrainianA_KryvbasKryvyiRig,,KRR,Ukraine,Kryvyi Rih,CompName_UkrainianLeagueA,Real_UkrainianA_KryvbasKryvyiRig,KKR,,67
30386,NorwegianA_SKBrann,,BER,Norway,Bergen,CompName_NorwegianLeagueA,Real_NorwegianA_SKBrann,SKB,,66
30387,DanishA_BröndbyIF,,COB,Denmark,Copenhagen,CompName_DanishLeagueA,Real_DanishA_BröndbyIF,BIF,,71
30388,CroatianA_HNKRijeka,,RIJ,Croatia,Rijeka,CompName_CroatianLeagueA,Real_CroatianA_HNKRijeka,HNR,,69
30389,IsraelA_MaccabiHaifa,,HAI,Israel,Haifa,CompName_IsraelLeagueA,Real_IsraelA_MaccabiHaifa,HAI,,70
30390,IsraelA_MaccabiTelAviv,,TAV,Israel,Tel Aviv,CompName_IsraelLeagueA,Real_IsraelA_MaccabiTelAviv,MTA,,68
30391,CyprusA_ArisLimassol,,LIM,Cyprus,Limassol,CompName_CyprusLeagueA,Real_CyprusA_ArisLimassol,ALI,,69
30392,SwedishA_BKHäcken,,GOT,Sweden,Gothenburg,CompName_SwedishLeagueA,Real_SwedishA_BKHäcken,BKH,,68
30393,PolishA_LegiaWarszawa,,LWA,Poland,Warsaw,CompName_PolishLeagueA,Real_PolishA_LegiaWarszawa,LEW,,70
30394,PolishA_LechPoznan,,POZ,Poland,Poznań,CompName_PolishLeagueA,Real_PolishA_LechPoznan,LEP,,69
30395,HungarianA_PuskásAkadémiaFC,,FEL,Hungary,Felcsút,CompName_HungarianLeagueA,Real_HungarianA_PuskásAkadémiaFC,PSK,,66
30396,AlgerianLeagueA_MCAlgiers,,ALM,Algeria,Algiers,CompName_AlgerianLeagueA,Real_AlgerianLeagueA_MCAlgiers,MCA,,67
30397,AlgerianLeagueA_MCOran,,ORA,Algeria,Oran,CompName_AlgerianLeagueA,Real_AlgerianLeagueA_MCOran,MCO,,65
30398,AlgerianLeagueA_CSConstantine,,CON,Algeria,Constantine,CompName_AlgerianLeagueA,Real_AlgerianLeagueA_CSConstantine,CSC,,65
30399,AlgerianLeagueA_ParadouAC,,ALP,Algeria,Algiers,CompName_AlgerianLeagueA,Real_AlgerianLeagueA_ParadouAC,PAC,,63
30400,AlgerianLeagueA_ESSétif,,SET,Algeria,Sétif,CompName_AlgerianLeagueA,Real_AlgerianLeagueA_ESSétif,ESS,,64
30401,AlgerianLeagueA_JSSaoura,,BEC,Algeria,Béchar,CompName_AlgerianLeagueA,Real_AlgerianLeagueA_JSSaoura,JSS,,64
30402,AlgerianLeagueA_USMKhenchela,,KHE,Algeria,Khenchela,CompName_AlgerianLeagueA,Real_AlgerianLeagueA_USMKhenchela,USM,,64
30403,AlgerianLeagueA_USBiskra,,BIS,Algeria,Biskra,CompName_AlgerianLeagueA,Real_AlgerianLeagueA_USBiskra,USB,,63
30404,AlgerianLeagueA_ASOChlef,,CHL,Algeria,Chlef,CompName_AlgerianLeagueA,Real_AlgerianLeagueA_ASOChlef,ASO,,63
30405,AlgerianLeagueA_ESMostaganem,,MOS,Algeria,Mostaganem,CompName_AlgerianLeagueA,Real_AlgerianLeagueA_ESMostaganem,ESM,,63
30406,AlgerianLeagueA_NCMagra,,MSI,Algeria,M'Sila,CompName_AlgerianLeagueA,Real_AlgerianLeagueA_NCMagra,NCM,,63
30407,AlgerianLeagueA_OlympiqueAkbou,,KAB,Algeria,Kabylia,CompName_AlgerianLeagueA,Real_AlgerianLeagueA_OlympiqueAkbou,OAK,,63
30408,AlgerianLeagueA_MCElBayadh,,EBA,Algeria,El Bayadh,CompName_AlgerianLeagueA,Real_AlgerianLeagueA_MCElBayadh,MEB,,61
30409,ParaguayanA_ClubNacionalAsunción,,ANA,Paraguay,Asunción,CompName_ParaguayanLeagueA,Real_ParaguayanA_ClubNacionalAsunción,CNA,,65
30410,ParaguayanA_SportivoAmeliano,,ASA,Paraguay,Asunción,CompName_ParaguayanLeagueA,Real_ParaguayanA_SportivoAmeliano,SAC,,65
30411,ParaguayanA_SportivoLuqueño,,LYB,Paraguay,Luque,CompName_ParaguayanLeagueA,Real_ParaguayanA_SportivoLuqueño,CSL,,66
30412,ParaguayanA_ClubSportivoTrinidense,,AST,Paraguay,Asunción,CompName_ParaguayanLeagueA,Real_ParaguayanA_ClubSportivoTrinidense,CST,,63
30413,ParaguayanA_ClubSportivo2deMayo,,PBW,Paraguay,Pedro Juan Caballero,CompName_ParaguayanLeagueA,Real_ParaguayanA_ClubSportivo2deMayo,CSM,,65
30414,ParaguayanA_ClubGeneralCaballero,,ECR,Paraguay,Encarnación,CompName_ParaguayanLeagueA,Real_ParaguayanA_ClubGeneralCaballero,CGC,,65
30415,ParaguayanA_TacuaryFootballClub,,ATF,Paraguay,Asunción,CompName_ParaguayanLeagueA,Real_ParaguayanA_TacuaryFootballClub,TFC,,67
30416,ParaguayanA_ClubSoldeAmérica,,ACB,Paraguay,Asunción,CompName_ParaguayanLeagueA,Real_ParaguayanA_ClubSoldeAmérica,CSA,,66
30417,EnglishA_Liverpool_2018,,LIR,England,Liverpool,CompName_ClassicClub,Real_EnglishA_Liverpool,LIV,,85
30418,EnglishA_Arsenal_2018,,LCR,England,London,CompName_ClassicClub,Real_EnglishA_Arsenal,ARS,,80
30419,EnglishA_ManchesterUnited_2012,,MAR,England,Manchester,CompName_ClassicClub,Real_EnglishA_ManchesterUnited,MUN,,83
30420,EnglishA_LeicesterCity_2021,,LTC,England,Leicester,CompName_ClassicClub,Real_EnglishA_LeicesterCity,LEI,,77
30421,EnglishA_NewcastleUnited_2012,,NCL,England,Newcastle,CompName_ClassicClub,Real_EnglishA_NewcastleUnited,NEW,,76
30422,EnglishA_ManchesterCity_2021,,MAB,England,Manchester,CompName_ClassicClub,Real_EnglishA_ManchesterCity,MCI,,86
30423,ClassicClub_RealMadrid_2018,,MAW,Spain,Madrid,CompName_ClassicClub,REAL_ClassicClub_RealMadrid_2018,RM,,90
30424,ClassicClub_Barcelona_2009,,BCP,Spain,Barcelona,CompName_ClassicClub,REAL_ClassicClub_Barcelona_2009,FCB,,88
30425,ClassicClub_ManchesterUnited_1999,,MAR,England,Manchester,CompName_ClassicClub,REAL_ClassicClub_ManchesterUnited_1999,MUFC,,88
30426,ClassicClub_ACMilan_2003,,MIR,Italy,Milan,CompName_ClassicClub,REAL_ClassicClub_ACMilan_2003,ACM,,89
30427,ClassicClub_BayernMünchen_2013,,MUC,Germany,Munich,CompName_ClassicClub,REAL_ClassicClub_BayernMünchen_2013,FCB,,86
30428,ClassicClub_Chelsea_2005,,LCB,England,London,CompName_ClassicClub,REAL_ClassicClub_Chelsea_2005,CFC,,89
30429,ClassicClub_InterMilan_2010,,MIB,Italy,Milan,CompName_ClassicClub,REAL_ClassicClub_InterMilan_2010,IM,,86
30430,ClassicClub_Arsenal_2004,,LCR,England,London,CompName_ClassicClub,REAL_ClassicClub_Arsenal_2004,AFC,,87
30431,IndonesianLeagueA_PSBSBiak,,PSB,Indonesia,Biak Numfor Regency,CompName_IndonesianLeagueA,Real_IndonesianLeagueA_PSBSBiak,BIK,,59
30432,ClassicClub_TottenhamHotspur_2025,,LCW,England,London,CompName_ClassicClub,Real_ClassicClub_TottenhamHotspur_2025,TOT,,89
30433,ClassicClub_Chelsea_2025,,LCB,England,London,CompName_ClassicClub,Real_ClassicClub_Chelsea_2025,CHE,,90
30434,ClassicClub_Paris_2025,,PAR,France,Paris,CompName_ClassicClub,Real_ClassicClub_Paris_2025,PSG,,92
30435,CyprusA_PafosFC,,PAF,Cyprus,Pafos,CompName_CyprusLeagueA,Real_CyprusA_PafosFC,PFC,,67
30436,KazakhstanA_KairatAlmaty,,KAA,Kazakhstan,Almaty,CompName_KazakhstanA,Reak_KazakhstanA_KairatAlmaty,KAI,,66
30437,CyprusA_AEKLarnaca,,AEK,Cyprus,Larnaca,CompName_CyprusLeagueA,Real_CyprusA_AEKLarnaca,AEK,,65
30438,ClassicClub_RBLeipzig_2020,,LEJ,Germany,Leipzig,CompName_ClassicClub,Real_ClassicClub_RBLeipzig_2020,RBL,,86
30439,ClassicClub_Juventus_2019,,TOB,Italy,Turin,CompName_ClassicClub,REAL_ClassicClub_Juventus_2019,JUV,,88
30440,ThailandLeagueA_KanchanaburiPowerFC,,KPB,Thailand,Kanchanaburi,CompName_ThailandLeagueA,Real_ThailandLeagueA_KanchanaburiPowerFC,KPFC,,63
30441,MajorLeagueA_St.LouisCitySC,,SLS,United_States,St.Louis,CompName_MajorLeagueA,Real_MajorLeagueA_St.LouisCitySC,STL,,65
30442,SaudiArabianLeagueA_NEOM,,NFB,Saudi_Arabia,Tabuk,CompName_SaudiArabianLeagueA,Real_SaudiArabianLeagueA_NEOM,NEO,West Asia,71
30443,SaudiArabianLeagueA_Al-Najma,,UNG,Saudi_Arabia,Unaizah,CompName_SaudiArabianLeagueA,Real_SaudiArabianLeagueA_Al-Najam,NAJ,West Asia,66
40000,USAWomenLeaugeA_AngelCityFC,,LAN,United_States,Los Angeles,CompName_USAWomenLeaugeA,Real_USAWomenLeaugeA_AngelCityFC,AFC,,79
40001,USAWomenLeaugeA_BayFC,,SJO,United_States,San José,CompName_USAWomenLeaugeA,Real_USAWomenLeaugeA_BayFC,BFC,,78
40002,USAWomenLeaugeA_ChicagoRedStars,,BRI,United_States,Bridgeview,CompName_USAWomenLeaugeA,Real_USAWomenLeaugeA_ChicagoRedStars,CRS,,78
40003,USAWomenLeaugeA_HoustonDash,,HOU,United_States,Houston,CompName_USAWomenLeaugeA,Real_USAWomenLeaugeA_HoustonDash,HDA,,79
40004,USAWomenLeaugeA_KansasCityCurrent,,KAC,United_States,Kansas City,CompName_USAWomenLeaugeA,Real_USAWomenLeaugeA_KansasCityCurrent,KCC,,80
40005,USAWomenLeaugeA_NJ/NYGothamFC,,HAR,United_States,Harrison,CompName_USAWomenLeaugeA,Real_USAWomenLeaugeA_NJ/NYGothamFC,NFC,,78
40006,USAWomenLeaugeA_NorthCarolinaCourage,,CAR,United_States,Cary,CompName_USAWomenLeaugeA,Real_USAWomenLeaugeA_NorthCarolinaCourage,NCC,,77
40007,USAWomenLeaugeA_OrlandoPride,,ORL,United_States,Orlando,CompName_USAWomenLeaugeA,Real_USAWomenLeaugeA_OrlandoPride,OPR,,76
40008,USAWomenLeaugeA_PortlandThornsFC,,POR,United_States,Portland,CompName_USAWomenLeaugeA,Real_USAWomenLeaugeA_PortlandThornsFC,PFC,,79
40009,USAWomenLeaugeA_RacingLouisvilleFC,,LOU,United_States,Louisville,CompName_USAWomenLeaugeA,Real_USAWomenLeaugeA_RacingLouisvilleFC,RFC,,76
40010,USAWomenLeaugeA_SanDiegoWaveFC,,SDI,United_States,San Diego,CompName_USAWomenLeaugeA,Real_USAWomenLeaugeA_SanDiegoWaveFC,WFC,,81
40011,USAWomenLeaugeA_SeattleReignFC,,SEA,United_States,Seattle,CompName_USAWomenLeaugeA,Real_USAWomenLeaugeA_SeattleReignFC,SFC,,78
40012,USAWomenLeaugeA_UtahRoyals,,SAN,United_States,Sandy,CompName_USAWomenLeaugeA,Real_USAWomenLeaugeA_UtahRoyals,UTR,,76
40013,USAWomenLeaugeA_WashingtonSpirit,,WDC,United_States,Washington,CompName_USAWomenLeaugeA,Real_USAWomenLeaugeA_WashingtonSpirit,WAS,,78
40014,MexicanWomenLeaugeA_TigresUANLFemenil,,SAN,Mexico,San Nicolás de los Garza,CompName_MexicanWomenLeaugeA,Real_MexicanWomenLeaugeA_TigresUANLFemenil,TUF,,75
40015,MexicanWomenLeaugeA_C.F.MonterreyFemenil,,GUA,Mexico,Guadalupe,CompName_MexicanWomenLeaugeA,Real_MexicanWomenLeaugeA_C.F.MonterreyFemenil,MOF,,75
40016,CroatianA_Osijek,,OSP,Croatia,Osijek,CompName_CroatianLeagueA,Real_CroatianA_Osijek,OSI,,72
40017,CroatianA_LokomotivaZagreb,,ZLO,Croatia,Zagreb,CompName_CroatianLeagueA,Real_CroatianA_LokomotivaZagreb,LOK,,70
40018,CroatianA_SlavenBelupo,,KFA,Croatia,Koprivnica,CompName_CroatianLeagueA,Real_CroatianA_SlavenBelupo,SLA,,69
40019,CroatianA_Istra1961,,PGR,Croatia,Pula,CompName_CroatianLeagueA,Real_CroatianA_Istra1961,IST,,67
40020,CroatianA_Varaždin,,VKN,Croatia,Varaždin,CompName_CroatianLeagueA,Real_CroatianA_Varaždin,VAR,,69
40021,CroatianA_Šibenik,,SBF,Croatia,Šibenik,CompName_CroatianLeagueA,Real_CroatianA_Šibenik,ŠIB,,68
40022,CroatianA_Gorica,,VGF,Croatia,Velika Gorica,CompName_CroatianLeagueA,Real_CroatianA_Gorica,GOR,,69
40023,VenezuelanaA_CaraboboFC,,CFC,Venezuela,Carabobo State,CompName_VenezuelaLeagueA,Real_VenezuelanaA_CaraboboFC,CAF,,63
40025,VenezuelanaA_UniversidadCentraldeVenezuela,,UCD,Venezuela,Caracas,CompName_VenezuelaLeagueA,Real_VenezuelanaA_UniversidadCentraldeVenezuela,UCV,,63
40027,VenezuelanaA_MonagasSC,,MSC,Venezuela,Maturín,CompName_VenezuelaLeagueA,Real_VenezuelanaA_MonagasSC,MON,,63
40029,VenezuelanaA_AnzoáteguiFC,,AFC,Venezuela,Anzoátegui State,CompName_VenezuelaLeagueA,Real_VenezuelanaA_AnzoáteguiFC,ANZ,,63
40030,VenezuelanaA_MetropolitanosFC,,MEL,Venezuela,Caracas,CompName_VenezuelaLeagueA,Real_VenezuelanaA_MetropolitanosFC,MFC,,63
40032,VenezuelanaA_Dvo.RayoZuliano,,DVR,Venezuela,Maracaibo,CompName_VenezuelaLeagueA,Real_VenezuelanaA_Dvo.RayoZuliano,DVO,,63
40033,VenezuelanaA_ZamoraFC,,ZFC,Venezuela,Zamora,CompName_VenezuelaLeagueA,Real_VenezuelanaA_ZamoraFC,ZAM,,64
40034,VenezuelanaA_PortuguesaFC,,PFC,Venezuela,Guanare,CompName_VenezuelaLeagueA,Real_VenezuelanaA_PortuguesaFC,PTG,,63
40035,VenezuelanaA_YaracuyanosFC,,YFC,Venezuela,San Felipe,CompName_VenezuelaLeagueA,Real_VenezuelanaA_YaracuyanosFC,YAF,,62
40036,VenezuelanaA_Atlético La Cruz,,ALC,Venezuela,San Felipe,CompName_VenezuelaLeagueA,Real_VenezuelanaA_Atlético La Cruz,ALZ,,63
40037,VenezuelanaA_Angostura FC,,ANG,Venezuela,San Felipe,CompName_VenezuelaLeagueA,Real_VenezuelanaA_Angostura FC,AFC,,63
40038,ClassicClub_ACMilan_2007,,MIR,Italy,Milan,CompName_ClassicClub,REAL_ClassicClub_ACMilan_2007,ACM,,86
40039,ClassicClub_Liverpool_2007,,LIR,England,Liverpool,CompName_ClassicClub,REAL_ClassicClub_Liverpool_2007,LIV,,84
40040,ClassicClub_ManchesterUnited_2007,,MAR,England,Manchester,CompName_ClassicClub,REAL_ClassicClub_ManchesterUnited_2007,MUFC,,85
40041,ClassicClub_BayernMünchen_2007,,MUC,Germany,Munich,CompName_ClassicClub,REAL_ClassicClub_BayernMünchen_2007,FCB,,84
40042,UkrainianA_PolissyaZhytomyr,,FCP,Ukraine,Zhytomyr,CompName_UkrainianLeagueA,REAL_UkrainianA_PolissyaZhytomyr,FCP,,65
40043,UkrainianA_VorsklaPoltava,,VPC,Ukraine,Poltava,CompName_UkrainianLeagueA,REAL_UkrainianA_VorsklaPoltava,VPC,,64
40044,CzechA_FCBanikOstrava,,FBO,Czech_Republic,Ostrava,CompName_CzechLeagueA,REAL_CzechA_FCBanikOstrava,FBO,,63
40045,CzechA_FKMladaBoleslav,,FKB,Czech_Republic,Mladá Boleslav,CompName_CzechLeagueA,REAL_CzechA_FKMladaBoleslav,FKB,,63
40046,CzechA_1.FCSlovacko,,FCS,Czech_Republic,Uherské Hradište,CompName_CzechLeagueA,REAL_CzechA_1.FCSlovacko,FCS,,64
40047,IsraelA_HapoelBeerSheva,,HBS,Israel,Beersheba,CompName_IsraelLeagueA,REAL_IsraelA_HapoelBeerSheva,HBS,,64
40048,CyprusA_OmoniaNicosia,,OMN,Cyprus,Nicosia,CompName_CyprusLeagueA,REAL_CyprusA_OmoniaNicosia,OMN,,64
40049,HungarianA_DebreceniVSC,,VSC,Hungary,Debrecen,CompName_HungarianLeagueA,REAL_HungarianA_DebreceniVSC,VSC,,61
40050,BulgarianA_LudogoretsRazgrad,,LDR,Bulgaria,Razgrad,CompName_BulgarianA,REAL_BulgarianA_LudogoretsRazgrad,LDR,,64
40051,BulgarianA_CSKA-Sofia,,CSKA,Bulgaria,Sofia,CompName_BulgarianA,REAL_BulgarianA_CSKA-Sofia,CSKA,,64
40052,BulgarianA_LevskiSofia,,LEV,Bulgaria,Sofia,CompName_BulgarianA,REAL_BulgarianA_LevskiSofia,LEV,,64
40053,SlovakiaA_SlovanBratislava,,SLB,Slovakia,Bratislava,CompName_SlovakiaA,REAL_SlovakiaA_SlovanBratislava,SLB,,63
40054,SlovakiaA_DACDunajskaStreda,,DAC,Slovakia,Dunajska Streda,CompName_SlovakiaA,REAL_SlovakiaA_DACDunajskaStreda,DAC,,63
40055,SlovakiaA_SpartakTrnava,,SPT,Slovakia,Trnava,CompName_SlovakiaA,REAL_SlovakiaA_SpartakTrnava,SPT,,62
40056,AzerbaijaniA_NeftchiBaku,,NBK,Azerbaijan,Baku,CompName_AzerbaijaniLeagueA,REAL_AzerbaijaniA_Neftchi Baku,NBK,,56
40057,AzerbaijaniA_SabahFK,,SFK,Azerbaijan,Baku,CompName_AzerbaijaniLeagueA,REAL_AzerbaijaniA_SabahFK,SFK,,65
40058,KazakhstanA_OrdabasyShymkent,,OSH,Kazakhstan,Shymkent,CompName_KazakhstanA,REAL_KazakhstanA_OrdabasyShymkent,OSH,,63
40059,KazakhstanA_FCAstana,,FCA,Kazakhstan,Astana,CompName_KazakhstanA,REAL_KazakhstanA_FCAstana,FCA,,64
40060,KazakhstanA_FCAktobe,,AKT,Kazakhstan,Aktobe,CompName_KazakhstanA,REAL_KazakhstanA_FCAktobe,AKT,,64
40061,SwissA_FCLausanne-Sport,,FCL,Switzerland,Lausanne,CompName_SwissLeagueA,REAL_SwissA_FCLausanne-Sport,FCL,,68
40062,SwedishA_HammarbyIF,,HIF,Sweden,Stockholm,CompName_SwedishLeagueA,REAL_SwedishA_HammarbyIF,HIF,,69
40063,PolishA_RakówCzęstochowa,,RCZ,Poland,Częstochowa,CompName_PolishLeagueA,REAL_PolishA_RakówCzęstochowa,RCZ,,70
40064,RomaniaA_FCSB,,FCSB,Romania,Bucharest,CompName_RomaniaA,REAL_RomaniaA_FCSB,FCSB,,68
40065,RomaniaA_CFRCluj,,CFR,Romania,Cluj - Napoca,CompName_RomaniaA,REAL_RomaniaA_CFRCluj,CFR,,68
40066,RomaniaA_CSUniversitateaCraiova,,CSU,Romania,Craiova,CompName_RomaniaA,REAL_RomaniaA_CSUniversitateaCraiova,CSU,,68
40067,ClassicClub_Roma_2001,,RMR,Italy,Rome,CompName_ClassicClub,REAL_ClassicClub_Roma_2001,ASR,,83
40068,ClassicClub_Juventus_1996,,TOB,Italy,Turin,CompName_ClassicClub,REAL_ClassicClub_Juventus_1996,JUV,,84
40069,ClassicClub_Napoli_1987,,NAP,Italy,Naples,CompName_ClassicClub,REAL_ClassicClub_Napoli_1987,SCN,,83
40070,SaudiArabianLeagueA_Al-Kholood,,AKL,Saudi_Arabia,Ar Rass,CompName_SaudiArabianLeagueA,Real_SaudiArabianLeagueA_Al-Kholood,AKD,West Asia,66
40071,BolivianA_GualbertoVillarroelSanJosé,,ORR,Bolivia,Oruro,CompName_BolivianLeagueA,Real_BolivianA_GualbertoVillarroelSanJosé,GVS,,64
40072,BolivianA_CANacionalPotosí,,PTS,Bolivia,Potosí,CompName_BolivianLeagueA,Real_BolivianA_CANacionalPotosí,NPTS,,63
40073,BolivianA_CDRealTomayapo,,TRJ,Bolivia,Tarija,CompName_BolivianLeagueA,Real_BolivianA_CDRealTomayapo,RTY,,63
40074,ChileA_ClubDeportesIquique,,IQQ,Chile,Iquique,CompName_ChileLeagueA,Real_ChileA_ClubDeportesIquique,CDI,,65
40075,ChileA_UniónEspañola,,STR,Chile,Santiago,CompName_ChileLeagueA,Real_ChileA_UniónEspañola,UEP,,65
40076,ChileA_CDPalestino,,LCT,Chile,La Cisterna,CompName_ChileLeagueA,Real_ChileA_CDPalestino,CDP,,63
40077,ChileA_CoquimboUnido,,CQB,Chile,Coquimbo,CompName_ChileLeagueA,Real_ChileA_CoquimboUnido,CQBU,,64
40078,UruguayanA_CABostonRiver,,MRG,Uruguay,Montevideo,CompName_UruguayanLeagueA,Real_UruguayanA_CABostonRiver,CBR,,67
40079,UruguayanA_CerroLargoFC,,MEL,Uruguay,Melo,CompName_UruguayanLeagueA,Real_UruguayanA_CerroLargoFC,CLF,,67
40080,UruguayanA_RacingClubdeMontevideo,,MGR,Uruguay,Montevideo,CompName_UruguayanLeagueA,Real_UruguayanA_RacingClubdeMontevideo,RCM,,66
40081,EnglishA_OxfordUnited,,OUY,England,Oxford,CompName_EnglishLeagueA,Real_EnglishA_OxfordUnited,OUFC,,67
40082,EnglishA_WrexhamA.F.C.,,WHR,England,Wrexham,CompName_EnglishLeagueA,Real_EnglishA_WrexhamA.F.C.,WAFC,,69
40083,EnglishA_CharltonAthletic,,LCRW,England,London,CompName_EnglishLeagueA,Real_EnglishA_CharltonAthletic,CAFC,,67
40084,UnitedArabEmiratesLeaugeA_ShababAl-AhliClub,,DBR,United_Arab_Emirates,Dubai,CompName_UnitedArabEmiratesLeaugeA,Real_UnitedArabEmiratesLeaugeA_ShababAl-AhliClub,SAA,West Asia,65
40085,UnitedArabEmiratesLeaugeA_SharjahFC,,SJFC,United_Arab_Emirates,Sharjah,CompName_UnitedArabEmiratesLeaugeA,Real_UnitedArabEmiratesLeaugeA_SharjahFC,SJFC,West Asia,67
40086,QatarLeagueA_Al-WakrahSC,,AWSC,Qatar,Al Wakrah,CompName_QatarLeagueA,Real_QatarLeagueA_Al-WakrahSC,AWSC,West Asia,65
40087,JordanA_Al-HusseinSC,,HUS,Jordan,Irbid,CompName_JordanLeagueA,Real_QatarLeagueA_Al-HusseinSC,HUS,West Asia,60
40088,BahrainLeagueA_Al-KhaldiyaFC,,AKR,Bahrain,Riffa,CompName_BahrainLeagueA,Real_BahrainLeagueA_Al-KhaldiyaFC,KHA,West Asia,61
40089,KuwaitLeagueA_KuwaitSC,,KSC,Kuwait,,CompName_KuwaitLeagueA,Real_KuwaitLeagueA_KuwaitSC,KSC,West Asia,62
40090,AustralianLeagueA_MacarthurFC,,MFC,Australia,Sydney,CompName_AustralianLeagueA,Real_AustralianLeagueA_MacarthurFC,MAC,East Asia,63
40091,HongKongLeagueA_TaiPo,,TPFC,CHINA_HONG_KONG,,CompName_HongKongLeagueA,Real_HongKongLeagueA_TaiPo,TPFC,East Asia,57
40092,HongKongLeagueA_LeeMan,,LMFC,CHINA_HONG_KONG,,CompName_HongKongLeagueA,Real_HongKongLeagueA_LeeMan,LMFC,East Asia,60
40093,PhilippineA_DynamicHerbCebuFC,,DHC,Philippines,Cebu,CompName_PhilippineLeagueA,Real_PhilippineA_DynamicHerbCebuFC,DHC,East Asia,56
40094,BahrainLeagueA_Al-MuharraqSC,,MUH,Bahrain,Muharraq,CompName_BahrainLeagueA,Real_BahrainLeagueA_Al-MuharraqSC,MUH,West Asia,61
40095,UzbekistanLeagueA_FCAndijon,,FAJ,Uzbekistan,Andijan,CompName_UzbekistanLeagueA,Real_UzbekistanLeagueA_FCAndijon,FCA,West Asia,58
40096,TurkmenistanA_FKArkadag,,AFK,Turkmenistan,Arkadag,CompName_TurkmenistanLeagueA,Real_TurkmenistanA_FKArkadag,AFK,West Asia,57
40097,TajikistanA_RavshanKulob,,KUL,Tajikistan,Kulob,CompName_TajikistanLeagueA,Real_TajikistanA_RavshanKulob,KUL,West Asia,57
40098,HongKongLeagueA_EasternSC,,ESC,CHINA_HONG_KONG,,CompName_HongKongLeagueA,Real_HongKongLeagueA_EasternSC,ESC,East Asia,58
40099,ClassicClub_Barcelona_2015,,BCP,Spain,Barcelona,CompName_ClassicClub,REAL_ClassicClub_Barcelona_2015,FCB,,88
40100,ChineseLeagueA_LiaoningTieren,,LNR,China,Liaoning,CompName_ChineseLeagueA,Real_ChineseLeagueA_LiaoningTieren,LNT,East Asia,61
40101,ChineseLeagueA_ShenzhenPengCity,,SZP,China,Shenzhen,CompName_ChineseLeagueA,Real_ChineseLeagueA_ShenzhenPengCity,SPC,East Asia,61
40102,ChineseLeagueA_ChengduRongcheng,,CDC,China,Chengdu,CompName_ChineseLeagueA,Real_ChineseLeagueA_ChengduRongcheng,CDR,East Asia,64
40103,ChineseLeagueA_YunnanYukun,,YNX,China,Yuxi,CompName_ChineseLeagueA,Real_ChineseLeagueA_YunnanYukun,YNY,East Asia,61
40104,ChineseLeagueA_DalianYingbo,,DLD,China,Dalian,CompName_ChineseLeagueA,Real_ChineseLeagueA_DalianYingbo,DLY,East Asia,62
40105,ChineseLeagueA_ChongqingTonglianglong,,CQC,China,Chongqing,CompName_ChineseLeagueA,Real_ChineseLeagueA_ChongqingTonglianglong,CQT,East Asia,59
40106,ChineseLeagueA_HenanF.C.,,HND,China,Henan,CompName_ChineseLeagueA,Real_ChineseLeagueA_HenanF.C.,HEN,East Asia,64
40107,ChineseLeagueA_QingdaoWestCoast,,QDW,China,Qingdao,CompName_ChineseLeagueA,Real_ChineseLeagueA_QingdaoWestCoast,QWC,East Asia,64
40108,ChineseLeagueA_QingdaoHainiu,,QDH,China,Qingdao,CompName_ChineseLeagueA,Real_ChineseLeagueA_QingdaoHainiu,QHN,East Asia,61
